omega_rad_s,load_ohm,i1_real_A,i1_imag_A,i2_real_A,i2_imag_A,source_power_W,load_power_W,winding_loss_W,voltage_gain,efficiency,power_residual_W
948.6832980505137,1.0,0.0002173901086125807,0.01042285169921229,2.4182346461524952e-06,7.728715118844751e-05,0.00010869505430629036,2.989575798814898e-09,0.00010869206473049157,7.732497395815789e-05,2.750424863297471e-05,-2.710505431213761e-20
955.0078533708504,1.0,0.00022088446673727255,0.010506233036096534,2.493262599487001e-06,7.905181689089832e-05,0.00011044223336863628,3.127703056071059e-09,0.00011043910566558021,7.909112536904578e-05,2.8319809919375223e-05,-1.3552527156068805e-20
961.3324086911872,1.0,0.00022442012157911643,0.010589929671044317,2.570249471760426e-06,8.084784647458099e-05,0.00011221006078955821,3.2714902309622516e-09,0.00011220678929932726,8.088869180500142e-05,2.915505265697782e-05,-1.3552527156068805e-20
967.656964011524,1.0,0.00022799754394493702,0.010673945124108478,2.6492397404304996e-06,8.267570078934622e-05,0.00011399877197246851,3.4211449861058894e-09,0.00011399535082748238,8.271813569110331e-05,3.0010367014586083e-05,2.710505431213761e-20
973.9815193318607,1.0,0.0002316172122816403,0.010758282952210466,2.7302788495348833e-06,8.453584780294488e-05,0.00011580860614082015,3.576881993179439e-09,0.000115805029258827,8.45799266159464e-05,3.0886150109000075e-05,-2.710505431213761e-20
980.3060746521975,1.0,0.00023527961281252059,0.010842946749726783,2.813413232329094e-06,8.6428762736845e-05,0.00011763980640626029,3.738923161118846e-09,0.00011763606748309918,8.647454146879122e-05,3.178280613797301e-05,-1.3552527156068805e-20
986.6306299725343,1.0,0.0002389852396765434,0.01092794014908578,2.898690334513321e-06,8.83549282049165e-05,0.0001194926198382717,3.9074978718756745e-09,0.00011948871234039986,8.840246457962215e-05,3.270074651609706e-05,-2.710505431213761e-20
992.9551852928711,1.0,0.00024273459507067488,0.011013266821374906,2.9861586380649496e-06,9.03148343550542e-05,0.00012136729753533744,4.082843223996284e-09,0.00012136321469211344,9.03641878621867e-05,3.36403900136898e-05,0.0
999.2797406132078,1.0,0.00024652818939533447,0.011098930476958736,3.0758676856941258e-06,9.230897901381132e-05,0.00012326409469766723,4.265204284296077e-09,0.0001232598294933829,9.236021096008905e-05,3.460216289875365e-05,2.710505431213761e-20
1005.6042959335446,1.0,0.0002503665414030459,0.011184934866107946,3.167868105940207e-06,9.43378678341169e-05,0.00012518327070152295,4.45483434791197e-09,0.00012517881586717502,9.439104139601353e-05,3.5586499082083604e-05,2.710505431213761e-20
1011.9288512538814,1.0,0.00025425017835036765,0.011271283779639502,3.262211638927578e-06,9.640201444615432e-05,0.00012712508917518383,4.65199520702685e-09,0.00012712043717997683,9.645719472415575e-05,3.6593840265600135e-05,-2.710505431213761e-20
1018.253406574218,1.0,0.0002581796361531825,0.011357981049568307,3.3589511627998194e-06,9.850194061147818e-05,0.00012908981807659126,4.856957428570623e-09,0.00012908496111916268,9.855919468594113e-05,3.762463609398616e-05,2.710505431213761e-20
1024.5779618945548,1.0,0.0002621554595454318,0.011445030549770568,3.458140720851913e-06,0.00010063817638045067,0.0001310777297727159,5.0700006412139575e-09,0.0001310726597720747,0.0001006975733691131,3.867934430970965e-05,-2.710505431213761e-20
1030.9025172148915,1.0,0.0002661782022413782,0.011532436196659087,3.5598355493806853e-06,0.00010281126025307957,0.0001330891011206891,5.2914138319825475e-09,0.0001330838097068571,0.00010287287137027475,3.9758430911514974e-05,2.710505431213761e-20
1037.2270725352284,1.0,0.00027024842710148884,0.011620201949870849,3.6640921062744617e-06,0.00010502173934334322,0.00013512421355074442,5.521495652832194e-09,0.00013511869205509158,0.00010508563796097157,4.086237031646927e-05,0.0
1043.551627855565,1.0,0.0002743667063020268,0.011708331812967047,3.7709681003634562e-06,0.00010727016954708905,0.0001371833531510134,5.760554737537594e-09,0.00013717759259627583,0.00010733643125740295,4.19916455256513e-05,2.710505431213761e-20
1049.8761831759018,1.0,0.00027853362150844657,0.011796829834145935,3.880522521553221e-06,0.00010955711571359651,0.00013926681075422328,6.008910029261329e-09,0.00013926080184419398,0.00010962581839385583,4.314674829357438e-05,5.421010862427522e-20
1056.2007384962385,1.0,0.00028274976405268896,0.011885700106968707,3.992815671764108e-06,0.00011188315182089484,0.00014137488202634448,6.2668911191830455e-09,0.00014136861513522534,0.0001119543756999524,4.432817930143519e-05,-5.421010862427522e-20
1062.5252938165752,1.0,0.0002870157351144762,0.011974946771098754,4.107909196700535e-06,0.00011424886115493264,0.0001435078675572381,6.534838596583706e-09,0.00014350133271864155,0.00011432268888181126,4.553644833428583e-05,-2.710505431213761e-20
1068.849849136912,1.0,0.0002913321459067077,0.012064574013054588,4.2258661184745305e-06,0.00011665483649269501,0.00014566607295335386,6.8131044107943394e-09,0.00014565925984894306,0.00011673135320721969,4.677207446222619e-05,0.0
1075.1744044572488,1.0,0.000295699617865063,0.012154586066976704,4.34675086910888e-06,0.00011910168028936883,0.0001478498089325315,7.102052245434563e-09,0.00014784270688028607,0.00011918097369491964,4.80355862257181e-05,0.0
1081.4989597775855,1.0,0.0003001187828419185,0.01224498721540873,4.470629324946038e-06,0.00012159000486966006,0.00015005939142095925,7.402057905382512e-09,0.0001500519893630539,0.00012167216530811402,4.932752182512613e-05,-2.710505431213761e-20
1087.8235150979224,1.0,0.00030459028330469175,0.012335781790093179,4.59756884198977e-06,0.00012412043262336785,0.00015229514165234588,7.713509716934415e-09,0.0001522874281426289,0.00012420555315230004,5.064842931459068e-05,2.710505431213761e-20
1094.148070418259,1.0,0.0003091147725387259,0.012426974172782157,4.7276382922074314e-06,0.00012669359620532533,0.00015455738626936295,8.036808941629985e-09,0.00015454934946042132,0.00012678177267754214,5.199886680034442e-05,0.0
1100.4726257385958,1.0,0.0003136929148548322,0.012518568796063272,4.86090810082168e-06,0.0001293101387398186,0.0001568464574274161,8.372370204237882e-09,0.0001568380850572119,0.0001294014698852983,5.337940264358452e-05,-2.710505431213761e-20
1106.7971810589327,1.0,0.0003183253858016161,0.01261057014420128,4.997450284621433e-06,0.00013197071402960026,0.00015916269290080804,8.720621935414897e-09,0.00015915397227887266,0.00013206530153991923,5.479061566801767e-05,-2.710505431213761e-20
1113.1217363792694,1.0,0.00032301287238270483,0.012702982753995583,5.137338491322688e-06,0.00013467598676961408,0.00016150643619135241,9.082006829571845e-09,0.00016149735418452286,0.00013477393538493892,5.6233095372196226e-05,-2.710505431213761e-20
1119.446291699606,1.0,0.0003277560732790137,0.012795811215654188,5.280648040011152e-06,0.00013742663276555575,0.00016387803663950684,9.456982318500696e-09,0.00016386857965718828,0.0001375280503642853,5.7707442146770614e-05,5.421010862427522e-20
1125.770847019943,1.0,0.0003325556990761771,0.012889060173684316,5.42745596269937e-06,0.00014022333915739252,0.00016627784953808855,9.846021061338084e-09,0.0001662680035170272,0.00014032833684853594,5.921426749678223e-05,0.0
1132.0954023402796,1.0,0.00033741247249728396,0.01298273432780011,5.577841047032339e-06,0.0001430668046479724,0.00016870623624864198,1.0249611451463528e-08,0.0001686959866371905,0.000143175496866353,6.075419426912876e-05,2.710505431213761e-20
1138.4199576606163,1.0,0.0003423271286410611,0.013076838433847956,5.731883880176737e-06,0.0001459577397368569,0.00017116356432053055,1.0668258140953942e-08,0.0001711528960623896,0.00014607024434123427,6.232785688533548e-05,0.0
1144.7445129809532,1.0,0.00034730041522564227,0.01317137730474958,5.8896668939298836e-06,0.00014889686695951135,0.00017365020761282113,1.1102482583239938e-08,0.0001736391051302379,0.00014901330533371803,6.393590157976988e-05,-2.710505431213761e-20
1151.06906830129,1.0,0.00035233309283808144,0.013266355811463574,6.051274411086065e-06,0.00015188492113199677,0.00017616654641904072,1.1552823594635573e-08,0.0001761549935954461,0.00015200541828918845,6.557898664344198e-05,-2.710505431213761e-20
1157.3936236216266,1.0,0.0003574259351897571,0.013361778883965659,6.216792693098885e-06,0.00015492264960130668,0.00017871296759487855,1.2019837935439108e-08,0.00017870094775694316,0.00015504733429142926,6.725778267353648e-05,-5.421010862427522e-20
1163.7181789419635,1.0,0.0003625797293778308,0.01345765151224813,6.386309989079716e-06,0.00015801081250149812,0.0001812898646889154,1.2504100911330106e-08,0.0001812773605880041,0.00015813981732207803,6.897297282882602e-05,-2.710505431213761e-20
1170.0427342623002,1.0,0.0003677952761529215,0.01355397874733899,6.559916586173747e-06,0.00016115018301577204,0.00018389763807646076,1.3006206995817188e-08,0.0001838846318694649,0.00016128364452614027,7.072525309112171e-05,5.421010862427522e-20
1176.3672895826369,1.0,0.0003730733901931658,0.01365076570234119,6.737704861356414e-06,0.00016434154764465966,0.0001865366950965829,1.3526770474520343e-08,0.0001865231683261083,0.00016447960648372395,7.251533253291854e-05,5.421010862427522e-20
1182.6918449029738,1.0,0.00037841490038483634,0.01374801755349245,6.919769334694605e-06,0.00016758570648047914,0.00018920745019241817,1.4066426112103345e-08,0.00018919338376630608,0.0001677285074881628,7.434393359140045e-05,0.0
1189.0164002233105,1.0,0.00038382065010969947,0.01384573954124619,7.106206724118445e-06,0.0001708834734882301,0.00019191032505484973,1.4625829842704273e-08,0.000191895699225007,0.00017103116583070042,7.62117923489738e-05,2.710505431213761e-20
1195.3409555436474,1.0,0.0003892914975392973,0.013943936971374093,7.297116001751154e-06,0.0001742356767930989,0.00019464574876964865,1.520565948474612e-08,0.00019463054311016394,0.0001743884140919122,7.811965882050212e-05,-2.710505431213761e-20
1201.665510863984,1.0,0.0003948283159363401,0.014042615216090654,7.492598451846007e-06,0.0001776431589747527,0.00019741415796817004,1.5806615481044933e-08,0.00019739835135268902,0.00017780109944004807,8.006829724742186e-05,-2.710505431213761e-20
1207.9900661843208,1.0,0.00040043199396341594,0.01414177971520055,7.692757730381305e-06,0.0001811067773686074,0.00020021599698170797,1.6429421665170334e-08,0.00020019956756004277,0.00018127008393648597,8.20584863989232e-05,2.710505431213761e-20
1214.3146215046577,1.0,0.00040610343599920717,0.014241435977269042,7.89769992636573e-06,0.00018462740437425558,0.00020305171799960358,1.70748260550509e-08,0.00020303464317354857,0.00018479624484848658,8.409101988038455e-05,-2.710505431213761e-20
1220.6391768249944,1.0,0.0004118435624624339,0.0143415895808162,8.10753362490872e-06,0.00018820592777125242,0.00020592178123121695,1.7743601674858454e-08,0.00020590403762954217,0.00018838047496945353,8.616670644925732e-05,-8.131516293641283e-20
1226.963732145331,1.0,0.00041765331014373576,0.014442246175535469,8.322369972112018e-06,0.0001918432510424591,0.00020882665507186788,1.8436547406246345e-08,0.00020880821852446163,0.0001920236829469029,8.828637033860161e-05,0.0
1233.288287465668,1.0,0.0004235336325457136,0.014543411483537114,8.542322741840798e-06,0.00019554029370515033,0.0002117668162728568,1.9154488870061114e-08,0.00021174766178398675,0.00019572679361835524,9.045085158848016e-05,0.0
1239.6128427860046,1.0,0.00042948550023136416,0.014645091300617226,8.76750840443471e-06,0.0001992979916501008,0.00021474275011568208,1.989827933969274e-08,0.0002147228518363424,0.0001994907483553698,9.266100638542406e-05,-2.710505431213761e-20
1245.9373981063413,1.0,0.00043550990118114294,0.014747291497552885,8.99804619742131e-06,0.00020311729748886834,0.00021775495059057147,2.0668800687276184e-08,0.00021773428178988426,0.00020331650541594593,9.491770741018972e-05,-5.421010862427522e-20
1252.2619534266782,1.0,0.00044160784115890024,0.014850018021424119,9.234058198296736e-06,0.00020699918090950363,0.00022080392057945012,2.1466964364007474e-08,0.00022078245361508618,0.0002072050403055267,9.722184419403543e-05,-8.131516293641283e-20
1258.586508747015,1.0,0.0004477803440869416,0.014953276896963309,9.475669399440462e-06,0.0002109446290409156,0.0002238901720434708,2.2293712415888494e-08,0.00022386787833105496,0.00021115734614684137,9.957432348374773e-05,-5.421010862427522e-20
1264.9110640673516,1.0,0.00045402845243047973,0.015057074227932808,9.723007785233941e-06,0.00021495464682614064,0.00022701422621523986,2.3150018536271287e-08,0.00022699107619670358,0.00021517443405884114,0.00010197606961566352,2.710505431213761e-20
1271.2356193876885,1.0,0.0004603532275917386,0.015161416198531346,9.976204411454677e-06,0.00021903025740475644,0.0002301766137958693,2.4036889156626493e-08,0.0002301525769067127,0.0002192573335449763,0.00010442802489893026,-5.421010862427522e-20
1277.5601747080252,1.0,0.00046675575031399243,0.015266309074830006,1.0235393487020519e-05,0.0002231725025047015,0.00023337787515699621,2.495536457702257e-08,0.00023335291979241922,0.00022340709289108335,0.00010693115000826358,-2.710505431213761e-20
1283.884730028362,1.0,0.00047323712109583073,0.015371759206238587,1.0500712458161521e-05,0.0002273824428437663,0.00023661856054791537,2.5906520137863818e-08,0.0002365926540277774,0.00022762477957315552,0.00010948642438646624,1.0842021724855044e-19
1290.2092853486986,1.0,0.0004797984606159361,0.01547777302700297,1.077230209509905e-05,0.00023166115854102263,0.00023989923030796805,2.6891467434498447e-08,0.00023987233884053356,0.00023191148067527165,0.00011209484665697683,0.0
1296.5338406690353,1.0,0.00048644091016868986,0.015584357057734326,1.1050306581315508e-05,0.00023600974953847935,0.00024322045508434493,2.791135557637841e-08,0.0002431925437287686,0.00023626830331797963,0.0001147574350467324,-5.421010862427522e-20
1302.8583959893722,1.0,0.0004931656321109228,0.01569151790697114,1.1334873605500552e-05,0.0002404293360332525,0.0002465828160554614,2.8967372492521664e-08,0.0002465538486829688,0.00024069637509743127,0.0001174752278196317,1.0842021724855044e-19
1309.1829513097089,1.0,0.0004999738103201259,0.015799262272774527,1.1626154456262725e-05,0.0002449210589205463,0.00024998690516006295,3.006074628510129e-08,0.00024995684441377785,0.0002451968445355743,0.00012024928372089664,0.0
1315.5075066300456,1.0,0.0005068666506644791,0.015907596944358112,1.1924304119699477e-05,0.0002494860802477613,0.00025343332533223957,3.1192746633065726e-08,0.00025340213258560657,0.00024977088154172706,0.0001230806824326416,-5.421010862427522e-20
1321.8320619503825,1.0,0.0005138453814850279,0.016016528803752997,1.2229481379920892e-05,0.000254125583680042,0.00025692269074251395,3.236468624777194e-08,0.00025689032605626626,0.00025441967788585826,0.00012597052504096493,-1.0842021724855044e-19
1328.1566172707192,1.0,0.0005209112540903815,0.01612606482750897,1.2541848922626918e-05,0.000258840774977598,0.00026045562704519077,3.357792238270076e-08,0.000260422049122808,0.00025914444768391533,0.0001289199345148906,5.421010862427522e-20
1334.4811725910558,1.0,0.0005280655432643013,0.016236212088432758,1.286157344184107e-05,0.00026363288248513724,0.00026403277163215063,3.483385839941103e-08,0.00026399793777375126,0.0002639464278955524,0.0001319300561974989,-5.421010862427522e-20
1340.8057279113928,1.0,0.0005353095477865672,0.016346977757364333,1.3188825749907704e-05,0.0002685031576337632,0.0002676547738932836,3.613394539198147e-08,0.0002676186399478916,0.000268826878834619,0.000135002058309591,0.0
1347.1302832317294,1.0,0.0005426445909675172,0.016458369104992245,1.352378089086359e-05,0.0002734528754556973,0.0002713222954837586,3.747968387228658e-08,0.0002712848157998864,0.00027378708469278306,0.0001381371324662485,-1.0842021724855044e-19
1353.4548385520661,1.0,0.0005500720211966809,0.01657039350370904,1.3866618257299395e-05,0.00027848333511220496,0.00027503601059834044,3.887262551855517e-08,0.0002749971379728218,0.0002788283540766798,0.0001413364942066598,1.0842021724855044e-19
1359.779393872403,1.0,0.0005575932125059247,0.01668305842950778,1.421752171083013e-05,0.00028359586043510726,0.0002787966062529624,4.031437498976338e-08,0.0002787562918779726,0.00028395202055897886,0.0001446013835375911,0.0
1366.1039491927397,1.0,0.0005652095651475563,0.016796371463920705,1.4576679706298907e-05,0.0002887918004822817,0.0002826047825737781,4.180659180852901e-08,0.00028256297598196965,0.000289159443243789,0.0001479330654909026,-5.421010862427522e-20
1372.4285045130764,1.0,0.0005729225061878444,0.016910340296001275,1.4944285419842721e-05,0.0002940725301075638,0.0002864612530939222,4.335099231528687e-08,0.0002864179021016069,0.0002944520073468234,0.00015133283069551247,0.0
1378.7530598334133,1.0,0.000580733490116426,0.01702497272435065,1.5320536880953813e-05,0.00029943945054547585,0.000290366745058213,4.494935169664857e-08,0.00029032179570651637,0.0002998311247907681,0.00015480199596423164,0.0
1385.07761515375,1.0,0.0005886439994720864,0.017140276659189744,1.5705637108675542e-05,0.00030489399001122343,0.0002943219997360432,4.6603506090976705e-08,0.00029427539622995215,0.0003052982348163078,0.00015834190489590356,5.421010862427522e-20
1391.4021704740867,1.0,0.0005966555454854302,0.01725626012447828,1.6099794252076932e-05,0.0003104376043164178,0.0002983277727427151,4.831535477433799e-08,0.0002982794573879407,0.00031085480460928377,0.00016195392849329616,5.421010862427522e-20
1397.7267257944236,1.0,0.0006047696687389528,0.017372931260081857,1.650322173515553e-05,0.00031607177750099167,0.0003023848343694764,5.008686243013804e-08,0.00030233474750704636,0.00031650232994446674,0.00016563946579721049,-1.0842021724855044e-19
1404.0512811147603,1.0,0.0006129879398450634,0.017490298323988435,1.6916138406323934e-05,0.0003217980224817961,0.0003064939699225317,5.192006150588822e-08,0.0003064420498610258,0.00032224233584645024,0.00016939994453728192,0.0
1410.375836435097,1.0,0.0006213119601426214,0.01760836969457569,1.7338768692641873e-05,0.00032761788171838384,0.0003106559800713107,5.381705466070894e-08,0.00031060216301665003,0.0003280763772681872,0.00017323682179997083,-5.421010862427522e-20
1416.7003917554337,1.0,0.0006297433624125683,0.017727153872930425,1.7771342758961618e-05,0.00033353292789649964,0.00031487168120628413,5.5780017307334056e-08,0.0003148159011889769,0.0003340060397877082,0.0001771515847142522,-5.421010862427522e-20
1423.0249470757703,1.0,0.0006382838116132497,0.01784665948522152,1.821409667216064e-05,0.0003395447646298086,0.00031914190580662486,5.7811200252547464e-08,0.00031908409460637246,0.00034003294032357355,0.00018114575115552687,-1.6263032587282567e-19
1429.3495023961073,1.0,0.0006469350056360668,0.01796689528512802,1.8667272570643735e-05,0.00034565502718043075,0.0003234675028180334,5.991293244016552e-08,0.0003234075898855933,0.00034615872786964515,0.00018522087046830648,-5.421010862427522e-20
1435.674057716444,1.0,0.0006556986760820877,0.018087870156323675,1.9131118839302186e-05,0.00035186538319884763,0.00032784933804104384,6.20876238008577e-08,0.00032778725041724305,0.00035238508424976703,0.00018937852420822907,-5.421010862427522e-20
1441.9986130367806,1.0,0.0006645765890603021,0.018209593115019646,1.9605890290126407e-05,0.0003581775334837804,0.00033228829453015106,6.433776821329655e-08,0.0003322239567619379,0.0003587137248929752,0.00019362032690398818,-1.0842021724855044e-19
1448.3231683571175,1.0,0.0006735705460082063,0.01833207331256691,2.009184834867562e-05,0.0003645932127626574,0.00033678527300410314,6.666594658133127e-08,0.0003367186070575217,0.00036514639962987797,0.00019794792683977918,1.0842021724855044e-19
1454.6477236774542,1.0,0.00068268238453544,0.01845532003812008,2.0589261246616268e-05,0.00037111419049330247,0.00034134119226772,6.90748300320903e-08,0.0003412721174376878,0.0003716848935108617,0.00020236300685887824,1.0842021724855044e-19
1460.972278997791,1.0,0.0006919139792912236,0.0185793427213643,2.109840422054979e-05,0.00037774227168751214,0.0003459569896456118,7.156718324014797e-08,0.00034588542246237166,0.00037833102764681613,0.0002068672851890037,0.0
1467.2968343181278,1.0,0.0007012672428563664,0.018704150935307043,2.1619559717358698e-05,0.000384479297757197,0.0003506336214281832,7.414586788311989e-08,0.00035055947556030014,0.0003850866600730799,0.00021146251629011693,-5.421010862427522e-20
1473.6213896384645,1.0,0.0007107441266606477,0.0188297543991366,2.2153017606309347e-05,0.00039132714738379675,0.00035537206333032385,7.681384623430263e-08,0.0003552952494840896,0.000391953686637344,0.00021615049172535254,0.0
1479.9459449588012,1.0,0.0007203466219264096,0.018956162981149195,2.2699075398160016e-05,0.0003982877374117044,0.0003601733109632048,7.957418489823307e-08,0.00036009373677830663,0.0003989340419122767,0.00022093304105578869,-5.421010862427522e-20
1486.270500279138,1.0,0.0007300767606392169,0.019083386701746672,2.3258038471531892e-05,0.00040536302376645094,0.00036503838031960847,8.243005869531176e-08,0.0003649559502609131,0.0004060297001336522,0.00022581203275978903,5.421010862427522e-20
1492.5950555994748,1.0,0.0007399366165464785,0.019211435736506664,2.3830220306811985e-05,0.0004125550023984382,0.00036996830827323927,8.538475470192326e-08,0.00036988292351853745,0.00041324267616480093,0.0002307893751776775,-1.0842021724855044e-19
1498.9196109198117,1.0,0.0007499283061849696,0.0193403204193275,2.441594272786802e-05,0.0004198657102530335,0.0003749641530924848,8.84416764527874e-08,0.00037487571141603214,0.0004205750264882293,0.00023586701748253062,-1.0842021724855044e-19
1505.2441662401484,1.0,0.0007600539899382067,0.019470051245649867,2.5015536151866177e-05,0.00042729722626786554,0.00038002699496910336,9.16043483125884e-08,0.00037993539062079073,0.0004280288502252819,0.00024104695067790103,5.421010862427522e-20
1511.568721560485,1.0,0.0007703158731246887,0.01960063887575758,2.562933984749561e-05,0.00043485167239819717,0.00038515793656234435,9.48764200242637e-08,0.00038506306014232005,0.0004356062901847578,0.00024633120862331326,5.421010862427522e-20
1517.893276880822,1.0,0.0007807162071180263,0.019732094138159528,2.625770220191497e-05,0.00044253121467127134,0.00039035810355901314,9.826167144167764e-08,0.0003902598418875714,0.0004433095339414158,0.00025172186908839906,5.421010862427522e-20
1524.2178322011587,1.0,0.0007912572905000556,0.01986442803305545,2.6900980996750904e-05,0.0004503380642705758,0.0003956286452500278,1.017640174547784e-07,0.00039552688123257307,0.0004511408149453525,0.00025722105483657785,-5.421010862427522e-20
1530.5423875214954,1.0,0.0008019414702480482,0.019997651735887835,2.7559543693490984e-05,0.00045827447865099037,0.0004009707351240241,1.0538751311571525e-07,0.00040086534761090857,0.0004591024136632593,0.0002628309347392095,-1.6263032587282567e-19
1536.8669428418323,1.0,0.0008127711429571741,0.020131776600982434,2.8233767728628316e-05,0.0004663427626858245,0.00040638557147858705,1.091363589748007e-07,0.00040627643511961223,0.0004671966587526086,0.0002685537249211891,0.0
1543.191498162169,1.0,0.0008237487560994412,0.02026681416528021,2.892404081893067e-05,0.0004745452698467874,0.0004118743780497206,1.1301490663562771e-07,0.00041176136314308485,0.0004754259282698572,0.00027439168993897647,1.0842021724855044e-19
1549.5160534825056,1.0,0.0008348768093203528,0.02040277615216319,2.9630761277222e-05,0.00048288440341797475,0.0004174384046601764,1.1702766453910056e-07,0.00041732137699563714,0.00048379265091379913,0.00028034714399210374,1.6263032587282567e-19
1555.8406088028426,1.0,0.0008461578557745993,0.02053967447537726,3.03543383390813e-05,0.0004913626177449893,0.0004230789278872997,1.2117930398660594e-07,0.000422957748583313,0.0004922993073052327,0.0002864224521692223,5.421010862427522e-20
1562.1651641231792,1.0,0.0008575945035021268,0.020677521243054598,3.109519250088053e-05,0.00049998241952036,0.0004287972517510634,1.2547466541305006e-07,0.0004286717770856504,0.0005009484313041614,0.00029262003172980666,-5.421010862427522e-20
1568.489719443516,1.0,0.0008691894168460059,0.02081632876183891,3.185375586960217e-05,0.0005087463691064673,0.00043459470842300294,1.2991876492100704e-07,0.00043446478965808205,0.0005097426113657893,0.0002989423534226596,-1.0842021724855044e-19
1574.8142747638528,1.0,0.0008809453179135587,0.02095610954111651,3.263047252489515e-05,0.0005176570818972235,0.00044047265895677935,1.3451680108777337e-07,0.00044033814215569154,0.0005186844919366173,0.0003053919428424106,5.421010862427522e-20
1581.1388300841895,1.0,0.0008928649880822632,0.021096876297356383,3.3425798893848074e-05,0.0005267172297198075,0.0004464324940411316,1.3927416205770021e-07,0.0004462932198790738,0.0005277767748919996,0.0003119713818252404,1.0842021724855044e-19
1587.4633854045262,1.0,0.000904951269552038,0.021238641958562798,3.42402041389802e-05,0.0005359295422778066,0.000452475634776019,1.441964329327892e-07,0.0004523314383430865,0.000537022221016578,0.0003186833098851128,-2.710505431213761e-19
1593.7879407248631,1.0,0.0009172070669455273,0.021381419668843514,3.507417055997058e-05,0.0005452968086371524,0.00045860353347276366,1.4928940347516654e-07,0.0004584542440692886,0.000546423651529043,0.00032553042569183083,-1.0842021724855044e-19
1600.1124960451998,1.0,0.0009296353489581331,0.021525222793097657,3.5928194009671046e-05,0.0005548218787563165,0.00046481767447906653,1.5455907613574265e-07,0.0004646631154029307,0.0005559839496527623,0.00033251548859229826,1.0842021724855044e-19
1606.4370513655365,1.0,0.0009422391500595566,0.021670064921826538,3.680278432497063e-05,0.0005645076650622664,0.0004711195750297783,1.6001167442406117e-07,0.00047095956335535413,0.0005657060622338445,0.0003396413201764058,1.0842021724855044e-19
1612.7616066858734,1.0,0.0009550215722487147,0.021815959876071385,3.7698465773105344e-05,0.0005743571440737456,0.00047751078612435734,1.6565365163509772e-07,0.0004773451324727223,0.0005755930014082828,0.00034691080588901467,-5.421010862427522e-20
1619.08616200621,1.0,0.0009679857868639676,0.021962921712482035,3.861577751403289e-05,0.0005843733580735075,0.0004839928934319838,1.7149169994956055e-07,0.00048382140173203414,0.0005856478463198863,0.0003543268966895699,1.0842021724855044e-19
1625.4107173265468,1.0,0.0009811350364506675,0.02211096472852061,3.9555274079520496e-05,0.0005945594168311952,0.0004905675182253338,1.775327599250785e-07,0.0004903899854654087,0.0005958737448907755,0.00036189261076093477,-1.0842021724855044e-19
1631.7352726468837,1.0,0.000994472636688131,0.022260103467804413,4.051752586962166e-05,0.0006049184993786133,0.0004972363183440655,1.837840303965344e-07,0.0004970525343136693,0.0006062739156462768,0.00036961103526907704,-3.2526065174565133e-19
1638.0598279672204,1.0,0.001008001978378208,0.02241035272559249,4.150311966724909e-05,0.0006154538558392218,0.000504000989189104,1.902529788047398e-07,0.0005038107362102994,0.0006168516495961404,0.00037748532817532984,-1.0842021724855044e-19
1644.384383287557,1.0,0.0010217265294977383,0.022561727554420454,4.251265917158307e-05,0.0006261688093137459,0.0005108632647488692,1.9694735197361667e-07,0.0005106663173968954,0.0006276103121740698,0.0003855187201029855,1.0842021724855044e-19
1650.708938607894,1.0,0.0010356498373172592,0.022714243269888298,4.354676555108735e-05,0.0006370667578238718,0.0005178249186586296,2.0387518735709057e-07,0.0005176210434712724,0.0006385533452376404,0.00039371451626006636,1.0842021724855044e-19
1657.0334939282307,1.0,0.0010497755305884252,0.022867915456605974,4.460607801694001e-05,0.0006481511763160714,0.0005248877652942126,2.1104482477798017e-07,0.0005246767204694345,0.0006496842691307527,0.0004020760984201724,1.0842021724855044e-19
1663.3580492485673,1.0,0.001064107321802743,0.023022759974302125,4.5691254417724904e-05,0.0006594256187276948,0.0005320536609013715,2.1846491868233415e-07,0.0005318351959826892,0.0006610066848108787,0.0004106069269633908,0.0
1669.6826045689043,1.0,0.001078649009524281,0.023178792964100987,4.6802971856266345e-05,0.0006708937201175366,0.0005393245047621405,2.2614445093386294e-07,0.0005390983603112067,0.0006725242760434198,0.00041931054297931434,0.0
1676.007159889241,1.0,0.001093404480799167,0.02333603085497305,4.794192732953135e-05,0.0006825591988631803,0.0005467022403995835,2.340927441744083e-07,0.0005464681476554092,0.0006842408116656128,0.00042819057043430147,-1.0842021724855044e-19
1682.3317152095779,1.0,0.0011083777136448013,0.023494490370365245,4.9108838392567865e-05,0.0006944258589275235,0.0005541888568224006,2.4231947577774805e-07,0.000553946537346623,0.0006961601479225137,0.0004372507184051943,-1.0842021724855044e-19
1688.6562705299145,1.0,0.0011235727796218122,0.023654188535016312,5.0304443847489434e-05,0.0007064975921969655,0.0005617863898109061,2.5083469242545745e-07,0.0005615355551184806,0.0007082862308776833,0.0004464947833817884,0.0
1694.9808258502512,1.0,0.0011389938464919699,0.023815142681963886,5.1529504458568675e-05,0.0007187783808938687,0.0005694969232459849,2.596488253350785e-07,0.0005692372744206498,0.0007206230989013307,0.0004559266516404469,0.0
1701.3053811705881,1.0,0.0011546451809653446,0.02397737045974925,5.278480369454677e-05,0.0007312723000659755,0.0005773225904826723,2.6877270617242696e-07,0.0005770538177764998,0.0007331748852387498,0.00046555030169132775,0.0
1707.6299364909248,1.0,0.0011705311515401906,0.0241408898398266,5.4071148499322456e-05,0.0007439835201556024,0.0005852655757700953,2.7821758368157875e-07,0.0005849873581864138,0.0007459458206620354,0.0004753698068018074,-1.0842021724855044e-19
1713.9544918112615,1.0,0.0011866562314391804,0.024305719124183618,5.538937009223851e-05,0.0007569163096515455,0.0005933281157195902,2.8799514106786464e-07,0.0005930401205785222,0.0007589402362081808,0.00048538933759878077,2.168404344971009e-19
1720.2790471315984,1.0,0.0012030250016457611,0.024471876953180594,5.67403247992398e-05,0.0007700750378267294,0.0006015125008228806,2.98117514171081e-07,0.0006012143833087096,0.0007721625660067717,0.0004956131647526038,-1.0842021724855044e-19
1726.603602451935,1.0,0.0012196421540445804,0.024639382313615232,5.812489491624061e-05,0.0007834641775647883,0.0006098210770222902,3.085973104681471e-07,0.000609512479711822,0.0007856173502006522,0.0005060456617455799,1.0842021724855044e-19
1732.9281577722718,1.0,0.0012365124946701143,0.024808254547021152,5.954398960610253e-05,0.0007970883082788853,0.0006182562473350571,3.194476289465535e-07,0.0006179367997061107,0.0007993092379630721,0.0005166913077279951,-1.0842021724855044e-19
1739.2527130926087,1.0,0.0012536409470678082,0.02497851335820789,6.099854583069116e-05,0.0008109521189262142,0.0006268204735339041,3.3068208089218777e-07,0.0006264897914530117,0.0008132429906149672,0.0005275546904648154,2.168404344971009e-19
1745.5772684129454,1.0,0.0012710325557722313,0.025150178824050788,6.248952931955283e-05,0.0008250604111217779,0.0006355162778861156,3.423148116375082e-07,0.0006351739630744781,0.0008274234848461919,0.0005386405093763011,0.0
1751.901823733282,1.0,0.0012886924899069658,0.02532327140253933,6.401793557682671e-05,0.0008394181023551907,0.0006443462449534829,3.543605233185541e-07,0.0006439918844301644,0.0008418557160446843,0.0005499535786759126,-1.0842021724855044e-19
1758.226379053619,1.0,0.001306626046911165,0.02549781194209315,6.558479092808847e-05,0.0008540302293144144,0.0006533130234555825,3.6683449869195616e-07,0.0006529461889568907,0.0008565448017377213,0.0005614988306090251,-1.0842021724855044e-19
1764.5509343739557,1.0,0.0013248386563979116,0.025673821691154706,6.719115360890225e-05,0.0008689019513204795,0.0006624193281989558,3.79752626065916e-07,0.0006620395755728898,0.0008714959851495772,0.000573281318796088,0.0
1770.8754896942924,1.0,0.0013433358841498091,0.025851322308068716,6.883811489695162e-05,0.0008840385538774746,0.0006716679420749046,3.9313142540217125e-07,0.0006712748106495024,0.000886714638880143,0.0005853062216840611,0.0
1777.2000450146293,1.0,0.0013621234362574187,0.026030335871258196,7.052680028970619e-05,0.0008994454523421993,0.0006810617181287093,4.069880756490838e-07,0.00068065473005306,0.0009022062687091947,0.0005975788461100523,2.168404344971009e-19
1783.524600334966,1.0,0.001381207163406473,0.026210884889707815,7.225837072968511e-05,0.0009151281957181249,0.0006906035817032365,4.213404433694097e-07,0.000690182241259867,0.0009179765175312599,0.0006101046309812892,1.0842021724855044e-19
1789.8491556553026,1.0,0.0014005930653200513,0.02639299231376548,7.403402387947869e-05,0.0009310924705784861,0.0007002965326600257,4.362071127298681e-07,0.0006998603255472959,0.0009340311694262329,0.0006228891510757121,-1.0842021724855044e-19
1796.1737109756396,1.0,0.0014202872953621918,0.02657668154627351,7.58549954487998e-05,0.0009473441051235325,0.0007101436476810959,4.5160741692342203e-07,0.0007096920402641725,0.0009503761538711101,0.0006359381209676402,0.0
1802.4982662959762,1.0,0.0014402961653097422,0.026761976454041436,7.772256057595271e-05,0.0009638890733772073,0.0007201480826548711,4.6756147109922697e-07,0.0007196805211837719,0.0009670175500984736,0.0006492573990831611,0.0
1808.822821616313,1.0,0.001460626150299561,0.026948901379672673,7.96380352662289e-05,0.0009807334995287412,0.0007303130751497805,4.840902068794783e-07,0.000729828984942901,0.0009839615916075975,0.000662852991890082,1.0842021724855044e-19
1815.1473769366498,1.0,0.001481283893958528,0.027137481153758088,8.16027778898682e-05,0.0009978836624249016,0.000740641946979264,5.01215408546939e-07,0.0007401407315707172,0.001001214670834321,0.0006767310582274807,-2.168404344971009e-19
1821.4719322569865,1.0,0.0015022762137241802,0.027327741107449798,8.361819074235946e-05,0.0010153460002188812,0.0007511381068620901,5.189597509917529e-07,0.0007506191471110983,0.0010187833439861027,0.0006908979137801014,1.0842021724855044e-19
1827.7964875773232,1.0,0.0015236101063641836,0.027519707085429373,8.568572167000083e-05,0.0010331271151821017,0.0007618050531820918,5.373468395113002e-07,0.0007612677063425805,0.0010366743360489834,0.0007053600357030711,0.0
1834.1210428976601,1.0,0.001545292753703238,0.027713405459284902,8.780686576379005e-05,0.0010512337786854665,0.000772646376851619,5.564012515622924e-07,0.0007720899756000568,0.0010548945459734754,0.000720124067402629,-1.0842021724855044e-19
1840.4455982179968,1.0,0.0015673315285664273,0.0279088631413122,8.998316712487676e-05,0.001069672936356908,0.0007836657642832137,5.761485805701166e-07,0.0007830896157026434,0.0010734510520467309,0.0007351968234788152,1.0842021724855044e-19
1846.7701535383335,1.0,0.0015897340009485342,0.028106107598756334,9.221622070498274e-05,0.0010884517134223963,0.0007948670004742671,5.966154819066303e-07,0.0007942703849923603,0.0010923511174586954,0.0007505852948363089,2.168404344971009e-19
1853.0947088586704,1.0,0.0016125079444191956,0.028305166868509476,9.450767422536928e-05,0.0011075774202378684,0.0008062539722095978,6.1782972115413e-07,0.000805636142488444,0.0011116021960702758,0.0007662966539698684,-3.2526065174565133e-19
1859.419264179007,1.0,0.0016356613427744033,0.028506069572282917,9.685923017812987e-05,0.0011270575580199285,0.0008178306713872017,6.398202247802723e-07,0.0008171908511624214,0.0011312119383919818,0.0007823382604311127,-1.0842021724855044e-19
1865.7438194993435,1.0,0.0016592023969452946,0.0287088449322712,9.927264791378477e-05,0.001146899824783503,0.0008296011984726473,6.626171333561221e-07,0.0008289385813392911,0.0011511881977818589,0.0007987176664836619,0.0
1872.0683748196802,1.0,0.001683139532175754,0.028913522787326944,0.00010174974581936721,0.0011671121214950166,0.000841569766087877,6.862518574574521e-07,0.0008408835142304197,0.0011715390368719704,0.0008154426229539637,-2.168404344971009e-19
1878.3929301400171,1.0,0.0017074814054809536,0.029120133609666393,0.00010429240359142216,0.001187702558450075,0.0008537407027404768,7.107571363978648e-07,0.000853029945604079,0.001192272734233124,0.0008325210852854504,-1.0842021724855044e-19
1884.7174854603538,1.0,0.00173223691339956,0.029328708522126077,0.0001069025646085755,0.001208679461885037,0.00086611845669978,7.361670999512967e-07,0.0008653822895998286,0.0012133977912879986,0.0008499612198039927,1.0842021724855044e-19
1891.0420407806905,1.0,0.0017574152000530102,0.02953927931599218,0.00010958223840859005,0.0012300513808323366,0.0008787076000265051,7.625173332310875e-07,0.000877945082693274,0.0012349229394833408,0.0008677714102029926,0.0
1897.3665961010274,1.0,0.0017830256655259244,0.029751878469424856,0.00011233350327509236,0.0012518270942298423,0.0008915128327629622,7.898449449029929e-07,0.0008907229878180595,0.0012568571477323848,0.0008859602642567894,-2.168404344971009e-19
1903.691151421364,1.0,0.001809077974582512,0.029966539166501268,0.00011515850893944526,0.0012740156182950732,0.000904538987291256,8.181886389204669e-07,0.0009037207986523353,0.0012792096301392254,0.0009045366207714551,2.168404344971009e-19
1910.0157067417008,1.0,0.0018355820657345485,0.030183295316901684,0.00011805947940354302,0.0012966262141755852,0.0009177910328672743,8.475887899821732e-07,0.000916943444077292,0.0013019898540174368,0.0009235095567824606,1.0842021724855044e-19
1916.3402620620377,1.0,0.0018625481606773658,0.03040218157626429,0.000121038715889632,0.001319668395887406,0.0009312740803386829,8.780875229241251e-07,0.0009303959928157588,0.0013252075482158446,0.0009428883950091093,0.0
1922.6648173823744,1.0,0.0018899867741111467,0.030623233367235568,0.00012409859992360055,0.0013431519385539415,0.0009449933870555733,9.097287962721045e-07,0.0009440836582593012,0.0013488727117649793,0.00096268271157606,0.0
1928.989372702711,1.0,0.0019179087239657752,0.030846486901244467,0.0001272415965585532,0.0013670868869584448,0.0009589543619828876,9.425584901942507e-07,0.0009580118034926933,0.001372995622858464,0.0009829023440127702,0.0
1935.313928023048,1.0,0.001946325142048445,0.031071979201029627,0.00013047025774586576,0.0013914835644237163,0.0009731625710242226,9.766244991088017e-07,0.000972185946525114,0.0013975868481842563,0.0010035573995421296,-2.168404344971009e-19
1941.6384833433847,1.0,0.0019752474851342477,0.03129974812395017,0.00013378722586133214,0.0014163525820333942,0.0009876237425671239,1.0119768292181668e-06,0.000986611765737906,0.0014226572526214224,0.0010246582636700716,-2.168404344971009e-19
1947.9630386637214,1.0,0.002004687546521171,0.03152983238611295,0.00013719523739446135,0.0014417048482099806,0.0010023437732605855,1.048667701257943e-06,0.0010012951055593281,0.0014482180093189996,0.001046215609088554,-6.505213034913027e-19
1954.2875939840583,1.0,0.0020346574680719658,0.03176227158734921,0.000140697126809435,0.0014675515786653711,0.0010173287340359829,1.0867516587678268e-06,0.0010162419823772156,0.0014742806101742142,0.001068240404904742,-4.336808689942018e-19
1960.612149304395,1.0,0.0020651697527666888,0.031997106237076446,0.00014429583058674574,0.0014939043067405625,0.0010325848763833444,1.1262856822113598e-06,0.0010314585907011326,0.0015008568767283306,0.0010907439262099257,4.336808689942018e-19
1966.9367046247316,1.0,0.002096237277791049,0.032234377781082624,0.00014799439145506306,0.0015207748941520232,0.0010481186388955246,1.1673293092926261e-06,0.0010469513095862318,0.0015279589714993175,0.001113737764002291,2.168404344971009e-19
1973.2612599450686,1.0,0.002127873308186985,0.032474128629270946,0.00015179596282343007,0.0015481755421630499,0.0010639366540934924,1.209944761840673e-06,0.0010627267093316515,0.00155559940977147,0.0011372338354782823,2.168404344971009e-19
1979.5858152654052,1.0,0.0021600915110935484,0.03271640218440665,0.00015570381342450604,0.0015761188031994488,0.0010800457555467742,1.254197079656898e-06,0.0010787915584671176,0.001583791071863267,0.0011612443947080367,-2.168404344971009e-19
1985.9103705857422,1.0,0.002192905970607642,0.03296124287190803,0.00015972133218020336,0.0016046175929298248,0.001096452985303821,1.3001542617466621e-06,0.0010951528310420744,0.0016125472158958088,0.0011857820437110639,0.0
1992.2349259060788,1.0,0.002226331203295864,0.03320869617072651,0.00016385203330174808,0.0016336852028317973,0.001113165601647932,1.3478874153843442e-06,0.0011118177142325476,0.001641881491085361,0.0012108597439490852,0.0
1998.5594812264155,1.0,0.0022603821743905753,0.03345880864536303,0.00016809956163692995,0.001663335313266625,0.0011301910871952877,1.3974709134911548e-06,0.001128793616281796,0.0016718079515848432,0.001236490828253792,6.505213034913027e-19
2004.8840365467524,1.0,0.002295074314705127,0.0337116279790697,0.00017246769827807508,0.0016935820070858396,0.0011475371573525634,1.448982560837119e-06,0.0011460881747917255,0.0017023410709003756,0.0012626890132080848,6.505213034913027e-19
2011.2085918670891,1.0,0.002330423538305301,0.03396720300828889,0.00017696036644511236,0.0017244397837947662,0.0011652117691526504,1.5025037696132642e-06,0.0011637092653830371,0.0017334957569104484,0.001289468412000245,0.0
2017.5331471874258,1.0,0.0023664462609761204,0.03422558375838378,0.00018158163765898255,0.001755923574299091,0.0011832231304880602,1.5581197449571068e-06,0.001181665010743103,0.001765287367516749,0.001316843547771423,2.168404344971009e-19
2023.8577025077627,1.0,0.0024031594195255677,0.03448682148071799,0.00018633573822159538,0.0017880487562620842,0.0012015797097627838,1.6159196810544864e-06,0.0011999637900817297,0.001797731726957327,0.001344829367477836,-4.336808689942018e-19
2030.1822578280994,1.0,0.0024405804919691307,0.03475096869114372,0.00019122705601953797,0.0018208311701014672,0.0012202902459845654,1.6759969684834889e-06,0.001218614249016082,0.0018308451428143719,0.0013734412562900118,-2.168404344971009e-19
2036.506813148436,1.0,0.002478727518641841,0.035018079209962354,0.00019626014766983786,0.0018542871356566088,0.0012393637593209204,1.7384494135124885e-06,0.0012376253099074075,0.0018646444237508065,0.001402695052552634,4.336808689942018e-19
2042.831368468773,1.0,0.0025176191242871314,0.035288208203423065,0.0002014397460272196,0.0018884334695582331,0.0012588095621435657,1.8033794701136287e-06,0.0012570061826734519,0.001899146898011646,0.0014326070633295328,2.168404344971009e-19
2049.1559237891097,1.0,0.002557274541174987,0.035561412226829875,0.0002067707680735516,0.001923287503334732,0.0012786372705874936,1.8708944855066366e-06,0.0012767663761019872,0.001934370432728249,0.0014631940805597036,-2.168404344971009e-19
2055.4804791094466,1.0,0.0025977136333049516,0.03583774926933048,0.0002122583232114937,0.0019588671022909305,0.0012988568166524758,1.941106960105111e-06,0.0012969157096923705,0.0019703334540656365,0.001494473397851425,2.168404344971009e-19
2061.805034429783,1.0,0.0026389569217530294,0.03611727880046404,0.00021790772198578012,0.001995190685197184,0.0013194784608765147,2.014134822799321e-06,0.0013174643260537152,0.0020070549682553894,0.0015264628279429086,2.168404344971009e-19
2068.1295897501195,1.0,0.0026810256112251786,0.0364000618185497,0.00022372448525709515,0.002032277244828775,0.0013405128056125893,2.090101722576195e-06,0.0013384227038900137,0.002044554583559067,0.0015591807208593263,-6.505213034913027e-19
2074.4541450704564,1.0,0.0027239416178839646,0.03668616090100116,0.00022971435385512595,0.0020701463693977894,0.0013619708089419823,2.1691373375489637e-06,0.0013598016716044332,0.002082852533209667,0.0015926459827975397,2.168404344971009e-19
2080.7787003907933,1.0,0.0027677275985191737,0.03697564025665812,0.00023588329873913244,0.0021088182649220437,0.0013838637992595868,2.251377702546437e-06,0.0013816124215570405,0.00212196969938142,0.0016268780957714184,-2.168404344971009e-19
2087.10325571113,1.0,0.002812406981137658,0.03726856578022953,0.00024223753169624854,0.0021483137785781557,0.001406203490568829,2.3369655564955217e-06,0.0014038665250123339,0.00216192763824117,0.0016618971380523216,-4.336808689942018e-19
2093.4278110314667,1.0,0.002858003997052466,0.03756500510894923,0.00024878351660974606,0.0021886544230885025,0.001429001998526233,2.426050710920789e-06,0.0014265759478153124,0.0022027486061376995,0.0016977238054410267,0.0
2099.7523663518036,1.0,0.0029045437145564573,0.037865027681549764,0.0002555279813316532,0.002229862402194653,0.0014522718572782286,2.518790440982369e-06,0.0014497530668372463,0.0022444555869886884,0.0017343794334092194,0.0
2106.07692167214,1.0,0.002952052074271135,0.038168704799665956,0.00026247793019645437,0.0022719606372729267,0.0014760260371355675,2.615349900578909e-06,0.0014734106872349882,0.0022870723209286186,0.0017718860201506722,4.336808689942018e-19
2112.401476992477,1.0,0.0030005559262673755,0.03847610969178673,0.00026964065721509666,0.002314972795150935,0.0015002779631336878,2.7159025631561605e-06,0.0014975620605705315,0.0023306233342846976,0.001810266250584226,2.168404344971009e-19
2118.726032312814,1.0,0.0030500830690609253,0.038787317579878494,0.00027702375999120565,0.002358923317187322,0.0015250415345304626,2.8206306899848524e-06,0.0015222209038404778,0.0023751339709518924,0.0018495435213528675,0.0
2125.0505876331504,1.0,0.003100662290592639,0.03910240574881289,0.0002846351544043395,0.0024038374496807417,0.0015503311452963195,2.929725827805197e-06,0.001547401419468514,0.0024206304252426462,0.001889741966865556,2.168404344971009e-19
2131.3751429534873,1.0,0.0031523234113104426,0.03942145361873669,0.00029248309010819127,0.0024497412756777845,0.0015761617056552213,3.043389337879328e-06,0.0015731183163173418,0.002467139776291294,0.0019308864864307626,2.168404344971009e-19
2137.699698273824,1.0,0.003205097329478088,0.03974454282053094,0.0003005761668950356,0.0024966617482538936,0.001602548664739044,3.1618329586497504e-06,0.0015993868317803945,0.0025146900240982984,0.001973002772533349,-2.168404344971009e-19
2144.0242535941607,1.0,0.003259016068844169,0.04007175727451462,0.0003089233519813247,0.0025446267253456346,0.0016295080344220845,3.2852794043713125e-06,0.0016262227550177136,0.0025633101273046586,0.0020161173403090695,-4.336808689942018e-19
2150.3488089144976,1.0,0.0033141128288139777,0.040403183272556716,0.00031753399827324716,0.0025936650062174465,0.0016570564144069888,3.4139630022681703e-06,0.0016536424514047205,0.002613030042792532,0.002060257558273854,0.0
2156.6733642348345,1.0,0.0033704220372765365,0.040738909563770145,0.0003264178636752676,0.00264380636965098,0.0016852110186382683,3.54813037096671e-06,0.0016816628882673022,0.0026638807672141446,0.0021054516803680587,-6.505213034913027e-19
2162.997919555171,1.0,0.003427979406249834,0.04107902744397139,0.000335585131509228,0.002695081613950583,0.001713989703124917,3.688041143172272e-06,0.0017103016619817444,0.0027158943805576357,0.0021517288793790872,2.168404344971009e-19
2169.322474875508,1.0,0.0034868219905185584,0.041423630849100425,0.00034504643211649195,0.002747522598864166,0.0017434109952592792,3.83396873579281e-06,0.0017395770265234863,0.002769104091865385,0.002199119281809178,2.168404344971009e-19
2175.6470301958448,1.0,0.003546988249450919,0.04177281645280628,0.00035481286572092483,0.0028011622895248024,0.0017734941247254596,3.986201170968464e-06,0.0017695079235544916,0.0028235442872278325,0.0022476540042587036,-4.336808689942018e-19
2181.971585516181,1.0,0.0036085181121945135,0.0421266837684174,0.0003648960266362581,0.0028560348025250667,0.0018042590560972567,4.1450419517446635e-06,0.0018001140141455118,0.0028792505801839004,0.002297365191399227,2.168404344971009e-19
2188.296140836518,1.0,0.0036714530464653475,0.04248533525552739,0.00037530802890758193,0.0029121754542430008,0.0018357265232326737,4.31081099642896e-06,0.0018314157122362453,0.002936259864667622,0.002348286055614492,-4.336808689942018e-19
2194.620696156855,1.0,0.0037358361311596176,0.042848876431441286,0.000386061533483444,0.002969620811546126,0.0018679180655798088,4.48384563600173e-06,0.0018634342199438077,0.002994610370649821,0.0024004509183918232,-6.505213034913027e-19
2200.9452514771915,1.0,0.0038017121330347447,0.043217415987743486,0.0003971697770223408,0.0030284087450080494,0.0019008560665173724,4.6645016793106026e-06,0.0018961915648380615,0.003054341722633734,0.0024538952535509994,2.168404344971009e-19
2207.2698067975284,1.0,0.003869127587723901,0.043591065912262174,0.0004086466024452502,0.0030885784847806052,0.0019345637938619506,4.853154551169853e-06,0.001929710639310781,0.0031154950011739236,0.002508655732402367,-2.168404344971009e-19
2213.5943621178653,1.0,0.003938130885368126,0.043969941616724,0.0004205064913544585,0.0031501706792738133,0.001969065442684063,5.050200508913837e-06,0.001964015242175149,0.0031781128075994525,0.002564770270931083,4.336808689942018e-19
2219.918917438202,1.0,0.004008772361171173,0.04435416207041021,0.00043276459844822157,0.003213227456805758,0.0020043861805855863,5.256057943420225e-06,0.0019991301226421664,0.0032422393321345742,0.0026222780791098125,-4.336808689942018e-19
2226.2434727585387,1.0,0.004081104391205227,0.04474384994014468,0.0004454367880709078,0.003277792490395039,0.0020405521956026137,5.471168771128519e-06,0.0020350810268314856,0.003307920425623482,0.0026812197124478744,-4.336808689942018e-19
2232.5680280788756,1.0,0.004155181493820473,0.04513913173696524,0.0004585396730492315,0.0033439110658797194,0.0020775907469102366,5.695999924136469e-06,0.0020718947469861,0.003375203675079911,0.0027416371258908805,0.0
2238.892583399212,1.0,0.004231060437038629,0.045540137969852186,0.00047209065597715735,0.0034116301535590072,0.0021155302185193146,5.9310449460669984e-06,0.002109599173573247,0.0034441384832979635,0.002803573730191483,4.336808689942018e-19
2245.217138719549,1.0,0.004308800352339838,0.04594700330691148,0.00048610797312502023,0.0034809984835667885,0.002154400176169919,6.176825702064998e-06,0.0021482233504678534,0.0035147761527770153,0.002867074450878539,4.336808689942018e-19
2251.541694039886,1.0,0.004388462855284074,0.04635986674443502,0.0005006107411625497,0.0035520666252001755,0.002194231427642037,6.433894212014141e-06,0.002187797533430023,0.0035871699742315365,0.002932185789959324,0.0
2257.8662493602224,1.0,0.00447011217344315,0.046778871784288995,0.0005156190069009337,0.0036248870704413895,0.002235056086721575,6.702834616865332e-06,0.0022283532521047093,0.0036613753199761785,0.00299895589049722,4.336808689942018e-19
2264.1908046805593,1.0,0.004553815282156929,0.04720416662010963,0.0005311538002758367,0.0036995143219273477,0.0022769076410784645,6.984265288846514e-06,0.002269923375789618,0.0037374497424972858,0.0030674346042153886,0.0
2270.515360000896,1.0,0.004639642048668393,0.04763590433281678,0.0005472371908116328,0.0037760049856387363,0.0023198210243341967,7.2788410972880005e-06,0.0023125421832369086,0.0038154530785446702,0.003137673562285726,0.0
2276.8399153212326,1.0,0.004727665385237188,0.04807424309599056,0.0005638923478271608,0.00385441786859913,0.002363832692618594,7.587255842857143e-06,0.0023562454367757374,0.0038954475591020713,0.003209726249471646,-4.336808689942018e-19
2283.1644706415696,1.0,0.004817961411879954,0.04851934639169174,0.0005811436046652015,0.003934814081894849,0.002408980705939977,7.910244874160634e-06,0.0024010704610658165,0.00397749792562124,0.003283648081803163,-4.336808689942018e-19
2289.4890259619065,1.0,0.004910609629438893,0.0489713832373448,0.0005990165272517664,0.004017257149347776,0.0024553048147194466,8.248587901953292e-06,0.0024470562268174927,0.004061671552933174,0.003359496487973046,4.336808689942018e-19
2295.813581282243,1.0,0.005005693103738471,0.04943052842434528,0.0006175379873175566,0.004101813122196911,0.0025028465518692356,8.603112027603494e-06,0.002494243439841632,0.004148038579281416,0.003437330994654192,0.0
2302.13813660258,1.0,0.00510329866165361,0.04989696276909741,0.0006367362406426054,0.004188550700169559,0.002551649330826805,8.97469500401929e-06,0.0025426746358227863,0.004236672043956032,0.003517213315950135,-4.336808689942018e-19
2308.4626919229167,1.0,0.005203517099982181,0.05037087337723531,0.0006566410107165604,0.0042775413593500195,0.0026017585499910905,9.36426874895244e-06,0.0025923942812421373,0.004327648033043454,0.0035992074472031644,8.673617379884035e-19
2314.787247243253,1.0,0.005306443408091041,0.05085245392183437,0.0006772835782416178,0.004368859487283191,0.0026532217040455205,9.77282313249006e-06,0.002643448880913031,0.004421045833847476,0.003683379763398163,-4.336808689942018e-19
2321.11180256359,1.0,0.005412177005388014,0.05134190493647299,0.0006986968769429506,0.004462582525781835,0.002706088502694007,1.020141006263161e-05,0.0026958870926313753,0.00451694809857975,0.0037697991224144166,0.0
2327.436357883927,1.0,0.005520821994763834,0.05183943412406634,0.0007209155961931309,0.004558791121940487,0.002760410997381917,1.0651147895158951e-05,0.0027497598494867583,0.004615441017965445,0.0038585369733930637,0.0
2333.7609132042635,1.0,0.005632487433248598,0.052345256682457354,0.0007439762910028361,0.004657569287895823,0.002816243716624299,1.112322619656237e-05,0.0028051204904277365,0.0047166145054609605,0.003949667470504033,0.0
2340.0854685246004,1.0,0.005747287621237324,0.05285959564781948,0.000767917499980488,0.004759004569913007,0.002873643810618662,1.1618910891614584e-05,0.002862024899727048,0.004820562392836459,0.004043267592413678,-4.336808689942018e-19
2346.4100238449373,1.0,0.005865342411760631,0.053382682257000096,0.0007927798719189981,0.004863188227420575,0.0029326712058803154,1.2139549830320987e-05,0.002920531656049994,0.004927382637936897,0.0041394172677727764,4.336808689942018e-19
2352.7345791652738,1.0,0.005986777541409959,0.05391475633001446,0.0008186063017290086,0.004970215422662992,0.0029933887707049795,1.2686578812453757e-05,0.0029807021918925257,0.005037177545501798,0.004238199507064334,0.0
2359.0591344856107,1.0,0.006111724984673792,0.05445606667398636,0.0008454420765055709,0.005080185421690354,0.003055862492336896,1.3261528111740625e-05,0.0030426009642251554,0.005150054001996605,0.004339700541171667,0.0
2365.3836898059476,1.0,0.006240323333602826,0.05500687150992338,0.0008733350325897327,0.005193201807458806,0.003120161666801413,1.3866029546070959e-05,0.0031062956372553416,0.005266123725487459,0.004444009967049404,4.336808689942018e-19
2371.708245126284,1.0,0.006372718204901655,0.05556743892381847,0.0009023357245691601,0.005309372705874888,0.0031863591024508275,1.4501824144861487e-05,0.0031718572783059652,0.005385503531678628,0.004551220900904493,8.673617379884035e-19
2378.032800446621,1.0,0.006509062676740987,0.056138047343674086,0.0009324976072530394,0.005428811025680149,0.0032545313383704937,1.5170770470039501e-05,0.003239360567900454,0.005508315617326135,0.0046614301393193315,4.336808689942018e-19
2384.357355766958,1.0,0.006649517757803112,0.05671898604416418,0.0009638772317577255,0.005551634713141911,0.003324758878901556,1.58748536530316e-05,0.0033088840252485244,0.005634687862345456,0.004774738328776607,0.0
2390.681911087295,1.0,0.006794252891314842,0.05731055568077518,0.0009965344569517534,0.005677967022591087,0.003397126445657421,1.661619521676201e-05,0.003380510250440658,0.005764754152045343,0.004891250144074752,8.673617379884035e-19
2397.0064664076313,1.0,0.006943446497089204,0.05791306885540135,0.0010305326776332085,0.005807936803928908,0.003471723248544602,1.739706375905091e-05,0.003454326184785551,0.005898654721044606,0.005011074476153598,0.0
2403.331021727968,1.0,0.007097286554894116,0.05852685071551783,0.0010659390709508347,0.005941678808312859,0.003548643277447058,1.8219886582066825e-05,0.003530423390864991,0.006036536520566545,0.005134324629883468,4.336808689942018e-19
2409.655577048305,1.0,0.007255971232795037,0.05915223958921119,0.0011028248627339655,0.0060793340133273414,0.0036279856163975183,1.9087262361731456e-05,0.003608898354035787,0.006178553610956444,0.005261118532406019,0.0
2415.9801323686415,1.0,0.007419709564484567,0.059789587658518155,0.0011412656155676943,0.006221049969048604,0.0037098547822422834,2.000197496133837e-05,0.003689852807280945,0.006324867581434156,0.005391578952653485,0.0
2422.3046876889784,1.0,0.007588722180018591,0.0604392616737061,0.0011813415406405168,0.006366981166525661,0.0037943610900092956,2.0967008505267692e-05,0.0037733940815040286,0.006475647999276627,0.005525833732713174,-8.673617379884035e-19
2428.6292430093154,1.0,0.007763242094831329,0.06110164371132564,0.0012231378356046354,0.006517289430321047,0.0038816210474156643,2.1985563841731016e-05,0.0038596354835739345,0.006631072890827097,0.005664016031747544,-1.3010426069826053e-18
2434.953798329652,1.0,0.007943515562406874,0.061777131979079546,0.0012667450509270784,0.006672144336887787,0.003971757781203437,2.3061076538156006e-05,0.00394869670466528,0.006791329256950513,0.005806264583226556,1.734723475976807e-18
2441.2783536499887,1.0,0.008129802996547869,0.06246614167077963,0.0013122594874757647,0.0068317236607024975,0.004064901498273934,2.419723656933625e-05,0.004040704261704599,0.006956613625800451,0.005952723966278406,-8.673617379884035e-19
2447.6029089703256,1.0,0.008322379969811528,0.06316910587490927,0.0013597836283825277,0.006996213850230453,0.004161189984905764,2.5398009877086785e-05,0.004135791975028678,0.007127132646034699,0.0061035448920177,-8.673617379884035e-19
2453.927464290662,1.0,0.008521538295387512,0.0638864765405747,0.0014094266085590403,0.007165810535967744,0.004260769147693756,2.6667662001150282e-05,0.004234101485692607,0.007303103723917699,0.006258884505766946,-1.734723475976807e-18
2460.252019610999,1.0,0.008727587200480532,0.06461872550491049,0.001461304725616281,0.0073407190729889915,0.004363793600240266,2.8010784004826413e-05,0.004335782816235441,0.007484755708081115,0.006418906706147644,-1.734723475976807e-18
2466.576574931336,1.0,0.008940854600144555,0.0653663455863092,0.001515541996359168,0.007521155120627801,0.004470427300072278,2.9432320945637063e-05,0.004440994979126641,0.00767232962608321,0.006583782482082016,0.0
2472.9011302516724,1.0,0.009161688481508291,0.06612985174817024,0.0015722707635017978,0.007707345262132925,0.0045808442407541455,3.093760317174269e-05,0.004549906637582404,0.007866079477318124,0.006753690268815912,-8.673617379884035e-19
2479.2256855720093,1.0,0.009390458409447232,0.06690978233821156,0.001631632357782266,0.007899527667376265,0.004695229204723616,3.2532380759302607e-05,0.004662696823964313,0.00806627308728171,0.0069288163241474,8.673617379884035e-19
2485.550240892346,1.0,0.009627557166012744,0.06770670040875588,0.0016937778212578847,0.00809795280194118,0.004813778583006372,3.422286144512607e-05,0.004779555721561245,0.008273193028707364,0.007109355126124788,8.673617379884035e-19
2491.8747962126827,1.0,0.009873402537344296,0.06852119512379908,0.001758868698241469,0.00830288418619272,0.004936701268672148,3.601575245349138e-05,0.004900685516218657,0.008487137615650094,0.007295509793562765,-8.673617379884035e-19
2498.1993515330196,1.0,0.010128439263387249,0.06935388325908382,0.0018270779011080908,0.008514599208225804,0.0050642196316936245,3.791830666671852e-05,0.005026301325026906,0.008708421977226244,0.007487492530816149,0.0
2504.5239068533565,1.0,0.01039314116754224,0.07020541080183948,0.0018985906590721258,0.008733389994904259,0.00519657058377112,3.9938373646904876e-05,0.005156632210124216,0.008937379218417989,0.00768552509834704,-8.673617379884035e-19
2510.848462173693,1.0,0.01066801348541461,0.07107645465731365,0.001973605559022016,0.00895956434554579,0.005334006742707305,4.208445608228897e-05,0.005291922286625017,0.009174361676137362,0.007889839310725875,-8.673617379884035e-19
2517.17301749403,1.0,0.010953595414144035,0.07196772446969746,0.002052335688621091,0.009193446733173438,0.0054767977070720175,4.436577230724258e-05,0.005432431934764775,0.009419742279621304,0.008100677563816982,0.0
2523.497572814367,1.0,0.011250462906419026,0.07287996456554498,0.0021350098931579554,0.009435379378645721,0.005625231453209513,4.679232563142763e-05,0.0055784391275780845,0.009673916025212089,0.008318293393017625,8.673617379884035e-19
2529.8221281347032,1.0,0.011559231736262991,0.07381395602829523,0.00222187415908235,0.009685723403395553,0.005779615868131496,4.937498131294113e-05,0.005730240886818554,0.00993730157667977,0.008542952064546753,8.673617379884035e-19
2536.14668345504,1.0,0.011880560867071031,0.07477051891301768,0.002313193138818739,0.009944860066950268,0.005940280433535516,5.212555212435009e-05,0.005888154881411164,0.010210343003479373,0.008774931201914011,1.734723475976807e-18
2542.471238775377,1.0,0.012215156156243162,0.0757505146110102,0.0024092518333422614,0.010213192095872311,0.006107578078121581,5.505689359182584e-05,0.0060525211845297525,0.010493511670725472,0.009014521449844303,2.6020852139652106e-18
2548.7957940957135,1.0,0.012563774435172693,0.07675484837437047,0.00251035745116677,0.010491145111249532,0.006281887217586346,5.8183010138961754e-05,0.006223704207447384,0.010787308296230506,0.00926202717808695,8.673617379884035e-19
2555.1203494160504,1.0,0.012927228008392086,0.07778447201111838,0.0026168414648755876,0.010779169162371562,0.006463614004196043,6.151917354165714e-05,0.006402094830654387,0.011092265191714192,0.00951776722770267,-8.673617379884035e-19
2561.4449047363873,1.0,0.013306389621452648,0.0788403867618484,0.002729061889172947,0.011077740374749442,0.006653194810726324,6.508205530264507e-05,0.006588112755423679,0.011408948707277553,0.009782075702596196,0.0
2567.769460056724,1.0,0.013702197953735281,0.07992364636920747,0.0028474058077076524,0.011387362721162128,0.0068510989768676405,6.88898747885401e-05,0.006782209102079099,0.011737961900478303,0.010055302809248996,1.734723475976807e-18
2574.0940153770607,1.0,0.014115663699991773,0.0810353603516863,0.00297229217968938,0.011708569924932839,0.007057831849995887,7.296256524424221e-05,0.006984869284751644,0.012079947453879277,0.010337815747804296,8.673617379884035e-19
2580.4185706973976,1.0,0.014547876313160403,0.08217669749323113,0.003104174961665129,0.012041927505136185,0.007273938156580202,7.732196011579205e-05,0.007196616196464409,0.01243559086781099,0.010629999657866833,0.0
2586.743126017734,1.0,0.015000011491074139,0.08334888955996846,0.0032435465848455265,0.012388034973892487,0.007500005745537069,8.199200248122325e-05,0.007418013743055845,0.01280562395834137,0.010932258622603478,8.673617379884035e-19
2593.067681338071,1.0,0.01547333950130396,0.08455323525479891,0.0033909418341825197,0.012747528196289232,0.00773666975065198,8.699898081899907e-05,0.007649670769832979,0.01319082869413435,0.011245016734967594,8.673617379884035e-19
2599.392236658408,1.0,0.015969234451813575,0.08579110441965321,0.0035469421821365324,0.013121081923742445,0.007984617225906787,9.237179484649011e-05,0.007892245431060301,0.013592041410067151,0.011568719230119356,-3.469446951953614e-18
2605.7167919787444,1.0,0.016489184630656906,0.08706394249368614,0.003712180637894939,0.013509412511725813,0.008244592315328453,9.814225575016802e-05,0.008146450059578285,0.01401015744024085,0.01190383368838028,0.0
2612.0413472990813,1.0,0.01703480405598126,0.08837327523341904,0.0038873471819026394,0.013913280832679785,0.00851740202799063,0.00010434542582083053,0.0084130566021698,0.014446136218437823,0.012250851313337271,-1.734723475976807e-18
2618.365902619418,1.0,0.017607845398544736,0.08972071369762023,0.0040731948661690085,0.014333495394484324,0.008803922699272368,0.00011102000332074445,0.008692902695951627,0.014901006900256402,0.012610288290005102,-3.469446951953614e-18
2624.6904579397547,1.0,0.01821021446331968,0.09110795949523842,0.004270546673191439,0.014770915674018358,0.00910510723165984,0.00011820875936843383,0.008986898472291404,0.015375874568195062,0.01298268722826284,1.734723475976807e-18
2631.0150132600916,1.0,0.01884398644513977,0.09253681028860064,0.0044803032408062176,0.015226455673886308,0.009421993222569884,0.00012595903475920163,0.00929603418781068,0.015871927088995944,0.013368618697100466,3.469446951953614e-18
2637.3395685804285,1.0,0.019511424206470007,0.0940091655358797,0.0047034515772249865,0.015701087708167687,0.009755712103235004,0.00013432330597943734,0.009621388797255565,0.016390442701735505,0.01376868285554425,1.734723475976807e-18
2643.664123900765,1.0,0.020214998864089062,0.09552703244591346,0.004941074910398491,0.016195846419784086,0.010107499432044531,0.00014335983126170123,0.009964139600782828,0.016932798425641358,0.014183511186475784,1.734723475976807e-18
2649.988679221102,1.0,0.020957413016772623,0.09709253210401256,0.00519436383921284,0.016711833027435452,0.010478706508386311,0.0001531333894155022,0.010325573118970807,0.017500479388605456,0.014613768339913574,3.469446951953614e-18
2656.3132345414388,1.0,0.021741626999154016,0.09870790570841129,0.005464628981521686,0.01725021979359505,0.010870813499577008,0.00016371612641651262,0.010707097373160496,0.018095089191076823,0.015060154092688918,0.0
2662.637789861775,1.0,0.02257088860923129,0.10037552083217502,0.005753315346430827,0.017812254696191104,0.011285444304615646,0.00017518852741872925,0.011110255777196916,0.018718361435698865,0.015523405431816158,0.0
2668.962345182112,1.0,0.02344876683016081,0.10209787759295268,0.0060620186965107984,0.018399266274581605,0.011724383415080405,0.00018764053505990126,0.011536742880020502,0.019372172570979295,0.016004298769225676,1.734723475976807e-18
2675.286900502449,1.0,0.024379190153012285,0.10387761457074347,0.006392504210831728,0.019012668604255337,0.012189595076506143,0.00020117283877036897,0.011988422237735776,0.020058556217752512,0.01650365229589155,-1.734723475976807e-18
2681.6114558227855,1.0,0.025366490208396583,0.10571751425895198,0.006746727813220702,0.01965396633306525,0.012683245104198292,0.00021589836440347407,0.012467346739794818,0.0207797191705506,0.01702232848374186,0.0
2687.9360111431224,1.0,0.026415451534051913,0.10762050776267458,0.007126860593510422,0.02032475968300178,0.013207725767025957,0.0002319439990455532,0.012975781767980405,0.021538059292589628,0.017561236744074303,-1.734723475976807e-18
2694.2605664634593,1.0,0.027531368445784552,0.10958967836550276,0.0075353168246490064,0.0210267492832905,0.013765684222892276,0.00024945259253509797,0.01351623163035718,0.022336185553271982,0.01812133625150716,-1.734723475976807e-18
2700.585121783796,1.0,0.02872011014431096,0.11162826346576783,0.00797478616757978,0.021761740649980273,0.01436005507215548,0.0002685852852678128,0.01409146978688767,0.02317694049126471,0.018703638942764687,-3.469446951953614e-18
2706.9096771041327,1.0,0.029988195384756514,0.11373965422669725,0.008448270761352279,0.022531648060240037,0.014994097692378257,0.0002895242215838192,0.01470457347079444,0.024063425424648885,0.019309212699807142,-3.469446951953614e-18
2713.2342324244696,1.0,0.03134287826359172,0.11592739208144548,0.00895912802098246,0.023338497481110863,0.01567143913179586,0.00031247571978608554,0.015358963412009777,0.02499902877257777,0.019939184726953506,-1.734723475976807e-18
2719.558787744806,1.0,0.03279224694484123,0.11819516096896807,0.009511120113553605,0.024184428095574306,0.016396123472420615,0.0003376739840622239,0.01605844948835839,0.025987457900388176,0.020594745131690077,0.0
2725.883343065143,1.0,0.03434533745897172,0.12054677383120548,0.010108471257749874,0.025071691814334135,0.01717266872948586,0.0003653854608008523,0.01680728326868501,0.027032774951930197,0.02127715071877426,-3.469446951953614e-18
2732.20789838548,1.0,0.03601226506940144,0.12298615145097734,0.01075593419757405,0.026002649957495357,0.01800613253470072,0.00039591396263728815,0.01761021857206343,0.028139437188305246,0.021987729007009037,3.469446951953614e-18
2738.5324537058164,1.0,0.03780437611779896,0.12551729112019802,0.011458867441649296,0.026979766020115436,0.01890218805889948,0.00042960670877273285,0.01847258135012675,0.02931234240973358,0.022727882477630232,-3.469446951953614e-18
2744.8570090261533,1.0,0.03973442373319417,0.12814422185568852,0.012223325139188126,0.02800559307773652,0.019867211866597085,0.0004668614605470361,0.01940035040605005,0.030556880094245096,0.023499093062573834,-3.469446951953614e-18
2751.18156434649,1.0,0.04181677132069682,0.13087094186693637,0.01305616178536071,0.02908275391353855,0.02090838566034841,0.0005081349678804776,0.02040025069246793,0.0318789889388129,0.02430292687991342,3.469446951953614e-18
2757.506119666827,1.0,0.044067628325971255,0.13370133264984888,0.013965154313103825,0.030213911319014422,0.022033814162985627,0.0005539529860910351,0.021479861176894592,0.03328522152821084,0.02514103922241547,0.0
2763.8306749871635,1.0,0.04650532338271309,0.13663904233123256,0.014959144531752714,0.03140172518338544,0.023252661691356546,0.0006049221748073651,0.02264773951654918,0.03478281687291485,0.026015179803361013,3.469446951953614e-18
2770.1552303075005,1.0,0.049150620554304435,0.139687328586389,0.016048205303958535,0.0326487918744415,0.024575310277152217,0.0006617442521693001,0.02391356602498292,0.03637978153230995,0.026927198261440747,-3.469446951953614e-18
2776.4797856278365,1.0,0.05202708490842699,0.14284884842052645,0.01724383428671084,0.033957559933387386,0.026013542454213494,0.0007252328487685703,0.025288309605444925,0.038084979946655356,0.027879049923517897,0.0
2782.8043409481734,1.0,0.05516150399557569,0.1461253781134266,0.018559179453629282,0.03533021413718018,0.027580751997787846,0.0007963335864855109,0.02678441841130234,0.03990823440057229,0.02887280182024703,-3.469446951953614e-18
2789.12889626851,1.0,0.058584371740605656,0.14951744137786874,0.020009300882021987,0.03676851736406001,0.029292185870302828,0.0008761479954692343,0.02841603787483359,0.041860434672115726,0.029910638944753373,3.469446951953614e-18
2795.4534515888467,1.0,0.062330440477825745,0.15302381689582284,0.02161147329024882,0.038273596224006105,0.031165220238912873,0.0009659619728466962,0.030199258266066183,0.043953656795463474,0.030994870738651054,-6.938893903907228e-18
2801.7780069091837,1.0,0.06643934484812024,0.15664088739869617,0.023385533318204407,0.03984565182054354,0.03321967242406012,0.0010672795687904166,0.032152392855269704,0.04620128934976635,0.03212793778235497,0.0
2808.10256222952,1.0,0.07095629721622199,0.16036178078003263,0.025354274182592625,0.04148357096417059,0.03547814860811099,0.00118186293963273,0.03429628566847827,0.04861816408777135,0.03331241865767858,-6.938893903907228e-18
2814.427117549857,1.0,0.07593284688694178,0.1641752387287677,0.02754388751262851,0.043184405268861976,0.03796642344347089,0.0013117792988668233,0.03665464414460407,0.05122068525248024,0.03455103693978345,-6.938893903907228e-18
2820.751672870194,1.0,0.08142768274341625,0.16806412940721077,0.029984446942266568,0.04494267540141994,0.04071384137170812,0.001459455565335498,0.039254385806372624,0.054026948189500726,0.035846668262299305,0.0
2827.0762281905304,1.0,0.08750743802221767,0.17200349730752498,0.03271041894600084,0.04674944491986531,0.04375371901110883,0.0016277410539692054,0.04212597795713964,0.05705683226344073,0.0372023473834517,-1.3877787807814457e-17
2833.4007835108673,1.0,0.09424742232822085,0.17595801569276373,0.03576117123471227,0.04859109242394476,0.047123711164110425,0.001819977815515377,0.04530373334859504,0.06033204481062078,0.038621275161822954,6.938893903907228e-18
2839.725338831204,1.0,0.1017321531637313,0.17987867633575388,0.03918142445459353,0.050447692462846236,0.05086607658186565,0.0020400768485584666,0.048825999733307195,0.06387608079020607,0.04010682532738878,-1.3877787807814457e-17
2846.0498941515407,1.0,0.11005547796978968,0.18369852162420258,0.0430215541307529,0.052290896278261265,0.05502773898489484,0.0022925959767045897,0.05273514300819025,0.06771404546627811,0.04166255090607865,0.0
2852.3744494718776,1.0,0.11931995549385377,0.18732720456547536,0.04733759004938241,0.054081186812927,0.059659977746926884,0.002582811099389049,0.05707716664753785,0.07187226306982478,0.04329219012358902,-1.3877787807814457e-17
2858.6990047922145,1.0,0.12963498674476476,0.19064417097721056,0.052190670847998256,0.05576437666356078,0.06481749337238238,0.002916765914119788,0.0619007274582626,0.07637756102573305,0.0449996715757381,-6.938893903907228e-18
2865.023560112551,1.0,0.14111293468563713,0.19349032892519422,0.05764558250988572,0.057267238687742444,0.07055646734281856,0.003301274904911454,0.0672551924379071,0.08125607552560551,0.046789118407406585,0.0
2871.348115432888,1.0,0.15386213826947964,0.19565826181596566,0.06376783250123094,0.05849223538739269,0.07693106913473982,0.0037438390312595996,0.07318723010348023,0.0865313703954768,0.04866485118908859,-1.3877787807814457e-17
2877.672670753225,1.0,0.16797532360385184,0.19688144787866674,0.07061848765739595,0.05931149275339241,0.08398766180192592,0.004252411985826752,0.07973524981609917,0.09222160252160827,0.05063138911826737,0.0
2883.9972260735613,1.0,0.18351151337409236,0.1968237078384851,0.07824576089773315,0.059560519566138365,0.09175575668704618,0.004834927294726787,0.08692082939231938,0.0983354187943163,0.05269344910115453,1.3877787807814457e-17
2890.321781393898,1.0,0.20046932375443438,0.19507138396517942,0.08667215375403105,0.059032799340035136,0.10023466187721719,0.005498466817141626,0.09473619506007556,0.10486626547314085,0.05485594218771339,0.0
2896.646336714235,1.0,0.21874991226529197,0.1911326936765749,0.09587603823159081,0.057477369505478874,0.10937495613264599,0.006247931356127408,0.10312702477651858,0.11178489483045022,0.0571239667383285,0.0
2902.9708920345715,1.0,0.23810949302877252,0.18445122365165484,0.10576724194546509,0.05460285248901064,0.11905474651438626,0.007084090484343603,0.11197065603004266,0.11903016831327765,0.0595027975931021,-1.3877787807814457e-17
2909.2954473549084,1.0,0.25810523103040967,0.17444298755493926,0.11615800132301317,0.05009284769374124,0.12905261551520483,0.008000987330712741,0.12105162818449207,0.12649891170055766,0.06199787039395629,2.7755575615628914e-17
2915.6200026752454,1.0,0.2780453013553231,0.16056712053716768,0.12673408443472264,0.04363831206220619,0.13902265067766156,0.00898291521857295,0.13003973545908865,0.13403667571655864,0.06461476007532593,-2.7755575615628914e-17
2921.944557995582,1.0,0.29696353000630904,0.14243596281973048,0.13703592621938004,0.03499095022542355,0.14848176500315452,0.010001605836240718,0.1384801591669138,0.14143271075844313,0.06735915239173128,0.0
2928.2691133159187,1.0,0.3136477091518188,0.11995724976972034,0.14646467815920994,0.024035634491817764,0.1568238545759094,0.011014806836852605,0.14580904773905679,0.1484237638442888,0.07023680719135093,0.0
2934.5936686362556,1.0,0.326750163260914,0.0934784383898955,0.1543291019269875,0.010868546186784744,0.163375081630457,0.011967798498902386,0.1514072831315546,0.15471133441931387,0.07325351197664715,0.0
2940.918223956592,1.0,0.3349890930299746,0.0638784378160767,0.15994065298695853,-0.004145738313651238,0.1674945465149873,0.012799099812029983,0.15469544670295732,0.15999437372626565,0.07641502412070908,0.0
2947.242779276929,1.0,0.3374070197055226,0.0325440321374434,0.16274353209336478,-0.02037135736748208,0.1687035098527613,0.013450224719608859,0.15525328513315245,0.16401356480248125,0.07972699993822155,0.0
2953.567334597266,1.0,0.3336058846554744,0.001197435175637432,0.16244153928198357,-0.03697373954156694,0.1668029423277372,0.013877155549993922,0.15292578677774332,0.166596251758519,0.08319490865291726,-2.7755575615628914e-17
2959.8918899176024,1.0,0.3238628162069237,-0.028393660379506767,0.15907214765257977,-0.0530574599591197,0.16193140810346185,0.014059521108058864,0.147871886995403,0.1676873346920325,0.08682392917299836,0.0
2966.2164452379393,1.0,0.30907143312774915,-0.05472827441109735,0.15299494482526357,-0.06782505246605641,0.15453571656387458,0.014003845442054375,0.14053187112182022,0.1673549846407592,0.09061882750105951,-2.7755575615628914e-17
2972.541000558276,1.0,0.29053266767744973,-0.0767966670447275,0.14480016352643998,-0.0807006817418637,0.14526633383872486,0.013739843695442669,0.1315264901432822,0.1657699833832571,0.09458381259002988,0.0
2978.865555878613,1.0,0.26968287255634393,-0.09415476971254857,0.13517747711808709,-0.09138261111471307,0.13484143627817197,0.01331186596707692,0.12152957031109507,0.16316780299481218,0.09872236854267204,-2.7755575615628914e-17
2985.1901111989496,1.0,0.24785543896014076,-0.10685882627899335,0.1247935696197676,-0.09982415055319696,0.12392771948007038,0.012769148026055556,0.11115857145401481,0.15980705883067592,0.10303706127755417,1.3877787807814457e-17
2991.5146665192865,1.0,0.22613247588677216,-0.11531955335062782,0.11421000332166274,-0.10616942165766882,0.11306623794338608,0.012157935476929048,0.10090830246645704,0.15593547048012552,0.10752931819502745,-1.3877787807814457e-17
2997.8392218396234,1.0,0.20529246166493714,-0.12014135128102513,0.10384803857374196,-0.11067624292765224,0.10264623083246857,0.011516822932097047,0.0911294079003715,0.15176839547216045,0.1121991800253624,2.7755575615628914e-17
3004.16377715996,1.0,0.18582772598224467,-0.12198974377399933,0.0939898307364224,-0.11364912031692427,0.09291386299112234,0.010875105415336032,0.08203875757578633,0.14747952681871496,0.11704502498593906,-2.7755575615628914e-17
3010.488332480297,1.0,0.1679979107660522,-0.12150271517883894,0.08480003168674628,-0.11539206388935776,0.0839989553830261,0.010253186891359397,0.07374576849166668,0.14320046711766968,0.122063266675234,1.3877787807814457e-17
3016.8128878006337,1.0,0.15189280955655152,-0.11924285286676203,0.07635437241081472,-0.11618119652290965,0.07594640477827576,0.00966403030587217,0.0662823744724036,0.13902539556406354,0.12724802884463252,0.0
3023.13744312097,1.0,0.1374892776479613,-0.11567934161991372,0.06866698241608832,-0.11625256627262684,0.06874463882398064,0.009114906819551441,0.05962973200442922,0.13501782711591415,0.1325908023590027,-1.3877787807814457e-17
3029.461998441307,1.0,0.12469610676835033,-0.11118828389726429,0.061712752047277865,-0.11579976756124147,0.062348053384175164,0.008609024966243174,0.05373902841793199,0.13121756716418098,0.13808009230370405,0.0
3035.786553761644,1.0,0.11338627972282635,-0.10606240065183431,0.05544393997916651,-0.11497694907931133,0.05669313986141317,0.008146864649999985,0.04854627521141319,0.12764689302916843,0.14370106630035062,0.0
3042.1111090819804,1.0,0.10341852951501358,-0.10052428255846278,0.04980165419911336,-0.11390419571865926,0.05170926475750679,0.00772718528164135,0.04398207947586545,0.12431560868725496,0.1494352185798498,-1.3877787807814457e-17
3048.4356644023173,1.0,0.09465080901493521,-0.09473989000531556,0.04472331740467027,-0.11267349258523233,0.047325404507467604,0.007347745525516643,0.039977658981950964,0.12122496051157652,0.1552600680752179,0.0
3054.7602197226543,1.0,0.08694808173262768,-0.0888307059578988,0.04014722694575241,-0.11135433975711041,0.04347404086631384,0.007005794407087865,0.03646824645922597,0.11837055720987263,0.16114891248851804,0.0
3061.0847750429907,1.0,0.08018634472879375,-0.08288396004679639,0.03601512807046899,-0.1099986198789067,0.04009317236439688,0.006698392912598247,0.03339477945179863,0.11574448507465267,0.16707066359624076,0.0
3067.4093303633276,1.0,0.07425427272925376,-0.07696087986248137,0.03227348969979751,-0.10864461800306381,0.03712713636462688,0.006422615579217296,0.030704520785409577,0.1133368040772043,0.17298979151369412,1.0408340855860843e-17
3073.7338856836645,1.0,0.06905343672480722,-0.07110317185659096,0.02887396885249545,-0.1073202404866831,0.03452671836240361,0.006175670047707185,0.02835104831469642,0.11113658306522821,0.17886640667338705,6.938893903907228e-18
3080.058441004001,1.0,0.06449772363920203,-0.06533801893091216,0.025773391908270486,-0.10604554042068741,0.032248861819601016,0.0059549621867864755,0.02629389963281454,0.10913259995790878,0.1846565072621267,0.0
3086.382996324338,1.0,0.06051235395242017,-0.05968188514104873,0.022933466668618854,-0.10483467173239125,0.030256176976210084,0.0057581261453394424,0.02449805083087064,0.10731380288983745,0.19031241620073014,3.469446951953614e-18
3092.707551644675,1.0,0.05703273954375067,-0.05414338581289974,0.020320360324860568,-0.1036973868457185,0.028516369771875334,0.005583032541181379,0.02293333723069395,0.10566960339834137,0.19578342495361112,3.469446951953614e-18
3099.0321069650113,1.0,0.05400332329992343,-0.04872543798104588,0.01790422579918385,-0.10264017686350844,0.027001661649961716,0.005427783604020227,0.02157387804594148,0.10419005330663986,0.20101665128553017,6.938893903907228e-18
3105.356662285348,1.0,0.05137647824227441,-0.04342686307223624,0.015658724692260536,-0.10166713542312367,0.025688239121137206,0.005290701042065888,0.02039753807907132,0.10286594229448237,0.2059581046842759,0.0
3111.681217605685,1.0,0.049111504623206965,-0.038243576017501744,0.013560573328106727,-0.10078061078567604,0.024555752311603483,0.005170310329660441,0.019385441981943037,0.10168884235411908,0.21055393718144333,3.469446951953614e-18
3118.0057729260216,1.0,0.047173739978189015,-0.03316946386236128,0.011589124903852192,-0.09998169652634939,0.023586869989094508,0.005065323728162056,0.01852154626093245,0.10065111751155131,0.21475183992212746,3.469446951953614e-18
3124.3303282463585,1.0,0.045533783687092814,-0.028197032229324723,0.009725992622849615,-0.09927059961323499,0.022766891843546407,0.004974623440035468,0.017792268403510943,0.09974591159576886,0.21850252876945056,-3.469446951953614e-18
3130.6548835666954,1.0,0.044166830391160844,-0.023317878811419883,0.00795471396895507,-0.09864691548107068,0.022083415195580422,0.004897245704128696,0.01718616949145172,0.09896712286541118,0.2217612475587013,6.938893903907228e-18
3136.979438887032,1.0,0.04305210318107788,-0.01852303842805689,0.006260453690627977,-0.0981098325571716,0.02152605159053894,0.004832366262404372,0.016693685328134564,0.09830937150042586,0.2244892075111572,3.469446951953614e-18
3143.3039942073688,1.0,0.04217237626833979,-0.013803233105198659,0.004629741779737255,-0.09765828319195696,0.021086188134169896,0.004779287392473755,0.016306900741696148,0.09776796400123872,0.2266548776888214,-6.938893903907228e-18
3149.6285495277057,1.0,0.04151357691121947,-0.009149052341683778,0.0030502422245507594,-0.09729105373475577,0.020756788455609736,0.004737426557223784,0.016019361898385955,0.09733885716633192,0.22823504548187684,-3.469446951953614e-18
3155.953104848042,1.0,0.04106445709712585,-0.00455108253971746,0.001510548257480039,-0.0970068632817327,0.020532228548562924,0.004706306639899479,0.01582592190866345,0.09701862336582064,0.2292155782684817,-6.938893903907228e-18
3162.277660168379,1.0,0.04081632653061224,-1.2725255159385385e-16,4.211245476676759e-17,-0.09680441816841977,0.02040816326530612,0.00468554768846314,0.015722615576842982,0.09680441816841977,0.22959183673469385,0.0
3168.602215488716,1.0,0.04076283963401877,0.004513361479039277,-0.0014914792953358439,-0.09668244739652422,0.020381419817009385,0.004674860072535044,0.01570655974447434,0.09669395092284774,0.2293687149623219,0.0
3174.9267708090524,1.0,0.040899830419944876,0.008997959795748713,-0.002973531866590733,-0.09663972272720732,0.020449915209972438,0.00467403895027657,0.01577587625969587,0.09668545857859465,0.22856030953112544,-3.469446951953614e-18
3181.2513261293893,1.0,0.04122519018042892,0.013462503661728836,-0.004455502049168116,-0.09667506602774983,0.02061259509021446,0.004682959944989965,0.01592963514522449,0.09677768280951932,0.22718924640464777,3.469446951953614e-18
3187.5758814497262,1.0,0.041738783927762646,0.017915415949957096,-0.00594656367046446,-0.096787345537728,0.020869391963881323,0.0047015759378632215,0.0161678160260181,0.09696985034394166,0.22528571728396513,3.469446951953614e-18
3193.9004367700627,1.0,0.04244240240461463,0.022364796329123877,-0.007455840746364696,-0.09697546195589526,0.021221201202307315,0.004729914891397221,0.016491286310910094,0.09726165628239343,0.22288629405591573,0.0
3200.2249920903996,1.0,0.04333974725298173,0.026818378624271073,-0.008992523733936797,-0.09723832458525018,0.021669873626490865,0.004768078625625944,0.016901795000864927,0.09765325008033213,0.2200325995347333,-3.469446951953614e-18
3206.5495474107365,1.0,0.04443644759065484,0.031283478419342745,-0.010565983358573817,-0.0975748171665456,0.02221822379532742,0.00481624247470923,0.01740198132061819,0.09814522377282789,0.21676991460145906,0.0
3212.874102731073,1.0,0.04574010678583738,0.035766926209914826,-0.012185883810367896,-0.0979837524418049,0.02287005339291869,0.004874655753408348,0.017995397639510344,0.09873860190835546,0.21314579680507872,-3.469446951953614e-18
3219.19865805141,1.0,0.047260378634072155,0.04027498093272594,-0.013862296877995626,-0.09846381388561333,0.023630189317036077,0.0049436429598171934,0.018686546357218885,0.09943483252680817,0.20920877499077406,0.0
3225.523213371747,1.0,0.04900907240489965,0.044813217935663646,-0.015605818337515537,-0.09901348239190653,0.024504536202449825,0.005023605630677961,0.019480930571771863,0.10023577834962884,0.20500717047547012,0.0
3231.8477686920833,1.0,0.051000286301659106,0.0493863843869303,-0.01742768760950036,-0.09963094497779307,0.025500143150829553,0.005115024746291181,0.020385118404538372,0.10114370713288277,0.20058807968396766,0.0
3238.17232401242,1.0,0.05325056870841334,0.05399821372295411,-0.019339911302106983,-0.10031398173440395,0.02662528435420667,0.005218463550291847,0.02140682080391482,0.10216127984996906,0.1959965377596936,3.469446951953614e-18
3244.496879332757,1.0,0.05577910609617032,0.05865118896004321,-0.021355390717631987,-0.10105982628959242,0.02788955304808516,0.005334570601192659,0.022554982446892496,0.10329153499868864,0.19127486883691455,3.469446951953614e-18
3250.8214346530935,1.0,0.058607935500208624,0.06334624249860309,-0.023488052644714735,-0.10186499392267709,0.029303967750104312,0.005464082801953965,0.02383988494815034,0.10453786684215405,0.18646221728572968,6.938893903907228e-18
3257.1459899734305,1.0,0.06176217788239476,0.06808237738691038,-0.02575298169136423,-0.10272507016735408,0.03088108894119738,0.005607828053441781,0.0252732608877556,0.10590399476357613,0.1815942457249483,0.0
3263.4705452937674,1.0,0.0652702862073571,0.07285619185410501,-0.02816655090561356,-0.10363445124756787,0.03263514310367855,0.005766727037651522,0.026868416066027034,0.10739392010399398,0.17670297995419273,-3.469446951953614e-18
3269.795100614104,1.0,0.069164298347072,0.07766128527426523,-0.030746545307494377,-0.10458602602774136,0.034582149173536,0.005941793444310599,0.028640355729225388,0.10901186581570466,0.17181677791320032,1.0408340855860843e-17
3276.1196559344407,1.0,0.07348007952344975,0.08248751965878758,-0.03351226998957547,-0.10557078737933404,0.03674003976172487,0.006134131693873378,0.0306059080678515,0.11076219295295103,0.16696039889058065,-3.469446951953614e-18
3282.4442112547777,1.0,0.0782575312934701,0.08732010648963268,-0.03648463033794922,-0.1065773590952417,0.03912876564673505,0.006344930861306451,0.032783834785428595,0.11264928638306104,0.1621551499628223,6.938893903907228e-18
3288.768766575114,1.0,0.08354073329202667,0.09213848460615259,-0.03968616630940241,-0.10759142295938483,0.041770366646013336,0.006575453045381393,0.03519491360063193,0.11467740008721329,0.1574190885396255,1.3877787807814457e-17
3295.093321895451,1.0,0.08937796910089464,0.09691495168529593,-0.04314101512474138,-0.10859502971521595,0.04468898455044732,0.0068270138324209,0.037861970718026425,0.11685044999845658,0.15276726247190067,-6.938893903907228e-18
3301.417877215788,1.0,0.09582156756585719,0.1016130108781833,-0.046874766695849,-0.10956577815823725,0.047910783782928595,0.007100951748105166,0.040809832034823426,0.11917173950316548,0.14821197207454895,0.0
3307.7424325361244,1.0,0.10292746441698952,0.10618539744967555,-0.050914163087733104,-0.11047584948709374,0.05146373220849476,0.007398582661409636,0.04406514954708511,0.12164359959660546,0.14376304134794957,1.3877787807814457e-17
3314.0669878564613,1.0,0.110754355084846,0.11057176102800326,-0.055286576948039554,-0.1112908910335118,0.055377177542423,0.007721134008832247,0.04765604353359075,0.124266922459939,0.13942808845606638,6.938893903907228e-18
3320.391543176798,1.0,0.11936226768323943,0.1146960021129903,-0.06001918411662969,-0.11196875696009922,0.059681133841619716,0.00806965249860783,0.05161148134301187,0.12704056437695663,0.13521278801476644,1.3877787807814457e-17
3326.7160984971347,1.0,0.12881033624583982,0.11846330365469009,-0.06513772338330855,-0.1124581368137705,0.06440516812291991,0.008444877771592573,0.05596029035132735,0.1299605922700614,0.1311211198994959,-1.3877787807814457e-17
3333.0406538174716,1.0,0.13915350236561266,0.1217569689638363,-0.07066471397545046,-0.11269714031080094,0.06957675118280633,0.008847073617732288,0.060729677565074025,0.1330193491017926,0.12715560107840387,2.0816681711721685e-17
3339.3652091378085,1.0,0.1504378274607039,0.12443528718536766,-0.07661698387411459,-0.11261196354388335,0.07521891373035194,0.009275808275587622,0.0659431054547643,0.13620431913553713,0.12331749842652535,2.7755575615628914e-17
3345.689764458145,1.0,0.1626940753769739,0.1263288088574644,-0.08300235868555496,-0.11211584295638521,0.08134703768848695,0.009729676894593177,0.07161736079389376,0.13949678773787716,0.11960702160848592,1.3877787807814457e-17
3352.014319778482,1.0,0.17592925548887686,0.12723863515786785,-0.0898153866144239,-0.11110861169444528,0.08796462774443843,0.010205963632682728,0.0777586641117557,0.14287031624996654,0.11602349597083357,1.3877787807814457e-17
3358.338875098819,1.0,0.19011594487823125,0.12693660256484904,-0.09703205230020777,-0.10947730478114177,0.09505797243911562,0.010700249717866631,0.084357722721249,0.14628909540951185,0.11256551600361676,-1.3877787807814457e-17
3364.6634304191557,1.0,0.2051794948774768,0.1251685525026372,-0.10460358950777343,-0.10709839846873272,0.1025897474387384,0.011205988946239111,0.0913837584924993,0.14970630545330488,0.10923108035655105,-1.3877787807814457e-17
3370.987985739492,1.0,0.22098373887291095,0.12166214223080243,-0.11244976953625431,-0.10384237670744818,0.11049186943645548,0.011714094934504142,0.09877777450195133,0.15306269914322132,0.10601770966723471,0.0
3377.312541059829,1.0,0.23731660167701735,0.11614074419403915,-0.12045243548595586,-0.09958132484567228,0.11865830083850867,0.012212614736258832,0.10644568610224986,0.15628573022677938,0.10292254861191659,-1.3877787807814457e-17
3383.637096380166,1.0,0.2538780424625234,0.1083446897737877,-0.12845055050836304,-0.09420005608458394,0.1269390212312617,0.012686597246120142,0.11425242398514154,0.15928965594865313,0.0999424536526659,0.0
3389.9616517005024,1.0,0.27027387502370503,0.09806019055500334,-0.13623853529209853,-0.08761076424380414,0.13513693751185252,0.013118292254959902,0.1220186452568926,0.16197711106795246,0.09707406795280772,1.3877787807814457e-17
3396.2862070208394,1.0,0.28601981638561613,0.08515452279748088,-0.143569986037708,-0.07977028987331206,0.14300990819280807,0.01348782001866995,0.1295220881741381,0.16424262551889476,0.09431388488471353,2.7755575615628914e-17
3402.6107623411763,1.0,0.3005600128711121,0.06961353715893437,-0.15016869125399382,-0.07069783899391831,0.15028000643555606,0.013774410135673657,0.1365055962998824,0.16597837290245773,0.09165830147592174,0.0
3408.9353176615127,1.0,0.3133026179581552,0.051574768614519595,-0.1557478992733019,-0.06048969146023746,0.1566513089790776,0.013958205450500659,0.142693103528577,0.1670820484103583,0.08910366304289816,-5.551115123125783e-17
3415.2598729818496,1.0,0.3236714110080863,0.03134745189303393,-0.1600369132463299,-0.04932663204124568,0.16183570550404314,0.014022465114972883,0.14781324038907023,0.16746620623261807,0.0866463001554534,2.7755575615628914e-17
3421.5844283021866,1.0,0.33116744371935153,0.009410997540545654,-0.1628116194603596,-0.037470203780790086,0.16558372185967576,0.013955819801339439,0.15162790205833632,0.16706776949094304,0.08428255896534519,0.0
3427.908983622523,1.0,0.3354298785646966,-0.013613040562087094,-0.1639233294449445,-0.025245842256147236,0.1677149392823483,0.01375410524376904,0.15396083403857924,0.16585599322164418,0.08200882582447822,0.0
3434.23353894286,1.0,0.3362828291058898,-0.03701407967519939,-0.16331945768174777,-0.013014238209772305,0.1681414145529449,0.013421307826820451,0.15472010672612443,0.1638371620043539,0.07982154701448825,2.7755575615628914e-17
3440.558094263197,1.0,0.3337569154200205,-0.06006199835260566,-0.16105085439403208,-0.001135797323400451,0.16687845771001025,0.012969333868303783,0.1539091238417065,0.16105485940078793,0.07771724431227059,-2.7755575615628914e-17
3446.8826495835333,1.0,0.3280803706978196,-0.08207917555612057,-0.15726390036172508,0.01006468920914606,0.1640401853489098,0.012416616162929647,0.15162356918598013,0.15758563489690072,0.07569252702634896,0.0
3453.20720490387,1.0,0.3196426367384171,-0.10250066017526738,-0.15217952092678133,0.020326148586806852,0.15982131836920854,0.011785879452938812,0.14803543891626975,0.1535309705104401,0.0737441010573562,-2.7755575615628914e-17
3459.531760224207,1.0,0.30894014456172675,-0.12091219788499834,-0.14606443021243448,0.02946747541863299,0.15447007228086337,0.011101574940415441,0.14336849734044793,0.14900721419055818,0.07186877546240888,0.0
3465.8563155445436,1.0,0.2965168906317474,-0.13706267237851782,-0.1392010320974404,0.037390828102810914,0.1482584453158737,0.010387500681603294,0.13787094463427044,0.14413535778290693,0.07006346693756357,-2.7755575615628914e-17
3472.1808708648805,1.0,0.2829110709995204,-0.15085406501806406,-0.13186141791397188,0.044074059290153525,0.1414555354997602,0.009664978118297557,0.13179055738146264,0.13903221294575985,0.06832520257444391,0.0
3478.5054261852174,1.0,0.26861490201009564,-0.1623161010045012,-0.12428865195617747,0.049556184113001826,0.13430745100504782,0.008951742194462774,0.12535570881058505,0.13380390274175694,0.06665112119599628,0.0
3484.829981505554,1.0,0.25405000004454675,-0.17157374243297763,-0.1166861269016461,0.05392005185720483,0.12702500002227338,0.008261512101795359,0.11876348792047803,0.12854191613474072,0.06503847353156254,-1.3877787807814457e-17
3491.154536825891,1.0,0.239556972528626,-0.17881436111976803,-0.10921398892960005,0.05727554748202635,0.119778486264313,0.0076040918586403276,0.11217439440567266,0.12332146494945904,0.0634846214524745,1.3877787807814457e-17
3497.4790921462277,1.0,0.22539584613949112,-0.18425904197529738,-0.10199074196596994,0.0597453687310402,0.11269792306974556,0.006985810265788508,0.10571211280395708,0.11820160968268163,0.061987036455544854,-2.7755575615628914e-17
3503.803647466564,1.0,0.21175345696259237,-0.18814009896970557,-0.09509800652794291,0.061454224485301974,0.10587672848129619,0.00641012627633928,0.0994666022049569,0.11322655409698981,0.06054329755260308,0.0
3510.128202786901,1.0,0.19875440073287567,-0.19068510739331465,-0.08858672982129694,0.06252144021569905,0.09937720036643784,0.0058782695935383445,0.0934989307728995,0.10842757576869774,0.059151088699049156,-1.3877787807814457e-17
3516.452758107238,1.0,0.18647303033353602,-0.1921067026419633,-0.08248363611293955,0.06305647655952877,0.09323651516676801,0.0053898347312571135,0.08784668043551089,0.10382518703336983,0.0578081958727925,0.0
3522.7773134275744,1.0,0.17494490428634332,-0.19259694555502366,-0.07679718318903504,0.06315668800193956,0.08747245214317166,0.004943287292572271,0.0825291648505994,0.09943125557461568,0.056512503896441385,-1.3877787807814457e-17
3529.1018687479113,1.0,0.16417683857628743,-0.19232500182945794,-0.07152266485077358,0.06290665886782656,0.08208841928814371,0.004536369658634592,0.07755204962950912,0.09525092817011908,0.05526199307981795,0.0
3535.4264240682483,1.0,0.1541552397118267,-0.19143704038717088,-0.06664635265059878,0.06237855741297386,0.07707761985591335,0.004166410373275826,0.07291120948263753,0.09128428532092285,0.05405473574643835,0.0
3541.7509793885847,1.0,0.14485272061721627,-0.19005749036397743,-0.06214871936725329,0.06163308103999934,0.07242636030860813,0.0038305499987363652,0.06859581030987177,0.08752770988362903,0.05288889269617336,0.0
3548.0755347089216,1.0,0.13623317238790114,-0.18829103176191192,-0.05800686040566776,0.0607206908099224,0.06811658619395057,0.0035258990732784106,0.06459068712067215,0.08397498524296876,0.051762709646649106,1.3877787807814457e-17
3554.4000900292585,1.0,0.12825553511802126,-0.186224895035165,-0.05419625443697524,0.05968293621190104,0.06412776755901063,0.003249643434935603,0.06087812412407502,0.08061815471636154,0.05067451368777602,6.938893903907228e-18
3560.724645349595,1.0,0.12087652100733899,-0.18393119945036365,-0.05069200206415958,0.058553748364373936,0.060438260503669496,0.0029991102603955907,0.05743915024327389,0.07744817958345555,0.04962270977692186,1.3877787807814457e-17
3567.049200669932,1.0,0.11405252158980819,-0.18146917144496302,-0.04746966529427836,0.05736063407375923,0.057026260794904096,0.0027718057322472615,0.05425445506265683,0.07445543273995876,0.04860577729646535,0.0
3573.373755990269,1.0,0.1077408964341611,-0.17888716009175287,-0.044505809798494306,0.056125739172468776,0.05387044821708055,0.0025654328517378737,0.05130501536534267,0.07163006145101194,0.04762226669063539,6.938893903907228e-18
3579.6983113106053,1.0,0.101900803524162,-0.1762244158354536,-0.04177833112596179,0.05486677210900623,0.050950401762081,0.002377895816666066,0.04857250594541493,0.0689622478848546,0.04667079619450176,6.938893903907228e-18
3586.0228666309417,1.0,0.09649369708382365,-0.173512628618717,-0.03926662748902404,0.05359779196061503,0.04824684854191182,0.0022072956687075734,0.04603955287320424,0.06644239111753239,0.045750048664631546,6.938893903907228e-18
3592.347421951278,1.0,0.09148358911287219,-0.17077723848632748,-0.03695166627107343,0.05232987203323604,0.045741794556436094,0.002051920573611822,0.04368987398282426,0.06406122967305299,0.044858768518147414,1.3877787807814457e-17
3598.671977271615,1.0,0.08683714684928624,-0.16803854027890133,-0.034815979057943425,0.051071653278156014,0.04341857342464312,0.0019102330831636696,0.04150834034147946,0.06180991964343053,0.04399575878463747,-6.938893903907228e-18
3604.996532591952,1.0,0.082523679420673,-0.16531260728769862,-0.03284361042658216,0.04982980245419123,0.0412618397103365,0.0017808559792384096,0.0394809837310981,0.05968008008101882,0.043159878273490736,-1.3877787807814457e-17
3611.3210879122885,1.0,0.0785150523665329,-0.16261205889438646,-0.031020038480159016,0.04860938933300101,0.03925752618326645,0.0016625577593189092,0.037594968423947536,0.057663814638279166,0.04235003885771019,6.938893903907228e-18
3617.6456432326254,1.0,0.07478555770638172,-0.15994669566924904,-0.029332079730088608,0.04741419594193491,0.03739277885319086,0.001554238439056236,0.035838540414134624,0.05575371627176499,0.04156520287401981,0.0
3623.9701985529623,1.0,0.0713117590422417,-0.15732402303385742,-0.027767786976517987,0.04624696926674136,0.03565587952112085,0.001454916079966101,0.034200963441154746,0.05394286013859667,0.040804380638101434,0.0
3630.2947538732988,1.0,0.06807232517186963,-0.15474968194531655,-0.026316345982826075,0.04510962723010365,0.034036162585934816,0.0013637142673633574,0.03267244831857146,0.05222478850820475,0.040066628073016135,0.0
3636.6193091936357,1.0,0.0650478613237309,-0.15222780243649778,-0.024967974699860295,0.04400342624843543,0.03252393066186545,0.00127985064110718,0.031244080020758264,0.05059349051226215,0.039351044448259584,6.938893903907228e-18
3642.9438645139726,1.0,0.06222074398959076,-0.14976129341298267,-0.023713827357315975,0.04292909730929902,0.03111037199479538,0.001202626501861926,0.029907745492933457,0.0490433787959583,0.03865677022644152,-3.469446951953614e-18
3649.268419834309,1.0,0.05957496310433769,-0.14735207993664248,-0.022545904739761,0.04188695632629694,0.029787481552168846,0.0011314174654077423,0.0286560640867611,0.04756926456038063,0.03798298501423203,3.469446951953614e-18
3655.592975154646,1.0,0.057095973761702314,-0.14500129733928782,-0.02145697128137355,0.04087699351614683,0.028547986880851157,0.0010656651077443995,0.027482321773106756,0.046166332055826126,0.037328905613978856,0.0
3661.917530474983,1.0,0.054770558576352345,-0.14270944989952117,-0.020440479156282196,0.03989894569101908,0.027385279288176172,0.0010048695276966486,0.026380409760479534,0.04483011326545246,0.03669378417223262,-1.0408340855860843e-17
3668.2420857953193,1.0,0.052586701072305946,-0.14047654045890196,-0.019490499244509164,0.03895235465015535,0.026293350536152973,0.0009485827467958457,0.02534476778935712,0.043556463281488905,0.036076906421323454,6.938893903907228e-18
3674.5666411156562,1.0,0.05053346999523029,-0.13830217622040725,-0.018601658668964703,0.0380366142689014,0.025266734997615146,0.0008964028651389316,0.02437033213247622,0.04234153670189431,0.03547759001008798,-3.469446951953614e-18
3680.891196435993,1.0,0.048600914139449156,-0.13618565503238073,-0.017769084492199026,0.037151008401886246,0.024300457069724578,0.0008479688944839652,0.023452488175240607,0.04118176524832235,0.03489518291984852,6.938893903907228e-18
3687.2157517563296,1.0,0.04677996709668214,-0.13412603568550818,-0.016988353107950632,0.03629474132311289,0.02338998354834107,0.0008029561945160472,0.022587027353825017,0.04007383671464581,0.03432906196178136,6.938893903907228e-18
3693.5403070766665,1.0,0.04506236123471981,-0.13212219511242732,-0.016255444844372136,0.03546696210424823,0.022531180617359904,0.0007610724439963024,0.021770108173363605,0.039014675290108526,0.033778631351874595,-3.469446951953614e-18
3699.8648623970034,1.0,0.04344055017317498,-0.13017287485623086,-0.015566703300773917,0.0346667840705968,0.02172027508658749,0.0007220540847258548,0.02099822100186164,0.03800142325560596,0.03324332135976174,-3.469446951953614e-18
3706.18941771734,1.0,0.04190763902074505,-0.12827671874547647,-0.014918798959137138,0.03389330026131322,0.020953819510372524,0.000685663182493343,0.020268156327879174,0.037031424020508394,0.0327225870278174,6.938893903907228e-18
3712.513973037677,1.0,0.04045732166038992,-0.12643230336263078,-0.014308696639530218,0.03314559564737221,0.02022866083019496,0.0006516846551706015,0.01957697617502436,0.036102206446991615,0.03221590695701633,0.0
3718.8385283580137,1.0,0.039083824405861854,-0.12463816260611245,-0.013733626400824766,0.032422756720242786,0.019541912202930927,0.0006199238237287398,0.01892198837920219,0.03521147039612915,0.031722782156178284,-3.469446951953614e-18
3725.16308367835,1.0,0.03778185539848459,-0.1228928074116634,-0.013191057522019071,0.03172387895002496,0.018890927699242294,0.0005902042470925263,0.018300723452149767,0.03435707342287833,0.031242734951349115,0.0
3731.487638998687,1.0,0.03654655916244303,-0.12119474150709916,-0.012678675233254348,0.03104807251903337,0.018273279581221515,0.0005623658064087461,0.01771091377481277,0.03353701854395367,0.030775307952200313,-3.469446951953614e-18
3737.812194319024,1.0,0.035373475787077786,-0.11954247391771286,-0.012194359898127992,0.030394466661406577,0.017686737893538893,0.000536263008478214,0.01715047488506068,0.03274944300223178,0.030320063072462627,0.0
3744.1367496393605,1.0,0.03425850425381597,-0.11793452881130495,-0.011736168379503744,0.029762212877998608,0.017129252126907985,0.0005117634818136849,0.0166174886450943,0.03199260795289077,0.029876580601541053,0.0
3750.4613049596974,1.0,0.033197869472206806,-0.1163694531667588,-0.011302317349346506,0.02915048724591557,0.016598934736103403,0.0004887466420698128,0.016110188094033587,0.031264888999317196,0.029444458324591614,3.469446951953614e-18
3756.7858602800343,1.0,0.03218809263334841,-0.1148458226639844,-0.010891168329021516,0.02855849200143166,0.016094046316674205,0.00046710250648345874,0.015626943810190745,0.030564767510434583,0.029023310688469816,0.0
3763.1104156003707,1.0,0.031225964529451252,-0.11336224612243653,-0.010501214269992187,0.027985456541913232,0.015612982264725626,0.0004467306395018008,0.015166251625223828,0.029890822655183006,0.028612768011086406,-3.469446951953614e-18
3769.4349709207077,1.0,0.030308521525279113,-0.11191736875745444,-0.010131067506013966,0.02743063796538815,0.015154260762639557,0.0004275392139998028,0.014726721548639753,0.02924172409417074,0.028212475731830708,0.0
3775.7595262410446,1.0,0.029433023900772386,-0.11050987447603965,-0.009779448926881236,0.026893321244369956,0.014716511950386193,0.0004094441744331795,0.014307067775953017,0.028616225272847552,0.02782209370084022,-3.469446951953614e-18
3782.084081561381,1.0,0.028596936314446358,-0.10913848739452678,-0.009445178240708051,0.02637281911256271,0.014298468157223179,0.0003923684899713489,0.013906099667251827,0.02801315726480501,0.02744129550501083,3.469446951953614e-18
3788.408636881718,1.0,0.027797910164360583,-0.10780197272836407,-0.009127165206781144,0.025868471728377432,0.013898955082180291,0.00037624148713686934,0.013522713595043421,0.027431423117908752,0.027069767828751725,0.0
3794.733192202055,1.0,0.027033767647813074,-0.10649913717766901,-0.008824401734393849,0.02537964616718171,0.013516883823906537,0.00036099825277065723,0.013155885571135877,0.02686999265986715,0.0267072098475967,3.469446951953614e-18
3801.0577475223913,1.0,0.026302487342657162,-0.10522882891032907,-0.00853595475491711,0.024905735784379532,0.013151243671328581,0.0003465790992696576,0.01280466457205892,0.026327897723504533,0.026353332652884004,3.469446951953614e-18
3807.382302842728,1.0,0.025602191152517762,-0.10398993722635379,-0.008260959784852239,0.024446159483382354,0.012801095576258881,0.00033292908502695546,0.012468166491231926,0.02580422775542626,0.026007858705813517,0.0
3813.706858163065,1.0,0.024931132475430107,-0.10278139197227656,-0.00799861510688727,0.024000360915959182,0.012465566237715053,0.00031999758386221317,0.012145568653852844,0.025298125774934916,0.025670521319284163,-3.469446951953614e-18
3820.0314134834016,1.0,0.0242876854707472,-0.101602162762079,-0.007748176504176825,0.023567807637070393,0.0121438427353736,0.00030773789797891566,0.011836104837394687,0.02480878465297789,0.025341064166000023,-1.734723475976807e-18
3826.3559688037385,1.0,0.02367033531277843,-0.10045125805093226,-0.007508952490312306,0.023147990231889785,0.011835167656389214,0.00029610690963871616,0.011539060746750499,0.024335443683595175,0.025019240811418743,0.0
3832.6805241240754,1.0,0.023077669331707174,-0.0993277240996308,-0.007280299983851425,0.022740421429118883,0.011538834665853587,0.0002850647673143982,0.01125376989853919,0.02387738542279695,0.024704814270194803,0.0
3839.005079444412,1.0,0.02250836895306095,-0.09823064386062849,-0.007061620381933246,0.022344635211753398,0.011254184476530475,0.00027457460258243244,0.010979609873948045,0.023433932772047993,0.024397556584844642,-3.469446951953614e-18
3845.329634764749,1.0,0.02196120235652932,-0.09715913581082981,-0.0068523559925061615,0.02196018593405903,0.01098060117826466,0.0002646022744532396,0.01071599890381142,0.02300444628558747,0.024097248425432434,0.0
3851.6541900850857,1.0,0.02143501778337518,-0.09611235275152483,-0.006651986789117836,0.021586647451552598,0.01071750889168759,0.00025511613822011027,0.010462392753467484,0.022588321682679758,0.023803678709142587,-3.469446951953614e-18
3857.978745405422,1.0,0.02092873742918757,-0.09508948059191669,-0.006460027456127564,0.02122361226918696,0.010464368714593785,0.00024608683624335263,0.010218281878350433,0.02218498754758959,0.02351664423866829,0.0
3864.303300725759,1.0,0.020441351865386634,-0.09408973712943305,-0.006276024695663233,0.02087069071163924,0.010220675932693317,0.00023748710838073964,0.009983188824312577,0.021793903201617632,0.023235949358405873,0.0
3870.627856046096,1.0,0.01997191493881488,-0.09311237083732748,-0.006099554770712212,0.020527510118550116,0.00998595746940744,0.00022929162003404777,0.009756665849373396,0.02141455673293509,0.022961405627502013,-3.469446951953614e-18
3876.9524113664324,1.0,0.019519539104008214,-0.09215665966784897,-0.005930221261451348,0.02019371406670798,0.009759769552004107,0.00022147680600886473,0.009538292745995243,0.02104646317122498,0.022692831508853185,-1.734723475976807e-18
3883.2769666867694,1.0,0.019083391147426083,-0.09122190987743582,-0.005767653014332677,0.01986896162048833,0.009541695573713042,0.00021402072858508946,0.009327674845127951,0.020689162795294036,0.022430052073208803,1.734723475976807e-18
3889.6015220071063,1.0,0.018662688267085815,-0.09030745487887966,-0.00561150226557989,0.019552926611307902,0.009331344133542908,0.0002069029483719005,0.009124441185171007,0.02034221956286484,0.02217289871757671,0.0
3895.9260773274427,1.0,0.01825669447475724,-0.089412654124167,-0.005461442922650372,0.019245296946414393,0.00912834723737862,0.0002001044066765175,0.008928242830702102,0.020005219652706515,0.021921208897173954,1.734723475976807e-18
3902.2506326477796,1.0,0.017864717291185012,-0.08853689202069727,-0.005317168988907886,0.018945773946987814,0.008932358645592506,0.00019360731825348294,0.008738751327339022,0.01967777011012594,0.02167482587021006,1.734723475976807e-18
3908.5751879681166,1.0,0.01748610470775471,-0.08767957688274175,-0.005178393118252992,0.018654071715256113,0.008743052353877356,0.000187395073422544,0.008555657280454813,0.019359497587620605,0.02143359845482777,-1.734723475976807e-18
3914.899743288453,1.0,0.017120242390656116,-0.0868401399193397,-0.005044845287797868,0.018369916530119445,0.008560121195328058,0.000181452148650686,0.008378669046677374,0.01905004717320595,0.021197380797566154,-1.734723475976807e-18
3921.22429860879,1.0,0.016766551105948897,-0.0860180342592769,-0.004916271577864476,0.018093046270615695,0.008383275552974448,0.00017576402478897927,0.008207511528185468,0.018749081299571948,0.020966032152744507,0.0
3927.548853929127,1.0,0.016424484346044092,-0.08521273401335797,-0.004792433049650733,0.017823209866442924,0.008212242173022046,0.0001703171122393265,0.00804192506078272,0.018456278727811113,0.02073941667220111,0.0
3933.8734092494633,1.0,0.016093526139995172,-0.08442373337382517,-0.004673104711858603,0.017560166774665972,0.008046763069997586,0.00016509868240103894,0.007881664387596547,0.01817133359998869,0.02051740320485023,0.0
3940.1979645698,1.0,0.015773189031683368,-0.08365054575050525,-0.004558074568428911,0.017303686481677537,0.007886594515841684,0.00016009680481377414,0.00772649771102791,0.017893954555311363,0.020299865105552223,0.0
3946.522519890137,1.0,0.015463012211492549,-0.08289270294304162,-0.0044471427402870195,0.017053548029445253,0.0077315061057462746,0.0001553002894725418,0.0075762058162737326,0.017623863905088567,0.020086680052818974,0.0
3952.847075210474,1.0,0.01516255978842716,-0.08214975434840396,-0.00434012065468443,0.016809539565056517,0.00758127989421358,0.00015069863384320944,0.007430581260370373,0.01736079686208035,0.01987772987490283,-2.6020852139652106e-18
3959.1716305308105,1.0,0.014871419190846098,-0.08142126620273973,-0.004236830296331487,0.01657145791256689,0.007435709595423049,0.00014628197415394407,0.007289427621269104,0.017104500820190226,0.01967290038384312,8.673617379884035e-19
3965.4961858511474,1.0,0.01458919968508033,-0.08070682085653752,-0.004137103515063383,0.016339108166161933,0.007294599842540165,0.0001420410405799447,0.007152558801960221,0.016854734680791905,0.01947208121706679,-8.673617379884035e-19
3971.8207411714843,1.0,0.014315531002188353,-0.08000601608200732,-0.004040781385273264,0.01611230330365593,0.0071577655010941765,0.00013796711597628637,0.007019798385117889,0.016611268222281306,0.019275165686162245,1.734723475976807e-18
3978.145296491821,1.0,0.014050062063990685,-0.07931846441153931,-0.003947713612787615,0.015890863819370354,0.007025031031995342,0.0001340519978471812,0.006890979034148163,0.016373881509720363,0.019082050632466173,-1.734723475976807e-18
3984.4698518121577,1.0,0.013792459800324603,-0.0786437925060775,-0.00385775798525657,0.015674617375459887,0.006896229900162302,0.0001302879632699399,0.006765941936892361,0.016142364341690463,0.018892636289122786,8.673617379884035e-19
3990.7944071324946,1.0,0.013542408050181835,-0.07798164055223641,-0.0037707798624893175,0.01546339847078212,0.0067712040250909175,0.0001266677365187709,0.006644536288572144,0.01591651573170277,0.01870682614929331,2.6020852139652106e-18
3997.118962452831,1.0,0.013299606540042594,-0.07733166168698835,-0.0036866517034870486,0.015257048126437885,0.006649803270021297,0.00012318445915763287,0.006526618810863663,0.015696143421721966,0.01852452684021107,8.673617379884035e-19
4003.443517773168,1.0,0.013063769933308008,-0.07669352144876196,-0.003605252627216561,0.015055413587141808,0.006531884966654004,0.00011983166239297304,0.006412053304261033,0.015481063425551427,0.018345648002793518,-1.734723475976807e-18
4009.768073093505,1.0,0.012834626945265305,-0.0760668972538125,-0.003526468004430233,0.014858348037617035,0.006417313472632653,0.00011660324149661408,0.006300710231136038,0.015271099600003536,0.018170102176538763,0.0
4016.0926284138413,1.0,0.012611919518500884,-0.07545147789674675,-0.003450189078074893,0.014665710333241655,0.006305959759250442,0.00011349343212650916,0.0061924663271239345,0.01506608324193844,0.017997804689448185,-1.734723475976807e-18
4022.4171837341783,1.0,0.012395402054113084,-0.07484696307411663,-0.003376312610046691,0.014477364744209008,0.006197701027056542,0.00011049678838881313,0.0060872042386677285,0.014865852709401713,0.01782867355273042,0.0
4028.741739054515,1.0,0.012184840694471693,-0.07425306293002762,-0.0033047405522431236,0.01429318071249837,0.006092420347235846,0.00010760816249888779,0.005984812184736959,0.014670253065226093,0.017662629360055568,-8.673617379884035e-19
4035.0662943748516,1.0,0.011980012653629432,-0.0736694976227414,-0.0032353797400389134,0.01411303262098521,0.005990006326814716,0.00010482268591162347,0.005885183640903094,0.014479135741585094,0.01749959519113975,-1.734723475976807e-18
4041.3908496951885,1.0,0.011780705591817243,-0.07309599691129137,-0.003168141606472142,0.013936799574054096,0.005890352795908622,0.00010213575180300715,0.005788217044105613,0.014292358224100538,0.01733949651945289,1.734723475976807e-18
4047.7154050155254,1.0,0.011586717030750242,-0.07253229976116411,-0.0031029419155712873,0.01376436518910805,0.005793358515375121,9.954299879526935e-05,0.005693815516579855,0.014109783754208946,0.017182261123852426,-3.469446951953614e-18
4054.039960335862,1.0,0.011397853806741028,-0.07197815396813945,-0.0030397005133853063,0.013595617398399677,0.005698926903370514,9.704029582737146e-05,0.005601886607543143,0.013931281048587848,0.017027819003956512,-8.673617379884035e-19
4060.364515656199,1.0,0.011213931558861334,-0.0714333157994181,-0.0029783410953979983,0.0134304482606384,0.005606965779430667,9.46237280811108e-05,0.005512342051349555,0.013756724034530227,0.01687610229907965,1.734723475976807e-18
4066.6890709765357,1.0,0.011034774249617055,-0.07089754965120519,-0.002918790989116726,0.013268753781857458,0.0055173871248085276,9.228958388085279e-05,0.005425097540927675,0.013585991600236826,0.016727045210563424,-8.673617379884035e-19
4073.013626296872,1.0,0.010860213715804243,-0.07037062772195252,-0.0028609809507240073,0.013110433745050819,0.005430106857902121,9.003434249188645e-05,0.005340072515410234,0.013418967359069509,0.016580583927342914,8.673617379884035e-19
4079.338181617209,1.0,0.010690089247399455,-0.0698523297005,-0.0028048449747705654,0.012955391548116497,0.0053450446236997275,8.785466274875201e-05,0.0052571899609509766,0.013255539426877506,0.01643665655459783,-8.673617379884035e-19
4085.662736937546,1.0,0.01052424719250792,-0.06934244246839229,-0.002750320115970674,0.012803534049668247,0.00526212359625396,8.574737245066356e-05,0.005176376223803295,0.013095600211572096,0.016295203045345808,8.673617379884035e-19
4091.9872922578825,1.0,0.010362540586546435,-0.0688407598156784,-0.002697346322235002,0.012654771422300051,0.005181270293273217,8.370945846636838e-05,0.00509756083480685,0.01293904621418197,0.01615616513484104,-8.673617379884035e-19
4098.311847578219,1.0,0.010204828803980751,-0.06834708216953773,-0.002645866278144944,0.012509017012911674,0.0051024144019903754,8.173805749556913e-05,0.005020676344494806,0.012785777840676658,0.016019486277650114,0.0
4104.636402898556,1.0,0.010050977231065992,-0.06786121633510674,-0.002595825258134578,0.01236618720972418,0.005025488615532996,7.983044743835766e-05,0.004945658168094636,0.012635699223893996,0.015885111587282136,2.6020852139652106e-18
4110.960958218893,1.0,0.00990085695815712,-0.06738297524790986,-0.0025471709887034777,0.012226201315634632,0.00495042847907856,7.798403932805933e-05,0.004872444439750497,0.012488718054953385,0.015752987778256875,2.6020852139652106e-18
4117.285513539229,1.0,0.009754344490265516,-0.06691217773732985,-0.0024998535190359295,0.012088981427578777,0.004877172245132758,7.619636978649046e-05,0.004800975875346266,0.012344745423579254,0.015623063110500495,1.734723475976807e-18
4123.610068859566,1.0,0.009611321474636999,-0.06644864830057899,-0.0024538250994498457,0.011954452321588432,0.0048056607373184995,7.446509396391055e-05,0.004731195643354589,0.01220369566679787,0.015495287335963955,0.0
4129.934624179903,1.0,0.00947167444421829,-0.06599221688666086,-0.0024090400671425154,0.011822541343247747,0.004735837222109145,7.278797892895013e-05,0.004663049243180195,0.012065486225507046,0.015369611647364305,0.0
4136.25917950024,1.0,0.009335294575962329,-0.06554271868983663,-0.0023654547387404064,0.011693178303268385,0.0046676472879811646,7.116289747652796e-05,0.004596484390504635,0.011930037508451343,0.015245988628953816,1.734723475976807e-18
4142.583734820577,1.0,0.009202077463000611,-0.0650999939521358,-0.0023230273091972564,0.011566295377919667,0.004601038731500306,6.958782232428104e-05,0.004531450909176024,0.011797272763167006,0.015124372209227167,8.673617379884035e-19
4148.908290140914,1.0,0.00907192289978099,-0.06466388777447327,-0.002281717756618363,0.011441827014063695,0.004535961449890495,6.806082067031263e-05,0.0044679006292201815,0.011667117953488996,0.015004717615480553,8.673617379884035e-19
4155.232845461251,1.0,0.008944734679335063,-0.06423424993595842,-0.0022414877526202035,0.01131970983855965,0.004472367339667532,6.658004908716524e-05,0.004405787290580369,0.011539501643239646,0.01488698133014152,-2.6020852139652106e-18
4161.557400781587,1.0,0.008820420401898852,-0.06381093472100086,-0.002202300577862987,0.011199882571814014,0.004410210200949426,6.514374872883948e-05,0.004345066452220584,0.01141435488574273,0.014771121048791596,2.6020852139652106e-18
4167.881956101924,1.0,0.008698891294166134,-0.06339380075384006,-0.0021641210424201253,0.011082285945266052,0.004349445647083067,6.375024082944352e-05,0.004285695406253623,0.011291611118830078,0.014657095639808096,8.673617379884035e-19
4174.2065114222605,1.0,0.008580062038504728,-0.06298271084014317,-0.0021269154106728057,0.010966862622609324,0.004290031019252364,6.239792247367147e-05,0.0042276330967786924,0.0111712060650291,0.014544865105554815,0.0
4180.531066742597,1.0,0.00846385061151256,-0.062577531815334,-0.0020906513304400154,0.010853557124560575,0.00423192530575628,6.10852626207851e-05,0.004170840043135496,0.011053077636639047,0.01443439054505445,-1.734723475976807e-18
4186.855622062934,1.0,0.00835017813133454,-0.06217813439933431,-0.002055297766075154,0.010742315756998239,0.00417508906566727,5.981079836514309e-05,0.0041152782673021275,0.010937165845422944,0.014325634118079352,-8.673617379884035e-19
4193.180177383271,1.0,0.008238968713200505,-0.061784393057413005,-0.002020824935279051,0.010633086542301818,0.0041194843566002524,5.8573131417562816e-05,0.00406091122518269,0.010823412716658532,0.014218559010599648,0.0
4199.504732703607,1.0,0.008130149332682194,-0.061396185866856204,-0.001987204249396947,0.010525819153733079,0.004065074666341097,5.737092479295771e-05,0.004007703741548139,0.010711762207308162,0.014113129401531086,0.0
4205.829288023944,1.0,0.008023649696200869,-0.06101339438918402,-0.001954408256982924,0.010420464852708184,0.004011824848100434,5.620289969074481e-05,0.0039556219484096905,0.0106021601280819,0.014009310430727407,-8.673617379884035e-19
4212.153843344281,1.0,0.007919402118349388,-0.06063590354765557,-0.0019224105904303813,0.010316976428818405,0.003959701059174694,5.506783255549672e-05,0.0039046332266191967,0.010494554069182427,0.013907068168164772,8.673617379884035e-19
4218.478398664618,1.0,0.007817341405621342,-0.06026360150981526,-0.00189118591548077,0.010215308142464321,0.003908670702810671,5.396455230620534e-05,0.003854706150504466,0.01038889332953278,0.01380636958426817,0.0
4224.802953984955,1.0,0.0077174047461673135,-0.059896379574846365,-0.0018607098834356745,0.010115415669975885,0.0038587023730836567,5.2891937723354436e-05,0.0038058104353603022,0.010285128849300279,0.013707182521331955,0.0
4231.127509305292,1.0,0.007619531605223497,-0.059534132065510934,-0.001830959085909126,0.010017256051097653,0.0038097658026117484,5.1848914983762865e-05,0.003757916887627985,0.010183213145541329,0.01360947566598932,4.336808689942018e-19
4237.452064625628,1.0,0.0075236636258810006,-0.05917675622446413,-0.0018019110119678876,0.009920787638724528,0.0037618318129405003,5.083445533386028e-05,0.00371099735760664,0.010083100250801861,0.013513218522686865,0.0
4243.776619945965,1.0,0.007429744534885858,-0.05882415211474297,-0.0017735440075176223,0.009825970050779701,0.003714872267442929,4.984757289271066e-05,0.003665024694550218,0.009984745654518262,0.013418381388123046,4.336808689942018e-19
4250.101175266302,1.0,0.007337720053180198,-0.058476222524240146,-0.0017458372368023291,0.009732764124132327,0.003668860026590099,4.888732257670144e-05,0.003619972704013397,0.00988810624707294,0.013324935326611016,4.336808689942018e-19
4256.425730586639,1.0,0.007247537810913014,-0.058132872873980924,-0.0017187706458929545,0.009641131870457443,0.003623768905456507,4.795279813836676e-05,0.003575816107318141,0.009793140266366735,0.013232852146327988,-4.336808689942018e-19
4262.7502859069755,1.0,0.007159147266666851,-0.05779401113003214,-0.001692324928049329,0.009551036433946038,0.0035795736333334256,4.704313031233091e-05,0.003532530503021095,0.009699807246778764,0.013142104376414988,-4.336808689942018e-19
4269.074841227312,1.0,0.007072499630662675,-0.05745954771888025,-0.0016664814908470338,0.009462442050778092,0.0035362498153313376,4.615748506183463e-05,0.003490092330269504,0.009608067970391824,0.013052665244892998,-1.3010426069826053e-18
4275.399396547648,1.0,0.0069875477917200075,-0.05712939544612269,-0.001641222424967725,0.009375314010275507,0.0034937738958600037,4.529506191974257e-05,0.0034484788339402624,0.009517884420368066,0.012964508657362055,-1.3010426069826053e-18
4281.723951867985,1.0,0.00690424624776353,-0.05680346941832547,-0.0016165304745579744,0.009289618617656583,0.003452123123881765,4.4455092418343215e-05,0.003407668031463423,0.009429219736366654,0.012877609176452363,-8.673617379884035e-19
4288.048507188322,1.0,0.006822551039680419,-0.056481686967907126,-0.0015923890090677336,0.009205323158317595,0.0034112755198402096,4.363683860262896e-05,0.0033676386812375807,0.009342038171901136,0.012791942001997245,0.0
4294.373062508659,1.0,0.0067424196883443515,-0.056163967580914645,-0.0015687819964850074,0.009122395863570588,0.0033712098441721757,4.283959162209263e-05,0.003328370252550083,0.009256305053539736,0.012707482951899185,0.0
4300.697617828996,1.0,0.006663811134633944,-0.0558502328275655,-0.0015456939778887059,0.009040805877770597,0.003331905567316972,4.206267039640638e-05,0.0032898428969205654,0.009171986741857664,0.012624208443661711,4.336808689942018e-19
4307.022173149333,1.0,0.006586685682283411,-0.055540406295434316,-0.001523110043246363,0.008960523226768432,0.0032933428411417057,4.1305420350647246e-05,0.003252037420791059,0.009089050594055162,0.01254209547656079,-4.336808689942018e-19
4313.346728469669,1.0,0.006511004943413425,-0.05523441352517007,-0.0015010158083880397,0.008881518787628814,0.0032555024717067127,4.05672122160172e-05,0.0032149352594906962,0.00900746492816011,0.012461121614430734,-8.673617379884035e-19
4319.671283790006,1.0,0.006436731786598878,-0.05493218194863347,-0.0014793973930918392,0.008803764259556255,0.003218365893299439,3.984744089226352e-05,0.003178518452407175,0.008927198988738127,0.012381264969040637,4.336808689942018e-19
4325.995839110343,1.0,0.006363830287339318,-0.05463364082935162,-0.0014582414002205395,0.00872723213597447,0.003181915143669659,3.914552436825133e-05,0.003142769619301408,0.008848222914037748,0.012302504184038462,-4.336808689942018e-19
4332.32039443068,1.0,0.006292265680805228,-0.05433872120518968,-0.001437534895852351,0.008651895677707229,0.003146132840402614,3.846090269736113e-05,0.0031076719377052526,0.008770507704501619,0.012224818419440689,4.336808689942018e-19
4338.644949751017,1.0,0.006222004316741243,-0.0540473558331458,-0.0014172653903523796,0.008577728887211727,0.0031110021583706216,3.7793037024598606e-05,0.003073209121346022,0.008694025192578936,0.012148187336646722,8.673617379884035e-19
4344.9695050713535,1.0,0.006153013616414137,-0.053759479136179386,-0.0013974208203344912,0.008504706483817537,0.0030765068082070687,3.714140866249619e-05,0.0030393653995445732,0.00861874801377743,0.012072591083957822,-8.673617379884035e-19
4351.2940603916895,1.0,0.006085262031499982,-0.05347502715198655,-0.0013779895314662946,0.008432803879926778,0.003042631015749991,3.650551821306942e-05,0.0030061254975369224,0.008544649578896658,0.01199801028258138,-8.673617379884035e-19
4357.618615712026,1.0,0.006018719004810914,-0.05319393748364139,-0.001358960262072715,0.008361997158133091,0.003009359502405457,3.588488473325932e-05,0.0029734746176721984,0.008471704047387316,0.011924426013101999,-4.336808689942018e-19
4363.943171032363,1.0,0.005953354932767972,-0.05291614925202569,-0.0013403221274963554,0.0082922630492195,0.002976677466383986,3.527904494145371e-05,0.0029413984214425324,0.008399886301784532,0.011851819802402056,0.0
4370.2677263527,1.0,0.005889141129531179,-0.0526416030499715,-0.001322064605175078,0.00822357891099645,0.0029445705647655894,3.4687552462821145e-05,0.002909883012302768,0.00832917192316513,0.011780173611014326,4.336808689942018e-19
4376.592281673037,1.0,0.005826049792703848,-0.052370240898047364,-0.0013041775203997768,0.008155922707944052,0.002913024896351924,3.4109977111336776e-05,0.0028789149192405875,0.008259537167582306,0.011709469820890928,-4.336808689942018e-19
4382.916836993374,1.0,0.0057640539705321675,-0.052102006201919605,-0.0012866510327172538,0.008089272991623623,0.0028820269852660838,3.354590420650189e-05,0.002848481081059582,0.008190958943432922,0.011639691223572895,-4.336808689942018e-19
4389.24139231371,1.0,0.00570312753052578,-0.0518368437112246,-0.0012694756229452036,0.008023608881825546,0.00285156376526289,3.299493392288095e-05,0.0028185688313400094,0.008123414789715093,0.011570821008745387,-4.336808689942018e-19
4395.565947634047,1.0,0.005643245129429239,-0.051574699479890546,-0.0012526420807681949,0.007958910048422118,0.0028216225647146194,3.245668067069292e-05,0.002789165884043927,0.008056882855136088,0.011502842753164476,-8.673617379884035e-19
4401.890502954384,1.0,0.005584382184478098,-0.051315520827850354,-0.0012361414928852917,0.007895156693895455,0.002792191092239049,3.193077250579745e-05,0.0027602603197332525,0.00799134187803243,0.011435740409941737,-8.673617379884035e-19
4408.215058274721,1.0,0.005526514845876796,-0.05105925630408895,-0.0012199652316815513,0.007832329536511798,0.002763257422938398,3.141685056751347e-05,0.0027318405723708843,0.007926771167065878,0.011369498298173521,4.336808689942018e-19
4414.539613595058,1.0,0.0054696199704393055,-0.05080585565097215,-0.001204104944397289,0.007770409794115185,0.0027348099852196528,3.0914568542801585e-05,0.002703895416676852,0.007863150582661073,0.011304101092902296,-8.673617379884035e-19
4420.864168915395,1.0,0.005413675096336427,-0.050555269769805566,-0.0011885525427703667,0.007709379168514548,0.0027068375481682136,3.0423592155425988e-05,0.0026764139560127875,0.007800460519152185,0.011239533815398125,0.0
4427.188724235731,1.0,0.00535865841889682,-0.05030745068757537,-0.0011733001931281833,0.007649219830439552,0.00267932920944841,2.994359867879216e-05,0.002649385610769618,0.007738681887607496,0.011175781823748569,0.0
4433.513279556068,1.0,0.0053045487674114895,-0.050062351524823245,-0.0011583403069072697,0.007589914405041524,0.0026522743837057447,2.947427647123143e-05,0.002622800107234513,0.007677796099302381,0.011112830803745921,0.0
4439.8378348764045,1.0,0.0052513255828944535,-0.04981992646461217,-0.001143665531579682,0.007531445957917193,0.0026256627914472267,2.9015324532575332e-05,0.002596647466914651,0.007617785049812751,0.011050666760061185,4.336808689942018e-19
4446.162390196741,1.0,0.005198968896754465,-0.049580130722539494,-0.0011292687419664274,0.00747379798163366,0.0025994844483772325,2.85664520809269e-05,0.0025709179962963057,0.007558631103702165,0.010989276007694502,0.0
4452.486945517078,1.0,0.005147459310335276,-0.049342920517757,-0.00111514303191927,0.007416954382734171,0.002573729655167638,2.8127378148598863e-05,0.002545602277019039,0.007500317079777209,0.010928645163692147,0.0
4458.811500837415,1.0,0.005096777975284113,-0.049108253044959006,-0.0011012817063532842,0.0073608994692052655,0.0025483889876420566,2.769783119624738e-05,0.002520691156445809,0.007442826236887084,0.0108687611391208,4.336808689942018e-19
4465.136056157751,1.0,0.005046906574710055,-0.04887608644730105,-0.0010876782736134053,0.007305617938386523,0.0025234532873550275,2.72775487442828e-05,0.0024961757386107453,0.00738614226024422,0.010809611131289823,-4.336808689942018e-19
4471.460611478088,1.0,0.004997827305096058,-0.04864637979021356,-0.001074326438159168,0.0072510948653051995,0.002498913652548029,2.68662770206916e-05,0.002472047375527337,0.0073302492482441,0.01075118261621296,4.336808689942018e-19
4477.785166798425,1.0,0.004949522858930307,-0.04841909303607693,-0.0010612200935526575,0.00719731569141882,0.0024747614294651533,2.646377062445174e-05,0.0024482976588407024,0.007275131699763481,0.010693463341301187,-8.673617379884035e-19
4484.109722118762,1.0,0.004901976408024087,-0.048194187019724194,-0.0010483533157354186,0.0071442662137493,0.0024509882040120437,2.6069792203766607e-05,0.0024249184118082766,0.007220774501916897,0.010636441318278374,4.336808689942018e-19
4490.434277439099,1.0,0.004855171587485335,-0.047971623424741316,-0.0010357203565809039,0.007091932574393255,0.0024275857937426674,2.5684112148388104e-05,0.002401901681594279,0.007167162918252676,0.010580104816312295,4.336808689942018e-19
4496.758832759436,1.0,0.004809092480318425,-0.04775136476053441,-0.0010233156377096823,0.007040301250393621,0.0024045462401592124,2.530650829533758e-05,0.002379239731863876,0.0071142825773703395,0.010524442355353481,-1.3010426069826053e-18
4503.083388079772,1.0,0.004763723602622166,-0.047533374340135194,-0.001011133744555278,0.006989359043958323,0.002381861801311083,2.4936765647370188e-05,0.002356925035663713,0.007062119461942029,0.010469442699674633,-4.336808689942018e-19
4509.407943400109,1.0,0.004719049889359618,-0.04731761625871786,-0.0009991694206691922,0.006939093073012589,0.002359524944679809,2.4574676103565853e-05,0.0023349502685762434,0.007010659898121696,0.010415094851603983,0.0
4515.732498720446,1.0,0.004675056680674418,-0.04710405537280042,-0.000987417562254182,0.006889490762071841,0.002337528340337209,2.4220038201460616e-05,0.0023133083021357487,0.006959890545326215,0.010361388045445756,-4.336808689942018e-19
4522.0570540407825,1.0,0.00463172970872964,-0.04689265728010551,-0.0009758732129154527,0.006840539833422763,0.00231586485436482,2.3872656870164728e-05,0.0022919921974946553,0.006909798386373473,0.010308311741581467,0.0
4528.381609361119,1.0,0.004589055085046469,-0.046683388300056694,-0.0009645315586199565,0.006792228298600763,0.0022945275425232344,2.353234319394343e-05,0.0022709951993292914,0.006860370717963196,0.010255855620746004,-4.336808689942018e-19
4534.706164681456,1.0,0.004547019288320931,-0.04647621545488672,-0.0009533879228544412,0.006744544450152378,0.0022735096441604654,2.3198914185762976e-05,0.0022503107299747032,0.006811595141486754,0.010204009578472492,-8.673617379884035e-19
4541.030720001793,1.0,0.0045056091526981595,-0.046271106451336086,-0.0009424377619734166,0.0066974768536718545,0.0022528045763490798,2.2872192570331853e-05,0.002229932383778749,0.0067634595541530155,0.01015276371970035,-8.673617379884035e-19
4547.355275322129,1.0,0.004464811856484456,-0.04606802966291984,-0.0009316766607285803,0.006651014340101387,0.002232405928242228,2.2552006576190327e-05,0.0022098539216660377,0.006715952140417668,0.010102108353541028,0.0
4553.679830642466,1.0,0.004424614911278575,-0.04586695411274302,-0.0009211003279717246,0.006605145998285175,0.0022123074556392873,2.2238189736426138e-05,0.002190069265902861,0.006669061363704211,0.010052033988196275,0.0
4560.004385962803,1.0,0.004385006151504422,-0.04566784945684457,-0.0009107045925235055,0.006559861167767708,0.002192503075752211,2.193058069761506e-05,0.0021705724950545954,0.0066227759584052154,0.010002531326023816,8.673617379884035e-19
4566.32894128314,1.0,0.004345973724328152,-0.045470685968050935,-0.0009004853992008064,0.006515149431827072,0.002172986862164076,2.1629023036605225e-05,0.00215135783912747,0.006577084922152857,0.009953591258745531,4.336808689942018e-19
4572.653496603477,1.0,0.004307506079943671,-0.04527543452032175,-0.0008904388049958508,0.00647100061073467,0.0021537530399718353,2.1333365084785453e-05,0.0021324196748870503,0.006531977508348517,0.009905204862793568,-4.336808689942018e-19
4578.978051923814,1.0,0.004269591962211032,-0.045082066573569626,-0.0008805609754004692,0.006427404755232801,0.002134795981105516,2.1043459759493726e-05,0.0021137525213460223,0.0064874432189413,0.009857363394789723,0.0
4585.30260724415,1.0,0.004232220399633189,-0.04489055415893811,-0.0008708481808693115,0.006384352140222233,0.0021161101998165943,2.0759164402241802e-05,0.0020953510354143525,0.006443471797446126,0.00981005828715396,0.0
4591.627162564487,1.0,0.00419538069665702,-0.04470086986452103,-0.0008612967934160359,0.006341833258651865,0.00209769034832851,2.048034062344584e-05,0.0020772100077050635,0.006400053222192116,0.009763281143837588,4.336808689942018e-19
4597.951717884823,1.0,0.004159062425285426,-0.04451298682150871,-0.0008519032833368426,0.006299838815603268,0.002079531212642713,2.0206854153370838e-05,0.002059324358489342,0.006357177699792706,0.009717023736177317,0.0
4604.27627320516,1.0,0.00412325541698767,-0.04432687869074564,-0.0008426642160559436,0.006258359722562884,0.002061627708493835,1.993857469900928e-05,0.002041689133794826,0.006314835658829021,0.009671277998866157,-4.336808689942018e-19
4610.600828525497,1.0,0.004087949754895959,-0.0441425196496859,-0.0008335762490878496,0.006217387091875191,0.0020439748774479793,1.967537580662981e-05,0.0020242995016413494,0.006273017743738624,0.00962603602603749,0.0
4616.9253838458335,1.0,0.004053135766276543,-0.043959884379732264,-0.0008246361291115573,0.006176912231370167,0.0020265678831382717,1.941713472974323e-05,0.002007150748408529,0.006231714808901837,0.009581290067458555,-4.336808689942018e-19
4623.24993916617,1.0,0.0040188040152644685,-0.04377894805394641,-0.000815840689152003,0.0061369266391589775,0.0020094020076322342,1.9163732302247558e-05,0.0019902382753299868,0.006190917912918497,0.00953703252483012,0.0
4629.574494486506,1.0,0.003984945295851271,-0.04359968632511724,-0.0008071868458643036,0.006097421998591707,0.0019924726479256354,1.8915052816523227e-05,0.001973557595109112,0.006150618313067919,0.00949325594818865,0.0
4635.899049806843,1.0,0.003951550625115623,-0.04342207531417528,-0.0007986715969165571,0.006058390173371454,0.0019757753125578116,1.8670983906262517e-05,0.0019571043286515494,0.006110807459945456,0.00944995303240798,-4.336808689942018e-19
4642.22360512718,1.0,0.003918611236687341,-0.04324609159894186,-0.0007902920184671638,0.006019823202819283,0.0019593056183436707,1.8431416433827157e-05,0.0019408742019098436,0.006071476992269205,0.00940711661379731,0.0
4648.548160447517,1.0,0.003886118574435444,-0.043071712203201315,-0.0007820452627327801,0.005981713297284603,0.001943059287217722,1.819624438193711e-05,0.0019248630428357848,0.006032618731850557,0.00936473966679237,2.168404344971009e-19
4654.872715767854,1.0,0.003854064286371613,-0.042898914586086,-0.0007739285556432456,0.005944052833696006,0.0019270321431858065,1.796536474950478e-05,0.0019090667784363018,0.005994224678722809,0.009322815300737069,0.0
4661.197271088191,1.0,0.0038224402187605243,-0.04272767663176319,-0.0007659391945799424,0.005906834351247489,0.0019112201093802622,1.773867745143556e-05,0.001893481431928827,0.005956287006421964,0.0092813367567525,-4.336808689942018e-19
4667.521826408527,1.0,0.0037912384104291375,-0.042557976639414484,-0.0007580745461942457,0.005870050547215551,0.0018956192052145687,1.7516085222226597e-05,0.0018781031199923421,0.005918798057414461,0.009240297404691001,0.0
4673.846381728864,1.0,0.0037604510872671667,-0.04238979331349764,-0.0007503320443028403,0.005833694272902458,0.0018802255436335834,1.729749352320131e-05,0.0018629280501103816,0.005881750338666426,0.009199690740172302,4.336808689942018e-19
4680.170937049201,1.0,0.0037300706569114465,-0.04222310575428183,-0.0007427091878568456,0.0057977585297014035,0.0018650353284557233,1.7082810453226177e-05,0.0018479525180024974,0.005845136517349476,0.009159510381699308,-2.168404344971009e-19
4686.495492369538,1.0,0.0037000897036071224,-0.042057893448647285,-0.0007352035389818165,0.005762236465279377,0.0018500448518035612,1.6871946662763382e-05,0.001833172905140798,0.0058089494166782656,0.00911975006785125,-2.168404344971009e-19
4692.820047689875,1.0,0.003670500983238972,-0.04189413626114101,-0.0007278127210858247,0.005727121369873721,0.001835250491619486,1.6664815271119296e-05,0.001818585676348366,0.005773182011875132,0.009080403654551652,8.673617379884035e-19
4699.1446030102115,1.0,0.0036412974185263715,-0.04173181442527987,-0.0007205344170329327,0.005692406672698438,0.0018206487092631857,1.6461331786755348e-05,0.00180418737747643,0.005737827426257319,0.009041465112408878,4.336808689942018e-19
4705.4691583305475,1.0,0.003612472094375798,-0.04157090853509358,-0.0007133663673795173,0.005658085938456661,0.001806236047187899,1.6261414030534618e-05,0.0017899746331573635,0.005702878927442633,0.009002928524127155,8.673617379884035e-19
4711.7937136508845,1.0,0.0035840182533848765,-0.04141139953689942,-0.0007063063686709735,0.005624152863955517,0.0017920091266924382,1.606498206178211e-05,0.0017759441446306558,0.005668329923669248,0.008964788081985775,4.336808689942018e-19
4718.118268971221,1.0,0.003555929291492447,-0.04125326872130199,-0.0006993522717964906,0.0055906012748201854,0.0017779646457462236,1.5871958107044e-05,0.0017620926876391794,0.005634173960225935,0.00892703808538467,2.168404344971009e-19
4724.442824291558,1.0,0.0035281987537690877,-0.04109649771541012,-0.0006925019803996222,0.005557425122303586,0.0017640993768845438,1.5682266491434212e-05,0.0017484171103931097,0.005600404715988696,0.008889672938454067,0.0
4730.767379611895,1.0,0.003500820330342974,-0.04094106847526442,-0.0006857534493425288,0.00552461848018866,0.001750410165171487,1.5495833572463618e-05,0.001734914331599024,0.005567016000060287,0.0088526871477266,-6.505213034913027e-19
4737.091934932232,1.0,0.0034737878524561247,-0.0407869632784691,-0.0006791046832218466,0.005492175541780158,0.0017368939262280623,1.531258767625101e-05,0.0017215813385518116,0.005534001748509122,0.00881607531986982,-2.168404344971009e-19
4743.416490252568,1.0,0.0034470952886461845,-0.040634164717021165,-0.0006725537349341959,0.005460090616982916,0.0017235476443230922,1.5132459036019408e-05,0.0017084151852870728,0.005501356021204119,0.008779832159477405,0.0
4749.741045572905,1.0,0.0034207367410492226,-0.040482655690331174,-0.0006660987042894668,0.005428358129463819,0.0017103683705246113,1.4955379732786023e-05,0.0016954129907918254,0.005469072998742296,0.008743952466917315,-2.168404344971009e-19
4756.065600893242,1.0,0.0033947064418191762,-0.04033241939842968,-0.0006597377366700825,0.005396972613894751,0.0016973532209095881,1.4781283638158252e-05,0.00168257193727143,0.005437146979466023,0.008708431136235253,-2.168404344971009e-19
4762.390156213579,1.0,0.0033689987496596375,-0.04018343933535314,-0.0006534690217344895,0.005365928713273744,0.0016844993748298188,1.4610106359151122e-05,0.0016698892684706677,0.0054055723765668185,0.008673263153111677,0.0
4768.714711533916,1.0,0.0033436081464640753,-0.040035699282704534,-0.0006472907921632599,0.0053352211763220084,0.0016718040732320377,1.444178518494707e-05,0.0016573622880470904,0.0053743437152729764,0.00863844359287108,2.168404344971009e-19
4775.039266854253,1.0,0.003318529234060489,-0.03988918330338251,-0.0006412013224461813,0.005304844854954137,0.0016592646170302445,1.4276259035520056e-05,0.0016449883579947244,0.005343455630118034,0.008603967618541602,0.0
4781.36382217459,1.0,0.003293756731056886,-0.03974387573547467,-0.0006351989277088503,0.005274794701819362,0.001646878365528443,1.4113468412052044e-05,0.001632764897116391,0.00531290286228763,0.008569830478963987,0.0
4787.688377494926,1.0,0.003269285469783932,-0.039599761186309486,-0.0006292819625772899,0.005245065767911413,0.001634642734891966,1.3953355349070634e-05,0.0016206893795428956,0.005282680257041994,0.008536027506948063,-2.168404344971009e-19
4794.0129328152625,1.0,0.003245110393331363,-0.039456824526662174,-0.0006234488200792007,0.005215653200244833,0.0016225551966656815,1.3795863368241158e-05,0.0016087593332974402,0.005252782761211653,0.008502554117475561,2.168404344971009e-19
4800.337488135599,1.0,0.003221226552674936,-0.039315050885110295,-0.000617697930580523,0.0051865522395957405,0.001610613276337468,1.3640937433749524e-05,0.0015969723389037181,0.005223205420764059,0.008469405805948026,4.336808689942018e-19
4806.662043455936,1.0,0.0031976291038906314,-0.03917442564253386,-0.0006120277607559938,0.005157758218304789,0.0015988145519453157,1.3488523909213298e-05,0.0015853260280361027,0.00519394337843864,0.00843657814647827,-4.336808689942018e-19
4812.986598776273,1.0,0.0031743133054531808,-0.03903493442675625,-0.0006064368125924995,0.005129266558140569,0.0015871566527265904,1.3338570516063276e-05,0.0015738180822105268,0.005164991871448255,0.00840406679022441,2.168404344971009e-19
4819.31115409661,1.0,0.0031512745156159483,-0.03889656310732156,-0.0006009236224240206,0.0051010727682214135,0.0015756372578079741,1.3191026293338639e-05,0.0015624462315146357,0.0051363462292448,0.008371867463765097,-2.168404344971009e-19
4825.635709416946,1.0,0.003128508189869359,-0.0387592977904042,-0.0005954867599970401,0.005073172442993838,0.0015642540949346794,1.304584155884192e-05,0.0015512082533758371,0.00510800187134694,0.00833997596751485,4.336808689942018e-19
4831.960264737283,1.0,0.0031060098784751917,-0.03862312481384698,-0.0005901248275653284,0.005045561260265828,0.0015530049392375959,1.2902967871602146e-05,0.001540101971365994,0.00507995430522798,0.008308388174178309,-2.168404344971009e-19
4838.28482005762,1.0,0.003083775224074171,-0.03848803074232409,-0.0005848364590130598,0.005018234979293306,0.0015418876120370855,1.276235799559691e-05,0.0015291252540414887,0.00505219912426201,0.00827710002724242,0.0
4844.609375377957,1.0,0.003061799959364276,-0.03835400236262485,-0.0005796203190052461,0.004991189438918067,0.001530899979682138,1.2623965864685494e-05,0.001518276013817452,0.005024732005726374,0.008246107539505368,4.336808689942018e-19
4850.933930698294,1.0,0.003040079904847487,-0.038221026679055255,-0.0005744751021645392,0.004964420555755661,0.0015200399524237435,1.248774654870815e-05,0.0015075522058750359,0.004997548708858804,0.008215406791641306,-4.336808689942018e-19
4857.258486018631,1.0,0.003018610966642566,-0.03808909090895342,-0.0005693995322734597,0.004937924322431653,0.001509305483321283,1.2353656220707668e-05,0.0014969518271005758,0.004970645072967425,0.008184993930799871,-4.336808689942018e-19
4863.583041338967,1.0,0.002997389134361713,-0.03795818247831606,-0.0005643923615011757,0.0049116968058648,0.0014986945671808566,1.2221652125231679e-05,0.001486472915055625,0.004944017015592013,0.00815486516923953,0.0
4869.907596659304,1.0,0.0029764104790489226,-0.03782828901753246,-0.0005594523696539613,0.004885734145595677,0.0014882052395244613,1.2091692547675477e-05,0.0014761135469767855,0.00491766053071488,0.008125016782993747,2.168404344971009e-19
4876.232151979641,1.0,0.0029556711511780328,-0.03769939835722317,-0.0005545783634485318,0.0048600325521594625,0.0014778355755890164,1.1963736784627436e-05,0.0014658718388043895,0.004891571687019917,0.008095445110569277,-6.505213034913027e-19
4882.5567072999775,1.0,0.002935167378708441,-0.03757149852418011,-0.0005497691758074451,0.004834588305501436,0.0014675836893542206,1.183774511517962e-05,0.0014557459442390412,0.004865746626198208,0.008066146551675408,-2.168404344971009e-19
4888.881262620314,1.0,0.002914895465196604,-0.0374445777374055,-0.0005450236651758229,0.004809397753433973,0.001457447732598302,1.1713678773168717e-05,0.0014457340538251333,0.004840181561298856,0.008037117565983555,0.0
4895.205817940651,1.0,0.0028948517879615085,-0.037318624404246686,-0.0005403407148586596,0.004784457310133813,0.0014474258939807542,1.1591499920313425e-05,0.0014358343940604405,0.004814872775123643,0.008008354671916317,2.168404344971009e-19
4901.530373260987,1.0,0.0028750327963023036,-0.03719362711662412,-0.0005357192323780067,0.00475976345467829,0.0014375163981511518,1.1471171620215344e-05,0.001426045226530937,0.004789816618664089,0.007979854445465027,-4.336808689942018e-19
4907.854928581324,1.0,0.0028554350097664293,-0.03706957464734986,-0.0005311581488493695,0.004735312729619495,0.0014277175048832147,1.1352657813192761e-05,0.0014163648470700216,0.0047650095095797575,0.007951613519035332,4.336808689942018e-19
4914.179483901661,1.0,0.0028360550164666124,-0.03694645594653447,-0.0005266564183766619,0.004711101739595196,0.0014180275082333062,1.123592329191711e-05,0.001406791584941389,0.004740447930716487,0.00792362858031981,0.0
4920.504039221998,1.0,0.0028168894714450917,-0.03682426013807902,-0.0005222130174650843,0.0046871271499753665,0.0014084447357225458,1.1120933677823097e-05,0.0013973238020447227,0.004716128428663303,0.00789589637119695,0.0
4926.828594542335,1.0,0.0027979350950836316,-0.03670297651625074,-0.0005178269444513383,0.0046633856855433945,0.0013989675475418158,1.1007655398265425e-05,0.0013879598921435505,0.004692047612346964,0.007868413686655874,0.0
4933.153149862672,1.0,0.0027791886715577974,-0.03658259454233943,-0.000513497218950584,0.004639874129210851,0.0013895943357788987,1.0896055664395069e-05,0.0013786982801145035,0.004668202151662901,0.007841177373745976,2.168404344971009e-19
4939.477705183008,1.0,0.0027606470473341073,-0.03646310384139259,-0.0005092228813195945,0.004616589320764908,0.0013803235236670537,1.0786102449730011e-05,0.0013695374212173235,0.004644588776141546,0.007814184330550984,2.168404344971009e-19
4945.802260503345,1.0,0.0027423071297086946,-0.036344494199027085,-0.0005050029921355577,0.004593528155647413,0.0013711535648543473,1.0677764469395693e-05,0.0013604758003849516,0.004621204273648957,0.007787431505186623,0.0
4952.126815823682,1.0,0.0027241658853861634,-0.03622675555831535,-0.0005008366316900211,0.004570687583764733,0.0013620829426930817,1.0571011160011852e-05,0.0013515119315330695,0.004598045489120753,0.0077609158948214055,2.168404344971009e-19
4958.451371144019,1.0,0.0027062203390973783,-0.03610987801674401,-0.0004967228994974715,0.004548064608327454,0.0013531101695486891,1.0465812660202965e-05,0.0013426443568884852,0.004575109323328343,0.007734634544719806,1.0842021724855044e-18
4964.7759264643555,1.0,0.0026884675722549556,-0.035993851823242926,-0.0004926609138180752,0.004525656284719107,0.0013442337861274778,1.0362139791710807e-05,0.0013338716463357672,0.0045523927316765645,0.007708584547307408,-2.168404344971009e-19
4971.100481784692,1.0,0.002670904721645283,-0.03587866737528281,-0.000488649811194112,0.004503459719393056,0.0013354523608226415,1.0259964041087913e-05,0.001325192396781554,0.004529892723031731,0.007682763041257236,-4.336808689942018e-19
4977.425037105028,1.0,0.00265352897815594,-0.03576431521603969,-0.00048468874599966356,0.0044814720687967645,0.00132676448907797,1.0159257541952139e-05,0.0013166052315360178,0.004507606358579271,0.007657167210596868,0.0
4983.749592425365,1.0,0.0026363375855373962,-0.03565078603162418,-0.0004807768900031193,0.004459690538322663,0.0013181687927686981,1.0059993057782878e-05,0.0013081087997109154,0.004485530750710082,0.0076317942838357924,-2.168404344971009e-19
4990.074147745702,1.0,0.0026193278391979666,-0.03553807064837403,-0.00047691343194209465,0.004438112381284859,0.0013096639195989833,9.962143965240374e-06,0.0012997017756337427,0.004463663061934755,0.007606641533112376,2.168404344971009e-19
4996.398703066039,1.0,0.0026024970850309706,-0.03542616003020832,-0.00047309757711035583,0.004416734897920959,0.0013012485425154853,9.865684237990279e-06,0.001291382858277495,0.004442000503824888,0.007581706273360051,0.0
5002.723258386376,1.0,0.0025858427182731073,-0.03531504527604124,-0.0004693285469563679,0.004395555434418293,0.0012929213591365537,9.770588431016183e-06,0.0012831507707055372,0.0044205403359807004,0.007556985861492175,2.168404344971009e-19
5009.047813706713,1.0,0.002569362182393129,-0.03520471761725462,-0.0004656055786930992,0.004374571381963862,0.0012846810911965646,9.676831665403674e-06,0.0012750042595311608,0.004399279865024201,0.007532477695605045,0.0
5015.372369027049,1.0,0.002553052968009849,-0.03509516841522691,-0.00046192792491872006,0.004353780175817354,0.0012765264840049245,9.584389613579953e-06,0.0012669420943913444,0.0043782164436171845,0.007508179214198723,2.168404344971009e-19
5021.696924347386,1.0,0.0025369126118386137,-0.034986389158917594,-0.0004582948532478516,0.004333179294406564,0.0012684563059193069,9.493238484993618e-06,0.0012589630674343137,0.004357347469503349,0.0074840878954150845,-4.336808689942018e-19
5028.021479667723,1.0,0.002520938695665413,-0.034878371462505574,-0.0004547056459530383,0.004312766258444633,0.0012604693478327066,9.403355012220043e-06,0.0012510659928204866,0.004336670384573871,0.007460201256292736,0.0
5034.34603498806,1.0,0.0025051288453477303,-0.034771107063079836,-0.00045115959961611134,0.004292538630068464,0.0012525644226738652,9.314716437477907e-06,0.0012432497062363874,0.004316182673955751,0.007436516852038368,-2.168404344971009e-19
5040.670590308397,1.0,0.002489480729841395,-0.034664587818381346,-0.00044765602478914355,0.0042724940119977526,0.0012447403649206974,9.227300499543336e-06,0.001235513064421154,0.0042958818651223024,0.007413032275314064,0.0
5046.995145628734,1.0,0.002473992060252629,-0.03455880570459471,-0.00044419424566469233,0.004252630046714071,0.0012369960301263144,9.141085421048474e-06,0.0012278549447052663,0.004275765527025184,0.007389745155540267,-4.336808689942018e-19
5053.31970094907,1.0,0.0024586605889145557,-0.03445375281418832,-0.00044077359975504374,0.004232944415659452,0.0012293302944572778,9.056049896151781e-06,0.0012202742445611263,0.004255831269247356,0.007366653158213943,-2.168404344971009e-19
5059.6442562694065,1.0,0.002443484108487433,-0.0343494213538018,-0.0004373934375801764,0.004213434838453923,0.0012217420542437166,8.97217307856772e-06,0.001212769881165149,0.004236076741176373,0.007343753984241526,0.0
5065.968811589743,1.0,0.0024284604510819295,-0.03424580364217956,-0.00043405312236418134,0.004194099072131526,0.0012142302255409648,8.889434569944312e-06,0.0012053407909710205,0.0042164996311974965,0.0073210453692864426,0.0
5072.29336691008,1.0,0.0024135874874047516,-0.03414289210814912,-0.00043075202973987236,0.00417493491039426,0.0012067937437023758,8.807814408576873e-06,0.0011979859292937992,0.004197097665906018,0.007298525083130602,-2.168404344971009e-19
5078.617922230417,1.0,0.0023988631259259778,-0.03404067928864335,-0.0004274895474613411,0.0041559401828835055,0.0011994315629629889,8.727293058447241e-06,0.0011907042699045415,0.004177868609338317,0.007276190929049731,0.0
5084.942477550754,1.0,0.002384285312067464,-0.033939157826765244,-0.0004242650751242112,0.004137112754468462,0.001192142656033732,8.647851398577889e-06,0.001183494804635155,0.004158810262221129,0.007254040743202125,-6.505213034913027e-19
5091.26703287109,1.0,0.002369852027411716,-0.03383832046989431,-0.0004210780238933613,0.004118450524551115,0.001184926013705858,8.569470712690646e-06,0.0011763565429931673,0.004139920461238512,0.007232072394030419,2.168404344971009e-19
5097.591588191427,1.0,0.002355561288930615,-0.03373816006783355,-0.00041792781623788453,0.004099951426387312,0.0011777806444653075,8.492132679160359e-06,0.0011692885117861476,0.004121197078316046,0.007210283781676208,-4.336808689942018e-19
5103.916143511764,1.0,0.002341411148233471,-0.03363866957099593,-0.0004148138856730759,0.004081613426423531,0.0011707055741167355,8.415819361254016e-06,0.0011622897547554811,0.00410263801992182,0.007188672837407062,2.168404344971009e-19
5110.240698832101,1.0,0.0023273996908337894,-0.03353984202862943,-0.0004117356765092274,0.0040634345236488945,0.0011636998454168947,8.340513197646114e-06,0.0011553593322192485,0.0040842412263837,0.0071672375230557245,0.0
5116.565254152438,1.0,0.002313525035434265,-0.03344167058707961,-0.0004086926436070303,0.004045412748962042,0.0011567625177171326,8.266196993201564e-06,0.001148496320723931,0.004066004671222492,0.007145975830471132,0.0
5122.889809472775,1.0,0.002299785333229465,-0.03334414848808895,-0.0004056842521393909,0.00402754616455249,0.0011498926666147324,8.192853910017684e-06,0.001141699812704715,0.004047926360500567,0.0071248857809810455,-4.336808689942018e-19
5129.214364793112,1.0,0.002286178767225687,-0.033247269067131845,-0.0004027099773594627,0.004009832863296058,0.0011430893836128434,8.120467458716962e-06,0.0011349689161541264,0.004030004332185503,0.007103965424865942,0.0
5135.538920113448,1.0,0.002272703551577547,-0.03315102575178464,-0.00039976930437471826,0.00399227096816405,0.0011363517757887736,8.049021489982882e-06,0.0011283027542987904,0.004012236655528406,0.007083212840843964,2.168404344971009e-19
5141.8634754337845,1.0,0.002259357930940766,-0.03305541206012949,-0.00039686172792687257,0.0039748586316457404,0.001129678965470383,7.978500186330875e-06,0.0011217004652840517,0.003994621430456427,0.0070626261355665205,4.336808689942018e-19
5148.188030754121,1.0,0.0022461401798407653,-0.03296042159919162,-0.00039398675217749973,0.003957594035183952,0.0011230700899203827,7.908888054107486e-06,0.0011151612018662747,0.003977156786979233,0.007042203443124523,4.336808689942018e-19
5154.512586074458,1.0,0.002233048602056583,-0.0328660480634089,-0.00039114389049916284,0.003940475388623268,0.0011165243010282915,7.840169915710257e-06,0.0011086841311125813,0.00395984088460894,0.007021942924564787,0.0
5160.837141394795,1.0,0.0022200815300196966,-0.032772285233133,-0.00038833266527190215,0.003923500929670595,0.0011100407650098483,7.772330902021602e-06,0.0011022684341078265,0.00394267191179322,0.007001842767416425,2.168404344971009e-19
5167.161696715132,1.0,0.0022072373242273575,-0.03267912697316156,-0.0003855526076849289,0.003906668923367807,0.0011036186621136788,7.705356445050217e-06,0.0010959133056686282,0.003925648085361248,0.006981901185227079,4.336808689942018e-19
5173.486252035468,1.0,0.0021945143726699993,-0.032586567231300254,-0.00038280325754336454,0.003889977661576059,0.0010972571863349997,7.639232270773278e-06,0.0010896179540642265,0.0039087676499820955,0.006962116417108587,0.0
5179.810807355805,1.0,0.0021819110902723694,-0.03249460003695439,-0.00038008416307988953,0.003873425462471575,0.0010909555451361847,7.573944392173638e-06,0.0010833816007440105,0.0038920288776353234,0.006942486727292062,4.336808689942018e-19
5186.135362676142,1.0,0.0021694259183479936,-0.0324032194997493,-0.00037739488077115634,0.0038570106700525726,0.0010847129591739968,7.5094791024658356e-06,0.001077203480071531,0.003875430067093415,0.006923010404692007,0.0
5192.459917996479,1.0,0.002157057324066587,-0.03231241980817846,-0.00037473497515882516,0.0038407316536570105,0.0010785286620332935,7.4458229685050995e-06,0.001071082839064788,0.003858969543415729,0.0069036857624793025,4.336808689942018e-19
5198.784473316816,1.0,0.002144803799934095,-0.03222219522827921,-0.00037210401867509907,0.0038245868074909518,0.0010724018999670475,7.382962824373994e-06,0.001065018937142673,0.0038426456574537273,0.0068845111376629005,4.336808689942018e-19
5205.109028637153,1.0,0.0021326638632850076,-0.032132540102335155,-0.00036950159147262603,0.003808574550167243,0.0010663319316425038,7.32088576514121e-06,0.001059011045877362,0.003826456785367165,0.006865484890679983,6.505213034913027e-19
5211.433583957489,1.0,0.0021206360557865936,-0.0320434488476045,-0.0003669272812586402,0.003792693324254223,0.0010603180278932968,7.259579140787203e-06,0.00105305844875251,0.0038104013281509345,0.006846605404994356,-2.168404344971009e-19
5217.758139277826,1.0,0.0021087189429547654,-0.03195491595507394,-0.0003643806831332297,0.0037769415958342632,0.0010543594714773827,7.199030550291855e-06,0.0010471604409270907,0.0037944777111723438,0.006827871086702978,0.0
5224.082694598163,1.0,0.0020969111136812497,-0.031866935988237526,-0.0003618613994316109,0.0037613178540718707,0.0010484555568406248,7.139227835879212e-06,0.0010413163290047454,0.0037786843837185483,0.006809280364150373,2.168404344971009e-19
5230.4072499184995,1.0,0.002085211179771749,-0.03177950358189963,-0.0003593690395702938,0.0037458206107910874,0.0010426055898858746,7.080159077414496e-06,0.0010355254308084601,0.003763019818553842,0.006790831687550709,0.0
5236.731805238836,1.0,0.0020736177754948197,-0.03169261344100176,-0.00035690321989703656,0.0037304484000620173,0.0010368088877474098,7.021812586949068e-06,0.0010297870751604606,0.0037474825114866294,0.006772523528617495,2.168404344971009e-19
5243.056360559173,1.0,0.002062129557141176,-0.031606260339472586,-0.00035446356354447645,0.0037151997777962035,0.001031064778570588,6.964176903408805e-06,0.0010241006016671796,0.0037320709809457817,0.006754354380200593,-4.336808689942018e-19
5249.380915879509,1.0,0.002050745202593128,-0.03152043911910047,-0.00035204970028733875,0.0037000733213506487,0.001025372601296564,6.9072407874216136e-06,0.0010184653605091426,0.0037167837675661504,0.006736322755930419,-2.168404344971009e-19
5255.705471199846,1.0,0.002039463410903912,-0.03143514468842826,-0.0003496612664031232,0.0036850676291402882,0.001019731705451956,6.850993216280131e-06,0.0010128807122356757,0.0037016194337830383,0.006718427189869218,2.168404344971009e-19
5262.030026520183,1.0,0.002028282901886635,-0.03135037202166969,-0.0003472979045361736,0.003670181320258689,0.0010141414509433175,6.795423379035516e-06,0.0010073460275642817,0.003686576563435382,0.006700666236169185,2.168404344971009e-19
5268.35458184052,1.0,0.0020172024157125924,-0.031266116157646844,-0.00034495926356503486,0.0036554130341067883,0.0010086012078562962,6.740520671718564e-06,0.0010018606871845773,0.0036716537613774433,0.00668303846873733,4.336808689942018e-19
5274.679137160857,1.0,0.002006220712518693,-0.031182372198748292,-0.00034264499847300764,0.003640761430029439,0.0010031103562593464,6.6862746926842865e-06,0.0009964240815666624,0.003656849653098767,0.006665542480906859,-2.168404344971009e-19
5281.003692481194,1.0,0.0019953365720237906,-0.031099135309907457,-0.000340354770221817,0.0036262251869596503,0.0009976682860118953,6.632675238076648e-06,0.0009910356107738184,0.0036421628843522767,0.006648176885115065,2.168404344971009e-19
5287.32824780153,1.0,0.001984548793153645,-0.03101640071760062,-0.00033808824562830205,0.003611803003070232,0.0009922743965768224,6.5797122974095835e-06,0.0009856946842794127,0.0036275921207902036,0.006630940312587395,0.0
5293.652803121867,1.0,0.001973856193674336,-0.030934163708864284,-0.0003358450972440554,0.0035974935954327714,0.000986928096837168,6.5273760492613395e-06,0.0009804007207879068,0.0036131360476077674,0.006613831413027734,0.0
5299.977358442204,1.0,0.0019632576098338795,-0.030852419630331345,-0.0003336250032379223,0.003583295699683693,0.0009816288049169398,6.475656857078576e-06,0.0009751531480598613,0.0035987933691943403,0.006596848854314653,-1.0842021724855044e-19
5306.301913762541,1.0,0.0019527518960118413,-0.030771163887285673,-0.0003314276472812876,0.0035692080696972488,0.0009763759480059206,6.424545265087186e-06,0.0009699514027408335,0.0035845628087919413,0.006579991322203513,0.0
5312.6264690828775,1.0,0.0019423379243767608,-0.030690391942734797,-0.00032925271843607656,0.003555229477265304,0.0009711689621883804,6.374031994306837e-06,0.0009647949301940736,0.0035704431081609008,0.006563257520034344,0.0
5318.951024403214,1.0,0.0019320145845511598,-0.03061009931650005,-0.00032709991104539165,0.0035413587117837124,0.0009660072922755799,6.324107938666149e-06,0.0009596831843369137,0.0035564330272524884,0.006546646168445305,0.0
5325.27557972355,1.0,0.0019217807832839636,-0.030530281584324102,-0.00032496892462671923,0.003527594579945152,0.0009608903916419818,6.2747641612157295e-06,0.000954615627480766,0.0035425313438883586,0.006530156005091624,0.0
5331.600135043887,1.0,0.0019116354441301364,-0.030450934376995205,-0.0003228594637676375,0.003513935905438275,0.0009558177220650682,6.225991890436317e-06,0.000949591730174632,0.00352873685344666,0.006513785784369958,-1.0842021724855044e-19
5337.924690364224,1.0,0.0019015775071373562,-0.03037205337948803,-0.00032077123802395614,0.0035003815286529867,0.0009507887535686781,6.177782516639221e-06,0.0009446109710520388,0.0035150483685546124,0.006497534277147908,0.0
5344.249245684561,1.0,0.001891605928539535,-0.030293634330120497,-0.0003187039618202253,0.0034869303063917575,0.0009458029642697675,6.130127588456611e-06,0.0009396728366813107,0.0035014647187874425,0.006481400270498772,1.0842021724855044e-19
5350.573801004898,1.0,0.0018817196804570438,-0.030215673019726472,-0.00031665735435255384,0.0034735811115867953,0.0009408598402285219,6.0830188094190585e-06,0.0009347768214191029,0.003487984750373504,0.0064653825674412645,0.0
5356.898356325235,1.0,0.0018719177506034347,-0.030138165290843802,-0.0003146311394936692,0.003460332833022933,0.0009359588753017174,6.036448034617803e-06,0.0009299224272670995,0.0034746073259054188,0.006449479986684119,0.0
5363.222911645571,1.0,0.0018621991419985342,-0.030061107036917462,-0.0003126250457001687,0.003447184375066144,0.0009310995709992671,5.990407267449597e-06,0.0009251091637318175,0.003461331324057146,0.0064336913623755845,0.0
5369.547466965908,1.0,0.0018525628726877251,-0.029984494201517477,-0.0003106388059218978,0.0034341346573975033,0.0009262814363438626,5.944888656441625e-06,0.000920336547687421,0.0034481556393067946,0.006418015543857569,-1.0842021724855044e-19
5375.872022286244,1.0,0.0018430079754672753,-0.0299083227775712,-0.00030867215751340327,0.0034211826147524907,0.0009215039877336377,5.899884492154334e-06,0.0009156041032414833,0.0034350791816650556,0.006402451395424352,1.0842021724855044e-19
948.6832980505137,5.0,0.00021741395766235058,0.01042284995555804,3.223261268517236e-06,7.724514298615698e-05,0.00010870697883117529,1.4943003820392402e-08,0.00010869203582735489,0.00038656181679509424,0.00013746131095777455,1.3552527156068805e-20
955.0078533708504,5.0,0.0002209094165483595,0.010506231197308862,3.3232484791239493e-06,7.900815880684605e-05,0.00011045470827417975,1.563333284625451e-08,0.00011043907494133351,0.00039539009656609396,0.0001415361381196007,-1.3552527156068805e-20
961.3324086911872,5.0,0.00022444621718455582,0.010589927732425269,3.4258454404772946e-06,8.080248172511202e-05,0.00011222310859227791,1.6351943674797752e-08,0.00011220675664860314,0.0004043753661488018,0.00014570923831923625,-2.710505431213761e-20
967.656964011524,5.0,0.00022802483202589323,0.010673943080748477,3.531111372370165e-06,8.262857084236449e-05,0.00011401241601294662,1.709987366743932e-08,0.0001139953161392792,0.0004135199350386789,0.000149982556860277,-2.710505431213761e-20
973.9815193318607,5.0,0.00023164574122281972,0.010758280798979456,3.63910678031091e-06,8.448689232729787e-05,0.00011582287061140986,1.7878195183207323e-08,0.00011580499241622664,0.0004228261484724818,0.00015435807357244106,1.3552527156068805e-20
980.3060746521975,5.0,0.00023530943275937882,0.010842944481265038,3.749893485597316e-06,8.63779195502303e-05,0.00011765471637968941,1.868801671744846e-08,0.00011763602836297197,0.0004322963881117729,0.0001588378034684086,-1.3552527156068805e-20
986.6306299725343,5.0,0.0002390164025943452,0.010927937759794311,3.863534656171754e-06,8.830213322026502e-05,0.0001195082012971726,1.953048407822218e-08,0.00011948867081309438,0.00044193307274090926,0.0001634237974150168,0.0
992.9551852928711,5.0,0.0002427671548054683,0.011013264305405508,3.980094838279718e-06,9.026002152534221e-05,0.00012138357740273415,2.0406781601692354e-08,0.00012136317062113243,0.00045173865897986143,0.0001681181428191512,2.710505431213761e-20
999.2797406132078,5.0,0.0002465622017369023,0.01109892782820364,4.099639988954746e-06,9.225208027525294e-05,0.00012328110086845114,2.1318133407876876e-08,0.00012325978273504325,0.00046171564201223327,0.00017292296432869054,0.0
1005.6042959335446,5.0,0.0002504020641498991,0.011184932078189028,4.222237509353295e-06,9.427881304768611e-05,0.00012520103207494954,2.2265804698164845e-08,0.0001251787662702514,0.0004718665563288507,0.00017784042454886304,0.0
1011.9288512538814,5.0,0.00025428727137684993,0.011271280845897106,4.347956278964097e-06,9.634073133738445e-05,0.00012714363568842497,2.3251103096064684e-08,0.00012712038458532888,0.00048219397648731246,0.00018287272477439026,2.710505431213761e-20
1018.253406574218,5.0,0.0002582183614787538,0.011357977963049576,4.47686669071706e-06,9.843835470848494e-05,0.0001291091807393769,2.4275380032699878e-08,0.00012908490535934418,0.0004927005178878938,0.0001880221057378002,0.0
1024.5779618945548,5.0,0.00026219588140620497,0.011445027303217337,4.609040687017842e-06,0.00010057221095012297,0.00013109794070310249,2.534003217862655e-08,0.00013107260067092382,0.0005033888375662153,0.0001932908483743015,5.421010862427522e-20
1030.9025172148915,5.0,0.0002662203871639829,0.011532432782495286,4.744551796734758e-06,0.00010274283623538022,0.00013311019358199145,2.6446502923605144e-08,0.0001330837470790679,0.0005142616350030901,0.00019868127460362364,-5.421010862427522e-20
1037.2270725352284,5.0,0.0002702924439793404,0.01162019836018939,4.883475173165847e-06,0.00010495077528366026,0.0001351462219896702,2.7596283906020698e-08,0.00013511862570576415,0.0005253216529519861,0.00020419574812923739,0.0
1043.551627855565,5.0,0.00027441262647407994,0.011708328039516215,5.025887633014526e-06,0.0001071965815265757,0.00013720631323703997,2.8790916593708695e-08,0.00013717752232044624,0.0005365716782845391,0.00020983667525537993,2.710505431213761e-20
1049.8761831759018,5.0,0.0002785815188405178,0.011796825868315196,5.1718676964034275e-06,0.00010948081727743638,0.0001392907594202589,3.003199391801128e-08,0.0001392607274263409,0.0005480145428545787,0.00021560650572232667,0.0
1056.2007384962385,5.0,0.00028279971502143315,0.01188569593977398,5.3214956279567255e-06,0.00011180405390442604,0.00014139985751071657,3.1321161962955416e-08,0.00014136853634875366,0.0005596531243811242,0.0002215077335603511,-5.421010862427522e-20
1062.5252938165752,5.0,0.00028706781889410623,0.011974942393167078,5.474853478982484e-06,0.00011416687200756291,0.00014353390944705312,3.2660121711518943e-08,0.00014350124932534158,0.0005714903473508449,0.0002275428979628443,2.710505431213761e-20
1068.849849136912,5.0,0.0002913864444585505,0.012064569414608192,5.632025130787397e-06,0.00011656986159953732,0.00014569322222927525,3.405063085102276e-08,0.0001456591715984243,0.0005835291839404672,0.00023371458417906216,-5.421010862427522e-20
1075.1744044572488,5.0,0.00029575621603004535,0.012154581237816407,5.793096339157377e-06,0.00011901362229052448,0.00014787810801502268,3.549450563976596e-08,0.0001478426135093829,0.0005957726549596412,0.00024002542442698915,2.710505431213761e-20
1081.4989597775855,5.0,0.00030017776843608386,0.012244982144896712,5.958154780038663e-06,0.00012149876347707375,0.00015008888421804193,3.699362283710202e-08,0.00015005189059520482,0.0006082238308147916,0.0002464780988268223,0.0
1087.8235150979224,5.0,0.0003046517472178493,0.012335776467135054,6.127290096455066e-06,0.00012402590453517668,0.00015232587360892465,3.854992169923718e-08,0.0001522873236872254,0.0006208858324944868,0.0002530753363555866,0.0
1094.148070418259,5.0,0.00030917880883633717,0.012426968585808293,6.300593946698295e-06,0.00012659567501762103,0.00015458940441816858,4.016540604312072e-08,0.00015454923901212547,0.0006337618325768816,0.00025981991582341694,0.0
1100.4726257385958,5.0,0.00031375962088324704,0.012518562933009415,6.478160053829416e-06,0.00012920871485573953,0.00015687981044162352,4.1842146380887084e-08,0.0001568379682952426,0.0006468550562598014,0.0002667146668720444,2.710505431213761e-20
1106.7971810589327,5.0,0.0003183948622967699,0.012610563992488366,6.660084256530883e-06,0.00013186567456566607,0.00015919743114838495,4.358228212740561e-08,0.00015915384886625752,0.0006601687824140551,0.0002737624709960513,2.710505431213761e-20
1113.1217363792694,5.0,0.00032308522358239633,0.012702976300508756,6.8464645613496375e-06,0.00013456721545921442,0.00016154261179119817,4.538802388359114e-08,0.00016149722376731458,0.0006737063446605735,0.0002809662625874677,0.0
1119.446291699606,5.0,0.0003278314070388845,0.012795804446720961,7.0374011963735045e-06,0.00013731400985949964,0.00016391570351944224,4.726165579823371e-08,0.00016386844186364396,0.0006874711324720022,0.00028832903000430306,2.710505431213761e-20
1125.770847019943,5.0,0.0003326341269895197,0.012889053075051862,7.232996666384073e-06,0.00014010674132142257,0.00016631706349475985,4.920553801120985e-08,0.00016626785795674864,0.0007014665922993757,0.0002958538166636171,0.0
1132.0954023402796,5.0,0.0003374941100188105,0.012982726884611653,7.433355809531059e-06,0.00014294610485714507,0.00016874705500940525,5.1222109181052504e-08,0.00016869583290022422,0.0007156962287245372,0.00030354372215975916,-2.710505431213761e-20
1138.4199576606163,5.0,0.0003424120952147667,0.013076830630618185,7.638585855574525e-06,0.00014583280716668536,0.00017120604760738334,5.331388909997155e-08,0.00017115273371828339,0.0007301636056389798,0.00031140190340841887,-2.710505431213761e-20
1144.7445129809532,5.0,0.0003473888344169058,0.013171369125339102,7.848796485742728e-06,0.0001487675668737647,0.0001736944172084529,5.5483481399536646e-08,0.0001736389337270534,0.0007448723474497939,0.00031943157581714447,-2.710505431213761e-20
1151.06906830129,5.0,0.00035242509247014836,0.013266347239052317,8.064099894255319e-06,0.00015175111476704574,0.00017621254623507418,5.773357635036405e-08,0.00017615481265872385,0.0007598261403134539,0.0003276360144830169,-2.710505431213761e-20
1157.3936236216266,5.0,0.00035752164748475686,0.013361769901025217,8.284610851562992e-06,0.00015478419404690096,0.00017876082374237843,6.00669537592763e-08,0.00017870075678861925,0.0007750287333981644,0.0003360185554181711,-8.131516293641283e-20
1163.7181789419635,5.0,0.0003626792911024841,0.01345764210051298,8.51044676935654e-06,0.0001578675605778576,0.00018133964555124205,6.248648596754398e-08,0.00018127715906527452,0.0007904839401755357,0.0003445825968038901,0.0
1170.0427342623002,5.0,0.0003678988287691017,0.013553968887776555,8.741727767400144e-06,0.00016100198314686925,0.00018394941438455085,6.499514095396027e-08,0.0001838844192435969,0.000806195639742366,0.00035333160027400956,0.0
1176.3672895826369,5.0,0.0003731810800134821,0.01365075537512069,8.978576742245432e-06,0.0001641882437275664,0.00018659054000674105,6.759598554664784e-08,0.00018652294402119444,0.0008221677781733352,0.0003622690922283936,-2.710505431213761e-20
1182.6918449029738,5.0,0.00037852687873341406,0.013748006737952493,9.221119437884945e-06,0.00016742713775064633,0.00018926343936670703,7.029218874765409e-08,0.0001891931471779594,0.0008384043699054418,0.0003713986651772696,-2.710505431213761e-20
1189.0164002233105,5.0,0.0003839370734883382,0.013845728215861056,9.469484518405515e-06,0.00017071947438056362,0.0001919685367441691,7.30870251745506e-08,0.00019189544971899447,0.000854909499155031,0.0003807239791172215,8.131516293641283e-20
1195.3409555436474,5.0,0.00038941252779919563,0.01394392511371864,9.723803642704323e-06,0.00017406607679869155,0.00019470626389959781,7.598387862342462e-08,0.0001946302800209744,0.0008716873213683025,0.00039024876293967844,0.0
1201.665510863984,5.0,0.00039495412045558164,0.014042602802803813,9.984211541332316e-06,0.00017746778249312466,0.00019747706022779082,7.898624575782267e-08,0.00019739807398203303,0.000888742064706193,0.00039997681587274807,-2.710505431213761e-20
1207.9900661843208,5.0,0.00040056274583041894,0.014141766721947327,1.0250846095532309e-05,0.0001809254435553046,0.00020028137291520947,8.209773992839499e-08,0.00020019927517528105,0.0009060780315645832,0.00040991200895727656,2.710505431213761e-20
1214.3146215046577,5.0,0.0004062393142023475,0.01424142237870098,1.052384841854087e-05,0.00018443992698364807,0.00020311965710117374,8.532209512817466e-08,0.00020303433500604563,0.0009236996001307711,0.000420058286558035,-5.421010862427522e-20
1220.6391768249944,5.0,0.0004119847520860598,0.014341575350530244,1.08033629392261e-05,0.00018801211499436986,0.0002059923760430299,8.8663170088632e-08,0.0002059037128729413,0.0009416112259772184,0.00043041966791096723,-5.421010862427522e-20
1226.963732145331,5.0,0.000417800002570799,0.014442231286031131,1.1089537488135603e-05,0.0001916429053396952,0.0002089000012853995,9.212495252185035e-08,0.00020880787633287766,0.000959817443693593,0.0004410002487074622,0.0
1233.288287465668,5.0,0.0004236860256672529,0.014543395906171904,1.1382523386031476e-05,0.0001953332116336597,0.00021184301283362644,9.571156351438408e-08,0.00021174730127011202,0.0009783228685581468,0.00045180420271662375,2.710505431213761e-20
1239.6128427860046,5.0,0.0004296437986630837,0.014645075005560282,1.168247553499227e-05,0.00019908396368570748,0.00021482189933154185,9.942726207859446e-08,0.00021472247206946325,0.0009971321982495322,0.00046283578344657046,0.0
1245.9373981063413,5.0,0.00043567431648733714,0.01474727445373666,1.1989552512164147e-05,0.0002028961078422974,0.00021783715824366857,1.0327644986748779e-07,0.0002177338817938011,0.0010162502146001634,0.0004740993258457985,-2.710505431213761e-20
1252.2619534266782,5.0,0.00044177859208398946,0.014850000196494144,1.2303916666246922e-05,0.00020677060733673968,0.00022088929604199473,1.0726367605933535e-07,0.00022078203236593544,0.0010356817853922862,0.0004855992480456941,-5.421010862427522e-20
1258.586508747015,5.0,0.00044795765679488835,0.014953258257225857,1.2625734216803243e-05,0.00021070844264748704,0.00022397882839744418,1.1139364241860672e-07,0.00022386743475502562,0.0010554318661979405,0.0004973400531452991,-5.421010862427522e-20
1264.9110640673516,5.0,0.0004542125607523694,0.015057054738300428,1.295517535648283e-05,0.00021471061186511693,0.0002271062803761847,1.1567120854002526e-07,0.00022699060916764457,0.0010755055022640529,0.0005093263310394784,1.0842021724855044e-19
1271.2356193876885,5.0,0.0004605443732818173,0.015161395822466171,1.3292414356256437e-05,0.00021877813106824232,0.00023027218664090865,1.2010139728282857e-07,0.00023015208524362592,0.0010959078304439136,0.0005215627602916598,-1.0842021724855044e-19
1277.5601747080252,5.0,0.00046695418331446604,0.015266287774284683,1.3637629673757925e-05,0.00022291203470860025,0.00023347709165723302,1.2468940040261692e-07,0.00023335240225683048,0.0011166440811763475,0.0005340541100523602,-8.131516293641283e-20
1283.884730028362,5.0,0.0004734430998107426,0.015371736941594836,1.3991004064836707e-05,0.00022711337600557762,0.0002367215499053713,1.294405843884829e-07,0.00023659210932098284,0.0011377195805139459,0.0005468052420247602,0.0
1290.2092853486986,5.0,0.00048001225219445053,0.01547774975700754,1.435272469842546e-05,0.00023138322735043055,0.00024000612609722526,1.3436049651342454e-07,0.00023987176560071185,0.0011591397522017117,0.0005598211124785864,0.0
1296.5338406690353,5.0,0.0004866627907981235,0.015584332739432384,1.4722983274833231e-05,0.00023572268072047744,0.00024333139539906175,1.394548711063979e-07,0.00024319194052795532,0.001180910119807591,0.0005731067743136594,2.710505431213761e-20
1302.8583959893722,5.0,0.0004933958873198767,0.01569149249563682,1.5101976147577032e-05,0.00024013284810354296,0.00024669794365993837,1.4472963605470303e-07,0.0002465532140238836,0.0012030363089063564,0.0005866673791744535,5.421010862427522e-20
1309.1829513097089,5.0,0.0005002127352920886,0.015799235721838653,1.5489904448869274e-05,0.00024461486193294,0.0002501063676460443,1.50190919545766e-07,0.0002499561767264984,0.001225524049318356,0.0006005081796170792,1.0842021724855044e-19
1315.5075066300456,5.0,0.0005071145505622811,0.015907569205332917,1.5886974218883554e-05,0.0002491698755332953,0.00025355727528114056,1.5584505705777336e-07,0.0002534014302240827,0.0012483791774047393,0.0006146345313301488,1.0842021724855044e-19
1321.8320619503825,5.0,0.000514102571786546,0.016016499826153684,1.6293396538924456e-05,0.0002537990635775199,0.000257051285893273,1.6169859860900157e-07,0.00025688958729466396,0.0012716076384207574,0.0006290518954110131,0.0
1328.1566172707192,5.0,0.0005211780609359055,0.016126034558772036,1.670938766863295e-05,0.0002585036225552468,0.00026058903046795274,1.6775831627611548e-07,0.00026042127215167657,0.0012952154889288325,0.00064376584069891,5.421010862427522e-20
1334.4811725910558,5.0,0.000528342303815993,0.01623618047383089,1.7135169187363044e-05,0.00026328477125306415,0.0002641711519079965,1.7403121199214465e-07,0.0002639971206960044,0.001319208899273139,0.0006587820461666265,-5.421010862427522e-20
1340.8057279113928,5.0,0.0005355966106004572,0.01634694473991778,1.757096813987081e-05,0.0002681437512468808,0.0002677983053002286,1.8052452563530365e-07,0.00026761778077459336,0.0013435941561174775,0.0006741063033722998,-5.421010862427522e-20
1347.1302832317294,5.0,0.0005429423163785025,0.01645833462537642,1.801701718646176e-05,0.000273081827406775,0.00027147115818925127,1.8724574342030225e-07,0.000271283912445831,0.0013683776650482945,0.0006897445189730513,-5.421010862427522e-20
1353.4548385520661,5.0,0.0005503807817170078,0.016570357500158332,1.8473554757748803e-05,0.00027810028841468903,0.0002751903908585039,1.942026066043019e-07,0.00027499618825189954,0.0013935659532447753,0.0007057027173022044,5.421010862427522e-20
1359.779393872403,5.0,0.0005579133932376553,0.01668302083771525,1.8940825214177693e-05,0.00028320044729534134,0.00027895669661882764,2.014031205201886e-07,0.0002787552934983073,0.001419165672217971,0.0007219870430118768,1.6263032587282567e-19
1366.1039491927397,5.0,0.0005655415642095424,0.01679633221693361,1.9419079010483636e-05,0.0002883836419607392,0.0002827707821047712,2.0885556395038804e-07,0.00028256192654082076,0.001445183600621001,0.000738603763782793,5.421010862427522e-20
1372.4285045130764,5.0,0.0005732667351577504,0.016910299324112175,1.990857286524871e-05,0.00029365123576869485,0.0002866333675788752,2.1656849885503134e-07,0.00028641679908002015,0.0014716266471324557,0.0007555592731032489,5.421010862427522e-20
1378.7530598334133,5.0,0.0005810903744883628,0.017024929954983902,2.0409569935735888e-05,0.00029900461809575076,0.0002905451872441814,2.2455078046886864e-07,0.00029032063646371257,0.0014985018534151655,0.0007728600931191835,-5.421010862427522e-20
1385.07761515375,5.0,0.000589013979130446,0.017140232016783226,2.0922339998182536e-05,0.0003044452049249399,0.000294506989565223,2.3281156778197047e-07,0.0002942741779974411,0.001525816397152588,0.0007905128775573962,-5.421010862427522e-20
1391.4021704740867,5.0,0.000597039075195528,0.017256213530360068,2.1447159633743375e-05,0.0003099744394488222,0.000298519537597764,2.41360334419917e-07,0.00029827817726334416,0.0015535775951651626,0.0008085244147240192,-5.421010862427522e-20
1397.7267257944236,5.0,0.0006051672186551156,0.01737288263234168,2.1984312420279556e-05,0.00031559379268824564,0.0003025836093275578,2.502068799398595e-07,0.0003023334024476179,0.0015817929066090147,0.0008269016305803975,5.421010862427522e-20
1404.0512811147603,5.0,0.0006133999960368216,0.01749024757734371,2.2534089130198764e-05,0.00032130476412730186,0.0003066999980184108,2.5936134155957205e-07,0.0003064406366768513,0.0016104699362595133,0.0008456515918986179,-5.421010862427522e-20
1410.375836435097,5.0,0.0006217390251396939,0.017608316740231746,2.3096787934558874e-05,0.00032710888236496034,0.00031086951256984694,2.6883420633736863e-07,0.00031060067836350964,0.0016396164378822524,0.0008647815094989937,-5.421010862427522e-20
1416.7003917554337,5.0,0.0006301859557693553,0.01772709861843483,2.367271461365632e-05,0.0003330077057838825,0.00031509297788467764,2.7863632382156115e-07,0.000314814341560856,0.0016692403176941334,0.0008842987415718942,5.421010862427522e-20
1423.0249470757703,5.0,0.000638742470493579,0.017846601834312185,2.4262182774327888e-05,0.000339002823236926,0.0003193712352467895,2.887789191889534e-07,0.00031908245632760075,0.0016993496379172635,0.0009042107970863552,-2.168404344971009e-19
1429.3495023961073,5.0,0.0006474102854189679,0.01796683513757471,2.4865514074205483e-05,0.00034509585475188246,0.00032370514270948397,2.992736068927672e-07,0.0003234058691025912,0.0017299526204285686,0.0009245253392880341,0.0
1435.674057716444,5.0,0.0006561911509894037,0.018087807407762804,2.548303845317072e-05,0.00035128845225499273,0.00032809557549470184,3.101324048412852e-07,0.00032778544308986057,0.0017610576505080271,0.0009452501892891064,0.0
1441.9986130367806,5.0,0.0006650868528069767,0.018209527656781885,2.611509437226769e-05,0.00035758230031381565,0.00033254342640348834,3.213677491294807e-07,0.0003322220586543587,0.0017926732806885942,0.0009663933297528253,1.6263032587282567e-19
1448.3231683571175,5.0,0.0006740992124761252,0.018332005031497418,2.676202906034143e-05,0.0003639791169000399,0.0003370496062380626,3.3299250934689865e-07,0.0003367166137287158,0.0018248082347109755,0.0009879629086755309,-1.0842021724855044e-19
1454.6477236774542,5.0,0.0006832300884717354,0.018455248816390876,2.7424198768680565e-05,0.00037048065417284677,0.0003416150442358677,3.450200044861115e-07,0.0003412700242313816,0.001857471411586492,0.0010099672432689845,0.0
1460.972278997791,5.0,0.0006924813770319954,0.018579268436278593,2.8101969033953937e-05,0.0003770886992834601,0.0003462406885159977,3.574640194771928e-07,0.00034588322449652045,0.0018906718897714451,0.001032414823946021,5.421010862427522e-20
1467.2968343181278,5.0,0.0007018550130768071,0.01870407345909502,2.879571494974245e-05,0.00038380507520153524,0.00035092750653840357,3.703388223748073e-07,0.0003505571677160287,0.001924418931456473,0.0010553143184125963,5.421010862427522e-20
1473.6213896384645,5.0,0.000711352971152604,0.01882967359874231,2.9505821446978922e-05,0.0003906316415640586,0.000355676485576302,3.836591822257305e-07,0.0003552928263940763,0.0019587219869744927,0.0010786745758693836,-5.421010862427522e-20
1479.9459449588012,5.0,0.0007209772664044559,0.018956078718008175,3.023268358362317e-05,0.00039757029554746923,0.00036048863320222796,3.974403876459238e-07,0.00036009119281458206,0.001993590699331043,0.0011025046313262435,0.0
1486.270500279138,5.0,0.0007307299555763585,0.019083298831553797,3.097670684391022e-05,0.0004046229727637138,0.0003653649777881793,4.1169826613759656e-07,0.00036495327952204174,0.002029034908860852,0.0011268137100329278,-5.421010862427522e-20
1492.5950555994748,5.0,0.0007406131380406558,0.019211344108973856,3.1738307447525284e-05,0.0004117916481809907,0.0003703065690203279,4.264492041781262e-07,0.00036988011981614984,0.0020650646580146737,0.001151611232029525,-5.421010862427522e-20
1498.9196109198117,5.0,0.0007506289568575782,0.019340224877930794,3.251791266907331e-05,0.0004190783370699624,0.0003753144784287891,4.417101681141962e-07,0.0003748727682606748,0.002101690196280594,0.001176906816820297,1.0842021724855044e-19
1505.2441662401484,5.0,0.0007607795998659034,0.01946995162736533,3.331596116822485e-05,0.0004264850959762322,0.0003803897999329517,4.5749872589604666e-07,0.0003799323012070556,0.0021389219852440775,0.0012027102881746207,5.421010862427522e-20
1511.568721560485,5.0,0.0007710673008058064,0.019600535010785545,3.413290333093747e-05,0.00043401402371992596,0.0003855336504029032,4.7383306968839894e-07,0.00038505981733321493,0.002176770703791281,0.0012290316790589306,-1.0842021724855044e-19
1517.893276880822,5.0,0.0007814943404749792,0.019731985849636653,3.496920162216635e-05,0.00044166726242323004,0.0003907471702374896,4.907320393963052e-07,0.0003902564381980934,0.0022152472534602207,0.0012558812367036373,-5.421010862427522e-20
1524.2178322011587,5.0,0.0007920630479191743,0.01986431513675401,3.582533095049709e-05,0.00044944699856678817,0.0003960315239595872,5.082151471460178e-07,0.0003955233088124411,0.002254362763944654,0.0012832694278091823,5.421010862427522e-20
1530.5423875214954,5.0,0.0008027758016583456,0.01999753403990162,3.6701779045150445e-05,0.00045735546407587696,0.0004013879008291728,5.263026027628496e-07,0.00040086159822640995,0.0022941285987556352,0.0013112069438954996,0.0
1536.8669428418323,5.0,0.0008136350309496103,0.02013165390539865,3.759904684582709e-05,0.0004653949374373154,0.00040681751547480517,5.450153402899935e-07,0.0004062725001345151,0.002334556361045913,0.0013397047067993,1.0842021724855044e-19
1543.191498162169,5.0,0.0008246432170883232,0.020266686261836708,3.851764890588203e-05,0.00047356774484810495,0.0004123216085441616,5.643750455943916e-07,0.00041175723349856717,0.0023756578996025324,0.001368773874323747,5.421010862427522e-20
1549.5160534825056,5.0,0.0008358028947485736,0.020402642823890337,3.9458113809337206e-05,0.00048187626139682997,0.0004179014473742868,5.844041851079414e-07,0.00041731704318917874,0.0024174453150132297,0.0013984258460452976,1.0842021724855044e-19
1555.8406088028426,5.0,0.0008471166533644996,0.020539535496223737,4.042098460226304e-05,0.0004903229122788769,0.0004235583266822498,6.051260357546389e-07,0.00042295320064649513,0.002459930966012337,0.001428672269282525,5.421010862427522e-20
1562.1651641231792,5.0,0.0008585871385538388,0.020677376377496313,4.140681923908216e-05,0.0004989101740465855,0.0004292935692769194,6.265647161167309e-07,0.00042866700456080267,0.00250312747601222,0.001459525045232066,0.0
1568.489719443516,5.0,0.00087021705358522,0.020816177764470277,4.241619104437273e-05,0.0005076405758954736,0.00043510852679261,6.48745218895502e-07,0.0004344597815737146,0.0025470477398264486,0.0014909963352768762,-1.0842021724855044e-19
1574.8142747638528,5.0,0.0008820091608907392,0.020955952156223166,4.344968919077232e-05,0.0005165167009877237,0.0004410045804453696,6.716934447250407e-07,0.0004403328870006445,0.0025917049305911365,0.0015230985674722446,5.421010862427522e-20
1581.1388300841895,5.0,0.0008939662836254351,0.021096712258468573,4.4507919193610203e-05,0.0005255411878141605,0.0004469831418127176,6.954362374001591e-07,0.0004462877055753173,0.0026371125068911246,0.0015558444432151345,1.0842021724855044e-19
1587.4633854045262,5.0,0.0009060913072753514,0.021238470987988364,4.5591503422923625e-05,0.0005347167315960081,0.0004530456536376757,7.200014205826998e-07,0.00045232565221709305,0.002683284220098012,0.0015892469441027297,-5.421010862427522e-20
1593.7879407248631,5.0,0.0009183871813159126,0.021381241477179604,4.670108163353936e-05,0.0005440460857277329,0.0004591935906579563,7.454178360535255e-07,0.000458448172821903,0.0027302341219271387,0.001623319338986096,-2.168404344971009e-19
1600.1124960451998,5.0,0.0009308569209224614,0.021525037078720024,4.7837311513935716e-05,0.0005535320632623674,0.0004654284604612307,7.717153835809371e-07,0.0004646567450776496,0.002777976572221114,0.0016580751912252678,1.6263032587282567e-19
1606.4370513655365,5.0,0.0009435036087348277,0.021669871370355448,4.900086925462754e-05,0.0005631775384407285,0.00047175180436741384,7.989250624796682e-07,0.00047095287930493416,0.002826526246967589,0.0016935283661521357,0.0
1612.7616066858734,5.0,0.0009563303966779081,0.021815758159812886,5.019245013685203e-05,0.0005729854482660166,0.00047816519833895405,8.270790149383709e-07,0.0004773381193240156,0.0028758981465593857,0.001729693038747844,5.421010862427522e-20
1619.08616200621,5.0,0.0009693405078403152,0.021962711489843453,5.141276914236622e-05,0.0005829587941253276,0.0004846702539201576,8.56210571197356e-07,0.00048381404334896016,0.0029261076043053443,0.001766583701541552,1.0842021724855044e-19
1625.4107173265468,5.0,0.0009825372384132287,0.022110745643398953,5.2662561585203896e-05,0.0005931006434596822,0.0004912686192066144,8.863542966625111e-07,0.000490382264909952,0.0029771702952006473,0.0018042151727377773,-1.0842021724855044e-19
1631.7352726468837,5.0,0.0009959239596916832,0.02225987514894638,5.394258376627662e-05,0.0006034141314842196,0.0004979619798458416,9.17546041045592e-07,0.0004970444338047961,0.0030291022449656464,0.0018426026045796602,-1.0842021724855044e-19
1638.0598279672204,5.0,0.0010095041201406028,0.022410114785924667,5.525361365174322e-05,0.0006139024629602788,0.0005047520600703014,9.498229896256813e-07,0.0005038022370806756,0.003081919839362603,0.0018817614919558541,1.0842021724855044e-19
1644.384383287557,5.0,0.0010232812475280218,0.02256147959034819,5.659645157611494e-05,0.0006245689140211569,0.0005116406237640109,9.83223716731437e-07,0.0005106574000472792,0.0031356398338001717,0.0019217076812589827,2.168404344971009e-19
1650.708938607894,5.0,0.0010372589511280033,0.02271398486056175,5.79719209711054e-05,0.000635416834053399,0.0005186294755640016,1.0177882415488124e-06,0.0005176116873224528,0.0031902793632357846,0.0019624573795038996,0.0
1657.0334939282307,5.0,0.0010514409239958783,0.02286764616315162,5.938086912128045e-05,0.0006464496476355393,0.0005257204619979392,1.0535580863642788e-06,0.0005246669039115748,0.003245855952386487,0.002004027163714257,0.0
1663.3580492485673,5.0,0.0010658309453185756,0.023022479339018076,6.082416794761363e-05,0.0006576708565363131,0.0005329154726592878,1.090576337359318e-06,0.0005318248963219285,0.0033023875262593247,0.0020464339905862765,0.0
1669.6826045689043,5.0,0.0010804328828428768,0.0231785005096142,6.230271482009935e-05,0.0006690840417744069,0.0005402164414214384,1.1288877080778273e-06,0.0005390875537133606,0.0033598924210126537,0.002089695206438838,0.0
1676.007159889241,5.0,0.0010952506953846,0.023335726083356576,6.38174334006321e-05,0.0006806928657419141,0.0005476253476923,1.1685386056944589e-06,0.0005464568090866056,0.0034183893951603276,0.002133828557459393,-1.0842021724855044e-19
1682.3317152095779,5.0,0.0011102884354218252,0.023494172762213432,6.536927451741527e-05,0.0006925010743937516,0.0005551442177109126,1.2095772002185835e-06,0.000553934640510694,0.0034778976411311813,0.002178852200255578,0.0
1688.6562705299145,5.0,0.0011255502517754036,0.023653857548475876,6.69592170722197e-05,0.0007045124995053657,0.0005627751258877018,1.2520534967755562e-06,0.0005615230723909262,0.003538436797196689,0.0022247847127227077,0.0
1694.9808258502512,5.0,0.0011410403923801718,0.023814797751718565,6.858826898187734e-05,0.0007167310610011722,0.0005705201961900859,1.296019411114491e-06,0.0005692241767789714,0.003600026959780289,0.0022716451052377526,1.0842021724855044e-19
1701.3053811705881,5.0,0.0011567632071503864,0.023977010995955627,7.02574681554559e-05,0.0007291607693562473,0.0005783816035751932,1.3415288484995235e-06,0.0005770400747266937,0.00366268869616232,0.0023194528321907742,0.0
1707.6299364909248,5.0,0.001172723150943101,0.024140515226998633,7.196788350863161e-05,0.0007418057280739068,0.0005863615754715505,1.3886377861499276e-06,0.0005849729376854007,0.0037264430575951746,0.002368227803865198,-1.0842021724855044e-19
1713.9544918112615,5.0,0.0011889247866233583,0.02430532872002324,7.372061601684812e-05,0.0007546701362419145,0.0005944623933116792,1.4374043594032337e-06,0.0005930249889522759,0.0037913115928438716,0.0024179903986787546,0.0
1720.2790471315984,5.0,0.0012053727882352242,0.024471470087351486,7.551679980892406e-05,0.0007677582911701627,0.0006026863941176121,1.487888951784774e-06,0.0006011985051658274,0.00385731636216784,0.002468761475797341,-1.0842021724855044e-19
1726.603602451935,5.0,0.0012220719442829005,0.024638958286456916,7.735760330285117e-05,0.0007810745911127897,0.0006110359721414502,1.5401542891769322e-06,0.0006094958178522735,0.003924479951760401,0.0025205623881344877,-1.0842021724855044e-19
1732.9281577722718,5.0,0.001239027161126333,0.02480781262820023,7.924423038561043e-05,0.0007946235380778279,0.0006195135805631665,1.5942655382918321e-06,0.0006179193150248747,0.003992825488663175,0.0025734149957496832,0.0
1739.2527130926087,5.0,0.0012562434664959287,0.024978052785303163,8.117792163891803e-05,0.0008084097407275863,0.0006281217332479643,1.6502904096621442e-06,0.0006264714428383021,0.004062376656173261,0.0026273416796591836,1.0842021724855044e-19
1745.5772684129454,5.0,0.0012737260131312135,0.02514969880106872,8.315995561290884e-05,0.00082243791737312,0.0006368630065656068,1.70829926537644e-06,0.0006351547073002305,0.0041331577097619195,0.002682365356073573,-2.168404344971009e-19
1751.901823733282,5.0,0.001291480082548483,0.02532277109835623,8.519165014986044e-05,0.0008367128990662672,0.0006457400412742415,1.7683652317978337e-06,0.0006439716760424437,0.004205193493524209,0.0027385094910767982,0.0
1758.226379053619,5.0,0.0013095110889427453,0.025497290488820185,8.72743637601655e-05,0.0008512396327928928,0.0006547555444713726,1.8305643175178018e-06,0.0006529249801538549,0.0042785094571799204,0.002795798115762024,-1.0842021724855044e-19
1764.5509343739557,5.0,0.0013278245832294548,0.025673278182421534,8.940949705286437e-05,0.0008660231847711008,0.0006639122916147274,1.894975536810816e-06,0.0006620173160779165,0.004353131673646935,0.002854255841840149,0.0
1770.8754896942924,5.0,0.001346426257231879,0.025850755797221545,9.159849422317149e-05,0.0008810687438583865,0.0006732131286159395,1.9616810388703685e-06,0.000671251447577069,0.004429086857209247,0.0029139078777376095,1.0842021724855044e-19
1777.2000450146293,5.0,0.0013653219480201158,0.02602974536946754,9.384284459954003e-05,0.0008963816250718053,0.0006826609740100579,2.03076624312226e-06,0.0006806302077669357,0.004506402382302606,0.0029747800452005037,0.0
1783.524600334966,5.0,0.0013845176424081428,0.026210269363981124,9.614408425294427e-05,0.0009119672732254604,0.0006922588212040714,2.1023199809277974e-06,0.0006901565012231434,0.004585106302941948,0.003036898796422925,1.0842021724855044e-19
1789.8491556553026,5.0,0.001404019481615544,0.026392350684859525,9.850379767118914e-05,0.0009278312666897697,0.000702009740807772,2.176434644006973e-06,0.0006998333061637653,0.004665227372815791,0.003100291231718017,-3.2526065174565133e-19
1796.1737109756396,5.0,0.0014238337661008815,0.02657601268650102,0.0001009236195011973,0.000943979321277159,0.0007119168830504408,2.2532063399302706e-06,0.0007096636767105102,0.004746795066073814,0.003164985117750925,2.168404344971009e-19
1802.4982662959762,5.0,0.0014439669605740293,0.026761279184966274,0.0001034052363623757,0.0009604172942590486,0.0007219834802870146,2.332735055047577e-06,0.0007196507452319671,0.004829839598835118,0.0032310089063536883,-1.0842021724855044e-19
1808.822821616313,5.0,0.0014644256991951233,0.026948174469687346,0.00010595038873431915,0.000977151188519192,0.0007322128495975617,2.4151248252435564e-06,0.0007297977247723181,0.004914391951445831,0.003298391753942799,0.0
1815.1473769366498,5.0,0.0014852167909681733,0.02713672331553725,0.00010856087292227607,0.000994187156848659,0.0007426083954840866,2.500483914931167e-06,0.0007401079115691555,0.005000483891516067,0.0033671635415610515,0.0
1821.4719322569865,5.0,0.0015063472253377449,0.02732695099527278,0.00011123854310397455,0.001011531506387964,0.0007531736126688724,2.588925004718496e-06,0.0007505846876641538,0.005088147997767455,0.003437354895566023,1.0842021724855044e-19
1827.7964875773232,5.0,0.001527824177997577,0.027518883292364526,0.00011398531346159772,0.0010291907032221226,0.0007639120889987885,2.680565388209465e-06,0.0007612315236105792,0.005177417684724176,0.003508997208988685,-1.0842021724855044e-19
1834.1210428976601,5.0,0.0015496550169203985,0.02771254651422803,0.00011680316040288783,0.0010471713771346232,0.0007748275084601993,2.7755271784253156e-06,0.0007720519812817739,0.005268327228281588,0.00358212266358621,1.0842021724855044e-19
1840.4455982179968,5.0,0.0015718473086186822,0.027907967505870962,0.0001196941248755687,0.0010654803265265967,0.0007859236543093411,2.8739375243623784e-06,0.0007830497167849788,0.00536091179218832,0.003656764252614276,-1.0842021724855044e-19
1846.7701535383335,5.0,0.0015944088246465976,0.02810517366397185,0.0001226603147794993,0.0010841245235077652,0.0007972044123232988,2.975928838231862e-06,0.0007942284834850669,0.005455207455479454,0.0037329558043452,1.0842021724855044e-19
1853.0947088586704,5.0,0.0016173475483538533,0.028304192951406085,0.00012570390748119347,0.001103111119165971,0.0008086737741769267,3.0816390339591038e-06,0.0008055921351429676,0.0055512512408997525,0.0038107320063589497,-1.0842021724855044e-19
1859.419264179007,5.0,0.0016406716819027634,0.028505053912236282,0.00012882715243559716,0.0011224474490224854,0.0008203358409513817,3.1912117775543728e-06,0.0008171446291738272,0.005649081144358234,0.0038901284306356474,1.0842021724855044e-19
1865.7438194993435,5.0,0.0016643896535603801,0.02870778568718434,0.00013203237392026958,0.0011421410386805548,0.0008321948267801901,3.304796750003296e-06,0.0008288900300301868,0.0057487361654569745,0.003971181559478981,0.0
1872.0683748196802,5.0,0.0016885101252781605,0.028912418029603325,0.00013532197388738782,0.0011621996096750022,0.0008442550626390803,3.4225499233637653e-06,0.0008408325127157166,0.005850256339139137,0.0040539288123012515,-1.0842021724855044e-19
1878.3929301400171,5.0,0.0017130420005722882,0.02911898132196838,0.0001386984349392912,0.0011826310855310611,0.0008565210002861441,3.5446338507974626e-06,0.0008529763664353468,0.005953682768503427,0.004138408573302092,-1.0842021724855044e-19
1884.7174854603538,5.0,0.0017379944327184332,0.02932750659290632,0.00014216432343358635,0.001203443598040983,0.0008689972163592166,3.6712179713078907e-06,0.0008653259983879088,0.006059057658834326,0.0042246602200740795,-1.0842021724855044e-19
1891.0420407806905,5.0,0.0017633768332754735,0.029538025534784785,0.00014572229272416474,0.0012246454937673667,0.0008816884166377367,3.8024789300037617e-06,0.0008778859377077329,0.006166424352899954,0.004312724153169978,1.0842021724855044e-19
1897.3665961010274,5.0,0.0017891988809534273,0.029750570521882413,0.00014937508654482706,0.0012462453407825432,0.0008945994404767136,3.938600914756181e-06,0.0008906608395619576,0.0062758273675716895,0.004402641826667566,-2.168404344971009e-19
1903.691151421364,5.0,0.001815470530841697,0.029965174629162757,0.00015312554254258266,0.0012682519356538218,0.0009077352654208485,4.079776010171565e-06,0.0009036554894106769,0.006387312431822609,0.004494455779769755,1.0842021724855044e-19
1910.0157067417008,5.0,0.0018422020240145423,0.030181871651675515,0.00015697659596807716,0.0012906743106848194,0.0009211010120072712,4.226204569858646e-06,0.0009168748074374125,0.006500926526164286,0.0045882096694789916,0.0
1916.3402620620377,5.0,0.0018694038975316167,0.030400696124609647,0.00016093128353101977,0.001313521741423611,0.0009347019487658083,4.378095608028644e-06,0.0009303238531577797,0.006616717923584656,0.004683948304386798,0.0
1922.6648173823744,5.0,0.0018970869948523497,0.030621683344024143,0.00016499274742891705,0.0013368037544489028,0.0009485434974261748,4.535667211532062e-06,0.0009440078302146428,0.006734736232052494,0.004781717679620774,0.0
1928.989372702711,5.0,0.0019252624766840074,0.0308448693882835,0.000169164239557894,0.0013605301354460118,0.0009626312383420037,4.699146973504858e-06,0.0009579320913684988,0.006855032438657645,0.004881565012993423,1.0842021724855044e-19
1935.313928023048,5.0,0.001953941832284298,0.031070291140226004,0.00017344912591487146,0.0013847109375849482,0.000976970916142149,4.868772449870047e-06,0.000972102143692279,0.0069776589554592355,0.00498353878239876,1.0842021724855044e-19
1941.6384833433847,5.0,0.0019831368912405227,0.031297986310093985,0.00017785089120089733,0.0014093564902134868,0.0009915684456202614,5.044791640019579e-06,0.0009865236539802415,0.0071026696671178365,0.005087688764504685,2.168404344971009e-19
1947.9630386637214,5.0,0.002012859835748575,0.03152799345925744,0.00018237314363599808,0.001434477407878801,0.0010064299178742875,5.227463493085902e-06,0.0010012024543812011,0.007230119980391682,0.00519406607479137,4.336808689942018e-19
1954.2875939840583,5.0,0.0020431232134162543,0.03176035202476264,0.000187019619996498,0.0014600845996917743,0.0010215616067081271,5.417058441301808e-06,0.001016144548266826,0.007360066875580553,0.00530272320898756,-6.505213034913027e-19
1960.612149304395,5.0,0.002073939950616798,0.031995102344739644,0.00019179419088639606,0.0014861892790488725,0.001036969975308399,5.613858962043936e-06,0.0010313561163463553,0.007492568960005597,0.00541371408595929,-2.168404344971009e-19
1966.9367046247316,5.0,0.00210532336642002,0.03223228568470444,0.00019670086625506777,0.0015128029737271865,0.00105266168321001,5.818160170258281e-06,0.001046843523039752,0.007627686523617945,0.005527094092107784,-2.168404344971009e-19
1973.2612599450686,5.0,0.002137287187129874,0.032471944264791816,0.00020174380117426188,0.0015399375363689338,0.001068643593564937,6.030270443075655e-06,0.001062613323121861,0.007765481596833292,0.005642920127335438,2.168404344971009e-19
1979.5858152654052,5.0,0.002169845561459027,0.0327141212879585,0.0002069273018881434,0.0015676051553726274,0.0010849227807295135,6.250512078543866e-06,0.0010786722686509694,0.007906018010695312,0.0057612506526418,2.168404344971009e-19
1985.9103705857422,5.0,0.002203013076372703,0.03295886096919667,0.0002122558321509358,0.0015958183662088806,0.0011015065381863515,6.479221990529167e-06,0.0010950273161958218,0.008049361459475633,0.005882145739413687,4.336808689942018e-19
1992.2349259060788,5.0,0.002236804773635904,0.03320620856580034,0.0002177340198675832,0.0016245900631797362,0.001118402386817952,6.7167524419750895e-06,0.0011116856343759772,0.008195579565823938,0.006005667120476567,-4.336808689942018e-19
1998.5594812264155,5.0,0.0022712361671001612,0.0334562104087294,0.0002233666640537845,0.0016539335116413788,0.0011356180835500806,6.963471818852248e-06,0.0011286546117312286,0.008344741948587893,0.006131878242977239,-2.168404344971009e-19
2004.8840365467524,5.0,0.00230632326076798,0.03370891393511766,0.0002291587421327256,0.0016838623607110359,0.00115316163038399,7.21976544728799e-06,0.0011459418649367018,0.008496920293428667,0.0062608443231708015,2.168404344971009e-19
2011.2085918670891,5.0,0.002342082567675489,0.03396436772197421,0.00023511541758689894,0.001714390656479977,0.0011710412838377446,7.486036456532271e-06,0.0011635552473812124,0.0086521884263649,0.006392632403188196,-2.168404344971009e-19
2017.5331471874258,5.0,0.002378531129636079,0.03422262152112897,0.00024124204798450614,0.0017455328557555686,0.0011892655648180395,7.762706690594874e-06,0.0011815028581274442,0.00881062239038473,0.006527311409863773,4.336808689942018e-19
2023.8577025077627,5.0,0.0024156865378904863,0.03448372629547692,0.00024754419340115516,0.0017773038403565906,0.0012078432689452431,8.050217671582284e-06,0.001199793051273661,0.008972300525273483,0.006664952215706089,-2.168404344971009e-19
2030.1822578280994,5.0,0.0024535669547113667,0.03474773425657682,0.00025402762525881937,0.001809718931987164,0.0012267834773556834,8.349031617968491e-06,0.0012184344457377148,0.009137303550812182,0.006805627702098438,2.168404344971009e-19
2036.506813148436,5.0,0.002492191136013445,0.03501469890366454,0.0002606983356054171,0.0018427939077160535,0.0012460955680067224,8.659632521257093e-06,0.0012374359354854652,0.009305714653511085,0.006949412824819851,2.168404344971009e-19
2042.831368468773,5.0,0.0025315784550232513,0.0352846750641425,0.0002675625468598053,0.0018765450160893812,0.0012657892275116257,8.982527284730005e-06,0.0012568067002268954,0.009477619577050983,0.007096384681980953,2.168404344971009e-19
2049.1559237891097,5.0,0.0025717489270659422,0.035557718935611285,0.00027462672204855976,0.0019109889939063316,0.0012858744635329711,9.318246928235676e-06,0.0012765562166047355,0.009653106716614955,0.007246622584473423,0.0
2055.4804791094466,5.0,0.0026127232355300832,0.03583388812951184,0.00028189757556257853,0.0019461430836889408,0.0013063616177650416,9.667347863245898e-06,0.001296694269901796,0.009832267217303391,0.007400208129036319,-2.168404344971009e-19
2061.805034429783,5.0,0.002654522759075137,0.036113241716450604,0.0002893820844633273,0.00198202505187868,0.0013272613795375684,1.0030413242707557e-05,0.0013172309662948607,0.010015195076835777,0.007557225274046817,2.168404344971009e-19
2068.1295897501195,5.0,0.0026971696001503957,0.036395840273283485,0.00029708750037046725,0.0020186532077943065,0.0013485848000751978,1.0408054390536541e-05,0.001338176745684661,0.010201987252754506,0.007717760418148108,2.168404344971009e-19
2074.4541450704564,5.0,0.0027406866148984156,0.03668174593203834,0.00030502136196464645,0.002056046423387244,0.0013703433074492078,1.0800912315945612e-05,0.001359542395133262,0.010392743774357959,0.007881902481831876,0.0
2080.7787003907933,5.0,0.002785097444520637,0.03697102243076014,0.00031319150814143853,0.0020942241538327248,0.0013925487222603186,1.1209659318170754e-05,0.0013813390629421472,0.01058756785960343,0.008049742992098525,6.505213034913027e-19
2087.10325571113,5.0,0.002830426548187841,0.037263735166367,0.0003216060918547616,0.0021332064589969467,0.0014152132740939205,1.1635000687560966e-05,0.00140357827340636,0.010786566037233984,0.008221376170323294,-4.336808689942018e-19
2093.4278110314667,5.0,0.002876699237583345,0.03755995124960988,0.00033027359469063876,0.002173014025822702,0.0014383496187916724,1.207767650943016e-05,0.0014262719422822418,0.010989848274398587,0.008396899023462991,4.336808689942018e-19
2099.7523663518036,5.0,0.002923941713172554,0.03785973956223404,0.00033920284221486207,0.0022136681916781614,0.001461970856586277,1.2538463577535755e-05,0.0014494323930087415,0.011197528110049895,0.00857641143874321,-2.168404344971009e-19
2106.07692167214,5.0,0.0029721811022985563,0.03816317081644462,0.0003484030201410392,0.002255190968716024,0.0014860905511492781,1.3018177424554286e-05,0.0014730723737247239,0.011409722794421557,0.008760016281973256,0.0
2112.401476992477,5.0,0.0030214454992100407,0.038470317616785724,0.00035788369136862476,0.0022976050692927684,0.0015107227496050203,1.3517674477468652e-05,0.001497205075127552,0.011626553434904367,0.008947819499642047,-2.168404344971009e-19
2118.726032312814,5.0,0.003071764007134656,0.03878125452454585,0.0003676548139438711,0.00234093393250043,0.001535882003567328,1.4037854346370076e-05,0.0015218441492209584,0.011848145148659377,0.009139930224955397,-4.336808689942018e-19
2125.0505876331504,5.0,0.0031231667825187405,0.03909605812481145,0.0003777267600002836,0.0023852017518663673,0.0015615833912593702,1.4579662255816752e-05,0.0015470037290035536,0.0120746272223273,0.009336460887982864,-2.168404344971009e-19
2131.3751429534873,5.0,0.003175685081562137,0.039414807096294247,0.00038811033573899525,0.0024304335042793852,0.0015878425407810685,1.5144091628578019e-05,0.0015726984491524904,0.012306133279214076,0.00953752733008939,0.0
2137.699698273824,5.0,0.003229351309185707,0.039737582284066666,0.00039881680251368384,0.002476654980203955,0.0016146756545928535,1.5732186832340727e-05,0.0015989434677605129,0.01254280145435649,0.009743248922835625,0.0
2144.0242535941607,5.0,0.003284199070578427,0.04006446677534604,0.0004098578990891355,0.002523892815247701,0.0016420995352892135,1.6345046100761816e-05,0.001625754489188452,0.01278477457789609,0.009953748691539003,-2.168404344971009e-19
2150.3488089144976,5.0,0.003340263225481035,0.040395545978476555,0.0004212458651473976,0.0025721745231509848,0.0016701316127405174,1.6983824641126936e-05,0.0016531477880993904,0.013032200367216175,0.010169153443696687,0.0
2156.6733642348345,5.0,0.0033975799453739627,0.040730907705265496,0.0004329934661206798,0.002621528530271295,0.0016987899726869813,1.764973794182394e-05,0.0016811402347451578,0.013285231628324715,0.010389593902480655,-4.336808689942018e-19
2162.997919555171,5.0,0.00345618677374906,0.04107064225683961,0.00044511401943578933,0.002671984211639343,0.00172809338687453,1.834406529387051e-05,0.0017097493215806594,0.013544026466996626,0.010615204845525167,0.0
2169.322474875508,5.0,0.0035161226896571044,0.04141484251319648,0.0004576214222609498,0.00272357192866811,0.0017580613448285522,1.9068153541852658e-05,0.0017389931912866997,0.01380874851022085,0.01084612524923708,-2.168404344971009e-19
2175.6470301958448,5.0,0.003577428174736622,0.04176360402663498,0.00047053018085239186,0.002776323068600722,0.001788714087368311,1.9823421080843787e-05,0.0017688906662874674,0.014079567138532274,0.011082498438869834,-2.168404344971009e-19
2181.971585516181,5.0,0.0036401452839443077,0.0421170251192605,0.0004838554416051986,0.002830270085788117,0.0018200726419721539,2.061136211719509e-05,0.0017994612798549591,0.014356657729846138,0.011324472244614086,-4.336808689942018e-19
2188.296140836518,5.0,0.003704317720222947,0.04247520698477037,0.0004976130239204967,0.0028854465448925545,0.0018521588601114736,2.14335512125192e-05,0.0018307253088989547,0.014640201915451578,0.011572199163968693,-2.168404344971009e-19
2194.620696156855,5.0,0.0037699909133598543,0.042838253794737144,0.0005118194550093598,0.002941887166118723,0.0018849954566799272,2.2291648131750323e-05,0.0018627038085481777,0.014930387848863915,0.011825836530668866,-8.673617379884035e-19
2200.9452514771915,5.0,0.0038372121033073917,0.04320627280962045,0.0005264920067627409,0.00299962787258018,0.0019186060516536959,2.318740301786239e-05,0.0018954186486358335,0.015227410488281449,0.012085546690461323,0.0
2207.2698067975284,5.0,0.0039060304282568163,0.04357937449474995,0.0005416487348263765,0.0030587058399150235,0.0019530152141284081,2.412266191767321e-05,0.0019288925522107352,0.015531471893440495,0.012351497184029196,-2.168404344971009e-19
2213.5943621178653,5.0,0.003976497017778455,0.043957672641537084,0.0005573085200301179,0.0031191595482715877,0.0019882485088892274,2.5099372685179943e-05,0.0019631491362040467,0.015842781537716143,0.012623860937384624,8.673617379884035e-19
2219.918917438202,5.0,0.004048665091364487,0.04434128449418785,0.0005734911123324656,0.003181028836791969,0.0020243325456822435,2.6119591291065988e-05,0.0019982129543911773,0.016161556636372,0.012902816460060975,4.336808689942018e-19
2226.2434727585387,5.0,0.004122590062735883,0.044730330882204565,0.0005902171774534052,0.0032443549607289084,0.0020612950313679415,2.7185488569418356e-05,0.002034109542798523,0.016488022491923753,0.013188548051453456,4.336808689942018e-19
2232.5680280788756,5.0,0.004198329650302411,0.04512493635898121,0.0006075083463819443,0.0033091806513394473,0.0020991648251512053,2.8299357435307736e-05,0.002070865467715897,0.016822412857645522,0.013481246015671636,4.336808689942018e-19
2238.892583399212,5.0,0.00427594399419447,0.04552522934681551,0.0006253872679593017,0.0033755501787076352,0.002137971997097235,2.9463620609746867e-05,0.0021085083764874877,0.017164970320320064,0.013781106885286703,4.336808689942018e-19
2245.217138719549,5.0,0.004355495780317675,0.04593134228867922,0.0006438776647543748,0.00344350941765746,0.0021777478901588375,3.068083889166291e-05,0.0021470670512671753,0.017515946703407986,0.01408833365437225,-8.673617379884035e-19
2251.541694039886,5.0,0.004437050371916089,0.046343411807108256,0.0006630043924652261,0.003513105916927003,0.0022185251859580444,3.195372001993926e-05,0.002186571465938105,0.01787560349189343,0.014403136021257479,0.0
2257.8662493602224,5.0,0.004520675949168233,0.046761578870596426,0.0006827935030989529,0.0035843889717852174,0.0022603379745841164,3.328512817232407e-05,0.0022270528464117924,0.018244212280151773,0.014725730641431293,0.0
2264.1908046805593,5.0,0.00460644365738133,0.04718598896789891,0.0007032723122025102,0.003657409700283641,0.002303221828690665,3.4678094152098846e-05,0.002268543734538566,0.018622055244279255,0.015056341391055954,4.336808689942018e-19
2270.515360000896,5.0,0.0046944277643941245,0.047616792290675385,0.000724469470439092,0.003732221123347054,0.0023472138821970623,3.61358263178906e-05,0.0023110780558791713,0.01900942564042654,0.015395199641570963,4.336808689942018e-19
2276.8399153212326,5.0,0.004784705827847955,0.048054143924929446,0.0007464150398287157,0.00380887824891963,0.0023923529139239777,3.7661722316938925e-05,0.002354691191607039,0.01940662833078918,0.015742544545890403,-4.336808689942018e-19
2283.1644706415696,5.0,0.0048773588730390526,0.048498204051728125,0.0007691405749978278,0.003887438160396352,0.0024386794365195263,3.9259381687534414e-05,0.0023994200548319916,0.01981398033902689,0.016098623336720814,4.336808689942018e-19
2289.4890259619065,5.0,0.004972471582123151,0.04894913815771332,0.0007926792098112708,0.003967960109583363,0.0024862357910615755,4.093261940227958e-05,0.0024453031716592964,0.020231811437011662,0.01646369163755065,-4.336808689942018e-19
2295.813581282243,5.0,0.005070132495507412,0.049407117255949456,0.0008170657497912227,0.00405050561444616,0.002535066247753706,4.268548043035439e-05,0.0024923807673233513,0.020660464764945242,0.016838013786889205,0.0
2302.13813660258,5.0,0.005170434226333849,0.049872318117683785,0.0008423367707617431,0.004135138561920282,0.0025852171131669245,4.4522255404143654e-05,0.002540694857762781,0.021100297487036443,0.017221863176359417,0.0
2308.4626919229167,5.0,0.005273473689034294,0.050344923515630004,0.0008685307241948263,0.00422192531607598,0.002636736844517147,4.644749748348415e-05,0.0025902893470336626,0.02155168148509163,0.01761552260327665,0.0
2314.787247243253,5.0,0.00537935234302012,0.05082512247942456,0.000895688049774679,0.004310934831946516,0.00268967617151006,4.846604051949726e-05,0.0026412101309905623,0.022015004092549532,0.018019284638376026,4.336808689942018e-19
2321.11180256359,5.0,0.005488176452660394,0.051313110563942235,0.0009238512957415246,0.0044022387753485295,0.002744088226330197,5.058301862956354e-05,0.002693505207700634,0.02249066887168177,0.018433452009380426,-4.336808689942018e-19
2327.436357883927,5.0,0.005600057364801773,0.05180909013120071,0.0009530652476252016,0.004495911649043313,0.0028000286824008866,5.2803887305585624e-05,0.0027472247950953003,0.02297909643688925,0.018858338001133935,8.673617379884035e-19
2333.7609132042635,5.0,0.005715111805192363,0.05231327064662784,0.0009833770660324583,0.004592030925609162,0.0028575559025961813,5.5134446189373844e-05,0.0028024214564068067,0.023480725327249548,0.019294266873058345,8.673617379884035e-19
2340.0854685246004,5.0,0.005833462195291162,0.05282586899051108,0.0010148364342107172,0.0046906771874177106,0.002916731097645581,5.758086366190612e-05,0.002859150233983675,0.023996012931715577,0.01974157429472537,0.0
2346.4100238449373,5.0,0.005955236991075919,0.05334710978549904,0.0010474957161757175,0.004791934274131079,0.0029776184955379596,6.0149703407496586e-05,0.002917468792130464,0.024525436470631178,0.02020060780037218,-8.673617379884035e-19
2352.7345791652738,5.0,0.00608057104560634,0.05387722574107679,0.0010814101262615595,0.004895889438162199,0.00304028552280317,6.284795312972303e-05,0.002977437569673447,0.02506949403751959,0.02067172726322647,-4.336808689942018e-19
2359.0591344856107,5.0,0.006209605997258104,0.05441645801599275,0.001116637911029839,0.0050026335085675225,0.003104802998629052,6.56830556134792e-05,0.0030391199430155726,0.0256287057054154,0.021155305390545557,4.336808689942018e-19
2365.3836898059476,5.0,0.006342490685716903,0.05496505659967031,0.0011532405445605057,0.00511226106386918,0.0031712453428584513,6.866294234692764e-05,0.0031025824005115232,0.026203614702351205,0.02165172824031244,4.336808689942018e-19
2371.708245126284,5.0,0.006479381598014568,0.055523280713703105,0.0011912829382421202,0.005224870614334185,0.003239690799007284,7.179606993869915e-05,0.0031678947290685847,0.026794788660987633,0.022161395760576633,0.0
2378.032800446621,5.0,0.006620443347099986,0.05609139923459275,0.0012308336662834984,0.005340564794268789,0.003310221673549993,7.509145958960025e-05,0.0032351302139603925,0.0274028209477784,0.022684722352467,4.336808689942018e-19
2384.357355766958,5.0,0.006765849185671252,0.056669691138957576,0.0012719652082842177,0.005459450564919271,0.003382924592835626,7.855873990470717e-05,0.0033043658529309195,0.02802833207750814,0.023222137457949623,-8.673617379884035e-19
2390.681911087295,5.0,0.00691578155825323,0.0572584459725114,0.001314754210328936,0.005581639428604764,0.003457890779126615,8.220819336133246e-05,0.003375682585765282,0.028671971219525954,0.023774086173449466,8.673617379884035e-19
2397.0064664076313,5.0,0.0070704326947889145,0.057857964344183554,0.0013592817662112123,0.005707247654743123,0.0035352163473944573,8.605080678131286e-05,0.003449165540613143,0.02933441780252556,0.024341029890500042,1.3010426069826053e-18
2403.331021727968,5.0,0.007230005249328177,0.05846855844682891,0.0014056337205485216,0.005836396518468288,0.0036150026246640887,9.009832619282957e-05,0.0035249042984712596,0.03001638322530374,0.024923446964634402,-4.336808689942018e-19
2409.655577048305,5.0,0.007394712987745502,0.05909055260605427,0.0014539009957225924,0.005969212552575502,0.003697356493872751,9.43633165079702e-05,0.003602993177364781,0.03071861268156005,0.025521833413777877,0.0
2415.9801323686415,5.0,0.0075647815288047105,0.0597242838587699,0.0015041799447706385,0.006105827813570556,0.0037823907644023553,9.885922648805498e-05,0.0036835315379143,0.03144188710749642,0.026136703647454955,0.0
2422.3046876889784,5.0,0.007740449143316491,0.06037010256315677,0.001556572732565143,0.006246380162639128,0.0038702245716582457,0.00010360045951994233,0.0037666241121383027,0.03218702526173277,0.026768591228170883,8.673617379884035e-19
2428.6292430093154,5.0,0.007921967616609562,0.06102837304182408,0.0016111877478554952,0.006391013562393123,0.003960983808304781,0.00010860245078383124,0.0038523813575209497,0.0329548859478881,0.02741804966638095,0.0
2434.953798329652,5.0,0.008109603180064425,0.06169947426001681,0.001668140049006674,0.006539878390291833,0.0040548015900322126,0.00011388175145726523,0.0039409198385749475,0.03374637039109024,0.02808565325051096,0.0
2441.2783536499887,5.0,0.008303637518045226,0.062383800540815916,0.0017275518465613873,0.006693131769676089,0.004151818759022613,0.00011945612067201259,0.004032362638350601,0.03456242478067946,0.028771997913544272,-8.673617379884035e-19
2447.6029089703256,5.0,0.008504368857218501,0.06308176231935482,0.0017895530260763715,0.006850937919392736,0.0042521844286092505,0.00012534462602128095,0.00412683980258797,0.03540404299247205,0.029477702137740307,-8.673617379884035e-19
2453.927464290662,5.0,0.00871211314597558,0.06379378693815482,0.0018542817150450361,0.007013468523024387,0.00435605657298779,0.00013156775350551061,0.00422448881948228,0.03627226950516201,0.030203407899101087,-8.673617379884035e-19
2460.252019610999,5.0,0.008927205332486735,0.06452031948575294,0.0019218848981217807,0.007180903118773513,0.0044636026662433674,0.00013814752790709933,0.004325455138336271,0.03716820252677002,0.030949781653250578,-2.6020852139652106e-18
2466.576574931336,5.0,0.009150000750820928,0.06526182368085814,0.0019925190853133765,0.007353429511079691,0.004575000375410464,0.00014510764469938937,0.004429892730711074,0.038092997348513985,0.03171751536443764,8.673617379884035e-19
2472.9011302516724,5.0,0.009380876625577388,0.06601878280432452,0.002066351038306078,0.007531244205072912,0.004690438312788694,0.00015247361472488233,0.004537964698063808,0.03904786994509205,0.03250732757941962,3.469446951953614e-18
2479.2256855720093,5.0,0.009620233706607167,0.06679170068126396,0.0021435585606598972,0.007714552864981439,0.004810116853303584,0.00016027292302392917,0.004649843930279654,0.04003410084214821,0.03331996454802421,0.0
2485.550240892346,5.0,0.00986849804666956,0.06758110271563356,0.0022243313582316483,0.007903570797617311,0.00493424902333478,0.00016853520336040446,0.004765713819974377,0.04105303927365238,0.03415620139222342,-8.673617379884035e-19
2491.8747962126827,5.0,0.01012612293628907,0.06838753697962194,0.0023088719768950576,0.008098523462054273,0.005063061468144535,0.00017729243017783702,0.0048857690379667,0.04210610765409657,0.03501684332558766,-1.734723475976807e-18
2498.1993515330196,5.0,0.01039359101167093,0.06921157536010684,0.0023973968254187373,0.00829964700658588,0.005196795505835465,0.00018657912993114451,0.005010216375904322,0.04319480639279964,0.035902726925012805,-1.734723475976807e-18
2504.5239068533565,5.0,0.010671416553321265,0.07005381476436229,0.0024901372922528807,0.008507188834002042,0.0053357082766606325,0.00019643261397909382,0.0051392756626815386,0.044320719080255665,0.03681472145662951,0.0
2510.848462173693,5.0,0.01096014799502901,0.07091487838704585,0.0025873409659766143,0.008721408196145579,0.005480073997514505,0.00020689323549504018,0.0052731807620194655,0.04548551807938876,0.037753730257817114,0.0
2517.17301749403,5.0,0.011260370665126924,0.07179541704027223,0.002689272970283664,0.00894257681859662,0.005630185332563462,0.00021800467316299995,0.005412180659400464,0.04669097055780699,0.03872069217723974,-1.734723475976807e-18
2523.497572814367,5.0,0.011572709784495547,0.0726961105482706,0.002796217425652314,0.009170979556175378,0.0057863548922477736,0.00022981424477827093,0.005556540647469502,0.047938945000726804,0.03971658307480636,8.673617379884035e-19
2529.8221281347032,5.0,0.011897833748644396,0.07361766920770489,0.002908479051275679,0.009406915079742128,0.005948916874322198,0.00024237325427297333,0.005706543620049226,0.049231418248205414,0.040742417383431435,-8.673617379884035e-19
2536.14668345504,5.0,0.01223645772444224,0.07456083531417924,0.0030263849224415502,0.009650696594492183,0.00611822886222112,0.0002557373761443114,0.005862491486076807,0.05057048310470362,0.0417992497344191,8.673617379884035e-19
2542.471238775377,5.0,0.0125893475957248,0.07552638475472853,0.003150286400373483,0.009902652589579423,0.0062946737978624,0.0002699670817857054,0.006024706716076696,0.05195835657386648,0.04288817664822968,-8.673617379884035e-19
2548.7957940957135,5.0,0.012957324296141248,0.07651512866516245,0.0032805612536049153,0.010163127618433618,0.006478662148070624,0.0002851281128180551,0.0061935340352525705,0.05339738877679835,0.044010338292291964,-1.734723475976807e-18
2555.1203494160504,5.0,0.013341268572275685,0.07752791514994657,0.003417615992288878,0.010432483108540636,0.0066706342861378425,0.000301292007201836,0.006369342278936007,0.0548900726180824,0.0451669203074057,-8.673617379884035e-19
2561.4449047363873,5.0,0.013742126225372532,0.07856563106080161,0.00356188843948499,0.010711098198700876,0.006871063112686266,0.0003185366846938749,0.00655252642799239,0.05643905427041411,0.046359155704122454,8.673617379884035e-19
2567.769460056724,5.0,0.014160913885992528,0.07962920382831794,0.003713850566456638,0.010999370600835301,0.007080456942996264,0.00033694709911122556,0.006743509843885035,0.058047144556061116,0.04758832683030742,3.469446951953614e-18
2574.0940153770607,5.0,0.014598725382725605,0.08071960333851967,0.003874011622402773,0.011297717482223597,0.007299362691362802,0.00035661596589663114,0.006942746725466172,0.059717331311490394,0.048855767410846435,-8.673617379884035e-19
2580.4185706973976,5.0,0.015056738773802019,0.08183784384336709,0.004042921592897643,0.011606576362583047,0.0075283693869010095,0.00037764457466697384,0.007150724812234034,0.06145279283051128,0.05016286466018215,1.734723475976807e-18
2586.743126017734,5.0,0.015536224119202989,0.08298498589052822,0.004221175025682129,0.01192640601856289,0.0077681120596014945,0.0004001436977926391,0.0073679683618088545,0.06325691249125577,0.05151106146802503,8.673617379884035e-19
2593.067681338071,5.0,0.016038552080820726,0.08416213825320738,0.004409415267414703,0.012257687385954261,0.008019276040410363,0.0004242346076307303,0.00759504143277963,0.0651332946833438,0.052901858658181485,2.6020852139652106e-18
2599.392236658408,5.0,0.016565203449520994,0.08537045983519576,0.00460833916063092,0.012600924447099968,0.008282601724760497,0.0004500502168523154,0.007832551507908184,0.06708578216375773,0.054336817319962254,-3.469446951953614e-18
2605.7167919787444,5.0,0.01711777971081116,0.08661116151936148,0.004818702256573482,0.01295664508750985,0.00855888985540558,0.0004777363584029988,0.008081153497002579,0.06911847498339346,0.055817561211080724,1.734723475976807e-18
2612.0413472990813,5.0,0.017698014775416774,0.08788550791920788,0.0050413246068427954,0.013325401901388683,0.008849007387708387,0.0005074532240627296,0.008341554163645657,0.07123575114103378,0.057345779230289905,0.0
2618.365902619418,5.0,0.018307788017665767,0.08919481898253262,0.005277097205102535,0.01370777292048139,0.009153894008832883,0.0005393769833789598,0.008614517025453924,0.07344228913772771,0.05892322795724943,0.0
2624.6904579397547,5.0,0.018949138783431154,0.09054047138314922,0.005526989159486384,0.014104362234098533,0.009474569391715577,0.0005737016079993624,0.008900867783716215,0.07574309262232183,0.06055173425622895,0.0
2631.0150132600916,5.0,0.019624282550785348,0.09192389962050576,0.0057920556870378415,0.014515800460117655,0.009812141275392674,0.0006106409301992483,0.009201500345193427,0.07814351733824428,0.062233197939234826,-1.734723475976807e-18
2637.3395685804285,5.0,0.02033562895079045,0.09334659672714622,0.00607344703363441,0.014942745016805689,0.010167814475395226,0.0006504309687690848,0.009517383506626143,0.08064930060261433,0.06396959448296802,-1.734723475976807e-18
2643.664123900765,5.0,0.02108580188333843,0.09481011445942908,0.006372418436574158,0.015385880133036049,0.010542900941669216,0.0006933325604973589,0.009849568381171857,0.08326659357133322,0.06576297779267443,0.0
2649.988679221102,5.0,0.02187766199401953,0.09631606281664086,0.0066903412625162716,0.015845916519330618,0.010938830997009765,0.0007396343413663069,0.010199196655643457,0.08600199656788829,0.06761548300439903,1.734723475976807e-18
2656.3132345414388,5.0,0.02271433181301399,0.09786610869627207,0.007028715470954947,0.016323590603465513,0.011357165906506995,0.0007896561284029724,0.010567509778104023,0.08886259777898531,0.06952932931538364,0.0
2662.637789861775,5.0,0.02359922389633279,0.09946197344707333,0.007389183573049267,0.016819663211297846,0.011799611948166394,0.0008437527610442681,0.010955859187122125,0.09185601564645987,0.07150682283033752,0.0
2668.962345182112,5.0,0.024536072353698708,0.10110542902447618,0.007773546277590883,0.01733491754494838,0.012268036176849354,0.0009023184700500157,0.011365717706799337,0.09499044531162151,0.07355035940901071,1.734723475976807e-18
2675.286900502449,5.0,0.025528968196207355,0.10279829238244881,0.008183780040290127,0.017870156275211154,0.012764484098103678,0.0009657918526207992,0.011798692245482878,0.09827470949439632,0.07566242749789469,0.0
2681.6114558227855,5.0,0.026582398990742953,0.10454241764862475,0.008622056759451045,0.01842619752143777,0.013291199495371477,0.0010346615446555872,0.012256537950715893,0.10171831421408768,0.07784561092592865,-3.469446951953614e-18
2687.9360111431224,5.0,0.02770129336680457,0.10633968552155428,0.009090765890416849,0.0190038694381433,0.013850646683402286,0.0011094726952409085,0.012741173988161379,0.10533150977940592,0.08010259164075194,-1.734723475976807e-18
2694.2605664634593,5.0,0.0288910709844189,0.10819198919518248,0.009592539282645562,0.019604003060700672,0.01444553549220945,0.001190834364732649,0.013254701127476804,0.10912535749002836,0.08243615235827513,-3.469446951953614e-18
2700.585121783796,5.0,0.03015769863810297,0.11010121594994417,0.010130279076384752,0.02022742297962628,0.015078849319051485,0.0012794279864053802,0.013799421332646106,0.11311180249670588,0.08484917909411545,-1.734723475976807e-18
2706.9096771041327,5.0,0.03150775323945689,0.11206922334446506,0.010707189029685395,0.020874935310251204,0.015753876619728446,0.0013760170528114696,0.014377859566916982,0.11730375325672532,0.08734466354067387,-5.204170427930421e-18
2713.2342324244696,5.0,0.03294849248674282,0.11409780868724703,0.011326809679342936,0.02154731229726,0.01647424624337141,0.001481458211869272,0.014992788031502136,0.12171516798941996,0.08992570524829642,3.469446951953614e-18
2719.558787744806,5.0,0.03448793408875103,0.11618867015215195,0.011993057768782293,0.022245272735788826,0.017243967044375516,0.0015967139843374475,0.01564725306003807,0.12636114847283747,0.09259551356300287,-3.469446951953614e-18
2725.883343065143,5.0,0.0361349444547537,0.11834335751055369,0.012710270398106778,0.02296945719529542,0.01806747222737685,0.0017228673435987448,0.01634460488377811,0.13125804141456418,0.09535740926659123,-3.469446951953614e-18
2732.20789838548,5.0,0.037899337781086236,0.12056320996917036,0.013483254360849406,0.023720396790476193,0.018949668890543118,0.0018611384301424946,0.017088530460400625,0.13642354745946517,0.09821482585752729,0.0
2738.5324537058164,5.0,0.039791986441241156,0.1228492780045871,0.014317341120083083,0.024498473944498257,0.019895993220620578,0.002012903705895205,0.017883089514725375,0.1418768376407934,0.10117131040278975,-3.469446951953614e-18
2744.8570090261533,5.0,0.04182494349624804,0.125202225348072,0.015218447831430488,0.02530387322110189,0.02091247174812402,0.002179717885968922,0.01873275386215509,0.14763867670664493,0.10423052388173372,6.938893903907228e-18
2751.18156434649,5.0,0.044011577951015936,0.12762220636783975,0.016193144724901954,0.02613651984889943,0.022005788975507968,0.0023633390147338347,0.019642449960774123,0.15373155221794368,0.10739624093297391,1.0408340855860843e-17
2757.506119666827,5.0,0.046366723041177976,0.13010871298665685,0.01724872898685078,0.026996003006556978,0.023183361520588988,0.0025657570749796493,0.020617604445609346,0.16017980755949388,0.11067234890423538,-6.938893903907228e-18
2763.8306749871635,5.0,0.04890683727457629,0.1326603839235007,0.018393305003059586,0.027881480262951185,0.024453418637288143,0.0027892265264722834,0.021664192110815862,0.16700977595554947,0.11406284609298316,-3.469446951953614e-18
2770.1552303075005,5.0,0.051650177075067374,0.13527476742086417,0.01963587038565931,0.0287915587528243,0.025825088537533687,0.0030363031530493646,0.022788785384484325,0.1742499111348228,0.11757183905241834,-3.469446951953614e-18
2776.4797856278365,5.0,0.05461697854940654,0.13794802667972209,0.020986406543033218,0.029724147698671488,0.02730848927470327,0.0033098855400047625,0.02399860373469851,0.18193090831424885,0.12120353882302877,-3.469446951953614e-18
2782.8043409481734,5.0,0.05782964393588244,0.14067457494978855,0.022455971570716587,0.030676275752392426,0.02891482196794122,0.003613261383054127,0.025301560584887098,0.19008580649417586,0.12496225593435313,-3.469446951953614e-18
2789.12889626851,5.0,0.061312925444795344,0.1434466246176444,0.024056791816909753,0.03164386532771683,0.030656462722397672,0.00395015861350204,0.02670630410889564,0.1987500594591619,0.12885239400487147,-6.938893903907228e-18
2795.4534515888467,5.0,0.06509409512886075,0.14625363175490796,0.025802346440100356,0.03262145465420396,0.03254704756443037,0.004324800963928112,0.028222246600502262,0.2079615580805287,0.13287844175010666,0.0
2801.7780069091837,5.0,0.06920308368201061,0.14908161457816657,0.02770743640636235,0.03360185677839277,0.03460154184100531,0.004741967027920585,0.029859574813084724,0.21776058017741837,0.13704496319008,-3.469446951953614e-18
2808.10256222952,5.0,0.07367256308691267,0.1519123214290583,0.029788225384686923,0.034575743316015824,0.036836281543456334,0.005207050993559798,0.03162923054989654,0.22818963590750124,0.14135658582739843,0.0
2814.427117549857,5.0,0.07853793710568525,0.15472222174919376,0.032062234535631534,0.03553113969234591,0.03926896855284263,0.005726121928137106,0.033542846624705525,0.23929316597297773,0.14581798654659597,0.0
2820.751672870194,5.0,0.08383718889989654,0.15748129302701308,0.03454826583421778,0.03645281835895635,0.04191859444994827,0.006305976596157111,0.03561261785379116,0.2511170363825822,0.15043387496416624,0.0
2827.0762281905304,5.0,0.08961051567703843,0.16015157933916874,0.03726621887338365,0.037321577797932964,0.044805257838519214,0.006954178096115246,0.037851079742403954,0.26370775673300256,0.15520897393735605,1.3877787807814457e-17
2833.4007835108673,5.0,0.0958996553896361,0.16268550524953193,0.04023675365858976,0.03811339919484831,0.04794982769481805,0.00767906885791975,0.04027075883689829,0.27711132885394185,0.1601479969186548,1.3877787807814457e-17
2839.725338831204,5.0,0.10274677978655948,0.16502394598861178,0.04348073654067252,0.03879848124167437,0.05137338989327974,0.008489741491949832,0.0428836484013299,0.2913716096662445,0.16525562182261974,6.938893903907228e-18
2846.0498941515407,5.0,0.11019279220617047,0.1670940860586918,0.047018388478842245,0.03934016914209371,0.055096396103085234,0.009395944408189668,0.04570045169489556,0.30652804778991544,0.1705364610529131,6.938893903907228e-18
2852.3744494718776,5.0,0.11827483018347841,0.16880715050369394,0.050868035666744735,0.03969381993855882,0.059137415091739205,0.010407890984769859,0.04872952410696935,0.32261263125875683,0.17599502732109976,-6.938893903907228e-18
2858.6990047922145,5.0,0.1270227387691266,0.17005617449258248,0.0550443454670561,0.03980568698538999,0.0635113693845633,0.011535931710688662,0.05197543767387463,0.33964587014548936,0.18163569487595582,6.938893903907228e-18
2865.023560112551,5.0,0.13645426314862394,0.17071409665235954,0.059555921945079075,0.03961196628587599,0.06822713157431197,0.01279003927940432,0.055437092294907654,0.3576316440054532,0.18746265575409105,-6.938893903907228e-18
2871.348115432888,5.0,0.14656873057304842,0.17063262664958923,0.06440214600288763,0.039038229942846524,0.07328436528652421,0.014179049517119536,0.05910531576940469,0.3765507869746063,0.19347987066112762,-1.3877787807814457e-17
2877.672670753225,5.0,0.15733908553060566,0.16964254682135285,0.06956919207428862,0.03799957662324559,0.07866954276530283,0.015709600773537936,0.0629599419917649,0.39635338744027326,0.1996910140993809,0.0
2883.9972260735613,5.0,0.1687023545934215,0.16755634215985557,0.07502525959297435,0.03640194618898446,0.08435117729671075,0.01738472815834727,0.06696644913836348,0.4169499749172228,0.20609941337505414,0.0
2890.321781393898,5.0,0.1805490008649428,0.16417426089785211,0.08071524919130951,0.03414514961793809,0.0902745004324714,0.019202106736116425,0.07107239369635499,0.43820208507167585,0.21270798114779152,-1.3877787807814457e-17
2896.646336714235,5.0,0.19271222226756865,0.15929498828587557,0.08655541074384879,0.03112820551098644,0.09635611113378433,0.021152010768426453,0.0752041003653579,0.45991315232798524,0.2195191412307854,-2.7755575615628914e-17
2902.9708920345715,5.0,0.20495904181591748,0.1527319098013313,0.09242888732205723,0.02725747130569678,0.10247952090795874,0.02321517238393609,0.07926434852402267,0.48182125714766977,0.2265347474134528,-2.7755575615628914e-17
2909.2954473549084,5.0,0.2169859103347714,0.14433524849475113,0.09818351528295746,0.02245771155004303,0.1084929551673857,0.025360878703459194,0.08313207646392655,0.5035958568481198,0.23375599516421855,-4.163336342344337e-17
2915.6200026752454,5.0,0.22842220031458524,0.1340190200093813,0.10363356983072929,0.016685575005214837,0.11421110015729262,0.02754581302278823,0.08666528713450439,0.5248410523462149,0.24118332618153465,0.0
2921.944557995582,5.0,0.2388449367750868,0.12178977322344979,0.1085671289784241,0.009943964553408353,0.1194224683875434,0.02971425981414304,0.08970820857340035,0.5451078775264859,0.24881632590038177,1.3877787807814457e-17
2928.2691133159187,5.0,0.2478068410811995,0.10777185596410249,0.11276009387305955,0.002294669636615067,0.12390342054059975,0.03180026069750601,0.09210315984309372,0.5639171986870591,0.25665361423243305,1.3877787807814457e-17
2934.5936686362556,5.0,0.25487694545631057,0.09222231721569152,0.11599649434693236,-0.006134183060377216,0.12743847272815528,0.03373203725649033,0.09370643547166495,0.5807928826741107,0.2646927300238889,1.3877787807814457e-17
2940.918223956592,5.0,0.25968901820291596,0.07552868241233437,0.11809269968958558,-0.015149242385526285,0.12984450910145798,0.03543846316207518,0.09440604593938279,0.5953021347355911,0.27293000995817435,0.0
2947.242779276929,5.0,0.26198909434282536,0.05818559380908158,0.11892118198494767,-0.02450361295368115,0.13099454717141268,0.03685668643120213,0.09413786074021055,0.6070970798085108,0.2813604629128064,0.0
2953.567334597266,5.0,0.26167143384168756,0.04075150952922468,0.11842849308335687,-0.03391850603722771,0.13083571692084378,0.0379394325644804,0.09289628435636339,0.6159499376124686,0.2899776411011218,-1.3877787807814457e-17
2959.8918899176024,5.0,0.2587937743473061,0.02379264875619742,0.11664288865933334,-0.04311126737500986,0.12939688717365305,0.03866036212368306,0.09073652504997001,0.6217745742926697,0.2987735096888392,-2.7755575615628914e-17
2966.2164452379393,5.0,0.2535678335219182,0.007825592857267775,0.11366957687999389,-0.05182407700115071,0.1267839167609591,0.0390162691627451,0.08776764759821401,0.6246300438078936,0.30773831696891923,-1.3877787807814457e-17
2972.541000558276,5.0,0.24632777334086395,-0.006729635690483973,0.10967494785367549,-0.05984741015284526,0.12316388667043197,0.039025766721773304,0.08413811994865866,0.6247060646557971,0.3168604675995682,0.0
2978.865555878613,5.0,0.2374849249773696,-0.019577784246831403,0.10486393315038404,-0.0670341430878504,0.1187424624886848,0.03872505203822654,0.08001741045045827,0.6222945607847343,0.3261264018498583,-1.3877787807814457e-17
2985.1901111989496,5.0,0.227479347219977,-0.030555451411490336,0.09945578184733364,-0.07330309409558376,0.1137396736099885,0.038161990367126065,0.07557768324286246,0.6177539183779093,0.3355204842417863,-2.7755575615628914e-17
2991.5146665192865,5.0,0.21673743566839765,-0.039620086092686614,0.09366286170053396,-0.07863352329693854,0.10836871783419882,0.037389906620058824,0.07097881121414,0.6114728662831967,0.34502490540918235,0.0
2997.8392218396234,5.0,0.20564114710434211,-0.046827202321457394,0.08767526761665363,-0.08305374026183189,0.10282057355217106,0.03646219080782917,0.06635838274434189,0.6038393065032217,0.3546196013906525,0.0
3004.16377715996,5.0,0.19451034924754415,-0.05230270637516338,0.08165199250389503,-0.08662726771314476,0.09725517462377208,0.03542832847825246,0.06182684614551963,0.5952170064627896,0.3642821949094801,-1.3877787807814457e-17
3010.488332480297,5.0,0.1835967552652643,-0.05621590355343168,0.07571789015710365,-0.08943934497327953,0.09179837763263216,0.034331488297731284,0.057466889334900864,0.5859307834354779,0.37398796343789903,6.938893903907228e-18
3016.8128878006337,5.0,0.17308635716446305,-0.05875662480377352,0.06996488720999809,-0.09158549123388081,0.08654317858223153,0.03320746911714753,0.053335709465084,0.5762592222008037,0.3837098389631539,-6.938893903907228e-18
3023.13744312097,5.0,0.1631070209626445,-0.06011789946784713,0.06445577556776286,-0.09316284176298545,0.08155351048132226,0.03208465522349221,0.049468855257830055,0.56643318426353,0.39341844433343404,-6.938893903907228e-18
3029.461998441307,5.0,0.15373843593243613,-0.060484157321848156,0.05922918142945068,-0.09426424861144479,0.07686921796621807,0.030984611247707638,0.04588460671851044,0.5566382240531784,0.40308217082843917,-1.3877787807814457e-17
3035.786553761644,5.0,0.1450224318190054,-0.06002414300899955,0.05430471780803584,-0.09497473733840776,0.0725112159095027,0.029923007771774875,0.04258820813772782,0.5470192663131243,0.4126673011402836,6.938893903907228e-18
3042.1111090819804,5.0,0.13697247154660044,-0.058887433267437755,0.04968772426061539,-0.09536976492328848,0.06848623577330022,0.028910655009305633,0.03957558076399459,0.5376862933840292,0.4221381812398664,0.0
3048.4356644023173,5.0,0.12958174531584155,-0.057203470867205335,0.04537330672966436,-0.09551473578096356,0.06479087265792077,0.027954504287228715,0.036836368370692055,0.5287201933653444,0.43145744362514366,0.0
3054.7602197226543,5.0,0.12282970623419533,-0.0550822057905377,0.04134959751205868,-0.09546532110029642,0.06141485311709766,0.02705854186797987,0.03435631124911779,0.5201782566388168,0.4405862831974579,6.938893903907228e-18
3061.0847750429907,5.0,0.11668712821945934,-0.052615655262285545,0.03760027566634567,-0.09526823725435028,0.05834356410972967,0.026224544399340903,0.03211901971038876,0.5120990568175351,0.4494847855029749,6.938893903907228e-18
3067.4093303633276,5.0,0.11111988275162177,-0.049879900840804875,0.034106446081250276,-0.09496224232295597,0.055559941375810884,0.025452692828242602,0.030107248547568258,0.504506618670584,0.45811230534026326,2.42861286636753e-17
3073.7338856836645,5.0,0.10609166791030128,-0.046937208612038345,0.030847993853761694,-0.09457919367342918,0.05304583395515064,0.024742056501794365,0.028303777453356275,0.4974138769856985,0.46642789182489536,0.0
3080.058441004001,5.0,0.10156591586033063,-0.04383808323540661,0.02780452698198553,-0.09414507188522307,0.050782957930165316,0.024090965702414455,0.02669199222775087,0.49082548530424186,0.4743907539915927,-1.0408340855860843e-17
3086.382996324338,5.0,0.09750707681757648,-0.04062315323577837,0.02495600630667596,-0.09368091961192863,0.04875353840878824,0.023497292375288713,0.02525624603349952,0.48474005792062114,0.4819607589969947,6.938893903907228e-18
3092.707551644675,5.0,0.0938814425394935,-0.0373248417198358,0.022283144135417397,-0.09320367234825111,0.04694072126974675,0.022958657629399838,0.02398206364034692,0.4791519344571181,0.4890989530703413,-6.938893903907228e-18
3099.0321069650113,5.0,0.09065763807739216,-0.03396881176038961,0.019767635823555146,-0.09272687558132899,0.04532881903869608,0.02247258220281992,0.02285623683587616,0.474052551968871,0.4957680936632308,3.469446951953614e-18
3105.356662285348,5.0,0.08780688037068918,-0.03057519583251463,0.017392273501742453,-0.0922612928514415,0.04390344018534459,0.022036593340447157,0.021866846844897436,0.469431500226041,0.5019331798924311,-3.469446951953614e-18
3111.681217605685,5.0,0.08530307738808539,-0.027159629054955604,0.01514097869694326,-0.09181541440324313,0.042651538694042694,0.021648298894851387,0.021003239799191307,0.46527732477363853,0.507561967462503,0.0
3118.0057729260216,5.0,0.08312282183941472,-0.02373411026115134,0.01299878074864791,-0.09139587821048895,0.04156141091970736,0.021305437137044865,0.02025597378266249,0.4615781313823789,0.5126254538905072,3.469446951953614e-18
3124.3303282463585,5.0,0.08124531836271391,-0.020307715591726422,0.010951760359378514,-0.09100781545156816,0.040622659181356956,0.02100590882058986,0.019616750360767102,0.4583220354793108,0.5170983200979159,-6.938893903907228e-18
3130.6548835666954,5.0,0.07965227173010471,-0.016887187993414026,0.008986971937063869,-0.09065513181360822,0.039826135865052355,0.02074779647185064,0.019078339393201728,0.455497491451387,0.5209593153137646,-1.3877787807814457e-17
3136.979438887032,5.0,0.0783277552262819,-0.013477423751579686,0.007092354193912527,-0.09034073482007624,0.03916387761314095,0.020529374639608106,0.018634502973532842,0.4530935294131677,0.5241915737352761,0.0
3143.3039942073688,5.0,0.07725807224596083,-0.010081874591298718,0.005256635418781018,-0.09006671601768285,0.038629036122980416,0.020349113875339775,0.01827992224764064,0.45109992103013913,0.5267828534617276,0.0
3149.6285495277057,5.0,0.07643161976522549,-0.006702881307261446,0.0034692376560945238,-0.08983449549755324,0.03821580988261274,0.020205680478035944,0.01801012940457681,0.44950729113147814,0.5287256907573489,-1.0408340855860843e-17
3155.953104848042,5.0,0.07583875921853753,-0.0033419525110765084,0.0017201824822290711,-0.08964493495422161,0.037919379609268763,0.020097933476796982,0.017821446132471788,0.4483071879503716,0.5300174655780596,-6.938893903907228e-18
3162.277660168379,5.0,0.07547169811320754,-9.359231478506126e-17,4.7994305871607446e-17,-0.0894984243443881,0.03773584905660377,0.020024919900320397,0.017710929156283375,0.4474921217219405,0.5306603773584906,0.0
3168.602215488716,5.0,0.07532438417509647,0.0033224595211795473,-0.0017003580537882873,-0.08939494620625445,0.03766219208754824,0.019985869061825524,0.017676323025722713,0.4470555788917696,0.530661333131302,0.0
3174.9267708090524,5.0,0.07539241274746347,0.006625128100807902,-0.0033896006674812933,-0.08933412083402927,0.037696206373731736,0.019980186344684833,0.017716020029046906,0.44699201720707304,0.5300317529725709,-3.469446951953614e-18
3181.2513261293893,5.0,0.07567294741323007,0.009907768505427173,-0.005076175251351712,-0.08931523475718277,0.03783647370661503,0.020007446787282758,0.017829026919332275,0.44729684536426995,0.5287873003816635,0.0
3187.5758814497262,5.0,0.07616465327036996,0.013170058346284208,-0.006768340698267207,-0.08933725433338756,0.03808232663518498,0.020067388619090482,0.018014938016094495,0.44796638957728163,0.5269475473840888,3.469446951953614e-18
3193.9004367700627,5.0,0.07686764187818126,0.016411450940301935,-0.008474235886274672,-0.08939882571067063,0.03843382093909063,0.020159906780757728,0.018273914158332898,0.4489978483329038,0.5245355857984263,6.938893903907228e-18
3200.2249920903996,5.0,0.07778342654499994,0.019631038005970016,-0.010201943670193848,-0.08949826193232399,0.03889171327249997,0.02028504635889171,0.018606666913608266,0.45038923564947364,0.521577597180197,-6.938893903907228e-18
3206.5495474107365,5.0,0.07891488629408311,0.022827409662236484,-0.011959550307425352,-0.08963351753407116,0.039457443147041554,0.020442995772716202,0.019014447374325352,0.4521393123000499,0.5181023944337605,0.0
3212.874102731073,5.0,0.08026623648023852,0.02599850743351574,-0.013755200094946228,-0.08980215060626204,0.04013311824011926,0.020634079457904443,0.019499038782214814,0.45424750365747135,0.514140947993358,3.469446951953614e-18
3219.19865805141,5.0,0.08184300359559256,0.02914146609305449,-0.015597144758507087,-0.09000127195729535,0.04092150179779628,0.02085874969637216,0.02006275210142412,0.456713802028931,0.5097259088740349,0.0
3225.523213371747,5.0,0.08365200126014069,0.03225244022827973,-0.01749378682491895,-0.09022748071494373,0.041826000630070345,0.021117577134103126,0.020708423495967215,0.45953865054098686,0.5048911398648255,3.469446951953614e-18
3231.8477686920833,5.0,0.08570130370191992,0.035326411417444054,-0.01945371581305063,-0.09047678544159404,0.04285065185095996,0.02141123940694795,0.021439412444012006,0.46272280478649364,0.4996712647783977,3.469446951953614e-18
3238.17232401242,5.0,0.08800021215093023,0.03835697190612387,-0.021485735583719353,-0.09074450962559003,0.04400010607546512,0.021740507151905758,0.02225959892355936,0.46626716753279723,0.494101244088329,0.0
3244.496879332757,5.0,0.09055920845560027,0.04133608071569267,-0.023598880574603638,-0.0910251802597273,0.045279604227800134,0.02210622651422564,0.023173377713574507,0.4701725908028417,0.48821598358081875,-1.3877787807814457e-17
3250.8214346530935,5.0,0.09338988883363945,0.04425378827134269,-0.025802417892621922,-0.09131239815555359,0.04669494441681973,0.022509297065059605,0.024185647351760126,0.47443963857438815,0.48204998091724155,-3.469446951953614e-18
3257.1459899734305,5.0,0.09650486894364456,0.047097925995698564,-0.028105831320976042,-0.09159868870775845,0.04825243447182228,0.02295064381805998,0.0253017906537623,0.4790683022081505,0.47563701332960406,0.0
3263.4705452937674,5.0,0.09991764936782675,0.04985375799827737,-0.030518782201105946,-0.09187533207289163,0.049958824683913376,0.023431181776356627,0.02652764290755675,0.48405765954436286,0.46900986811848305,0.0
3269.795100614104,5.0,0.10364242810134641,0.05250359316478837,-0.0330510408573801,-0.09213217223870823,0.051821214050673206,0.023951771157948023,0.027869442892725187,0.48940546745973346,0.46220011624055857,-3.469446951953614e-18
3276.1196559344407,5.0,0.1076938437492583,0.05502635782837444,-0.03571238074419364,-0.09235740533873038,0.05384692187462915,0.02451316114830199,0.02933376072632716,0.4951076766553109,0.45523792809133184,3.469446951953614e-18
3282.4442112547777,5.0,0.11208662988681209,0.057397132062958475,-0.0385124258356133,-0.09253734894624399,0.056043314943406045,0.025115919734356344,0.030927395209049698,0.5011578567113993,0.44815192962298955,3.469446951953614e-18
3288.768766575114,5.0,0.11683515757315868,0.05958665681942894,-0.041460440011763695,-0.09265619613204762,0.05841757878657934,0.025760346919073834,0.03265723186750552,0.5075465192381269,0.44096909618910685,-1.3877787807814457e-17
3295.093321895451,5.0,0.121952839579495,0.061560825036742525,-0.044565045452095504,-0.09269576099322406,0.0609764197897475,0.026446368455650647,0.03453005133409685,0.5142603276128798,0.43371468096749927,0.0
3301.417877215788,5.0,0.12745136694464726,0.06328017795949616,-0.047833855545375545,-0.09263522638329275,0.06372568347232363,0.027173407258549376,0.03655227621377426,0.5212811838015006,0.42641217446260765,0.0
3307.7424325361244,5.0,0.13333974671160692,0.06469943864457837,-0.05127300692317923,-0.09245090992790021,0.06666987335580346,0.027940229963602757,0.03872964339220071,0.5285851867353337,0.4190832914064719,-6.938893903907228e-18
3314.0669878564613,5.0,0.13962311018513274,0.06576712842604453,-0.054886575446314506,-0.09211607128576006,0.06981155509256637,0.028744766883368012,0.04106678820919836,0.5361414634531451,0.41174798133710094,0.0
3320.391543176798,5.0,0.14630126527565207,0.06642532908538851,-0.05867586306791092,-0.09160079208911108,0.07315063263782604,0.029583905045291972,0.04356672759253406,0.5439108846611913,0.4044244592082201,0.0
3326.7160984971347,5.0,0.1533669764396023,0.06660967333816778,-0.06263854745323558,-0.09087196991805727,0.07668348821980114,0.030453256359598873,0.04623023186020227,0.5518446915536913,0.39712925254925036,0.0
3333.0406538174716,5.0,0.16080397383506423,0.06624966789350714,-0.06676769527641838,-0.0898934784763131,0.08040198691753211,0.031346906512740066,0.049055080404792055,0.559883081658484,0.389877261925037,-6.938893903907228e-18
3339.3652091378085,5.0,0.16858472230582403,0.06526947443023268,-0.07105065459885297,-0.08862655667163112,0.08429236115291201,0.03225715516598838,0.05203520598692361,0.5679538288099516,0.3826818317198605,2.0816681711721685e-17
3345.689764458145,5.0,0.17666802323460837,0.06358929029120512,-0.07546786293676479,-0.08703049752668837,0.08833401161730418,0.033174264589963066,0.055159747027341124,0.5759710460601563,0.37555482857142647,-6.938893903907228e-18
3352.014319778482,5.0,0.1849965797020648,0.06112747629425476,-0.07999163631357663,-0.08506371063939554,0.0924982898510324,0.03408624186966581,0.05841204798136657,0.583834239058192,0.3685067250925544,1.3877787807814457e-17
3358.338875098819,5.0,0.19349472695501393,0.057803565275111116,-0.08458504036755439,-0.08268522501583084,0.09674736347750697,0.03497868872474846,0.0617686747527585,0.5914278377346509,0.3615466868291532,6.938893903907228e-18
3364.6634304191557,5.0,0.20206661102500523,0.05354224155968999,-0.08920098499635566,-0.07985667738651442,0.10103330551250261,0.03583476161883478,0.06519854389366782,0.5986214297770736,0.35468266070340854,1.3877787807814457e-17
3370.987985739492,5.0,0.21059517749608728,0.04827829822377908,-0.09378172359232093,-0.07654478944426107,0.10529758874804364,0.036635291177531865,0.06866229757051179,0.6052709407986796,0.3479214634742766,-1.3877787807814457e-17
3377.312541059829,5.0,0.21894239146527722,0.04196244870536614,-0.0982589674386926,-0.0727242722931643,0.10947119573263861,0.0373591111567209,0.07211208457591772,0.6112210005940641,0.3412688690088215,-1.3877787807814457e-17
3383.637096380166,5.0,0.22695112299916537,0.03456769323066969,-0.10255483246167282,-0.06838100834431952,0.11347556149958268,0.0379836399085692,0.07549192159101348,0.6163086881471751,0.33472969339489794,0.0
3389.9616517005024,5.0,0.23444907036607582,0.026095733686147326,-0.1065838045165764,-0.06351525747800943,0.11722453518303791,0.03848573829431401,0.07873879688872391,0.6203687475551457,0.3283078771369937,-1.3877787807814457e-17
3396.2862070208394,5.0,0.24125493045650123,0.016582726607006288,-0.11025582794887068,-0.05814453230999621,0.12062746522825062,0.03884283558559791,0.0817846296426527,0.6232402071881908,0.3220065638625475,0.0
3402.6107623411763,5.0,0.247186752408208,0.006103514982924458,-0.11348048546908801,-0.05230571291369837,0.123593376204104,0.03903427046427532,0.0845591057398287,0.6247741228978303,0.31582817512658223,-1.3877787807814457e-17
3408.9353176615127,5.0,0.2520720459761034,-0.005226551833139112,-0.11617205513921308,-0.046055955641846606,0.1260360229880517,0.03904274361338027,0.08699327937467144,0.6248419289178685,0.3097744810392942,-1.3877787807814457e-17
3415.2598729818496,5.0,0.2557588178774141,-0.017252959546888373,-0.1182550311105064,-0.03947202133075033,0.12787940893870706,0.03885573212720512,0.08902367681150192,0.6233436622538575,0.3038466665562145,2.7755575615628914e-17
3421.5844283021866,5.0,0.2581263687857711,-0.02978694398769173,-0.1196695244717004,-0.032647816730603005,0.12906318439288555,0.03846668756139486,0.09059649683149071,0.6202151849269321,0.2980453933656025,-1.3877787807814457e-17
3427.908983622523,5.0,0.25909450613698803,-0.04261389017348361,-0.12037587180883529,-0.025690193982617113,0.12954725306849402,0.037875841451504105,0.09167141161698993,0.615433517542749,0.29237085738497637,-1.3877787807814457e-17
3434.23353894286,5.0,0.2586298971399721,-0.05550455106225644,-0.12035781369131066,-0.01871334029858039,0.12931494856998604,0.03709048105420679,0.09222446751577926,0.609019548571364,0.2868228419402974,0.0
3440.558094263197,5.0,0.25674862695504685,-0.0682279095726407,-0.11962377558135338,-0.011832346050310692,0.12837431347752343,0.03612463024348076,0.09224968323404271,0.6010376880319632,0.2814007667492273,-4.163336342344337e-17
3446.8826495835333,5.0,0.25351458324555587,-0.08056419482954352,-0.11820606178429618,-0.005156695789602576,0.12675729162277793,0.03499816138504838,0.09175913023772957,0.5915924389733896,0.2761037328661203,-1.3877787807814457e-17
3453.20720490387,5.0,0.24903393392199832,-0.09231653927396606,-0.11615809586232233,0.001215561122420721,0.12451696696099916,0.03373545205800701,0.09078151490299215,0.5808222796863685,0.27093056377267466,1.3877787807814457e-17
3459.531760224207,5.0,0.2434465432766594,-0.10332003327792949,-0.11355013012241218,0.007202338598606323,0.1217232716383297,0.03236376433026428,0.08935950730806543,0.5688915918719865,0.26587984281613064,0.0
3465.8563155445436,5.0,0.23691555005707784,-0.11344741929890123,-0.11046403596327506,0.012740361640545692,0.11845777502853892,0.030911550140069032,0.08754622488846987,0.5559815657022185,0.2609499472079549,1.3877787807814457e-17
3472.1808708648805,5.0,0.2296164433143698,-0.12261123603604251,-0.10698784300886749,0.017786239117624558,0.1148082216571849,0.02940687213409849,0.08540134952308642,0.5422810353875422,0.2561390788014018,0.0
3478.5054261852174,5.0,0.22172683228701334,-0.13076273758261586,-0.10321062516747541,0.0223159240091512,0.11086341614350667,0.027876084029608297,0.08298733211389839,0.5279780680066957,0.25144529186728487,-1.3877787807814457e-17
3484.829981505554,5.0,0.21341779168446207,-0.13788827481113403,-0.09921817430640076,0.026322904729467453,0.10670889584223103,0.026342853565229855,0.08036604227700117,0.5132528963895855,0.2468665180846565,0.0
3491.154536825891,5.0,0.20484727634415204,-0.14400399716913587,-0.09508970853615353,0.02981555662656492,0.10242363817207602,0.024827550216106324,0.07759608795596967,0.4982725179668885,0.24240058895774622,2.7755575615628914e-17
3497.4790921462277,5.0,0.1961557326409712,-0.14914972886380692,-0.09089567880014165,0.03281408064485513,0.0980778663204856,0.023346970782763942,0.07473089553772166,0.4831870319323972,0.2380452558630697,-1.3877787807814457e-17
3503.803647466564,5.0,0.1874637496466546,-0.15338274484962555,-0.08669659527445338,0.0353473918606765,0.0937318748233273,0.021914344358836477,0.07181753046449081,0.4681275932781198,0.23379820792171538,1.3877787807814457e-17
3510.128202786901,5.0,0.17887141505385276,-0.15677198019511188,-0.08254270609043364,0.037450224680018,0.08943570752692638,0.020539544143288846,0.06889616338363752,0.4532057385259905,0.22965708788187325,1.3877787807814457e-17
3516.452758107238,5.0,0.17045896354058204,-0.15939300416185906,-0.07847432222275451,0.03916062036643545,0.08522948177029102,0.019229433589511954,0.06600004818077908,0.43851378073570224,0.22561950618611973,-1.3877787807814457e-17
3522.7773134275744,5.0,0.16228830551083584,-0.1613239132122546,-0.07452258251527964,0.04051787400869476,0.08114415275541792,0.017988283547327812,0.06315586920809013,0.4241259665161733,0.22168305338706923,-2.7755575615628914e-17
3529.1018687479113,5.0,0.1544050736175535,-0.16264216248030305,-0.07071047755184033,0.04156095069662171,0.07720253680877676,0.01681821064604084,0.060384326162735924,0.41010011760594317,0.2178453110640383,-6.938893903907228e-18
3535.4264240682483,5.0,0.14684089754633836,-0.1634222660536727,-0.06705398761478237,0.04232733608043394,0.07342044877316918,0.015719601586773477,0.05770084718639571,0.39647952767795563,0.21410386138252616,-6.938893903907228e-18
3541.7509793885847,5.0,0.13961569523601364,-0.1637342470573107,-0.0635632288226728,0.042852261809888936,0.06980784761800682,0.014691501001466822,0.055116346616539996,0.38329493867603864,0.21045629542769592,0.0
3548.0755347089216,5.0,0.1327398393096568,-0.16364269951380309,-0.0602435368370404,0.04316823684193813,0.0663699196548284,0.013731951006693771,0.05263796864813462,0.37056647186022873,0.20690022043283843,6.938893903907228e-18
3554.4000900292585,5.0,0.12621611532186544,-0.16320632537732302,-0.057096446443818366,0.04330481631635903,0.06310805766093272,0.012838278281763534,0.05026977937916918,0.35830543230271483,0.2034332660140025,0.0
3560.724645349595,5.0,0.12004143206896943,-0.16247782352485704,-0.05412054713540035,0.04328854639220621,0.060020716034484715,0.012007329677463199,0.048013386357021515,0.3465159401450848,0.20005308951270134,0.0
3567.049200669932,5.0,0.11420827473772581,-0.16150402648726475,-0.05131221008341625,0.043143032937304454,0.057104137368862905,0.011235660486684954,0.04586847688217795,0.33519636762180094,0.1967573805398452,0.0
3573.373755990269,5.0,0.10870591133806055,-0.16032620104993164,-0.04866619172715186,0.042889092136559864,0.05435295566903028,0.01051968110380556,0.04383327456522471,0.32434057877184536,0.19354386480585747,6.938893903907228e-18
3579.6983113106053,5.0,0.10352137423117815,-0.1589804480057679,-0.046176124885237195,0.0425449506613143,0.05176068711558907,0.009855768340476728,0.04190491877511235,0.31393898038435314,0.19041030731426298,0.0
3586.0228666309417,5.0,0.09864024399297702,-0.15749815301818207,-0.043834911012375015,0.04212647137936089,0.04932012199648851,0.009240347535847371,0.04007977446064115,0.3039793995626574,0.18735451498893826,-6.938893903907228e-18
3592.347421951278,5.0,0.0940472643058432,-0.1559064542978923,-0.04163502794930074,0.04164738745831326,0.0470236321529216,0.008669951086104806,0.03835368106681679,0.29444780668405063,0.1843743387986276,6.938893903907228e-18
3598.671977271615,5.0,0.08972681555509922,-0.15422870366253144,-0.03956876700563342,0.04111953314752447,0.04486340777754961,0.008141258321541169,0.036722149456008435,0.2853289035751753,0.18146767543626477,6.938893903907228e-18
3604.996532591952,5.0,0.08566327240611753,-0.15248490583916952,-0.03762841201502122,0.040553063669299075,0.042831636203058764,0.007651120909346044,0.035180515293712716,0.2766065962580438,0.17863246860505527,0.0
3611.3210879122885,5.0,0.0818412675959396,-0.15069212699917856,-0.03580637148078908,0.03995665971475213,0.0409206337979698,0.007196577235451904,0.033724056562517896,0.2682643702665694,0.17586670995816658,0.0
3617.6456432326254,5.0,0.07824588096652783,-0.148864867906957,-0.034095273326838114,0.03933771423568268,0.03912294048326392,0.006774858561300075,0.032348081921963846,0.2602855847199394,0.17316843973418194,-6.938893903907228e-18
3623.9701985529623,5.0,0.07486276968193704,-0.14701540010760897,-0.03248803022603212,0.03870250074558204,0.03743138484096852,0.006383389179823387,0.031047995661145137,0.25265369935592447,0.17053574712621344,-3.469446951953614e-18
3630.2947538732988,5.0,0.07167825276334523,-0.14515406560526245,-0.030977882074048814,0.038056323356162075,0.035839126381672616,0.006019782312956105,0.029819344068716506,0.2453524467568258,0.16796677041867003,3.469446951953614e-18
3636.6193091936357,5.0,0.06867936061235674,-0.1432895417630842,-0.02955842094483238,0.03740364941544464,0.03433968030617837,0.005681833095863494,0.028657847210314887,0.2383659601508465,0.1654596969221412,-1.0408340855860843e-17
3642.9438645139726,5.0,0.06585385808877971,-0.1414290739000833,-0.02822360281160619,0.036748225985441384,0.032926929044389854,0.005367509671860934,0.02755941937252892,0.23167886549836467,0.1630127627336525,0.0
3649.268419834309,5.0,0.06319024794749262,-0.1395786784303017,-0.02696774943654724,0.03609318158268112,0.03159512397374631,0.005074943166081963,0.026520180807664342,0.22527634509823624,0.16062425234662608,3.469446951953614e-18
3655.592975154646,5.0,0.06067775998732577,-0.13774331950774388,-0.025785543106318014,0.035441114663691875,0.030338879993662884,0.00480241710473185,0.025536462888931036,0.21914417867540653,0.15829249813226354,0.0
3661.917530474983,5.0,0.05830633008356441,-0.13592706209350447,-0.0246720162999383,0.03479417031407536,0.029153165041782204,0.004548356690373261,0.024604808351408946,0.21326876682658577,0.15601587971167363,-3.469446951953614e-18
3668.2420857953193,5.0,0.05606657232451769,-0.13413320421312142,-0.02362253789984716,0.03415410652557272,0.028033286162258846,0.004311318223474712,0.02372196793878413,0.20763714078831638,0.15379282323593693,3.469446951953614e-18
3674.5666411156562,5.0,0.053949746713571174,-0.1323643909663256,-0.022632797177445933,0.03352235134257138,0.026974873356785587,0.004089978869025504,0.022884894487760085,0.20223696173117078,0.1516218005893496,0.0
3680.891196435993,5.0,0.05194772429728345,-0.13062271261828276,-0.02169878648394213,0.03290005204294451,0.025973862148641724,0.0038831268982604176,0.022090735250381306,0.19705651215477293,0.14950132852936088,0.0
3687.2157517563296,5.0,0.05005295110787194,-0.12890978886113108,-0.020816783341166968,0.03228811739795001,0.02502647555393597,0.0036896524844422223,0.021336823069493745,0.192084681441343,0.14742996777514453,3.469446951953614e-18
3693.5403070766665,5.0,0.048258411939904725,-0.1272268410999041,-0.019983332442739535,0.031687253938541236,0.024129205969952362,0.0035085390942066093,0.02062066687574575,0.18731094720294938,0.14540632205534346,3.469446951953614e-18
3699.8648623970034,5.0,0.04655759469538099,-0.1255747543954872,-0.019195227933099815,0.031097997044703552,0.023278797347690495,0.0033388554889901157,0.019939941858700374,0.1827253537139856,0.1434290371242639,3.469446951953614e-18
3706.18941771734,5.0,0.04494445581156781,-0.12395413049327783,-0.018449496221995203,0.030520737572426564,0.022472227905783904,0.003179748332025864,0.01929247957375804,0.17831848844205314,0.1414967997546634,0.0
3712.513973037677,5.0,0.043413387118117354,-0.12236533318157006,-0.017743379508054886,0.02995574464058213,0.021706693559058677,0.0030304353833465678,0.01867625817571211,0.17408145746593942,0.1396083367142713,0.0
3718.8385283580137,5.0,0.041959184342927135,-0.12080852705866718,-0.017074320121529703,0.02940318511745458,0.020979592171463567,0.0028901992566594415,0.018089392914804128,0.17000586038897134,0.13776241373226927,-3.469446951953614e-18
3725.16308367835,5.0,0.040577017391002196,-0.1192837106416998,-0.016439945748649484,0.028863140273645213,0.020288508695501098,0.0027583817066866466,0.01753012698881445,0.16608376521161383,0.13595783446115522,0.0
3731.487638998687,5.0,0.03926240245013066,-0.11779074462190141,-0.015838055564803548,0.02833562000394595,0.01963120122506533,0.0026343784127045664,0.01699682281236076,0.16230768351204347,0.1341934394386913,3.469446951953614e-18
3737.812194319024,5.0,0.03801117592586381,-0.11632937595915424,-0.015266607278069695,0.02782057496479648,0.019005587962931905,0.0025176342228866774,0.016487953740045226,0.15867054619199739,0.13246810505399872,0.0
3744.1367496393605,5.0,0.036819470171671864,-0.11489925841135838,-0.014723705066287902,0.027317906925298372,0.018409735085835932,0.002407638824145742,0.01600209626169019,0.1551656799729161,0.13078074252128316,0.0
3750.4613049596974,5.0,0.035683690954767394,-0.1134999700099941,-0.014207588378167855,0.02682747758765717,0.017841845477383697,0.002303922803099245,0.015537922674284454,0.15178678477058682,0.1291302968641722,-1.734723475976807e-18
3756.7858602800343,5.0,0.03460049658122227,-0.1121310279205838,-0.013716621560469992,0.026349116096581974,0.017300248290611137,0.0022060540652607636,0.015094194225350376,0.14852791203207444,0.12751574591319545,-3.469446951953614e-18
3763.1104156003707,5.0,0.03356677859354566,-0.11079190106418771,-0.013249284268055753,0.02588262542587673,0.01678338929677283,0.0021136345813799755,0.014669754715392856,0.1453834440842552,0.1259360993185323,0.0
3769.4349709207077,5.0,0.0325796439482097,-0.10948202082228708,-0.012804162610747995,0.025427787803558134,0.01628982197410485,0.0020262974318631414,0.014263524542241704,0.14234807451676829,0.12439039757980472,1.734723475976807e-18
3775.7595262410446,5.0,0.03163639857843037,-0.10820079010123886,-0.012379940989840276,0.02498436931374203,0.015818199289215185,0.0019437041222934545,0.01387449516692173,0.13941678960202228,0.12287771109437647,0.0
3782.084081561381,5.0,0.030734532247872173,-0.10694759099289687,-0.011975394577262119,0.024552123793738098,0.015367266123936086,0.0018655421451603982,0.013501723978775687,0.13658485073976537,0.12139713922534509,0.0
3788.408636881718,5.0,0.029871704603097838,-0.10572179123407223,-0.011589382391472523,0.024130796127823557,0.014935852301548919,0.0017915227649458946,0.013144329536603024,0.1338477779025821,0.11994780939016819,0.0
3794.733192202055,5.0,0.029045732335970027,-0.10452274963845545,-0.011220840925836495,0.02372012502463493,0.014522866167985014,0.001721379005668099,0.012801487162316914,0.13120133405069093,0.11852887617065558,1.734723475976807e-18
3801.0577475223913,5.0,0.02825457737139504,-0.10334982064974864,-0.010868778287321227,0.023319845352673202,0.01412728868569752,0.001654863821828848,0.012472424863868667,0.12864151047888267,0.1171395204448702,5.204170427930421e-18
3807.382302842728,5.0,0.027496336000468122,-0.10220235814346522,-0.010532268805674498,0.02292969009776601,0.013748168000234061,0.0015917484354364317,0.01215641956479763,0.12616451305483772,0.11577894854131346,-1.734723475976807e-18
3813.706858163065,5.0,0.02676922888399896,-0.10107971858663467,-0.010210448075698812,0.022549391997214317,0.01338461444199948,0.0015318208233764366,0.011852793618623044,0.12376674930596007,0.11444639141563523,0.0
3820.0314134834016,5.0,0.02607159185638268,-0.09998126364904444,-0.009902508397720607,0.02217868489754352,0.01303579592819134,0.0014748843408786305,0.011560911587312712,0.12144481631089202,0.11314110384997905,-1.734723475976807e-18
3826.3559688037385,5.0,0.02540186746472532,-0.09890636234629835,-0.009607694583818339,0.021817304876096597,0.01270093373236266,0.0014207564681812013,0.011280177264181457,0.1191954893517872,0.11186236367496649,1.734723475976807e-18
3832.6805241240754,5.0,0.02475859718293646,-0.09785439278353315,-0.009325300099768384,0.02146499116098337,0.01237929859146823,0.001369267668729586,0.011010030922738645,0.11701571128398042,0.11060947101423667,0.0
3839.005079444412,5.0,0.024140414245109588,-0.0968247435588344,-0.009054663514965394,0.021121486878995288,0.012070207122554794,0.0013202603483720389,0.010749946774182756,0.11490258258072526,0.10938174755137019,0.0
3845.329634764749,5.0,0.023546037046887784,-0.0958168148770002,-0.008795165234756387,0.020786539656893872,0.011773018523443892,0.0012735879060357226,0.010499430617408172,0.1128533520120569,0.10817853581896578,-1.734723475976807e-18
3851.6541900850857,5.0,0.022974263067633834,-0.09483001941710277,-0.008546224491683102,0.02045990209787801,0.011487131533816917,0.0012291138672924928,0.010258017666524427,0.11086540791845276,0.10699919850957655,-3.469446951953614e-18
3857.978745405422,5.0,0.022423963270080543,-0.09386378299112731,-0.00830729657405044,0.0201413321519456,0.011211981635040271,0.0011867110930605692,0.010025270541979703,0.10893627004173445,0.10584311780816673,-1.734723475976807e-18
3864.303300725759,5.0,0.021894076937726763,-0.09291754502567084,-0.008077870272028895,0.019830593396213597,0.010947038468863381,0.0011462610564441965,0.009800777412419184,0.10706358187750849,0.10470969474570702,1.734723475976807e-18
3870.627856046096,5.0,0.021383606913576193,-0.09199075889414483,-0.007857465523160136,0.01952745523898636,0.010691803456788097,0.0011076531813956653,0.009584150275392427,0.1052451035153496,0.10359834857349812,3.469446951953614e-18
3876.9524113664324,5.0,0.0208916152068871,-0.09108289212301658,-0.007645631240666411,0.019231693059406026,0.01044580760344355,0.0010707842374986505,0.009375023365944903,0.103478704934815,0.10250851615777963,-3.469446951953614e-18
3883.2769666867694,5.0,0.020417218937438746,-0.09019342649228027,-0.007441943309379319,0.018943088292842056,0.010208609468719373,0.0010355577857260633,0.009173051682993308,0.1017623597272618,0.10143965139416482,1.734723475976807e-18
3889.6015220071063,5.0,0.019959586589423123,-0.08932185804746721,-0.00724600273540109,0.018661428470733696,0.009979793294711561,0.0010018836705243755,0.008977909624187189,0.10009413921525953,0.10039122464142501,-3.469446951953614e-18
3895.9260773274427,5.0,0.019517934549459024,-0.08846769703802589,-0.007057433936802708,0.018386507222357868,0.009758967274729512,0.0009696775540253814,0.008789289720704129,0.09847220694314622,0.09936272217413064,1.734723475976807e-18
3902.2506326477796,5.0,0.019091523905417865,-0.08763046779478231,-0.006875883163755745,0.018118124244930343,0.009545761952708932,0.0009388604885908811,0.00860690146411805,0.09689481351397923,0.09835364565365552,1.734723475976807e-18
3908.5751879681166,5.0,0.018679657484750208,-0.08680970855735269,-0.006701017037491978,0.01785608524752822,0.009339828742375104,0.0009093585242593817,0.008430470218115726,0.09536029174973101,0.09736351161703777,-3.469446951953614e-18
3914.899743288453,5.0,0.018281677112835664,-0.08600497126081248,-0.006532521198398585,0.01760020187353376,0.009140838556417832,0.0008811023479916701,0.008259736208426162,0.09386705215312081,0.0963918509831949,0.0
3921.22429860879,5.0,0.01789696107354831,-0.08521582128956559,-0.006370099054389072,0.017350291605618306,0.008948480536774155,0.000854026951906794,0.00809445358486736,0.09241357865091006,0.095438208575985,0.0
3927.548853929127,5.0,0.017524921755759166,-0.0844418372051968,-0.006213470621452119,0.017106177656701627,0.008762460877879583,0.0008280713279657165,0.007934389549913868,0.09099842459986418,0.09450214266361444,-1.734723475976807e-18
3933.8734092494633,5.0,0.01716500347088601,-0.08368261045408047,-0.006062371448972797,0.0168676888498159,0.008582501735443004,0.0008031781867988103,0.007779323548644193,0.08962020903785096,0.09358322451388966,8.673617379884035e-19
3940.1979645698,5.0,0.016816680427874202,-0.08293774505966132,-0.005916551623054901,0.01663465948937175,0.008408340213937101,0.0007792936985890481,0.007629046515348052,0.08827761316376015,0.09268103796482248,8.673617379884035e-19
3946.522519890137,5.0,0.016479454853147956,-0.082206857303574,-0.005775774841649207,0.01640692922594862,0.008239727426573978,0.0007563672541167873,0.007483360172457192,0.08696937703104395,0.0917951790100998,-1.734723475976807e-18
3952.847075210474,5.0,0.016152855244127896,-0.08148957539913099,-0.005639817555818611,0.016184342916410487,0.008076427622063948,0.0007343512442472154,0.007342076377816734,0.08569429644073258,0.09092525539893966,-1.734723475976807e-18
3959.1716305308105,5.0,0.015836434745873765,-0.08078553916015767,-0.005508468171950869,0.015966750480871306,0.007918217372936883,0.0007132008562994996,0.0072050165166373855,0.08445122002076108,0.09007088624986459,-2.6020852139652106e-18
3965.4961858511474,5.0,0.015529769641287806,-0.08009439966767808,-0.005381526310166284,0.015754006757795317,0.007764884820643903,0.0006928738858791813,0.007072010934764724,0.08323904647935254,0.08923170167792968,-1.734723475976807e-18
3971.8207411714843,5.0,0.015232457946115188,-0.07941581893654945,-0.005258802114566551,0.015545971358312895,0.007616228973057594,0.0006733305628841364,0.0069428984101734545,0.0820567220210591,0.08840734243495606,2.6020852139652106e-18
3978.145296491821,5.0,0.0149441181007071,-0.07874946958379199,-0.005140115611334035,0.01534250852065569,0.00747205905035355,0.0006545333905106808,0.006817525659842869,0.08090323791484991,0.08759745956232917,0.0
3984.4698518121577,5.0,0.014664387751177907,-0.07809503450006028,-0.005025296111022349,0.015143486965463294,0.007332193875588954,0.0006364469961915326,0.006695746879397422,0.07977762820437398,0.08680171405593261,-8.673617379884035e-19
3990.7944071324946,5.0,0.014392922613195377,-0.07745220652544607,-0.0049141816516813965,0.014948779752583631,0.0071964613065976886,0.000619037993492441,0.0065774233131052455,0.07867896755121034,0.08601977654280019,1.734723475976807e-18
3997.118962452831,5.0,0.014129395412196412,-0.07682068813057819,-0.00480661847973574,0.014758264139876893,0.007064697706098206,0.0006022748540802834,0.006462422852017925,0.07760636920255215,0.0852513269690794,-2.6020852139652106e-18
4003.443517773168,5.0,0.013873494894327203,-0.0762001911037978,-0.004702460565787031,0.014571821444437237,0.006936747447163601,0.0005861277889533576,0.006350619658210243,0.07655898307536207,0.08449605429890951,0.0
4009.768073093505,5.0,0.013624924902869113,-0.07559043624502625,-0.004601569152741403,0.014389336906564803,0.0068124624514345564,0.0005705686381952229,0.006241893813239335,0.07553599394958822,0.08375365622383336,-1.734723475976807e-18
4016.0926284138413,5.0,0.01338340351533284,-0.07499115306680132,-0.0045038123338723155,0.014210699556749569,0.00669170175766642,0.0005555707685773568,0.0061361309890890624,0.07453661976353347,0.0830238388823682,0.0
4022.4171837341783,5.0,0.013148662236790069,-0.0744020795028434,-0.004409064658621673,0.014035802085869445,0.006574331118395034,0.0005411089783940094,0.006033222140001026,0.07356011000494829,0.08230631658937619,-8.673617379884035e-19
4028.741739054515,5.0,0.01292044524536425,-0.07382296162441065,-0.004317206764117265,0.013864540718753557,0.006460222622682125,0.0005271594089652881,0.0059330632137168365,0.07260574419185359,0.08160081157488416,8.673617379884035e-19
4035.0662943748516,5.0,0.012698508686124594,-0.0732535533646179,-0.004228125030545051,0.013696815091218326,0.006349254343062297,0.000513699462292369,0.005835554880769927,0.07167283043750743,0.08090705373201472,8.673617379884035e-19
4041.3908496951885,5.0,0.012482620009923338,-0.07269361625082325,-0.004141711258661847,0.013532528130647566,0.006241310004961669,0.000500707724392235,0.005740602280569434,0.07076070409430894,0.08022478037370138,0.0
4047.7154050155254,5.0,0.012272557353986158,-0.07214291914512472,-0.004057862367868143,0.013371585940156437,0.006136278676993079,0.0004881638938788744,0.005648114783114206,0.06986872647178238,0.0795537359978713,-1.734723475976807e-18
4054.039960335862,5.0,0.012068108961313578,-0.07160123799295966,-0.00397648011338405,0.013213897686353237,0.006034054480656789,0.00047604871539387567,0.005558005765262912,0.06899628362411092,0.07889367206078975,1.734723475976807e-18
4060.364515656199,5.0,0.011869072636177841,-0.07106835557975644,-0.0038974708211839777,0.01305937549069091,0.0059345363180889205,0.00046434391752209734,0.0054701924005668215,0.06814278520299104,0.07824434675827016,1.734723475976807e-18
4066.6890709765357,5.0,0.011675255233208582,-0.07054406129555439,-0.003820745139449371,0.012907934324382508,0.005837627616604291,0.00045303215485799526,0.005384595461746297,0.06730766337186245,0.07760552481446582,-1.734723475976807e-18
4073.013626296872,5.0,0.011486472177750784,-0.07002815090747842,-0.0037462178053933566,0.012759491906839324,0.005743236088875392,0.00044209695391536104,0.005301139134960031,0.06649037177782668,0.07697697727796698,0.0
4079.338181617209,5.0,0.011302547015353923,-0.06952042633993102,-0.00367380742639824,0.012613968607578132,0.005651273507676961,0.0004315226625980636,0.0052197508450789,0.06569038457781044,0.0763584813249372,-1.734723475976807e-18
4085.662736937546,5.0,0.011123310988412847,-0.06902069546234758,-0.0036034362744869946,0.012471287351534676,0.005561655494206424,0.00042129440297209375,0.00514036109123433,0.06490719551575878,0.0757498200690345,-8.673617379884035e-19
4091.9872922578825,5.0,0.010948602638127417,-0.06852877188434334,-0.0035350300932227435,0.01233137352771144,0.005474301319063709,0.00041139802709983225,0.0050629032919638755,0.06414031704784692,0.07515078237786796,8.673617379884035e-19
4098.311847578219,5.0,0.010778267430085198,-0.06804447475807147,-0.003468517916198209,0.01219415490108256,0.005389133715042599,0.00040182007571645947,0.004987313639326138,0.06338927951290024,0.07456116269575308,8.673617379884035e-19
4104.636402898556,5.0,0.010612157401895734,-0.06756762858760226,-0.003403831896338838,0.012059561527673325,0.005306078700947867,0.0003925477395456806,0.004913530961402185,0.06265363034539025,0.073980760872536,1.734723475976807e-18
4110.960958218893,5.0,0.010450130831419978,-0.06709806304512637,-0.003340907145300388,0.011927525672728229,0.005225065415709989,0.00038356882306777543,0.004841496592642213,0.061932933328543015,0.07340938199826452,8.673617379884035e-19
4117.285513539229,5.0,0.010292051924244662,-0.06663561279378312,-0.0032796815822943816,0.011797981731879254,0.005146025962122331,0.00037487171056749393,0.004771154251554838,0.06122676788525538,0.07284683624349397,-1.734723475976807e-18
4123.610068859566,5.0,0.01013779051914862,-0.06618011731691055,-0.0032200957917231303,0.011670866155224249,0.00506889525957431,0.0003664453343025796,0.004702449925271732,0.06053472840465873,0.07229293870502149,-8.673617379884035e-19
4129.934624179903,5.0,0.009987221810398343,-0.06573142075351514,-0.003162092889050672,0.011546117374224707,0.004993610905199172,0.00035827914464589615,0.0046353317605532735,0.05985642360230823,0.0717475092568523,1.734723475976807e-18
4136.25917950024,5.0,0.009840226085792256,-0.06528937173975716,-0.003105618394376845,0.011423675731331554,0.004920113042896128,0.00035036308206526335,0.004569749960830865,0.05919147591209931,0.07121037240620573,-8.673617379884035e-19
4142.583734820577,5.0,0.009696688479450554,-0.06485382325625166,-0.0030506201132199165,0.011303483412248546,0.004848344239725277,0.00034268755081539985,0.004505656688909879,0.0585395209081352,0.07068135715437929,-1.734723475976807e-18
4148.908290140914,5.0,0.009556498738417255,-0.06442463248098561,-0.0029970480240478817,0.011185484380743127,0.004778249369208627,0.00033524339422574443,0.0044430059749828825,0.05790020675487648,0.0701602968622936,0.0
4155.232845461251,5.0,0.009419551002206865,-0.0640016606476559,-0.0029448541721310015,0.011069624315916078,0.004709775501103432,0.0003280218714765947,0.004381753629626841,0.05727319368400846,0.06964702912054808,-2.6020852139652106e-18
4161.557400781587,5.0,0.00928574359448781,-0.0635847729092354,-0.002893992569317857,0.010955850551842481,0.004642871797243905,0.00032101463576393537,0.004321857161479968,0.056658153496556465,0.06914139562382395,1.734723475976807e-18
4167.881956101924,5.0,0.00915497882615086,-0.06317383820657968,-0.0028444190993648314,0.010844112019498487,0.00457748941307543,0.0003142137137606575,0.0042632756993147706,0.056054769088870346,0.06864324204947751,2.6020852139652106e-18
4174.2065114222605,5.0,0.009027162809062185,-0.06276872914189062,-0.002796091428474448,0.01073435919089018,0.004513581404531093,0.00030761148628859187,0.0042059699182425,0.05546273400118244,0.06815241794017206,8.673617379884035e-19
4180.531066742597,5.0,0.008902205279847896,-0.062369321856857333,-0.002748968920721356,0.010626544025302498,0.004451102639923948,0.00030120067012196037,0.00414990196980199,0.05488175198751953,0.06766877659040159,-1.734723475976807e-18
4186.855622062934,5.0,0.0087800194331019,-0.061975495915301375,-0.0027030125580669254,0.01052061991758916,0.00439000971655095,0.00029497430084860307,0.004095035415702346,0.05431153660582649,0.06719217493676807,8.673617379884035e-19
4193.180177383271,5.0,0.00866052176344878,-0.0615871341901565,-0.0026581848646832357,0.010416541648425731,0.00433026088172439,0.00028892571672054716,0.004041335165003842,0.05375181082722211,0.0667224734518747,8.673617379884035e-19
4199.504732703607,5.0,0.008543631915932229,-0.06120412275461958,-0.002614449835326328,0.010314265336451321,0.004271815957966114,0.0002830485434303979,0.003988767414535717,0.05320230666337672,0.0662595360417077,-8.673617379884035e-19
4205.829288023944,5.0,0.008429272544233814,-0.06082635077731359,-0.00257177286751561,0.010213748392225778,0.004214636272116907,0.0002773366797544603,0.003937299592362447,0.05266276481105604,0.06580322994637944,-8.673617379884035e-19
4212.153843344281,5.0,0.008317369176260216,-0.060453710421310015,-0.0025301206972926883,0.01011494947393241,0.004158684588130108,0.000271784284007686,0.003886900304122422,0.052132934312935614,0.0653534256441145,0.0
4218.478398664618,5.0,0.008207850086666663,-0.06008609674686165,-0.002489461338347603,0.010017828444757989,0.004103925043333331,0.0002663857612593243,0.0038375392820740066,0.051612572233838944,0.0649099967583613,4.336808689942018e-19
4224.802953984955,5.0,0.008100646175912692,-0.05972340761770276,-0.002449764024314406,0.009922346331884411,0.004050323087956346,0.0002611357512617129,0.0037891873366946334,0.051101443351603375,0.06447281996791843,-4.336808689942018e-19
4231.127509305292,5.0,0.007995690855472555,-0.05936554361077919,-0.0024109991540509574,0.009828465287028873,0.003997845427736278,0.00025602911704791494,0.0037418163106883624,0.05059931986182373,0.06404177491996926,4.336808689942018e-19
4237.452064625628,5.0,0.007892919938846474,-0.059012407929274764,-0.002373138239729618,0.009736148548471277,0.003946459969423237,0.00025106093415691583,0.0036953990352663205,0.05010598109576499,0.06361674414592063,8.673617379884035e-19
4243.776619945965,5.0,0.007792271538041649,-0.05866390631880566,-0.002336153857576709,0.00964536040451007,0.0038961357690208247,0.00024622648044790303,0.0036499092885729223,0.049621213250776425,0.06319761297994617,-8.673617379884035e-19
4250.101175266302,5.0,0.007693685965213196,-0.058319946986660286,-0.002300019601109063,0.00955606615829011,0.003846842982606598,0.00024152122646775847,0.0036053217561388393,0.04914480913257864,0.06278426948014008,4.336808689942018e-19
4256.425730586639,5.0,0.007597105639174077,-0.05798044052396494,-0.002264710036725354,0.009468232093947836,0.0037985528195870386,0.0002369408263382709,0.0035616119932487694,0.04867656790882764,0.06237660435218854,-1.734723475976807e-18
4262.7502859069755,5.0,0.0075024749965017686,-0.05764529983066132,-0.002230200661519072,0.009381825444021375,0.0037512374982508843,0.00023248110913181747,0.003518756389119067,0.048216294873394974,0.06197451087546925,0.0
4269.074841227312,5.0,0.007409740406986223,-0.057314440043186685,-0.0021964678631882593,0.009296814358075443,0.0037048702034931115,0.00022813807070634133,0.0034767321327867705,0.04776380122083473,0.061577884831496364,-4.336808689942018e-19
4275.399396547648,5.0,0.0073188500931792655,-0.056987778464750234,-0.0021634888819248715,0.009213167872492378,0.0036594250465896328,0.00022390786597234564,0.0034355171806172884,0.047318903830535386,0.06118662443462655,-1.3010426069826053e-18
4281.723951867985,5.0,0.007229754053820456,-0.05666523449810488,-0.002131241774173886,0.009130855881382976,0.003614877026910228,0.0002197868015664248,0.0033950902253438034,0.04688142506008374,0.06080063026494843,-4.336808689942018e-19
4288.048507188322,5.0,0.0071424039909282686,-0.05634672958071744,-0.0020997053781590955,0.009049849108572598,0.0035712019954641343,0.00021577132890750618,0.003355430666556629,0.04645119254739389,0.06041980520327954,-8.673617379884035e-19
4294.373062508659,5.0,0.007056753240357799,-0.05603218712224256,-0.0020688592810786557,0.008970119080619458,0.0035283766201788993,0.00021185803761349637,0.003316518582565403,0.046028039021176685,0.06004405436819682,0.0
4300.697617828996,5.0,0.00697275670563873,-0.055721532444211956,-0.002038683787879534,0.008891638100824247,0.003486378352819365,0.00020804364925748066,0.003278334703561884,0.04561180211935072,0.05967328505503136,0.0
4307.022173149333,5.0,0.00689037079491798,-0.0554146927218517,-0.0020091598915253192,0.008814379224191456,0.00344518539745899,0.00020432501144393002,0.00324086038601506,0.045202324215014654,0.05930740667675845,0.0
4313.346728469669,5.0,0.006809553360842279,-0.05511159692794589,-0.0019802692446771316,0.008738316233304778,0.0034047766804211396,0.00020069909218662981,0.003204077588234512,0.04479945224962353,0.05894633070671912,-2.168404344971009e-18
4319.671283790006,5.0,0.006730263643225167,-0.05481217577866613,-0.0019519941327119674,0.00866342361507999,0.0033651318216125835,0.000197162974571169,0.0031679688470414133,0.04440303757302748,0.05858997062310855,1.3010426069826053e-18
4325.995839110343,5.0,0.006652462214352751,-0.05451636168129239,-0.0019243174480075495,0.008589676538360957,0.0033262311071763757,0.0001937138516859374,0.0031325172554904387,0.04401293579005352,0.058238241855172936,-4.336808689942018e-19
4332.32039443068,5.0,0.006576110926790236,-0.05422408868375021,-0.001897222665426646,0.008517050832324926,0.003288055463395118,0.00019034902180653827,0.003097706441588581,0.04362900661332301,0.05789106173105465,-8.673617379884035e-19
4338.644949751017,5.0,0.0065011728635599305,-0.05393529242589582,-0.0018706938189379766,0.008445522965665454,0.0032505864317799653,0.00018706588381948842,0.003063520547960476,0.043251113722017426,0.057548349427230694,8.673617379884035e-19
4344.9695050713535,5.0,0.006427612290568544,-0.05364991009248121,-0.0018447154793143651,0.008375070026522165,0.003213806145284272,0.00018386193287193,0.003029944212412343,0.04287912462631788,0.05721002591949017,-8.673617379884035e-19
4351.2940603916895,5.0,0.006355394611168683,-0.053367880367734676,-0.0018192727328522678,0.008305669703127965,0.0031776973055843414,0.0001807347562348939,0.002996962549349449,0.04251291053725843,0.0568760139353987,-1.3010426069826053e-18
4357.618615712026,5.0,0.006284486322745916,-0.053089143391495106,-0.0017943511610599662,0.008237300265145442,0.003142243161372958,0.000177682029368406,0.002964561132004553,0.04215234624174626,0.05654623790819881,-8.673617379884035e-19
4363.943171032363,5.0,0.006214854975229301,-0.052813640716841234,-0.0017699368212648918,0.008169940545665723,0.0031074274876146503,0.00017470151217745502,0.002932725975437195,0.041797309982516226,0.056220623932100464,0.0
4370.2677263527,5.0,0.006146469131428303,-0.05254131526915759,-0.0017460162280930757,0.00810356992384345,0.0030732345657141515,0.00017179104544846123,0.002901443520265691,0.041447683342795076,0.05589909971891156,-4.336808689942018e-19
4376.592281673037,5.0,0.006079298329105331,-0.052272111306584164,-0.0017225763357767026,0.008038168308143455,0.0030396491645526655,0.00016894854745654931,0.0028707006170961167,0.04110335113546696,0.05558159455596675,-4.336808689942018e-19
4382.916836993374,5.0,0.006013313044697497,-0.05200597438179645,-0.0016996045212479777,0.007973716120175167,0.0030066565223487484,0.0001661720107344697,0.0028404845116142795,0.04076420129653833,0.05526803926530956,-8.673617379884035e-19
4389.24139231371,5.0,0.005948484658606247,-0.05174285130506573,-0.0016770885679799436,0.00791019427909189,0.0029742423293031236,0.00016345949899456777,0.002810782830308557,0.040430124782712185,0.05495836616408689,-1.3010426069826053e-18
4395.565947634047,5.0,0.00588478542197805,-0.05148269010855178,-0.0016550166505370886,0.007847584186533207,0.002942392710989025,0.00016080914419570264,0.0027815835667933226,0.040101015472890786,0.054652509026114994,-4.336808689942018e-19
4401.890502954384,5.0,0.005822188424903479,-0.051225440011781906,-0.001633377319800632,0.007785867712089588,0.0029110942124517397,0.00015821914374749562,0.0027528750687042442,0.039776770073435525,0.05435040304457978,0.0
4408.215058274721,5.0,0.005760667565965756,-0.05097105138827105,-0.0016121594888352131,0.007725027179268912,0.002880333782982878,0.00015568775784471204,0.0027246460251381653,0.03945728802701879,0.054051984795832085,4.336808689942018e-19
4414.539613595058,5.0,0.005700197523073947,-0.050719475733241606,-0.0015913524193656827,0.007665045351945868,0.0028500987615369734,0.00015321330692501996,0.002696885454611955,0.03914247142491388,0.05375719220424368,-1.3010426069826053e-18
4420.864168915395,5.0,0.005640753725519167,-0.05047066563240124,-0.0015709457088342567,0.007605905421275607,0.0028203768627595837,0.0001507941692437361,0.0026695826935158474,0.03883222492257379,0.05346596450808786,0.0
4427.188724235731,5.0,0.005582312327195617,-0.0502245747317403,-0.0015509292780100038,0.007547590993054128,0.0027911561635978084,0.00014842877855955107,0.002642727385038257,0.03852645565835911,0.05317824222641342,4.336808689942018e-19
4433.513279556068,5.0,0.0055248501809312,-0.04998115770831034,-0.00153129335912403,0.0074900860755081535,0.0027624250904656,0.00014611562192554624,0.0026163094685400534,0.038225073175279366,0.05289396712687648,4.336808689942018e-19
4439.8378348764045,5.0,0.005468344813875647,-0.04974037024194862,-0.0015120284845052884,0.007433375067498502,0.0027341724069378237,0.00014385323758015931,0.002590319169357664,0.0379279893456217,0.05261308219450208,4.336808689942018e-19
4446.162390196741,5.0,0.005412774403896538,-0.04950216898791337,-0.0014931254756931464,0.007377442747121188,0.002706387201948269,0.00014164021293303726,0.002564746989015232,0.03763511829834434,0.05233553160134424,0.0
4452.486945517078,5.0,0.005358117756936322,-0.04926651155039658,-0.001474575433004157,0.00732227426069126,0.002679058878468161,0.00013947518264100284,0.002539583695827158,0.037346376349118915,0.05206126067701518,0.0
4458.811500837415,5.0,0.005304354285285982,-0.04903335645688297,-0.0014563697255317045,0.007267855112095162,0.002652177142642991,0.00013735682676963267,0.0025148203158733584,0.03706168193291188,0.051790215880056785,0.0
4465.136056157751,5.0,0.005251463986733028,-0.048802663133323675,-0.0014384999815582166,0.007214171152497666,0.002625731993366514,0.00013528386903618125,0.002490448124330333,0.03678095553899888,0.05152234477012658,0.0
4471.460611478088,5.0,0.005199427424543911,-0.04857439188009593,-0.001420958079360777,0.007161208570390271,0.0025997137122719554,0.00013325507512982937,0.0024664586371421263,0.03650411964831221,0.05125759598097223,-4.336808689942018e-19
4477.785166798425,5.0,0.005148225708242933,-0.048348503848720345,-0.001403736138391944,0.007108953881968448,0.0025741128541214666,0.0001312692511054545,0.0024428436030160122,0.03623109867302598,0.050995919194170736,0.0
4484.109722118762,5.0,0.005097840475151489,-0.04812496101930833,-0.0013868265108184501,0.007057393921825362,0.0025489202375757443,0.0001293252418473161,0.0024195949957284283,0.03596181889828657,0.050737265113605996,0.0
4490.434277439099,5.0,0.005048253872653552,-0.04790372617871389,-0.0013702217734014445,0.007006515833950604,0.002524126936326776,0.00012742192959925983,0.002396705006727516,0.03569620842600231,0.0504815854406633,0.0
4496.758832759436,5.0,0.004999448541154919,-0.047684762899365005,-0.0013539147197027168,0.006956307063022652,0.0024997242705774594,0.0001255582325582163,0.002374166038019243,0.03543419712060883,0.05022883285011718,0.0
4503.083388079772,5.0,0.0049514075977052105,-0.04746803551874971,-0.0013378983526020991,0.006906755345984221,0.0024757037988526053,0.00012373310352794254,0.002351970695324662,0.035175716556730234,0.04997896096669082,4.336808689942018e-19
4509.407943400109,5.0,0.004904114620253504,-0.04725350911953488,-0.0013221658771120802,0.006857848703890377,0.002452057310126752,0.00012194552863012619,0.0023301117814966263,0.03492069996866131,0.04973192434226693,-4.336808689942018e-19
4515.732498720446,5.0,0.004857553632509552,-0.047041149510294616,-0.0013067106934762653,0.0068095754340193075,0.002428776816254776,0.00012019452607011115,0.002308582290184665,0.03466908220159731,0.049487678433728456,0.0
4522.0570540407825,5.0,0.004811709089384155,-0.046830923206827364,-0.001291526390539046,0.006761924102236345,0.0024058545446920777,0.00011847914495465904,0.0022873753997374193,0.03442079966454281,0.04924617958141066,-4.336808689942018e-19
4528.381609361119,5.0,0.004766565862983473,-0.04662279741404105,-0.0012766067393744482,0.006714883535602074,0.0023832829314917366,0.00011679846415929017,0.002266484467332446,0.03417579028483323,0.04900738498814493,4.336808689942018e-19
4534.706164681456,5.0,0.004722109229133261,-0.046416740008386644,-0.001261945687162716,0.006668442815215744,0.0023610546145666307,0.00011515159124287765,0.0022459030233237536,0.033933993464206016,0.04877125269887652,-4.336808689942018e-19
4541.030720001793,5.0,0.004678324854410273,-0.04621271952082112,-0.0012475373513037705,0.006622591269285576,0.0023391624272051364,0.00011353766140728892,0.002225624765797848,0.03369535003636094,0.048537741580838095,-8.673617379884035e-19
4547.355275322129,5.0,0.004635198783659011,-0.04601070512028154,-0.0012333760137571766,0.00657731846641782,0.0023175993918295055,0.00011195583649998101,0.0022056435553295247,0.03345980222595182,0.04830681130426231,-4.336808689942018e-19
4553.679830642466,5.0,0.00459271742797323,-0.04581066659765277,-0.0012194561155987997,0.006532614209116841,0.002296358713986615,0.00011040530405756642,0.0021859534099290478,0.033227293608954434,0.04807842232361696,8.673617379884035e-19
4560.004385962803,5.0,0.004550867553122497,-0.04561257435021224,-0.0012057722517847854,0.006488468527488769,0.0022754337765612483,0.00010888527638846607,0.002166548500172782,0.03299776907435805,0.04785253585934681,4.336808689942018e-19
4566.32894128314,5.0,0.004509636268404923,-0.04541639936653473,-0.0011923191661139117,0.00644487167314139,0.0022548181342024617,0.0001073949896928572,0.002147423144509604,0.03277117478712919,0.04762911388010601,8.673617379884035e-19
4572.653496603477,5.0,0.004469011015908376,-0.04522211321184269,-0.0011790917463798784,0.006401814113273605,0.002234505507954188,0.00010593370321822569,0.002128571804735963,0.03254745815240043,0.04740811908546772,-4.336808689942018e-19
4578.978051923814,5.0,0.004428979560162969,-0.04502968801378596,-0.0011660850197054008,0.006359286524947584,0.0022144897800814847,0.00010450069844890317,0.002109989081632582,0.032326567780836736,0.047189514889094654,-4.336808689942018e-19
4585.30260724415,5.0,0.0043895299781687045,-0.04483909644863742,-0.0011532941480504417,0.0063172797895374245,0.0021947649890843523,0.00010309527832806352,0.002091669710756289,0.032108453455136,0.046973265402358404,0.0
4591.627162564487,5.0,0.0043506506497826775,-0.04465031172788982,-0.00114071442388721,0.006275784987348041,0.0021753253248913387,0.00010171676651071846,0.002073608558380621,0.031893066097620416,0.046759335418392826,-8.673617379884035e-19
4597.951717884823,5.0,0.004312330248451182,-0.04446330758524101,-0.001128341266034963,0.0062347933923984945,0.002156165124225591,0.00010036450664633328,0.0020558006175792573,0.031680357738878714,0.046547690396569336,4.336808689942018e-19
4604.27627320516,5.0,0.004274557732272513,-0.04427805826395435,-0.001116170215647917,0.006194296467363987,0.0021372788661362563,9.903786168974372e-05,0.002038241004446513,0.031470281487419795,0.046338296447380786,-4.336808689942018e-19
4610.600828525497,5.0,0.0042373223353771175,-0.04409453850458204,-0.0011041969323499318,0.006154285858671194,0.0021186611676885588,9.773621323912807e-05,0.002020924954449431,0.03126279150030081,0.04613112031772284,0.0
4616.9253838458335,5.0,0.004200613559612156,-0.04391272353303923,-0.0010924171905098718,0.006114753391741508,0.002100306779806078,9.645896089983938e-05,0.002003847818906239,0.031057842954693327,0.04592612937655968,-4.336808689942018e-19
4623.24993916617,5.0,0.00416442116651833,-0.0437325890490177,-0.0010808268756519004,0.006075691066377341,0.002082210583259165,9.520552167297222e-05,0.001987005061586192,0.03085539202035395,0.04572329160096404,8.673617379884035e-19
4629.574494486506,5.0,0.004128735169587171,-0.04355411121472769,-0.0010694219809951459,0.006037091052286468,0.0020643675847935856,9.39753293675823e-05,0.0019703922554260033,0.0306553958329659,0.0455225755625197,0.0
4635.899049806843,5.0,0.004093545826787668,-0.043377266643957246,-0.0010581986041174893,0.005998945684739793,0.002046772913393834,9.276783403553598e-05,0.001954005079358298,0.03045781246832017,0.045323950414075984,0.0
4642.22360512718,5.0,0.0040588436333515825,-0.043202032391439285,-0.0010471529437384563,0.005961247460358103,0.0020294218166757912,9.158250142801512e-05,0.001937839315247777,0.03026260091730635,0.04512738587684446,-8.673617379884035e-19
4648.548160447517,5.0,0.00402461931480715,-0.043028385942515505,-0.0010362812966163714,0.0059239890330233325,0.002012309657403575,9.041881247274407e-05,0.001921890844930831,0.03006972106168331,0.04493285222782703,0.0
4654.872715767854,5.0,0.003990863820251532,-0.042856305203088634,-0.0010255800545552294,0.005887163209910313,0.001995431910125766,8.927626277105752e-05,0.001906155647354709,0.029879133650602643,0.04474032028756657,-4.336808689942018e-19
4661.197271088191,5.0,0.00395756831585258,-0.0426857684898528,-0.0010150457015168633,0.0058507629476348575,0.00197878415792629,8.815436211396197e-05,0.001890629795812328,0.029690800277857445,0.04454976140821001,2.168404344971009e-19
4667.521826408527,5.0,0.003924724178571098,-0.04251675452079407,-0.0010046748108342544,0.005814781348514458,0.001962362089285549,8.705263401639117e-05,0.0018753094552691587,0.029504683359831398,0.04436114746187592,-8.673617379884035e-19
4673.846381728864,5.0,0.0038923229900949966,-0.04234924240595174,-0.0009944640425219539,0.00577921165693772,0.0019461614950474983,8.597061526888482e-05,0.0018601908797786142,0.029320746114122817,0.04417445082931651,-6.505213034913027e-19
4680.170937049201,5.0,0.003860356530977232,-0.04218321163843284,-0.0009844101406798087,0.0057440472558390665,0.001930178265488616,8.490785550596387e-05,0.0018452704099826528,0.029138952538820588,0.04398964438886676,-8.673617379884035e-19
4686.495492369538,5.0,0.0038288167749696866,-0.04201864208567132,-0.0009745099309863239,0.005709281663275178,0.0019144083874848433,8.386391679050288e-05,0.00183054447069434,0.02895926739240875,0.04380670150567174,4.336808689942018e-19
4692.820047689875,5.0,0.0037976958835455516,-0.04185551398092464,-0.0009647603182781667,0.005674908529099882,0.0018988479417727758,8.283837321343694e-05,0.0018160095685593387,0.028781656174278254,0.043625596021184584,2.168404344971009e-19
4699.1446030102115,5.0,0.0037669862006030268,-0.041693807914999936,-0.0009551582842124628,0.005640921631734247,0.0018834931003015134,8.183081050816763e-05,0.0018016622897933455,0.028606085105824536,0.04344630224292725,2.168404344971009e-19
4705.4691583305475,5.0,0.0037366802473435302,-0.04153350482820315,-0.0009457008850086891,0.005607314875028823,0.0018683401236717651,8.084082567906431e-05,0.0017874992979927,0.028432521112111094,0.0432687949345066,6.505213034913027e-19
4711.7937136508845,5.0,0.0037067707173177914,-0.04137458600250353,-0.000936385249267083,0.005574082285214995,0.0018533853586588957,7.986802664348149e-05,0.0017735173320154148,0.028260931804079195,0.04309304930587871,-6.505213034913027e-19
4718.118268971221,5.0,0.0036772504716336613,-0.04121703305390757,-0.0009272085758606702,0.005541218007942676,0.0018386252358168307,7.891203188674443e-05,0.0017597132039300861,0.028091285461285753,0.04291904100385462,2.168404344971009e-19
4724.442824291558,5.0,0.003648112534319496,-0.04106082792503549,-0.0009181681318980619,0.005508716305401432,0.001824056267159748,7.797247012957194e-05,0.0017460837970301763,0.02792355101515062,0.04274674610284006,-2.168404344971009e-19
4730.767379611895,5.0,0.0036193500878374035,-0.04090595287789387,-0.0009092612507543552,0.005476571553522462,0.0018096750439187017,7.704898000743702e-05,0.0017326260639112644,0.027757698032696627,0.04257614109580349,2.168404344971009e-19
4737.091934932232,5.0,0.0035909564687408644,-0.04075239048683925,-0.0009004853301675717,0.0054447782392588445,0.0017954782343704322,7.614120976138411e-05,0.0017193370246090483,0.02759369670076558,0.0424072028854654,-2.168404344971009e-19
4743.416490252568,5.0,0.003562925163471344,-0.04060012363172586,-0.0008918378303981449,0.0054133309579415265,0.001781462581735672,7.524881693984349e-05,0.001706213764795828,0.027431517810694233,0.042239908775703196,4.336808689942018e-19
4749.741045572905,5.0,0.003535249804288874,-0.04044913549123275,-0.0008833162724491071,0.005382224410708684,0.001767624902144437,7.437146811100457e-05,0.0016932534340334323,0.027271132743434873,0.04207423646316536,2.168404344971009e-19
4756.065600893242,5.0,0.0035079241653317517,-0.04029940953636454,-0.0008749182363447245,0.005351453402006174,0.0017539620826658758,7.350883858533004e-05,0.0016804532440805456,0.027112513455105937,0.041910164029089356,2.168404344971009e-19
4762.390156213579,5.0,0.0034809421588005694,-0.040150929524120346,-0.0008666413594653716,0.005321012837156734,0.0017404710794002847,7.266061214780686e-05,0.0016678104672524783,0.026955632462957877,0.041747669931317434,-4.336808689942018e-19
4768.714711533916,5.0,0.00345429783126226,-0.04000367949132652,-0.0008584833349366181,0.005290897719995948,0.00172714891563113,7.182648079955556e-05,0.0016553224348315745,0.02680046283174146,0.04158673299650536,-2.168404344971009e-19
4775.039266854253,5.0,0.00342798536006968,-0.03985764374862752,-0.0008504419100704802,0.005261103150572705,0.00171399268003484,7.100614450842591e-05,0.001642986535526414,0.026646978160464258,0.041427332412517996,2.168404344971009e-19
4781.36382217459,5.0,0.003401999049892756,-0.039712806874630927,-0.0008425148848569708,0.005231624322912322,0.001700999524946378,7.01993109682334e-05,0.0016308002139781448,0.02649515256952362,0.04126944772100766,-2.168404344971009e-19
4787.688377494926,5.0,0.0033763333293571137,-0.03956915371020152,-0.0008347001105040797,0.005202456522840265,0.0016881666646785568,6.940569536629687e-05,0.0016187609693122601,0.026344960688203137,0.0411130588101693,-2.168404344971009e-19
4794.0129328152625,5.0,0.0033509827477864323,-0.03942666935290021,-0.0008269954880244363,0.005173595125864656,0.0016754913738932162,6.862502015895826e-05,0.0016068663537342578,0.02619637764252116,0.04095814590766847,2.168404344971009e-19
4800.337488135599,5.0,0.0033259419720449127,-0.03928533915156393,-0.000819398966866982,0.005145035595115791,0.0016629709860224563,6.785701485477794e-05,0.0015951139711676784,0.0260493790434202,0.04080468957373717,0.0
4806.662043455936,5.0,0.0033012057834762346,-0.039145148701021544,-0.0008119085435919947,0.005116773479340802,0.0016506028917381173,6.710141580510762e-05,0.00158350147593301,0.025903940975285523,0.04065267069443245,-2.168404344971009e-19
4812.986598776273,5.0,0.0032767690749357548,-0.03900608383694266,-0.0008045222605879512,0.0050888044109519606,0.0016383845374678774,6.635796600176419e-05,0.0015720265714661134,0.025760039984783448,0.0405020704750549,-2.168404344971009e-19
4819.31115409661,5.0,0.0032526268479126275,-0.038868130630815054,-0.0007972382048287026,0.005061124104126822,0.0016263134239563137,6.562641488153005e-05,0.0015606870090747833,0.025617653070008198,0.04035287043372084,4.336808689942018e-19
4825.635709416946,5.0,0.0032287742097387565,-0.03873127538504697,-0.0007900545066695467,0.005033728352958748,0.0016143871048693783,6.490651813722412e-05,0.0015494805867321537,0.02547675766992812,0.04020505239508573,4.336808689942018e-19
4831.960264737283,5.0,0.0032052063708815828,-0.03859550462819083,-0.0007829693386808108,0.005006613029656243,0.0016026031854407914,6.419803753509482e-05,0.0015384051479056964,0.02533733165412152,0.04005859848421388,2.168404344971009e-19
4838.28482005762,5.0,0.003181918642317872,-0.03846080511028504,-0.0007759809145176342,0.004979774082789669,0.001590959321158936,6.35007407382983e-05,0.0015274585804206369,0.025199353312793226,0.03991349112059076,6.505213034913027e-19
4844.609375377957,5.0,0.003158906432985635,-0.03832716379831003,-0.000769087487824659,0.004953207535583875,0.0015794532164928176,6.281440113623335e-05,0.0015166388153565846,0.025062801347062808,0.03976971301227458,-4.336808689942018e-19
4850.933930698294,5.0,0.003136165247311649,-0.038194567871755715,-0.0007622873511744339,0.004926909484255404,0.0015680826236558244,6.213879767951597e-05,0.0015059438259763087,0.024927654859516164,0.0396272471501825,-2.168404344971009e-19
4857.258486018631,5.0,0.0031136906828119104,-0.038063004718297155,-0.0007555788350383326,0.004900876096392947,0.0015568453414059552,6.147371472038414e-05,0.0014953716266855718,0.02479389334501222,0.03948607680250916,-6.505213034913027e-19
4863.583041338967,5.0,0.003091478427762639,-0.037932461929575126,-0.000748960306788883,0.004875103609379773,0.0015457392138813195,6.0818941858332455e-05,0.0014849202720229877,0.02466149668173699,0.03934618550927316,-6.505213034913027e-19
4869.907596659304,5.0,0.003069524258939398,-0.037802927297078834,-0.0007424301697323965,0.004849588328856836,0.001534762129469699,6.0174273790783295e-05,0.0014745878556789154,0.02453044512249692,0.03920755707698828,2.168404344971009e-19
4876.232151979641,5.0,0.0030478240394221255,-0.03767438880812805,-0.0007359868621708843,0.004824326627225481,0.0015239120197110627,5.953951016861232e-05,0.0014643725095424508,0.024400719286244887,0.03907017557345676,-4.336808689942018e-19
4882.5567072999775,5.0,0.0030263737164638155,-0.037546834641951465,-0.0007296288564922342,0.004799314942188459,0.0015131868582319078,5.891445545634894e-05,0.001454272402775559,0.02427230014983107,0.038934025322680824,-2.168404344971009e-19
4888.881262620314,5.0,0.0030051693194207653,-0.03742025316585903,-0.0007233546582876913,0.0047745497753281995,0.0015025846597103826,5.829891879688265e-05,0.0014442857409134998,0.024145169039972086,0.038799090899889484,2.168404344971009e-19
4895.205817940651,5.0,0.0029842069577423807,-0.037294632931505436,-0.0007171628054957253,0.004750027690721289,0.0014921034788711904,5.7692713880513794e-05,0.0014344107649906762,0.024019307625432043,0.03866535712667839,4.336808689942018e-19
4901.530373260987,5.0,0.0029634828190185317,-0.03716996267124229,-0.000711051867571372,0.004725745313588001,0.0014817414095092659,5.709565881818922e-05,0.0014246457506910768,0.023894697909408527,0.03853280906625845,-2.168404344971009e-19
4907.854928581324,5.0,0.0029429931670826135,-0.03704623129455642,-0.0007050204446802066,0.004701699328975963,0.0014714965835413067,5.650757601877523e-05,0.0014149890075225316,0.023771322222117815,0.03840143201881175,-2.168404344971009e-19
4914.179483901661,5.0,0.0029227343401684973,-0.03692342788459234,-0.000699067166916123,0.0046778864804769655,0.0014613671700842486,5.592829207022327e-05,0.0014054388780140254,0.023649163213573385,0.038271211516951606,0.0
4920.504039221998,5.0,0.0029027027491195746,-0.036801541694755954,-0.0006931906935421034,0.004654303568975874,0.0014513513745597873,5.535763762448734e-05,0.0013959937369352996,0.023528203846551344,0.03814213332128341,4.336808689942018e-19
4926.828594542335,5.0,0.0028828948756482835,-0.036680562145397944,-0.0006873897122532406,0.004630947451430861,0.0014414474378241417,5.4795447286063954e-05,0.001386651990538078,0.02340842738973807,0.03801418341606506,-2.168404344971009e-19
4933.153149862672,5.0,0.002863307270644424,-0.03656047882057414,-0.0006816629384612504,0.00460781503968394,0.001431653635322212,5.424155950402284e-05,0.0013774120758181894,0.02328981741105388,0.037887348004962865,-2.168404344971009e-19
4939.477705183008,5.0,0.00284393655253074,-0.036441281464881216,-0.0006760091145997834,0.004584903299301037,0.00142196827626537,5.369581646740879e-05,0.0013682724597979608,0.023172357771148105,0.03776161350690217,4.336808689942018e-19
4945.802260503345,5.0,0.0028247794056642413,-0.03632295998036538,-0.0006704270094498369,0.004562209248440697,0.0014123897028321206,5.315806400389421e-05,0.0013592316388282265,0.02305603261706016,0.03763696655200882,0.0
4952.126815823682,5.0,0.002805832578781817,-0.03620550442350227,-0.000664915417484619,0.0045397299567506684,0.0014029162893909085,5.2628151481570416e-05,0.0013502881379093376,0.022940826376041997,0.03751339397764032,4.336808689942018e-19
4958.451371144019,5.0,0.0027870928834887337,-0.03608890500224611,-0.0006594731582332236,0.004517462544291534,0.0013935464417443668,5.210593171376759e-05,0.0013414405100305989,0.022826723749536988,0.037390882824503625,4.336808689942018e-19
4964.7759264643555,5.0,0.0027685571927886705,-0.03597315207314636,-0.0006540990756625095,0.004495404180486687,0.0013842785963943352,5.159126086679932e-05,0.0013326873355275358,0.022713709707310983,0.03726942033285811,2.168404344971009e-19
4971.100481784692,5.0,0.0027502224396539713,-0.03585823613852976,-0.0006487920375765865,0.004473552083097857,0.0013751112198269856,5.1083998370529896e-05,0.0013240272214564558,0.022601769481730826,0.037148993938800966,0.0
4977.425037105028,5.0,0.0027320856156348846,-0.03574414784374659,-0.0006435509350333501,0.004451903517225524,0.0013660428078174423,5.058400683166822e-05,0.0013154588009857743,0.02249088856218629,0.03702959127063334,-2.168404344971009e-19
4983.749592425365,5.0,0.0027141437695065327,-0.03563087797447888,-0.0006383746817775075,0.004430455794333497,0.0013570718847532664,5.009115194969449e-05,0.001306980732803572,0.022381052689651237,0.036911200145305294,-2.168404344971009e-19
4990.074147745702,5.0,0.002696394005952496,-0.0355184174541094,-0.0006332622136895749,0.004409206271297027,0.001348197002976248,4.960530243533014e-05,0.0012985917005409178,0.02227224785138001,0.036793808564937205,0.0
4996.398703066039,5.0,0.002678833484283822,-0.03540675734114955,-0.0006282124882503333,0.004388152349473772,0.001339416742141911,4.9126329931464646e-05,0.0012902904122104467,0.022164460275735265,0.03667740471341646,-2.168404344971009e-19
5002.723258386376,5.0,0.002661459417192404,-0.035295888826724714,-0.0006232244840202473,0.0043672914737969875,0.001330729708596202,4.865410893645542e-05,0.0012820755996597458,0.022057676427143322,0.03656197695306664,6.505213034913027e-19
5009.047813706713,5.0,0.002644269069537668,-0.035185803232115724,-0.0006182972001333818,0.00434662113189038,0.001322134534768834,4.8188516729721966e-05,0.001273946018039112,0.02195188300117372,0.036447513821388375,0.0
5015.372369027049,5.0,0.00262725975716554,-0.03507649200635461,-0.0006134296558053528,0.0043261388532039625,0.00131362987858277,4.772943329955592e-05,0.0012659004452832139,0.021847066919739117,0.03633400402786937,2.168404344971009e-19
5021.696924347386,5.0,0.002610428845758719,-0.03496794672387374,-0.0006086208898548722,0.004305842208170404,0.0013052144228793594,4.727674127307379e-05,0.0012579376816062855,0.021743215326412466,0.036221436450862426,2.168404344971009e-19
5028.021479667723,5.0,0.0025937737497173188,-0.0348601590822066,-0.0006038699602384698,0.004285728807381312,0.0012968868748586594,4.6830325848241134e-05,0.0012500565490104183,0.02164031558185812,0.03610980013452979,0.0
5034.34603498806,5.0,0.0025772919310689314,-0.034753120899739004,-0.0005991759435979659,0.00426579630078285,0.0012886459655344657,4.639007472789789e-05,0.0012422558908065677,0.021538355259373424,0.035999084285851635,2.168404344971009e-19
5040.670590308397,5.0,0.002560980898407252,-0.03464682411350954,-0.0005945379348203105,0.004246042376890244,0.001280490449203626,4.595587805572039e-05,0.0012345345711479055,0.021437322140538076,0.03588927827169791,0.0
5046.995145628734,5.0,0.0025448382058583987,-0.03454126077705784,-0.0005899550466094049,0.004226464762020639,0.0012724191029291993,4.552762835405521e-05,0.0012268914745751443,0.021337204210968037,0.03578037161596157,-2.168404344971009e-19
5053.31970094907,5.0,0.0025288614520741085,-0.03443642305831961,-0.0005854264090695315,0.004207061219543814,0.0012644307260370542,4.510522046356383e-05,0.0012193255055734911,0.02123798965617128,0.03567235399675191,-6.505213034913027e-19
5059.6442562694065,5.0,0.002513048279250994,-0.03433230323756711,-0.0005809511693000397,0.0041878295491502866,0.001256524139625497,4.468855148461843e-05,0.0012118355881408785,0.021139666857502376,0.03556521524364643,0.0
5065.968811589743,5.0,0.002497396372175112,-0.034228893705394205,-0.0005765284910009403,0.004168767586136345,0.001248698186087556,4.427752072039216e-05,0.0012044206653671636,0.02104222438821337,0.03545894533499988,4.336808689942018e-19
5072.29336691008,5.0,0.002481903457291073,-0.034126186960744403,-0.000572157554089079,0.004149873200705563,0.0012409517286455366,4.387202962158859e-05,0.0011970796990239479,0.02094565100959829,0.03535353439530937,2.168404344971009e-19
5078.617922230417,5.0,0.0024665673017949885,-0.0340241756089813,-0.0005678375543245641,0.00413114429728636,0.0012332836508974943,4.3471981732757294e-05,0.0011898116691647365,0.020849935667228637,0.03524897269263364,4.336808689942018e-19
5084.942477550754,5.0,0.002451385712750544,-0.03392285236000009,-0.0005635677029471396,0.004112578813865177,0.001225692856375272,4.3077282640144546e-05,0.0011826155737351277,0.020755067487277547,0.035145250636065974,-2.168404344971009e-19
5091.26703287109,5.0,0.0024363565362275383,-0.03382221002637916,-0.0005593472263222063,0.004094174721334882,0.0012181782681137691,4.268783992102976e-05,0.0011754904281927397,0.02066103577293011,0.03504235877325881,-2.168404344971009e-19
5097.591588191427,5.0,0.0024214776564622097,-0.033722241521570884,-0.0005551753655961923,0.004075930022857978,0.0012107388282311048,4.2303563094499744e-05,0.001168435265136605,0.020567830000877523,0.03494028778799921,2.168404344971009e-19
5103.916143511764,5.0,0.0024067469950387645,-0.033622939858130606,-0.0005510513763610086,0.004057842753244272,0.0012033734975193822,4.192436357361605e-05,0.0011614491339457657,0.020475439817893057,0.0348390284978341,4.336808689942018e-19
5110.240698832101,5.0,0.0023921625100914346,-0.03352429814598276,-0.0005469745283272999,0.004039910978342577,0.0011960812550457173,4.1550154618929375e-05,0.001154531100426788,0.020383855037487235,0.03473857185174365,-2.168404344971009e-19
5116.565254152438,5.0,0.0023777221955265243,-0.03342630959072334,-0.0005429441050062416,0.004022132794446107,0.0011888610977632622,4.118085129329971e-05,0.0011476802464699624,0.02029306563664044,0.034638908927862026,0.0
5122.889809472775,5.0,0.0023634240802638566,-0.03332896749195793,-0.0005389594033996304,0.004004506327711257,0.0011817120401319283,4.081637041798095e-05,0.0011408956697139478,0.020203061752610902,0.034540030931244595,-4.336808689942018e-19
5129.214364793112,5.0,0.0023492662274970494,-0.03323226524167409,-0.000535019733698012,0.003987029733589331,0.0011746331137485247,4.0456630529929254e-05,0.0011341764832185953,0.020113833679815805,0.034441929191679974,2.168404344971009e-19
5135.538920113448,5.0,0.002335246733972123,-0.0331361963226478,-0.0005311244189866261,0.003969701196270984,0.0011676233669860616,4.010155184029789e-05,0.0011275218151457636,0.02002537186678387,0.0343445951615463,0.0
5141.8634754337845,5.0,0.00232136372928387,-0.033040754306882456,-0.0005272727949589202,0.00395251892814297,0.001160681864641935,3.975105619408061e-05,0.0011209308084478545,0.019937666913177332,0.03424802041371054,0.0
5148.188030754121,5.0,0.0023076153751895407,-0.032945932854080325,-0.0005234642096374331,0.003935481169256965,0.0011538076875947704,3.940506703086878e-05,0.0011144026205639017,0.019850709566881678,0.03415219663947001,-2.168404344971009e-19
5154.512586074458,5.0,0.002293999864939317,-0.03285172571014524,-0.0005196980231018155,0.003918586186810092,0.0011469999324696585,3.906350934668697e-05,0.0011079364231229712,0.019764490721161265,0.03405711564653498,2.168404344971009e-19
5160.837141394795,5.0,0.0022805154226231096,-0.03275812670571587,-0.0005159736072237846,0.0039018322746368597,0.0011402577113115548,3.872630965687344e-05,0.0011015314016546817,0.019679001411878966,0.03396276935705123,-4.336808689942018e-19
5167.161696715132,5.0,0.002267160302533253,-0.03266512975472903,-0.0005122903454088244,0.0038852177527123046,0.0011335801512666265,3.839339595997486e-05,0.0010951867553066516,0.019594232814778654,0.03386914980566244,0.0
5173.486252035468,5.0,0.0022539327885426055,-0.032572728853012,-0.0005086476323444174,0.0038687409666659247,0.0011269663942713028,3.8064697702621934e-05,0.0010889016965686807,0.019510176242828237,0.03377624913761035,0.0
5179.810807355805,5.0,0.002240831193497673,-0.032480918076903426,-0.0005050448737546365,0.0038524002873062536,0.0011204155967488366,3.7740145745357854e-05,0.0010826754510034787,0.019426823143622287,0.033684059606872874,0.0
5186.135362676142,5.0,0.002227853858626334,-0.03238969158190221,-0.0005014814861609134,0.003836194110155767,0.001113926929313167,3.741967232938989e-05,0.0010765072569837773,0.019344165096842482,0.033592573574338834,-4.336808689942018e-19
5192.459917996479,5.0,0.002214999152959714,-0.03229904360134319,-0.0004979568966487907,0.0038201208549958118,0.001107499576479857,3.710321104423507e-05,0.0010703963654356218,0.01926219381177416,0.03350178350601825,0.0
5198.784473316816,5.0,0.0022022654727679044,-0.03220896844509974,-0.0004944705426405135,0.003804178965421409,0.0011011327363839522,3.6790696796234764e-05,0.001064342039587717,0.01918090112487804,0.03341168197128804,4.336808689942018e-19
5205.109028637153,5.0,0.002189651241009081,-0.03211946049831208,-0.0004910218716732767,0.003788366908405625,0.0010948256205045406,3.64820657779108e-05,0.0010583435547266294,0.019100278997415406,0.03332226164117202,2.168404344971009e-19
5211.433583957489,5.0,0.0021771549067916797,-0.03203051422014097,-0.0004876103411829708,0.003772683173873254,0.0010885774533958398,3.617725543813736e-05,0.0010524001979577025,0.019020319513125262,0.03323351528665385,0.0
5217.758139277826,5.0,0.0021647749448492804,-0.03194212414254606,-0.0004842354182932799,0.003757126274283655,0.0010823874724246402,3.587620445310562e-05,0.0010465112679715347,0.01894101487595256,0.033145435777023426,-2.168404344971009e-19
5224.082694598163,5.0,0.002152509855027855,-0.03185428486908857,-0.00048089657960997435,0.003741694744222466,0.0010762549275139274,3.557885269805649e-05,0.001040676074815871,0.018862357407825908,0.03305801607825491,-2.168404344971009e-19
5230.4072499184995,5.0,0.0021403581617850283,-0.03176699107375737,-0.0004775933110202537,0.0037263871400019842,0.0010701790808925141,3.5285141219758643e-05,0.0010348939396727555,0.018784339546483564,0.03297124925141626,0.0
5236.731805238836,5.0,0.002128318413701052,-0.03168023749981826,-0.00047432510749700224,0.003711202039270016,0.001064159206850526,3.499501220970992e-05,0.001029164194640816,0.018706953843346575,0.032885128451109094,0.0
5243.056360559173,5.0,0.002116389183001173,-0.03159401895868578,-0.00047109147290782117,0.003696138040626999,0.0010581945915005865,3.470840897804113e-05,0.0010234861825225454,0.018630192961437926,0.03279964692393903,0.0
5249.380915879509,5.0,0.0021045690650890697,-0.03150833032881692,-0.00046789191982869917,0.003681193763251158,0.0010522845325445348,3.442527592810053e-05,0.0010178592566164343,0.01855404967334639,0.03271479800701488,0.0
5255.705471199846,5.0,0.002092856678091098,-0.03142316655462652,-0.0004647259693621996,0.003666367846531537,0.001046428339045549,3.414555853169984e-05,0.0010122827805138495,0.018478516859234087,0.032630575126476526,-2.168404344971009e-19
5262.030026520183,5.0,0.0020812506624110338,-0.031338522645423576,-0.00046159315096004134,0.003651658949708718,0.0010406253312055169,3.386920330500249e-05,0.0010067561279005143,0.01840358750488678,0.03254697179605129,0.0
5268.35458184052,5.0,0.0020697496802950517,-0.03125439367436823,-0.0004584930022499468,0.003637065751523018,0.0010348748401475258,3.359615778503466e-05,0.0010012786823624914,0.018329254699805626,0.0324639816156371,-2.168404344971009e-19
5274.679137160857,5.0,0.002058352415406646,-0.031170774777448673,-0.0004554250688666432,0.0036225869498699974,0.001029176207703323,3.3326370506801494e-05,0.0009958498371965218,0.018255511635339478,0.03238159826991295,-2.168404344971009e-19
5281.003692481194,5.0,0.0020470575724112765,-0.031087661152477936,-0.00045238890428691056,0.00360822126146313,0.0010235287862056382,3.305979098099123e-05,0.0009904689952246468,0.018182351602856885,0.03229981552697547,2.168404344971009e-19
5287.32824780153,5.0,0.002035863876570425,-0.031005048058109656,-0.0004493840696685517,0.0035939674215034047,0.0010179319382852125,3.279636967224925e-05,0.0009851355686129632,0.01810976799195651,0.03221862723700108,0.0
5293.652803121867,5.0,0.0020247700733448835,-0.03092293081287279,-0.00044641013369319665,0.0035798241833557695,0.0010123850366724418,3.253605797800695e-05,0.0009798489786944347,0.018037754288715364,0.032138027330933405,0.0
5299.977358442204,5.0,0.0020137749280069814,-0.03084130479422464,-0.0004434666724128248,0.0035657903182322007,0.0010068874640034907,3.2278808207848504e-05,0.0009746086557956425,0.01796630407397373,0.032058009819195245,-2.168404344971009e-19
5306.301913762541,5.0,0.0020028772252615465,-0.030760165437621768,-0.0004405532690999079,0.0035518646148812575,0.0010014386126307733,3.20245735634005e-05,0.0009694140390673725,0.017895411021655944,0.031978568790424544,2.168404344971009e-19
5312.6264690828775,5.0,0.0019920757688753734,-0.030679508235608645,-0.0004376695141010832,0.0035380458792839964,0.0009960378844376867,3.177330811872987e-05,0.000964264576318957,0.01782506889712628,0.031899698410234156,-2.168404344971009e-19
5318.951024403214,5.0,0.001981369381314965,-0.030599328736923212,-0.0004348150046942522,0.0035243329343560355,0.0009906846906574825,3.152496680123472e-05,0.0009591597238562481,0.017755271555578843,0.03182139291999426,-2.168404344971009e-19
5325.27557972355,5.0,0.00197075690339236,-0.030519622545619515,-0.0004319893449490225,0.003510724619655693,0.00098537845169618,3.1279505373015236e-05,0.0009540989463231647,0.017686012940460953,0.0317436466356376,2.168404344971009e-19
5331.600135043887,5.0,0.001960237193918817,-0.030440385320206587,-0.0004291921455904016,0.0034972197910980254,0.0009801185969594084,3.103688041271052e-05,0.0009490817165466977,0.01761728708192908,0.03166645394648696,2.168404344971009e-19
5337.924690364224,5.0,0.00194980912936617,-0.030361612772803498,-0.00042642302386565483,0.0034838173206746172,0.000974904564683085,3.079704929778799e-05,0.000944107515385297,0.017549088095336462,0.03158980931410376,0.0
5344.249245684561,5.0,0.0019394716035356493,-0.03028330066831002,-0.00042368160341424465,0.0034705160961790195,0.0009697358017678247,3.0559970187273316e-05,0.0009391758315805513,0.017481410179751893,0.031513707271158396,1.0842021724855044e-19
5350.573801004898,5.0,0.0019292235272339968,-0.03020544482359285,-0.0004209675141407745,0.003457315020937685,0.0009646117636169984,3.0325602004908026e-05,0.0009342861616120901,0.017414247616508737,0.03143814242032081,2.168404344971009e-19
5356.898356325235,5.0,0.0019190638279566654,-0.030128041106686713,-0.00041828039209085066,0.0034442130135462785,0.0009595319139783327,3.0093904422723032e-05,0.0009294380095556099,0.017347594767783525,0.03136310943317158,-2.168404344971009e-19
5363.222911645571,5.0,0.0019089914495779518,-0.030051085436010247,-0.0004156198793297955,0.003431209007611252,0.0009544957247889759,2.9864837845016765e-05,0.0009246308869439589,0.017281446075203537,0.031288603049133,2.168404344971009e-19
5369.547466965908,5.0,0.0018990053520478699,-0.029974573779596378,-0.0004129856238241288,0.0034183019514965416,0.0009495026760239349,2.963836339272617e-05,0.000919864312631209,0.017215796058482506,0.03121461807441926,-2.168404344971009e-19
5375.872022286244,5.0,0.001889104511095606,-0.029898502154336645,-0.0004103772793257514,0.0034054908080752818,0.000944552255547803,2.9414442888180103e-05,0.0009151378126596228,0.01715063931408392,0.031141149381005807,1.0842021724855044e-19
948.6832980505137,20.0,0.00021750280423622187,0.010422839022404132,6.225402906777632e-06,7.693909021423454e-05,0.00010875140211811093,5.9583792443458355e-08,0.00010869181832566746,0.0015438107713506646,0.0005478898780426442,1.3552527156068805e-20
955.0078533708504,20.0,0.0002210023540140234,0.010506219668362873,6.4181932083276685e-06,7.869010478115472e-05,0.0001105011770070117,6.233325794528533e-08,0.00011043884374906639,0.0015790282827775485,0.0005640958733075762,2.710505431213761e-20
961.3324086911872,20.0,0.0002245434122808347,0.010589915578316728,6.615999996324728e-06,8.04720144710768e-05,0.00011227170614041735,6.519516568984563e-08,0.0001122065109747275,0.00161487046774465,0.0005806909677519868,0.0
967.656964011524,20.0,0.0002281264575581918,0.010673930270787297,6.8189364581331645e-06,8.22852657541377e-05,0.0001140632287790959,6.817362854649126e-08,0.0001139950551505494,0.001651346463301887,0.0005976827876626379,0.0
973.9815193318607,20.0,0.00023175197626523986,0.010758267301100933,7.027118215651931e-06,8.413031180451459e-05,0.00011587598813261993,7.127289754741596e-08,0.00011580471523507251,0.0016884655465530347,0.0006150790918463988,0.0
980.3060746521975,20.0,0.00023542046286329158,0.010842930261972658,7.240663381564174e-06,8.600761262425493e-05,0.00011771023143164579,7.449736635529019e-08,0.00011763573406529052,0.0017262371373051872,0.0006328877740636398,-2.710505431213761e-20
986.6306299725343,20.0,0.00023913242000362834,0.01092792278410029,7.459692617026689e-06,8.791763516960659e-05,0.00011956621000181417,7.785157587756567e-08,0.00011948835842593667,0.0017646708007735116,0.0006511168655122918,-6.776263578034403e-20
992.9551852928711,20.0,0.00024288835867862483,0.01101324853676895,7.684329190839523e-06,8.986085347990659e-05,0.00012144417933931241,8.134021903250429e-08,0.00012136283912027989,0.0018037762503426448,0.0006697745373637174,2.710505431213761e-20
999.2797406132078,20.0,0.0002466887983762835,0.011098911228466261,7.914699040137269e-06,9.183774880908784e-05,0.00012334439918814175,8.496814567217064e-08,0.00012325943104246964,0.001843563350386101,0.0006888691033515482,-5.421010862427522e-20
1005.6042959335446,20.0,0.00025053426723826213,0.0111849146075083,8.150930832644797e-06,9.384880975986478e-05,0.00012526713361913106,8.87403676678185e-08,0.00012517839325146333,0.0018840421191450949,0.0007084090224146861,-8.131516293641283e-20
1011.9288512538814,20.0,0.0002544253022214879,0.011271262462676736,8.393156030541639e-06,9.589453242066119e-05,0.00012721265111074396,9.266206416330259e-08,0.00012711998904658067,0.0019252227316682356,0.0007284029013956824,0.0
1018.253406574218,20.0,0.000258362449263446,0.01135795862386727,8.641508955980418e-06,9.797542050534393e-05,0.000129181224631723,9.673858700235257e-08,0.00012908448604472065,0.0019671155228135695,0.000748859497795754,0.0
1024.5779618945548,20.0,0.0002623462634512408,0.011445006962749627,8.896126858306409e-06,0.0001000919854958293,0.0001311731317256204,1.0097546633576382e-07,0.00013107215625928465,0.002009730990314513,0.0007697877225877161,-2.710505431213761e-20
1030.9025172148915,20.0,0.0002663773091945238,0.011532411393439414,9.157149983026425e-06,0.0001022447467876286,0.0001331886545972619,1.0537841641477928e-07,0.00013308327618084714,0.002053079797911219,0.0007911966430881393,0.0
1037.2270725352284,20.0,0.00027045616040239197,0.011620175873182068,9.424721642577082e-06,0.00010443423183840391,0.00013522808020119599,1.0995334157717557e-07,0.00013511812685961883,0.0020971727785490213,0.0008130954858900904,-2.710505431213761e-20
1043.551627855565,20.0,0.00027458340066435674,0.011708304403049154,9.69898828894383e-06,0.00010666097631960372,0.00013729170033217837,1.1470634243280136e-07,0.00013717699398974555,0.002142020937645581,0.0008354936398578243,2.710505431213761e-20
1049.8761831759018,20.0,0.00027875962343549166,0.0117968010286473,9.980099588183888e-06,0.00010892552427125299,0.00013937981171774583,1.196437222555739e-07,0.00013926016799549023,0.00218763545642846,0.0008584006591848543,2.710505431213761e-20
1056.2007384962385,20.0,0.00028298543222586705,0.011885669840840015,1.0268208496907753e-05,0.0001112284282599711,0.00014149271611293353,1.2477199358919506e-07,0.00014136794411934435,0.0022340276953448455,0.0008818262665168383,-2.710505431213761e-20
1062.5252938165752,20.0,0.000287261440794386,0.011974914976482735,1.0563471340775895e-05,0.0001135702495402962,0.000143630720397193,1.3009788507412543e-07,0.00014350062251211888,0.0022812091975452442,0.0009057803561407741,-2.710505431213761e-20
1068.849849136912,20.0,0.0002915882733471365,0.012064540619171353,1.0866047895068915e-05,0.00011595155821939423,0.00014579413667356825,1.35628348503635e-07,0.0001456585083250646,0.0023291916924429814,0.0009302729972420335,0.0
1075.1744044572488,20.0,0.00029596656474037924,0.012154551000004515,1.1176101467391128e-05,0.00011837293342523313,0.00014798328237018962,1.4137056611704096e-07,0.00014784191180407252,0.00237798709935139,0.0009553144372307777,5.421010862427522e-20
1081.4989597775855,20.0,0.0003003969606882948,0.012244950398360023,1.1493798982569924e-05,0.00012083496347830657,0.0001501984803441474,1.473319581385541e-07,0.00015005114838600883,0.00242760753120066,0.0009809151051393776,0.0
1087.8235150979224,20.0,0.00030488011797561793,0.012335743142685653,1.181931106981476e-05,0.00012333824606699218,0.00015244005898780897,1.535201905704696e-07,0.00015228653879723847,0.002478065298336342,0.0010070856150924674,2.710505431213761e-20
1094.148070418259,20.0,0.0003094167046752876,0.0124269336113047,1.215281215220186e-05,0.00012588338842663106,0.0001547083523376438,1.5994318324976772e-07,0.00015454840915439408,0.002529372912401552,0.001033836769851308,-5.421010862427522e-20
1100.4726257385958,20.0,0.0003140074003712492,0.012518526233236585,1.2494480538553037e-05,0.00012847100752242006,0.0001570037001856246,1.6660911817753997e-07,0.0001568370910674471,0.0025815430903050212,0.001061179564434207,-2.710505431213761e-20
1106.7971810589327,20.0,0.0003186528963865494,0.012610525489032902,1.2844498517778948e-05,0.00013110173023620872,0.0001593264481932747,1.7352644813100873e-07,0.0001591529217451437,0.0026345887582771526,0.0010891251898147406,0.0
1113.1217363792694,20.0,0.0003233538960168613,0.012702935911629163,1.3203052455759431e-05,0.0001337761935572944,0.00016167694800843066,1.8070390556828235e-07,0.00016149624410286237,0.0026885230560163126,0.0011176850366996012,0.0
1119.446291699606,20.0,0.00032811111476959505,0.012795762087212715,1.35703328948362e-05,0.0001364950447773156,0.00016405555738479752,1.8815051183638064e-07,0.00016386740687296113,0.002743359340927693,0.0011468706993879375,2.710505431213761e-20
1125.770847019943,20.0,0.0003329252806087391,0.012889008656107096,1.3946534655995224e-05,0.00013925894168934078,0.00016646264030436954,1.9587558669346093e-07,0.0001662667647176761,0.0027991111924570693,0.0011766939797140735,-2.710505431213761e-20
1132.0954023402796,20.0,0.0003377971342055924,0.012982680313673237,1.4331856943818868e-05,0.00014206855279125683,0.0001688985671027962,2.0388875815660218e-07,0.0001686946783446396,0.002855792416521916,0.0012071668910755768,0.0
1138.4199576606163,20.0,0.000342727429195552,0.013076781811227983,1.4726503454290712e-05,0.0001449245574935638,0.000171363714597776,2.1219997268694513e-07,0.00017115151462508907,0.002913417050042408,0.0012383016625486893,0.0
1144.7445129809532,20.0,0.00034771693244111464,0.013171317956980158,1.5130682485537967e-05,0.00014782764633168067,0.00017385846622055732,2.2081950572442632e-07,0.0001736376467148329,0.0029719993655748064,0.001270110743093144,0.0
1151.06906830129,20.0,0.00035276642430127355,0.013266293616984734,1.5544607051600142e-05,0.00015077852118287747,0.00017638321215063677,2.2975797258484085e-07,0.00017615345417805193,0.0030315538760499763,0.0013026068058485088,0.0
1157.3936236216266,20.0,0.0003578766989074825,0.013361713716115463,1.5968494999314836e-05,0.00015377789548794556,0.00017893834945374124,2.390263397324465e-07,0.00017869932311400887,0.0030920953396196987,0.00133580275252421,-8.131516293641283e-20
1163.7181789419635,20.0,0.00036304856444637,0.013457583239056348,1.6402569128414765e-05,0.00015682649447772365,0.000181524282223185,2.486359364418391e-07,0.00018127564628674317,0.0031536387646135954,0.001369711717885434,0.0
1170.0427342623002,20.0,0.00036828284344939604,0.013553907231312525,1.6847057314933425e-05,0.00015992505540460153,0.00018414142172469802,2.585984668633752e-07,0.00018388282325783464,0.0032161994146095805,0.0014043470743372165,0.0
1176.3672895826369,20.0,0.0003735803730896426,0.013650690800240863,1.7302192638019744e-05,0.0001630743277791243,0.0001867901865448213,2.6892602250696413e-07,0.00018652126052231437,0.003279792813620788,0.0014397224366090233,-2.710505431213761e-20
1182.6918449029738,20.0,0.000378942005485941,0.01374793911610083,1.776821351026567e-05,0.00016627507361182396,0.0001894710027429705,2.7963109515963863e-07,0.0001891913716478109,0.003344434751402028,0.0014758516665422203,-2.710505431213761e-20
1189.0164002233105,20.0,0.00038436860801454204,0.013845657413126078,1.824536381165394e-05,0.0001695280676604111,0.00019218430400727102,2.907265902529254e-07,0.0001918935774170181,0.003410141288878954,0.0015127488779829083,0.0
1195.3409555436474,20.0,0.00038986106362854614,0.013943850990617275,1.873389302723715e-05,0.00017283409768245917,0.00019493053181427307,3.0222584069665805e-07,0.00019462830597357644,0.003476928763703151,0.0015504284417826057,-2.710505431213761e-20
1201.665510863984,20.0,0.00039542027118530783,0.01404252521405654,1.9234056388662466e-05,0.0001761939646937201,0.00019771013559265392,3.141426211965412e-07,0.0001973959929714574,0.0035448137959364877,0.001588904990909396,-2.710505431213761e-20
1207.9900661843208,20.0,0.0004010471457820544,0.014141685516244262,1.9746115019661083e-05,0.00017960848323221443,0.0002005235728910272,3.264911630734634e-07,0.0002001970817279537,0.003613813293868201,0.0016281934256721638,5.421010862427522e-20
1214.3146215046577,20.0,0.00040674261909993893,0.014241337398458526,2.027033608562439e-05,0.00018307848162824001,0.00020337130954996947,3.392861696032598e-07,0.0002030320233803662,0.0036839444599682,0.0016683089190606569,0.0
1220.6391768249944,20.0,0.0004125076397567853,0.014341486431637903,2.0806992947394053e-05,0.0001866048022804502,0.00020625381987839265,3.525428318963882e-07,0.0002059012770464962,0.0037552247969802723,0.0017092669222041443,5.421010862427522e-20
1226.963732145331,20.0,0.0004183431736687674,0.014442138257588106,2.1356365319396956e-05,0.0001901883019381562,0.0002091715868343837,3.66276845337748e-07,0.0002088053099890459,0.003827672114158934,0.0017510831699515475,5.421010862427522e-20
1233.288287465668,20.0,0.0004242502044212855,0.014543298590213034,2.191873943226052e-05,0.0001938298519900113,0.00021212510221064275,3.805044266076902e-07,0.0002117445977840351,0.003901304533653789,0.0017937736865759754,-2.710505431213761e-20
1239.6128427860046,20.0,0.0004302297336493072,0.014644973216770855,2.2494408200048763e-05,0.00019753033875924075,0.0002151148668246536,3.9524233130610825e-07,0.00021471962449334757,0.003976140497045386,0.0018373547916066713,-8.131516293641283e-20
1245.9373981063413,20.0,0.0004362827814274493,0.014747167999155698,2.3083671392263893e-05,0.00020129066380558346,0.00021814139071372465,4.105078722023845e-07,0.0002177308828415223,0.004052198772036656,0.0018818431057914624,-2.710505431213761e-20
1252.2619534266782,20.0,0.00044241038667008876,0.014849888875205625,2.3686835810763953e-05,0.00020511174423412044,0.00022120519333504438,4.263189381348933e-07,0.0002207788743969096,0.004129498459304197,0.0019272555571928963,-1.0842021724855044e-19
1258.586508747015,20.0,0.0004486136075417918,0.014953141860037369,2.4304215471751122e-05,0.00020899451301116268,0.0002243068037708959,4.4269401358470356e-07,0.00022386410975731123,0.004208058999513688,0.001973609387421282,-5.421010862427522e-20
1264.9110640673516,20.0,0.00045489352187837856,0.015056933047408787,2.4936131792992267e-05,0.0002129399192873876,0.00022744676093918928,4.5965219894916627e-07,0.00022698710874024017,0.004287900180504048,0.0020209221580080447,-5.421010862427522e-20
1271.2356193876885,20.0,0.0004612512276189268,0.015161268611109367,2.5582913786437075e-05,0.00021694892872840393,0.0002306256138094634,4.772132315420637e-07,0.0002301484005779214,0.004369042144644813,0.002069211756922734,-8.131516293641283e-20
1277.5601747080252,20.0,0.0004676878432490446,0.015266154806379667,2.6244898256406236e-05,0.00022102252385294163,0.0002338439216245223,4.953975073481327e-07,0.00023334852411717414,0.004451505396371581,0.002118496405237254,2.710505431213761e-20
1283.884730028362,20.0,0.0004742045082557582,0.015371597971360493,2.6922430003528435e-05,0.00022516170437886812,0.0002371022541278791,5.142261035609169e-07,0.00023658802802431828,0.004535310809904507,0.002168794663940957,-8.131516293641283e-20
1290.2092853486986,20.0,0.0004808023835943474,0.01547760452857223,2.761586203460915e-05,0.0002293674875772261,0.0002404011917971737,5.337208019340354e-07,0.00023986747099523972,0.004620479637154721,0.00222012544091019,-5.421010862427522e-20
1296.5338406690353,20.0,0.00048748265216750323,0.015584180986425417,2.8325555778623574e-05,0.00023364090863451208,0.00024374132608375162,5.539041129772834e-07,0.0002431874219707743,0.004707033515824095,0.0022725079980362344,2.710505431213761e-20
1302.8583959893722,20.0,0.0004942465193171777,0.015691333940763195,2.905188130903072e-05,0.0002379830210234066,0.00024712325965858887,5.747993010302121e-07,0.0002465484603575587,0.004794994477703648,0.002325961958515444,0.0
1309.1829513097089,20.0,0.0005010952133295013,0.01579907007643629,2.9795217572613028e-05,0.00024239489688217695,0.00025054760666475066,5.964304102472055e-07,0.0002499511762545034,0.004884384957176105,0.0023805073143056163,5.421010862427522e-20
1315.5075066300456,20.0,0.0005080299859531866,0.015907396168911705,3.055595262505461e-05,0.00024687762740298677,0.0002540149929765933,6.188222915295256e-07,0.0002533961706850638,0.004975227799928464,0.002436164433752728,-5.421010862427522e-20
1321.8320619503825,20.0,0.0005150521129318104,0.016016319085915536,3.133448387347639e-05,0.00025143232322934005,0.0002575260564659052,6.420006304412049e-07,0.00025688405583546394,0.0050675462718803264,0.002492954069392204,5.421010862427522e-20
1328.1566172707192,20.0,0.000522162894550416,0.016125845789111134,3.2131218326156675e-05,0.0002560601148629081,0.000261081447275208,6.659919761472883e-07,0.00026041545529906067,0.005161364068334216,0.0025508973659291116,5.421010862427522e-20
1334.4811725910558,20.0,0.000529363656196871,0.016235983335813286,3.294657284967224e-05,0.00026076215307998493,0.0002646818280984355,6.908237714144826e-07,0.00026399100432702104,0.005256705323354097,0.002610015868401681,-5.421010862427522e-20
1340.8057279113928,20.0,0.0005366557489384421,0.016346738880739457,3.378097443370445e-05,0.0002655396093578287,0.00026832787446922106,7.165243837159888e-07,0.0002676113500855051,0.0053535946193786045,0.002670331530532728,0.0
1347.1302832317294,20.0,0.0005440405501140535,0.016458119677798907,3.4634860463763014e-05,0.00027039367631115124,0.00027202027505702673,7.431231374840397e-07,0.0002712771519195426,0.005452056997075653,0.0027318667232736613,1.0842021724855044e-19
1353.4548385520661,20.0,0.00055151946394273,0.01657013308192087,3.550867900209022e-05,0.00027532556813903136,0.000275759731971365,7.706503475555388e-07,0.00027498908162380944,0.005552117965445399,0.002794644243545912,5.421010862427522e-20
1359.779393872403,20.0,0.0005590939221487226,0.016682786550922507,3.64028890770169e-05,0.000280336521082527,0.0002795469610743613,7.991373538580772e-07,0.0002787478237205032,0.005653803512178601,0.0028586873231846778,5.421010862427522e-20
1366.1039491927397,20.0,0.0005667653846038468,0.01679608764741792,3.731796098105205e-05,0.00028542779389327565,0.0002833826923019234,8.286165573856557e-07,0.00028255407574453783,0.005757140114277768,0.0029240196380900555,-5.421010862427522e-20
1372.4285045130764,20.0,0.0005745353399875793,0.016910044040769148,3.8254376577998626e-05,0.00029060066831338257,0.00028726766999378963,8.591214575155593e-07,0.00028640854853627406,0.005862154748948749,0.0029906653175908464,0.0
1378.7530598334133,20.0,0.0005824053064654727,0.017024663509080266,3.9212629619397475e-05,0.0002958564495668961,0.00029120265323273636,8.906866907199738e-07,0.00029031196654201636,0.005968874904770492,0.003058648954026236,0.0
1385.07761515375,20.0,0.0005903768323864764,0.01713995394123572,4.019322607061428e-05,0.0003011964668631882,0.0002951884161932382,9.233480707283113e-07,0.0002942650681225099,0.0060773285931511436,0.003127995612550945,-5.421010862427522e-20
1391.4021704740867,20.0,0.0005984514969997676,0.017255923338984038,4.119668444689505e-05,0.0003066220739125655,0.0002992257484998838,9.571426301985983e-07,0.0002982686058696852,0.006187544360078878,0.0031987308411694725,0.0
1397.7267257944236,20.0,0.0006066309111917204,0.017372579819068163,4.222353615972777e-05,0.00031213464945443954,0.0003033154555958602,9.92108663958777e-07,0.00030232334693190146,0.006299551298176012,0.0032708806810051575,0.0
1404.0512811147603,20.0,0.0006149167182436592,0.017489931615403485,4.3274325873860603e-05,0.0003177355977984014,0.0003074583591218296,1.0282857738814461e-06,0.0003064300733479481,0.0064133790590653415,0.003344471676810031,5.421010862427522e-20
1410.375836435097,20.0,0.0006233105946110758,0.017607987081305076,4.4349611875340514e-05,0.0003234263493785561,0.0003116552973055379,1.0657149154583319e-06,0.00031058958239007963,0.006529057866057957,0.003419530887721557,-5.421010862427522e-20
1416.7003917554337,20.0,0.0006318142507250084,0.017726754691765205,4.544996645094996e-05,0.0003292083613214806,0.0003159071253625042,1.1044384461436698e-06,0.00031480268691636053,0.006646618527172053,0.0034960858982725504,0.0
1423.0249470757703,20.0,0.0006404294318162969,0.017846243045782563,4.657597627943157e-05,0.00033508311802817585,0.00032021471590814844,1.1445001755386658e-06,0.0003190702157326099,0.006766092448492456,0.003574164829660603,-1.0842021724855044e-19
1429.3495023961073,20.0,0.0006491579187634828,0.01796646086874462,4.772824283490937e-05,0.0003410521317704081,0.0003245789593817414,1.185945417492479e-06,0.0003233930139642489,0.006887511647881197,0.0036537963512837373,0.0
1435.674057716444,20.0,0.0006580015289651143,0.01808741701486447,4.8907382802926264e-05,0.0003471169433018294,0.00032900076448255715,1.2288210441983742e-06,0.00032777194343835893,0.007010908769049485,0.003735009692548977,-1.6263032587282567e-19
1441.9986130367806,20.0,0.00066696211723728,0.018209120469673653,5.011402850953701e-05,0.00035327912248429323,0.00033348105861864,1.2731755423672694e-06,0.0003322078830762727,0.0071363170960020254,0.003817834654960835,5.421010862427522e-20
1448.3231683571175,20.0,0.0006760415767371979,0.018331580352572513,5.13488283639105e-05,0.000359540268929786,0.00033802078836859894,1.3190590715644918e-06,0.0003367017292970346,0.007263770567864852,0.0039023016244968565,-1.6263032587282567e-19
1454.6477236774542,20.0,0.0006852418399137352,0.01845480591943952,5.261244731491357e-05,0.0003659020126584095,0.0003426209199568676,1.3665235247993943e-06,0.0003412543964320682,0.007393303794108273,0.003988441584277531,0.0
1460.972278997791,20.0,0.0006945648794857616,0.018578806565301365,5.3905567322166777e-05,0.0003723660147728667,0.0003472824397428808,1.4156225914615143e-06,0.00034586681715141946,0.007524952070176963,0.004076286127538167,-1.6263032587282567e-19
1467.2968343181278,20.0,0.0007040127094492706,0.018703591827065272,5.522888784208116e-05,0.0003789339681499095,0.0003520063547246353,1.4664118227010982e-06,0.0003505399429019341,0.007658751393539546,0.0041658674709103794,1.0842021724855044e-19
1473.6213896384645,20.0,0.0007135873861142374,0.018829171386315374,5.658312632940426e-05,0.00038560759814922774,0.0003567936930571187,1.5189486993562563e-06,0.0003552747443577625,0.00779473848017047,0.004257218468021209,-5.421010862427522e-20
1479.9459449588012,20.0,0.0007232910091722358,0.01895555507217488,5.7969018754826604e-05,0.0003923886633402743,0.0003616455045861179,1.5732927025336454e-06,0.0003600722118835842,0.007932950781477583,0.0043503726234180255,5.421010862427522e-20
1486.270500279138,20.0,0.0007331257227958486,0.01908275286423586,5.9387320139217666e-05,0.0003992789562475269,0.0003665628613979243,1.6295053869543242e-06,0.00036493335601097006,0.00807342650168892,0.004445364106827521,-5.421010862427522e-20
1492.5950555994748,20.0,0.0007430937167709614,0.019210774895558412,6.0838805105085765e-05,0.00040628030411471406,0.0003715468583854807,1.6876504571815913e-06,0.0003698592079282991,0.008216204615713003,0.004542227767757493,0.0
1498.9196109198117,20.0,0.0007531972276630834,0.019339631455741378,6.232426844587864e-05,0.00041339456968854344,0.0003765986138315417,1.7477938468528996e-06,0.00037485081998468863,0.008361324887487389,0.004640999150450178,1.6263032587282567e-19
1505.2441662401484,20.0,0.0007634385400188514,0.01946933299406632,6.384452571376514e-05,0.0004206236520224864,0.0003817192700094257,1.8100038010434934e-06,0.00037990926620838205,0.008508827888830502,0.004741714509196246,1.6263032587282567e-19
1511.568721560485,20.0,0.0007738199876039564,0.0195998901227171,6.540041382656568e-05,0.0004279694873011957,0.0003869099938019782,1.8743509618953434e-06,0.00038503564284008297,0.008658755018812678,0.004844410824018782,-1.0842021724855044e-19
1517.893276880822,20.0,0.0007843439546787404,0.019731313620076858,6.699279169452271e-05,0.0004354340496861409,0.0003921719773393702,1.9409084576509834e-06,0.00039023106888171934,0.00881114852366247,0.004949125816736766,-1.0842021724855044e-19
1524.2178322011587,20.0,0.0007950128773128009,0.019863614434104962,6.862254086763325e-05,0.0004430193521830754,0.00039750643865640043,2.0097519952384184e-06,0.0003954966866611619,0.008966051517225224,0.005055897967417888,1.0842021724855044e-19
1530.5423875214954,20.0,0.0008058292447399645,0.01999680368579589,7.029056620429343e-05,0.0004507274475319663,0.00040291462236998225,2.0809599565600155e-06,0.0004008336624134223,0.009123508001991373,0.005164766531230886,-5.421010862427522e-20
1536.8669428418323,20.0,0.0008167956007550475,0.02013089267272241,7.199779656203225e-05,0.0004585604291200248,0.00040839780037752377,2.1546134986452906e-06,0.0004062431868788784,0.00928356289071236,0.0052757715557076,5.421010862427522e-20
1543.191498162169,20.0,0.0008279145451539012,0.020265892872665708,7.374518551114871e-05,0.0004665204319185171,0.0004139572725769506,2.230796657835135e-06,0.00041172647591911543,0.009446262028623037,0.005388953898425476,5.421010862427522e-20
1549.5160534825056,20.0,0.000839188735218267,0.020401815947334628,7.553371207209451e-05,0.00047460963344403894,0.0004195943676091335,2.309596458172751e-06,0.00041728477115096066,0.009611652216289873,0.005504355245121448,5.421010862427522e-20
1555.8406088028426,20.0,0.0008506208872470564,0.02053867374617686,7.736438147748118e-05,0.00048283025474496645,0.0004253104436235282,2.3911030241848245e-06,0.00042291934059934333,0.009779781233105012,0.005622018128248352,5.421010862427522e-20
1562.1651641231792,20.0,0.0008622137781357112,0.02067647831028453,7.923822595962534e-05,0.0004911845614138166,0.0004311068890678556,2.4754096982451198e-06,0.0004286314793696104,0.009950697861446943,0.005741985945985414,5.421010862427522e-20
1568.489719443516,20.0,0.0008739702470053912,0.020815241876397085,8.115630556458498e-05,0.0004996748646262772,0.0004369851235026956,2.5626131627218075e-06,0.0004344225103399738,0.010124451911529449,0.005864302981714661,0.0
1574.8142747638528,20.0,0.0008858931968837854,0.0209549768810042,8.311970899367581e-05,0.000508303522207683,0.0004429465984418927,2.652813567119299e-06,0.00044029378487477343,0.010301094246960948,0.005989014423975319,0.0
1581.1388300841895,20.0,0.000897985596439429,0.02109569596455166,8.512955447350025e-05,0.0005170729397277453,0.0004489927982197145,2.746114660435492e-06,0.00044624668355927903,0.010480676811037523,0.006116166386908686,0.0
1587.4633854045262,20.0,0.0009102504817714924,0.021237411975753313,8.718699065556446e-05,0.0005259855716243732,0.0004551252408857462,2.8426239289659217e-06,0.00045228261695678035,0.010663252653793628,0.006245805931206371,-5.421010862427522e-20
1593.7879407248631,20.0,0.0009226909582570579,0.021380137976012056,8.929319754659951e-05,0.0005350439223574303,0.00046134547912852895,2.942452739797199e-06,0.00045840302638873177,0.010848875959835101,0.006377981085574795,0.0
1600.1124960451998,20.0,0.0009353102024580335,0.021523887243953255,9.144938747075611e-05,0.0005442505475933272,0.00046765510122901674,3.045716490244129e-06,0.00046460938473877236,0.01103760207698054,0.006512740868729672,2.710505431213761e-19
1606.4370513655365,20.0,0.0009481114640898932,0.02166867328007385,9.365680606488487e-05,0.000553608055421357,0.0004740557320449466,3.152534763496917e-06,0.00047090319728144964,0.011229487545737635,0.0066501353119342,5.421010862427522e-20
1612.7616066858734,20.0,0.0009610980680545537,0.021814509811510483,9.591673330816877e-05,0.0005631191076027134,0.00048054903402727686,3.2630314907578662e-06,0.000477286002536519,0.011424590129642054,0.006790215482095113,0.0
1619.08616200621,20.0,0.0009742734165397917,0.021961410796930484,9.823048458742699e-05,0.0005727864208531711,0.00048713670826989585,3.3773351201606688e-06,0.0004837593731497351,0.011622968846487834,0.006933033505431235,5.421010862427522e-20
1625.4107173265468,20.0,0.0009876409911876956,0.02210939043154915,0.00010059941179946568,0.000582612768160434,0.0004938204955938478,3.4955787927796207e-06,0.0004903249168010683,0.011824684000479034,0.007078642591729581,-1.0842021724855044e-19
1631.7352726468837,20.0,0.0010012043553347674,0.02225846315227724,0.0001030249044919082,0.0005926009801371793,0.0005006021776673837,3.6179005260511245e-06,0.0004969842771413325,0.012029797215333472,0.007227097059204115,1.0842021724855044e-19
1638.0598279672204,20.0,0.0010149671563263762,0.022408643643002563,0.00010550839104400017,0.0006027539464108772,0.0005074835781631881,3.7444434049458033e-06,0.0005037391347582423,0.012238371468370788,0.007378452359973169,0.0
1644.384383287557,20.0,0.001028933127908422,0.02255994684000985,0.00010805133988894884,0.0006130746170514876,0.000514466563954211,3.8753557812462534e-06,0.0005105912081729648,0.012450471125618104,0.0075327651061715475,0.0
1650.708938607894,20.0,0.001043106092699148,0.022712387937543016,0.00011065526077942254,0.000623566004038175,0.000521553046349574,4.0107914813029935e-06,0.000517542254868271,0.012666161977967902,0.0076900930967139566,1.0842021724855044e-19
1657.0334939282307,20.0,0.0010574899647441828,0.022865982393514128,0.00011332170609790517,0.0006342311827662158,0.0005287449823720914,4.150910022659731e-06,0.0005245940723494316,0.012885511278423887,0.00785049534472675,0.0
1663.3580492485673,20.0,0.001072088752158051,0.023020745935363806,0.0001160522722136789,0.0006450732935953207,0.0005360443760790255,4.295876839958726e-06,0.0005317484992390668,0.013108587780472351,0.00801403210566547,0.0
1669.6826045689043,20.0,0.0010869065598554898,0.023176694566077512,0.00011884860088827876,0.0006560955434406225,0.0005434532799277449,4.44586352055747e-06,0.0005390074164071875,0.013335461777617557,0.008180764906136131,-1.0842021724855044e-19
1676.007159889241,20.0,0.0011019475923760799,0.023333844570362607,0.00012171238073134896,0.0006673012074076235,0.0005509737961880399,4.601048050309651e-06,0.0005463727481377304,0.013566205144121404,0.008350756573438521,-1.0842021724855044e-19
1682.3317152095779,20.0,0.0011172161568058648,0.023492212520991294,0.0001246453487089135,0.0006786936304724458,0.0005586080784029324,4.761615069986354e-06,0.0005538464633329461,0.013800891376989175,0.00852407126585042,0.0
1688.6562705299145,20.0,0.001132716665799752,0.023651815285314407,0.0001276492917061606,0.0006902762292087587,0.000566358332899876,4.9277561428374725e-06,0.0005614305767570384,0.014039595639244704,0.008700774503672093,1.0842021724855044e-19
1694.9808258502512,20.0,0.0011484536407087203,0.023812670031951713,0.00013072604814693873,0.0007020524935628202,0.0005742268203543601,5.099670033818894e-06,0.0005691271503205412,0.01428239480454016,0.008880933201050841,1.0842021724855044e-19
1701.3053811705881,20.0,0.0011644317148159712,0.023974794237663917,0.00013387750967225185,0.000714025988678092,0.0005822158574079856,5.2775630010377065e-06,0.000576938294406948,0.014529367503147143,0.009064615698605876,-1.0842021724855044e-19
1707.6299364909248,20.0,0.0011806556366863938,0.024138205694412374,0.0001371056228801505,0.0007262003567709548,0.0005903278183431969,5.4616490999961606e-06,0.0005848661692432008,0.014780594169377848,0.00925189179687436,-1.0842021724855044e-19
1713.9544918112615,20.0,0.0011971302736338983,0.02430292251661241,0.00014041239112952078,0.0007385793190590986,0.0005985651368169492,5.652150501245114e-06,0.000592912986315704,0.015036157090487069,0.009442832790600085,0.0
1720.2790471315984,20.0,0.0012138606153113654,0.02446896314858634,0.00014379987641038297,0.0007511666777441998,0.0006069303076556827,5.849297822088999e-06,0.0006010810098335938,0.015296140457107471,0.009637511503886474,-1.0842021724855044e-19
1726.603602451935,20.0,0.0012308517774281913,0.024636346372222624,0.00014727020128343303,0.0007639663180505623,0.0006154258887140957,6.053330473017957e-06,0.0006093725582410777,0.015560630415272971,0.009836002326236415,0.0
1732.9281577722718,20.0,0.0012481090056006268,0.024805091314847795,0.00015082555089168366,0.0007769822103214544,0.0006240545028003134,6.264497019577928e-06,0.0006177900057807355,0.015829715120087195,0.01003838124950195,0.0
1739.2527130926087,20.0,0.0012656376793403507,0.024975217457317938,0.00015446817504718942,0.0007902184121749201,0.0006328188396701753,6.483055560426612e-06,0.0006263357841097487,0.016103484791096134,0.010244725905767242,0.0
1745.5772684129454,20.0,0.0012834433161869655,0.025146744642336925,0.00015820039039597916,0.0008036790707209075,0.0006417216580934827,6.709274122362617e-06,0.0006350123839711202,0.01638203176942667,0.010455115606188944,-1.0842021724855044e-19
1751.901823733282,20.0,0.0013015315759903696,0.02531969308300863,0.00016202458266446277,0.0008173684248416202,0.0006507657879951848,6.943431073156647e-06,0.0006438223569220284,0.01666545057675507,0.010669631380818721,-3.2526065174565133e-19
1758.226379053619,20.0,0.0013199082653492498,0.025494083371630984,0.00016594320899072855,0.0008312908075370569,0.0006599541326746249,7.185815553057529e-06,0.0006527683171215674,0.01695383797617227,0.01088835601943314,0.0
1764.5509343739557,20.0,0.001338579342212181,0.02566993648873946,0.00016995880034430323,0.0008454506483377505,0.0006692896711060905,7.436727925891975e-06,0.0006618529431801984,0.01724729303501506,0.011111374113396653,1.0842021724855044e-19
1770.8754896942924,20.0,0.0013575509206482143,0.025847273812408502,0.0001740739640381225,0.0008598524757868275,0.0006787754603241071,7.696480250726825e-06,0.0006710789800733803,0.017545917189735992,0.011338772098584483,0.0
1777.2000450146293,20.0,0.0013768292757940532,0.026026117127819173,0.00017829138633662054,0.0008745009199935209,0.0006884146378970266,7.965396775113486e-06,0.0006804492411219131,0.017849814312886826,0.01157063829939211,0.0
1783.524600334966,20.0,0.001396420848985348,0.02620648863710197,0.000182613835164043,0.000889400715260382,0.000698210424492674,8.243814450989993e-06,0.0006899666100416841,0.01815909078229413,0.01180706297385924,-1.0842021724855044e-19
1789.8491556553026,20.0,0.0014163322530799367,0.026388410969463923,0.00018704416291727568,0.000904556702786494,0.0007081661265399684,8.53208347437398e-06,0.0006996340430655945,0.018473855552508772,0.012048138359936698,-1.0842021724855044e-19
1796.1737109756396,20.0,0.0014365702779812616,0.026571907191609415,0.0001915853093876821,0.0009199738334490529,0.0007182851389906308,8.830567850041196e-06,0.0007094545711405895,0.01879422022861411,0.01229395872292491,1.0842021724855044e-19
1802.4982662959762,20.0,0.0014571418963705833,0.026757000818464615,0.00019624030479666266,0.0009356571706657789,0.0007285709481852917,9.139645982449776e-06,0.0007194313022028419,0.019120299142481822,0.012544620404113839,0.0
1808.822821616313,20.0,0.001478054269657035,0.02694371582421569,0.00020101227294986717,0.0009516118933406825,0.0007390271348285174,9.459711294239104e-06,0.0007295674235342782,0.019452209431567512,0.012800221870654476,2.168404344971009e-19
1815.1473769366498,20.0,0.001499314754154994,0.027132076653671556,0.00020590443451523382,0.0009678432988958033,0.000749657377077497,9.791172873705493e-06,0.0007398662042037918,0.019790071120342638,0.01306086376669287,-3.2526065174565133e-19
1821.4719322569865,20.0,0.0015209309074986994,0.027322108233961757,0.00021092011043026966,0.0009843568063916046,0.0007604654537493497,1.0134456152733961e-05,0.0007503309975966158,0.02013400720446276,0.01332664896579811,0.0
1827.7964875773232,20.0,0.0015429104953045706,0.027513835986581445,0.0002160627254442597,0.0010011579597388183,0.0007714552476522853,1.0490003616747946e-05,0.0007609652440355375,0.020484143737777225,0.013597682624716632,-1.0842021724855044e-19
1834.1210428976601,20.0,0.001565261498092154,0.02770728583979479,0.00022133581180135725,0.0010182524310045958,0.000782630749046077,1.0858275548325351e-05,0.0007717724734977515,0.02084060992228908,0.01387407223848558,1.0842021724855044e-19
1840.4455982179968,20.0,0.0015879921184751848,0.02790248424140937,0.00022674301307080288,0.0010356460238159218,0.0007939960592375924,1.1239750806221548e-05,0.0007827563084313707,0.021203538201179113,0.014155927696938615,1.0842021724855044e-19
1846.7701535383335,20.0,0.0016111107886348616,0.028099458171934398,0.00023228808813083294,0.0010533446768633606,0.0008055553943174308,1.1634927641638554e-05,0.0007939204666757922,0.021573064355013223,0.014443361342638822,0.0
1853.0947088586704,20.0,0.0016346261780879404,0.028298235158135673,0.0002379749153131418,0.001071354467508246,0.0008173130890439702,1.2044324553681741e-05,0.0008052687644902885,0.021949327601256254,0.014736488030272785,-1.0842021724855044e-19
1859.419264179007,20.0,0.0016585472017630121,0.02849884328700139,0.00024380749671512245,0.0010896816154965835,0.0008292736008815061,1.2468481186057384e-05,0.0008168051196954487,0.02233247069722236,0.015035425187541923,-1.0842021724855044e-19
1865.7438194993435,20.0,0.0016828830283989202,0.028701311220132957,0.00024978996268745784,0.0011083324867830005,0.0008414415141994601,1.2907959267179915e-05,0.00082853355493228,0.022722640046596625,0.015340292877586901,1.0842021724855044e-19
1872.0683748196802,20.0,0.0017076430892799996,0.02890566820857554,0.0002559265765050106,0.0011273135974681765,0.0008538215446399998,1.3363343595982169e-05,0.0008404582010440178,0.0231199858096688,0.01565121386298188,-1.0842021724855044e-19
1878.3929301400171,20.0,0.0017328370873236068,0.02911194410810394,0.00026222173922936314,0.0011466316178533082,0.0008664185436618034,1.3835243075853671e-05,0.00085258330058595,0.02352466201742645,0.01596831367133585,-2.168404344971009e-19
1884.7174854603538,20.0,0.0017584750065361588,0.0293201693949797,0.0002686799947717774,0.001166293376615264,0.0008792375032680794,1.4324291799271963e-05,0.0008649132114688072,0.023936826689661236,0.016291720662539217,2.168404344971009e-19
1891.0420407806905,20.0,0.0017845671218547777,0.02953037518219617,0.00027530603516578696,0.0011863058651061876,0.0008922835609273889,1.4831150185840454e-05,0.0008774524107415484,0.024356641957248914,0.0166215660976941,0.0
1897.3665961010274,20.0,0.001811124009392489,0.02974259323622861,0.00028210470605909713,0.0012066762417814144,0.0009055620046962445,1.5356506176604083e-05,0.0008902054985196404,0.024784274188770654,0.01695798420976724,0.0
1903.691151421364,20.0,0.0018381565571059027,0.02995685599430763,0.00028908101243497347,0.0012274118367596992,0.0009190782785529514,1.5901076487682476e-05,0.0009031772020652688,0.025219894121651244,0.017301112276005507,0.0
1910.0157067417008,20.0,0.0018656759759052566,0.030173196582234278,0.00029624012457380556,0.0012485201565198439,0.0009328379879526283,1.646560792643839e-05,0.00091637238002619,0.0256636769979973,0.017651090692154092,-1.0842021724855044e-19
1916.3402620620377,20.0,0.0018936938112277877,0.030391648832756406,0.00030358738426609563,0.0012700088887379415,0.0009468469056138939,1.705087877358911e-05,0.0009297960268403045,0.026115802705326988,0.01800806304851793,3.2526065174565133e-19
1922.6648173823744,20.0,0.0019222219550964767,0.030612247304526375,0.0003111283112886911,0.0012918859072695626,0.0009611109775482384,1.7657700234870532e-05,0.0009434532773133677,0.026576455922391558,0.01837217620790757,1.0842021724855044e-19
1928.989372702711,20.0,0.0019512726586874253,0.03083502730166102,0.00031886861015670845,0.00131415927728135,0.0009756363293437127,1.828691796607911e-05,0.0009573494113776336,0.027045826270298425,0.018743580385511358,0.0
1935.313928023048,20.0,0.0019808585454303535,0.031060024893925887,0.00032681417716423,0.0013368372605365802,0.0009904292727151767,1.893941367554481e-05,0.000971489859039632,0.027524108469154682,0.019122429230735514,-1.0842021724855044e-19
1941.6384833433847,20.0,0.002010992624667985,0.03128727693756588,0.00033497110772754215,0.0013599283208393627,0.0010054963123339925,1.9616106808331856e-05,0.000985880205525661,0.028011502500459952,0.01950887991105435,-2.168404344971009e-19
1947.9630386637214,20.0,0.002041688305901599,0.03151682109680654,0.0003433457040454296,0.001383441129642345,0.0010208441529507995,2.0317956316725393e-05,0.001000526196634074,0.02850821377548961,0.019903093197914053,0.0
1954.2875939840583,20.0,0.002072959413651373,0.031748695866049836,0.0003519444830917718,0.0014073845718227886,0.0010364797068256864,2.104596252183548e-05,0.0010154337443038508,0.029014453309918132,0.020305233554731777,0.0
1960.612149304395,20.0,0.002104820202961804,0.03198294059279011,0.0003607741849565248,0.0014317677516321027,0.001052410101480902,2.180116907144691e-05,0.0010306089324094545,0.029530437904946083,0.02071546922703358,6.505213034913027e-19
1966.9367046247316,20.0,0.002137285375584171,0.032219595501276996,0.00036984178155202843,0.0014565999988240238,0.0010686426877920855,2.258466499955724e-05,0.0010460580227925284,0.030056390335206417,0.021133972334774726,-2.168404344971009e-19
1973.2612599450686,20.0,0.0021703700968696625,0.03245870171695196,0.0003791544857024631,0.0014818908749666823,0.0010851850484348312,2.339758689337818e-05,0.001061787461541453,0.03059253954373725,0.02156091896688464,0.0
1979.5858152654052,20.0,0.0022040900134088245,0.0327003012916881,0.00038871976063527367,0.0015076501799440038,0.0011020450067044123,2.424112117393532e-05,0.001077803885530477,0.03113912084432399,0.021996489278080105,-2.168404344971009e-19
1985.9103705857422,20.0,0.0022384612714548553,0.03294443722986213,0.00039854532989437434,0.0015338879586519602,0.0011192306357274277,2.5116506496780933e-05,0.0010941141292306463,0.031696376131527045,0.022440867587989875,4.336808689942018e-19
1992.2349259060788,20.0,0.0022735005361704287,0.03319115351528997,0.0004086391876960239,0.0015606145078952648,0.0011367502680852144,2.6025036279740458e-05,0.0011107252318054742,0.03226455409872603,0.022894242482632554,-4.336808689942018e-19
1998.5594812264155,20.0,0.00230922501174,0.03344049513905777,0.0004190096097494228,0.0015878403834902973,0.00115461250587,2.696806136504978e-05,0.0011276444445049497,0.032843910464528905,0.02335680691829105,4.336808689942018e-19
2004.8840365467524,20.0,0.0023456524623918814,0.03369250812828215,0.0004296651645652642,0.0016155764075800414,0.0011728262311959407,2.794699282370128e-05,0.0011448792383722392,0.0334347082079095,0.023828758327824485,2.168404344971009e-19
2011.2085918670891,20.0,0.0023828012343769813,0.03394723957583415,0.0004406147252767825,0.0016438336761670047,0.0011914006171884906,2.8963304910314635e-05,0.0011624373122781756,0.034037217812456194,0.024310298729459504,4.336808689942018e-19
2017.5331471874258,20.0,0.002420690278953695,0.034204737671063135,0.0004518674819991711,0.0016726235668700934,0.0012103451394768474,3.001853817737505e-05,0.0011803266012994729,0.03465171752013169,0.02480163483810088,-4.336808689942018e-19
2023.8577025077627,20.0,0.0024593391764314407,0.034465051731558484,0.0004634329547547155,0.0017019577469115715,0.0012296695882157203,3.111430275824999e-05,0.0011985552854574706,0.03527849359496518,0.02530297817920144,-2.168404344971009e-19
2030.1822578280994,20.0,0.002498768161328222,0.03472823223598771,0.00047532100699247573,0.0017318481813402024,0.001249384080664111,3.225228182899708e-05,0.0012171317988351135,0.03591784059711668,0.02581454520522893,2.168404344971009e-19
2036.506813148436,20.0,0.0025389981487010122,0.034994330858052244,0.0004875418597330206,0.0017623071414968438,0.0012694990743505061,3.343423525962709e-05,0.0012360648390908789,0.036570061667777966,0.026336557414768126,2.168404344971009e-19
2042.831368468773,20.0,0.002580050761711047,0.03526340050160249,0.0005001061063703872,0.0017933472137286659,0.0012900253808555235,3.466200346617318e-05,0.0012553633773893502,0.03723546882539452,0.026869241474292475,2.168404344971009e-19
2049.1559237891097,20.0,0.0026219483604899164,0.035535495336956685,0.0005130247281653027,0.0018249813083583085,0.0013109741802449582,3.593751147566287e-05,0.0012750366687692952,0.03791438327371968,0.02741282934264035,2.168404344971009e-19
2055.4804791094466,20.0,0.0026647140723761974,0.035810670838468915,0.000526309110465631,0.0018572226689142148,0.0013323570361880987,3.726277321687963e-05,0.0012950942629712198,0.038607135722236445,0.027967558398227253,-6.505213034913027e-19
2061.805034429783,20.0,0.0027083718235965523,0.03608898382339375,0.0005399710596920527,0.0018900848816283797,0.0013541859117982761,3.863989605065124e-05,0.0013155460157476247,0.03931406671950957,0.028533671569023946,2.168404344971009e-19
2068.1295897501195,20.0,0.0027529463724696784,0.03637049249209702,0.0005540228211292023,0.0019235818852077263,0.0013764731862348392,4.00710855543127e-05,0.0013364021006805268,0.04003552700005969,0.02911141746532809,-4.336808689942018e-19
2074.4541450704564,20.0,0.002798463344216204,0.036655256469663666,0.0005684770975647765,0.0019577279808852023,0.001399231672108102,4.1558650575965235e-05,0.0013576730215321363,0.040771877845380264,0.029701050515353468,4.336808689942018e-19
2080.7787003907933,20.0,0.0028449492674627254,0.03694333684895621,0.0005833470688216251,0.0019925378427566197,0.0014224746337313627,4.310500857519985e-05,0.0013793696251561626,0.041523491459750754,0.030302831103658417,2.168404344971009e-19
2087.10325571113,20.0,0.0028924316125335282,0.037234796235178926,0.0005986464122304466,0.0020280265284091117,0.0014462158062667641,4.471269126807498e-05,0.0014015031149986893,0.04229075136153293,0.030917025712431902,-2.168404344971009e-19
2093.4278110314667,20.0,0.0029409388316293298,0.03752969879200523,0.0006143893240935069,0.002064209489846873,0.0014704694158146649,4.638435059533964e-05,0.0014240850652193252,0.043074052790671856,0.03154390706565082,0.0
2099.7523663518036,20.0,0.0029905004009984698,0.03782811028932783,0.0006305905421927587,0.0021011025847196287,0.0014952502004992349,4.812276503418463e-05,0.0014471274354650497,0.04387380313316119,0.03218375427611872,4.336808689942018e-19
2106.07692167214,20.0,0.0030411468652125836,0.03813009815269337,0.0006472653693989114,0.0021387220878589883,0.0015205734326062918,4.993084627519019e-05,0.0014706425863311012,0.044690422363271615,0.0328368529953912,4.336808689942018e-19
2112.401476992477,20.0,0.0030929098836658276,0.03843573151448615,0.000664429698441368,0.0021770847031275372,0.0015464549418329138,5.1811646287628045e-05,0.0014946432955452854,0.045524343504383696,0.03350349556658859,2.168404344971009e-19
2118.726032312814,20.0,0.003145822279424035,0.03874508126692663,0.0006821000379024732,0.0022162075755849833,0.0015729111397120175,5.376836479786825e-05,0.0015191427749141496,0.046376013109308244,0.03418398118008919,-2.168404344971009e-19
2125.0505876331504,20.0,0.003199918090558489,0.03905822011695473,0.0007002935395034151,0.002256108303975382,0.0015999590452792445,5.580435720736896e-05,0.0015441546880718758,0.047245891761027836,0.03487861603209306,-2.168404344971009e-19
2131.3751429534873,20.0,0.0032552326241072336,0.03937522264306852,0.0007190280267530824,0.002296804953538712,0.0016276163120536168,5.792314297856395e-05,0.0015696931690750526,0.04813445459483839,0.03558771348603679,2.168404344971009e-19
2137.699698273824,20.0,0.0033118025128162057,0.039696165354192715,0.0007383220250355632,0.0023383160691495025,0.0016559012564081029,6.0128414518953956e-05,0.001595772841889149,0.049042191842923966,0.03631159423683358,0.0
2144.0242535941607,20.0,0.003369665774822192,0.04002112675065344,0.0007581947932165521,0.0023806606887844506,0.001684832887411096,6.242404659584346e-05,0.0016224088408152532,0.049969609402453194,0.037050586477905156,-6.505213034913027e-19
2150.3488089144976,20.0,0.0034288618764501027,0.040350187387338685,0.0007786663568538436,0.00242385835732006,0.0017144309382250513,6.481410631646337e-05,0.001649616831908588,0.05091722942834316,0.03780502607096285,0.0
2156.6733642348345,20.0,0.0034894317983082354,0.040683429939126034,0.0007997575431022932,0.0024679291406602914,0.0017447158991541177,6.730286371069261e-05,0.0016774130354434249,0.051885590951898236,0.03857525671848507,2.168404344971009e-19
2162.997919555171,20.0,0.0035514181048773037,0.04102093926866254,0.0008214900174092509,0.00251289364019314,0.0017757090524386518,6.989480295626182e-05,0.0017058142494823902,0.05287525052659772,0.039361630138829616,-2.168404344971009e-19
2169.322474875508,20.0,0.0036148650178018183,0.04136280249658398,0.0008438863221023702,0.0025587730075736516,0.0018074325089009091,7.259463428918976e-05,0.0017348378746117196,0.05388678290237404,0.04016450624390629,-2.168404344971009e-19
2175.6470301958448,20.0,0.003679818493106169,0.04170910907426321,0.0008669699169780439,0.0026055889598294024,0.0018399092465530844,7.540730664529784e-05,0.0017645019399077863,0.05492078172979618,0.040984253319323816,2.168404344971009e-19
2181.971585516181,20.0,0.0037463263025727138,0.042059950859180996,0.0008907652220055257,0.0026533637947828495,0.0018731631512863569,7.833802108198998e-05,0.0017948251302043667,0.0559778602956526,0.04182124820691296,2.168404344971009e-19
2188.296140836518,20.0,0.0038144381195348437,0.042415422193013995,0.000915297662268951,0.002702120406782909,0.0019072190597674218,8.139224503307641e-05,0.0018258268147343462,0.05705865229150665,0.04267587648951132,-6.505213034913027e-19
2194.620696156855,20.0,0.003884205609355102,0.04277561998253801,0.0009405937152772021,0.002751882302735985,0.001942102804677551,8.457572745330477e-05,0.0018575270772242464,0.05816381261688569,0.04354853267788105,-2.168404344971009e-19
2200.9452514771915,20.0,0.003955682524876849,0.04314064378344776,0.0009666809607798412,0.002802673618424337,0.0019778412624384244,8.789451491346002e-05,0.0018899467475249647,0.05929401821885915,0.044439620399615576,-2.168404344971009e-19
2207.2698067975284,20.0,0.00402892480715727,0.043510595887195025,0.0009935881332360003,0.0028545191350966732,0.002014462403578635,9.135496871140461e-05,0.0019231074348672306,0.06044996896985295,0.04534955258986969,0.0
2213.5943621178653,20.0,0.00410399069181086,0.04388558141095123,0.0010213451770926141,0.0029074442963129797,0.00205199534590543,9.496378306933222e-05,0.0019570315628360986,0.06163238858565591,0.046278751683732515,-4.336808689942018e-19
2219.918917438202,20.0,0.00418094082131503,0.044265708390801566,0.0010499833050383268,0.002961475225021947,0.002090470410657515,9.872800449278e-05,0.0019917424061647354,0.06284202558567953,0.04722764981003826,-4.336808689942018e-19
2226.2434727585387,20.0,0.0042598383636538156,0.044651087878280114,0.0010795350594101508,0.0030166387408455445,0.0021299191818269078,0.00010265505237265869,0.0020272641294542485,0.06407965429765011,0.04819668898639045,4.336808689942018e-19
2232.5680280788756,20.0,0.004340749137701749,0.045041834040356665,0.001110034376941328,0.003072962377540753,0.0021703745688508745,0.0001067527409177244,0.0020636218279331494,0.06534607590903202,0.04918632131514776,8.673617379884035e-19
2238.892583399212,20.0,0.004423741745778184,0.04543806426298775,0.001141516657051161,0.0031304744006037397,0.002211870872889092,0.000111029302511606,0.0021008415703774857,0.0666421195676146,0.050197009180098395,4.336808689942018e-19
2245.217138719549,20.0,0.004508887713832543,0.045839899258345314,0.0011740188338905623,0.003189203824976061,0.0022544438569162715,0.00011549341259571691,0.002138950444320555,0.06796864353382873,0.05122922544351756,-4.336808689942018e-19
2251.541694039886,20.0,0.004596261639753329,0.04624746317583606,0.001207579452371034,0.0032491804328063567,0.0022981308198766646,0.00012015421618720429,0.0021779766036894603,0.06932653638750584,0.05228345364327549,0.0
2257.8662493602224,20.0,0.004685941350329084,0.04666088371702592,0.0012422387484197872,0.003310434791214187,0.002342970675164542,0.0001250213561495688,0.002217949319014974,0.07071671829194813,0.05336018818963187,-8.673617379884035e-19
2264.1908046805593,20.0,0.0047780080674269055,0.04708029225458234,0.0012780387337195899,0.003372998269994831,0.0023890040337134527,0.00013010500334275697,0.0022588990303706955,0.07214014231833951,0.054459934561316994,4.336808689942018e-19
2270.515360000896,20.0,0.004872546583994736,0.04750582395534544,0.0013150232852090047,0.003436903059195243,0.002436273291997368,0.00013541588878947505,0.0023008574032078928,0.07359779583370009,0.055583209500464095,4.336808689942018e-19
2276.8399153212326,20.0,0.004969645450537577,0.0479376179076379,0.0013532382396369582,0.0035021821864818386,0.0024848227252687884,0.00014096533800526446,0.002343857387263524,0.07509070195577199,0.056730541205918805,-4.336808689942018e-19
2283.1644706415696,20.0,0.005069397172764758,0.04837581725291921,0.0013927314934850778,0.003568869534209957,0.002534698586382379,0.0001467653076515717,0.002387933278730807,0.07661992107841713,0.057902469524410353,0.0
2289.4890259619065,20.0,0.005171898421156081,0.04882056932188522,0.001433553108592006,0.0036369998560927493,0.0025859492105780404,0.00015282842468372485,0.002433120785894316,0.07818655247131052,0.05909954613902217,-8.673617379884035e-19
2295.813581282243,20.0,0.005277250253249673,0.04927202577510862,0.001475755423836329,0.0037066087933540245,0.0026386251266248364,0.0001591680281795172,0.0024794570984453196,0.07979173595793419,0.06032233475435556,-4.336808689942018e-19
2302.13813660258,20.0,0.005385558349513299,0.04973034274830848,0.0015193931732585162,0.0037777328902345265,0.0026927791747566494,0.00016579821404904294,0.0025269809607076066,0.08143665367610409,0.061571411277728104,0.0
2308.4626919229167,20.0,0.005496933263724474,0.05019568100232663,0.0015645236110277297,0.0038504096087043724,0.002748466631862237,0.0001727338828426621,0.0025757327490195745,0.08312253192550431,0.06284736399569289,4.336808689942018e-19
2314.787247243253,20.0,0.005611490688853752,0.050668206077878905,0.0016112066436867114,0.00392467734221594,0.002805745344426876,0.00017999079089163375,0.0026257545535352425,0.08485064310696384,0.06415079374511093,-4.336808689942018e-19
2321.11180256359,20.0,0.005729351739519365,0.05114808845513358,0.0016595049701369426,0.004000575428310552,0.0028646758697596824,0.0001875856050351137,0.002677090264724569,0.0866223077584784,0.06548231407794497,-4.336808689942018e-19
2327.436357883927,20.0,0.005850643252161678,0.05163550371815398,0.0017094842298574638,0.004078144159869249,0.002925321626080839,0.00019553596120807027,0.0027297856648727686,0.0884388966932696,0.06684255141888004,0.0
2333.7609132042635,20.0,0.005975498104172314,0.05213063272422218,0.0017612131598839645,0.00415742479477211,0.002987749052086157,0.0002038605271873438,0.0027838885248988128,0.09030183324547597,0.06823214521480672,4.336808689942018e-19
2340.0854685246004,20.0,0.006104055553305986,0.052633661778036606,0.0018147637611102144,0.004238459563701738,0.003052027776652993,0.00021257906981773619,0.0028394487068352575,0.09221259562939027,0.06965174807513091,-8.673617379884035e-19
2346.4100238449373,20.0,0.006236461598803855,0.05314478281074913,0.001870211474511778,0.004321291675794333,0.0031182307994019275,0.00022171252706684914,0.0028965182723350784,0.09417271941849172,0.07110202590179447,0.0
2352.7345791652738,20.0,0.0063728693657660995,0.053664193563775095,0.0019276353679324304,0.00440596532180608,0.0031864346828830497,0.0002312830852866175,0.0029551515975964325,0.09618380015088143,0.07258365800781305,-4.336808689942018e-19
2359.0591344856107,20.0,0.006513439514428935,0.05419209777727161,0.0019871183341167954,0.0044925256744225,0.0032567197572144677,0.0002413142620912845,0.0030154054951231834,0.09824749606810028,0.07409733722304833,0.0
2365.3836898059476,20.0,0.006658340676127731,0.05472870538313399,0.0020487473007184858,0.004581018885293624,0.0033291703380638653,0.00025183099529618117,0.0030773393427676837,0.10036553099469582,0.07564376998583909,4.336808689942018e-19
2371.708245126284,20.0,0.0068077499178658615,0.05527423270231213,0.0021126134530623088,0.0046714920783284975,0.0034038749589329308,0.0002628597383994576,0.003141015220533473,0.10253969736632883,0.0772236764190247,0.0
2378.032800446621,20.0,0.006961853237556017,0.05582890264618567,0.0021788124704907852,0.004763993338726507,0.0034809266187780085,0.0002744285631299669,0.003206498055648041,0.1047718594146285,0.07883779038878619,4.336808689942018e-19
2384.357355766958,20.0,0.007120846092161061,0.05639294492167036,0.002247444777180773,0.0048585716971612895,0.0035604230460805305,0.0002865672696293387,0.003273855776451193,0.10706395651746459,0.08048685954462757,-8.673617379884035e-19
2390.681911087295,20.0,0.007284933961134252,0.05696659623964874,0.0023186158083748037,0.004955277108463809,0.003642466980567126,0.00029930750488510997,0.0033431594756820155,0.1094180067237765,0.0821716453387062,8.673617379884035e-19
2397.0064664076313,20.0,0.007454332947744629,0.057550100526226215,0.002392436293033875,0.005054160424073758,0.0037271664738723143,0.00031268289008499095,0.0034144835837873226,0.11183611046258556,0.08389292302260146,8.673617379884035e-19
2403.331021727968,20.0,0.007629270421074983,0.058143709136209476,0.002469022553984713,0.005155273357442446,0.0038146352105374913,0.000326729157620411,0.003487906052917081,0.1143204544463345,0.08565148161948992,-8.673617379884035e-19
2409.655577048305,20.0,0.007809985701696557,0.058747681068083354,0.0025484968267040172,0.005258668441473767,0.0039049928508482785,0.00034148429853072583,0.0035635085523175523,0.11687331577921897,0.08744812386955983,4.336808689942018e-19
2415.9801323686415,20.0,0.00799673079425917,0.05936228317962462,0.002630987597956154,0.0053643989769826044,0.003998365397129585,0.00035698872124851114,0.003641376675881074,0.11949706628173114,0.0892836661463688,-8.673617379884035e-19
2422.3046876889784,20.0,0.00818977117048776,0.05998779040313225,0.002716629965578081,0.005472518971029688,0.00409488558524388,0.00037328542258156604,0.003721600162662313,0.12219417704319073,0.09115893834170076,4.336808689942018e-19
2428.6292430093154,20.0,0.008389386606348427,0.06062448595907232,0.002805566020786754,0.005583083063857764,0.004194693303174213,0.00039042017194928613,0.003804273131224928,0.12496722321461513,0.09307478371633199,-8.673617379884035e-19
2434.953798329652,20.0,0.008595872077440388,0.06127266156672877,0.0028979452544696267,0.005696146443004138,0.004297936038720194,0.00040844170998051714,0.0038894943287396773,0.12781888905486813,0.09503205871396349,0.0
2441.2783536499887,20.0,0.008809538716985381,0.06193261765021344,0.0029939249890076442,0.005811764742997015,0.004404769358492691,0.00042740196267747587,0.003977367395815215,0.1307519732436151,0.09703163273541582,0.0
2447.6029089703256,20.0,0.009030714841125118,0.062604663537917,0.0030936708372725293,0.005929993928855734,0.004515357420562559,0.0004473562724565638,0.004068001148105995,0.1337693944752033,0.09907438787001464,0.0
2453.927464290662,20.0,0.009259747046601883,0.0632891176531739,0.0031973571905357647,0.006050890161405931,0.004629873523300941,0.00046836364749269847,0.004161509875808244,0.13687419734817785,0.10116121858092815,-1.734723475976807e-18
2460.252019610999,20.0,0.009497001386287769,0.06398630769355972,0.003305167737124726,0.006174509642186605,0.004748500693143884,0.0004904870309198555,0.00425801366222403,0.14006955856571485,0.10329303134103876,-8.673617379884035e-19
2466.576574931336,20.0,0.009742864628446472,0.0646965707958357,0.0034172960137614262,0.006300908435464374,0.004871432314223236,0.0005137935915777585,0.004357638722645479,0.14335879346280206,0.10547074421574598,-8.673617379884035e-19
2472.9011302516724,20.0,0.00999774560605932,0.06542025368309502,0.003533945991620741,0.006430142264578132,0.00499887280302966,0.0005383550381440629,0.004460517764885596,0.14674536287652334,0.10769528638892008,8.673617379884035e-19
2479.2256855720093,20.0,0.01026207666302472,0.06615771279014092,0.0036553326992460494,0.006562266279510111,0.00513103833151236,0.0005642479586537288,0.004566790372858631,0.15023288037626503,0.10996759762802594,0.0
2485.550240892346,20.0,0.010536315204548464,0.06690931436252624,0.003781682884559861,0.0066973347922138805,0.005268157602274232,0.0005915541875837153,0.004676603414690518,0.15382511987106856,0.11228862768424863,-8.673617379884035e-19
2491.8747962126827,20.0,0.010820945359582987,0.06767543452400475,0.003913235718303684,0.006835400975821271,0.005410472679791493,0.0006203612028726615,0.004790111476918832,0.1575260236116765,0.11465933562325441,0.0
2498.1993515330196,20.0,0.011116479763745165,0.06845645930636544,0.00405024354133223,0.006976516523393319,0.005558239881872582,0.0006507625554528346,0.00490747732641975,0.1613397106050255,0.1170806890820249,-2.6020852139652106e-18
2504.5239068533565,20.0,0.011423461471744714,0.06925278463473604,0.004192972658269201,0.007120731261369213,0.005711730735872357,0.0006828583340963386,0.005028872401776018,0.16527048545900005,0.11955366344699461,0.0
2510.848462173693,20.0,0.01174246600898963,0.07006481626043634,0.00434170418010321,0.007268092712297144,0.005871233004494815,0.0007167556686207256,0.005154477335874091,0.16932284767517058,0.12207924094853705,-1.734723475976807e-18
2517.17301749403,20.0,0.012074103572695399,0.07089296963231335,0.004496734918356306,0.007418645600792558,0.0060370517863476995,0.0007525692747612368,0.005284482511586465,0.17350150140690274,0.12465840966663742,-2.6020852139652106e-18
2523.497572814367,20.0,0.012419021393511191,0.07173766969618536,0.004658378333490577,0.007572431295956973,0.006209510696755596,0.0007904220442992303,0.005419088652456364,0.17781136569963465,0.12729216244239946,1.734723475976807e-18
2529.8221281347032,20.0,0.012777906269383377,0.07259935061053939,0.004826965540223807,0.007729487182695233,0.0063889531346916885,0.00083044568433958,0.00555850745035211,0.18225758522921126,0.1299814956898498,-8.673617379884035e-19
2536.14668345504,20.0,0.013151487284096543,0.07347845536493675,0.005002846372394232,0.007889845953480853,0.0065757436420482715,0.0008727814099543632,0.00570296223209391,0.18684554155284125,0.1327274081023179,-1.734723475976807e-18
2542.471238775377,20.0,0.01354053872365789,0.07437543528566476,0.005186390509938954,0.008053534811128825,0.006770269361828945,0.0009175806947564865,0.005852688667072459,0.19158086488545628,0.13553089924750172,0.0
2548.7957940957135,20.0,0.013945883204409803,0.07529074941099251,0.005377988670418492,0.008220574572031323,0.006972941602204901,0.0009650060843347765,0.006007935517870125,0.1964694464118812,0.1383929680451696,0.0
2555.1203494160504,20.0,0.014368395027452293,0.07622486371591453,0.005578053867317507,0.008390978658082146,0.0071841975137261465,0.0010152320778708584,0.006168965435855288,0.2015174511421637,0.14131461112130525,0.0
2561.4449047363873,20.0,0.014809003774612362,0.07717825016345743,0.00578702273706257,0.008564751964147677,0.007404501887306181,0.0010684460836665067,0.006336055803639676,0.20673133131351973,0.1442968210323755,-1.734723475976807e-18
2567.769460056724,20.0,0.015268698161787221,0.07815138555644109,0.006005356936302531,0.008741889586422235,0.007634349080893611,0.0011248494547359442,0.006509499626157666,0.21211784033748263,0.1473405843533001,8.673617379884035e-19
2574.0940153770607,20.0,0.015748530165979394,0.07914475015997699,0.006233544610471154,0.008922375395318446,0.007874265082989697,0.0011846586110571798,0.006689606471932517,0.21768404728479115,0.15044687962262368,0.0
2580.4185706973976,20.0,0.016249619442695543,0.08015882606089941,0.0064721019339672465,0.009106180434674191,0.008124809721347772,0.001248106255525056,0.006876703465822714,0.2234373518931028,0.15361667513833369,8.673617379884035e-19
2586.743126017734,20.0,0.016773158050549217,0.08119409522570724,0.006721574721411739,0.009293261126991512,0.008386579025274609,0.0013154426910997284,0.0070711363341748774,0.22938550007354244,0.156850926597768,2.6020852139652106e-18
2593.067681338071,20.0,0.01732041549982762,0.08225103721337355,0.00698254010833257,0.009483557262142854,0.00866020774991381,0.0013869372470881548,0.007273270502825653,0.23553659988105075,0.16015057457506818,1.734723475976807e-18
2599.392236658408,20.0,0.01789274414137808,0.08333012649349063,0.007255608298239603,0.009676989744471677,0.00894637207068904,0.0014628798229209343,0.0074834922477681086,0.24189913790015327,0.1635165418297056,-2.6020852139652106e-18
2605.7167919787444,20.0,0.01849158491135394,0.08443182931359237,0.0075414243713291225,0.009873458070464669,0.00924579245567697,0.0015435825581770076,0.0077022098974999596,0.24848199598176185,0.1669497304397352,1.734723475976807e-18
2612.0413472990813,20.0,0.019118473446009258,0.08555660005203848,0.007840670147930063,0.010072837506167453,0.009559236723004629,0.0016293816379429537,0.007929855085061674,0.25529446824739105,0.17045101875359894,1.734723475976807e-18
2618.365902619418,20.0,0.01977504657871843,0.08670487698448764,0.008154066097198199,0.01027497593024837,0.009887523289359214,0.0017206392428466043,0.008166884046512609,0.2623462782542649,0.1740212581545398,0.0
2624.6904579397547,20.0,0.02046304922854641,0.08787707738263698,0.008482373278385719,0.010479690305081394,0.010231524614273206,0.0018177456532428903,0.008413778961030313,0.26964759618753437,0.17766126963200524,1.734723475976807e-18
2631.0150132600916,20.0,0.021184341685806973,0.08907359185347459,0.008826395298155206,0.01068676273442253,0.010592170842903486,0.0019211215170113845,0.008671049325892102,0.27720905591350253,0.18137184015479624,0.0
2637.3395685804285,20.0,0.02194090729487326,0.0902947778157018,0.009186980262743371,0.010895936062208797,0.01097045364743663,0.002031220290197784,0.008939233357238846,0.28504177168953915,0.18515371884118953,0.0
2643.664123900765,20.0,0.022734860527757132,0.0915409519971595,0.009565022698167449,0.011106908962742459,0.011367430263878566,0.0021485308592310726,0.009218899404647492,0.2931573542813533,0.18900761292183146,1.734723475976807e-18
2649.988679221102,20.0,0.02356845543329178,0.09281238182296905,0.009961465404934939,0.011319330468080216,0.01178422771664589,0.002273580352593247,0.009510647364052643,0.30156792618534534,0.19293418349186225,0.0
2656.3132345414388,20.0,0.024444094435722673,0.09410927554864576,0.010377301205674861,0.011532793873897967,0.012222047217861336,0.0024069371485111943,0.009815110069350142,0.3102861355917273,0.19693404104949694,0.0
2662.637789861775,20.0,0.025364337442636883,0.09543177097565751,0.010813574534536165,0.011746829960548641,0.012682168721318441,0.0025492140833601215,0.010132954637958318,0.3193251686516502,0.20100774081919837,1.734723475976807e-18
2668.962345182112,20.0,0.026331911204850577,0.09677992256882614,0.01127138280584531,0.011960899461612618,0.013165955602425288,0.002701071862867104,0.010464883739558183,0.3286987595271454,0.2051557778585811,1.734723475976807e-18
2675.286900502449,20.0,0.02734971884944552,0.09815368677573087,0.011751877486102956,0.012174384708153737,0.01367485942472276,0.00286322267470501,0.010811636750017754,0.33842119760470146,0.20937858194933937,-5.204170427930421e-18
2681.6114558227855,20.0,0.02842084948080083,0.09955290532808815,0.012256264777622249,0.012386580373397047,0.014210424740400416,0.003036433996458087,0.011173990743942333,0.34850733113999693,0.21367651227380044,-3.469446951953614e-18
2687.9360111431224,20.0,0.029548587712280902,0.10097728628429395,0.012785805803629544,0.0125966832399795,0.014774293856140451,0.003221532586965074,0.011552761269175378,0.35897256647075826,0.21804985188013906,0.0
2694.2605664634593,20.0,0.030736422952161835,0.10242638255144082,0.013341816163105081,0.012803780910736386,0.015368211476080917,0.003419408641402294,0.011948802834678625,0.36983286178501196,0.22249880194089347,-1.734723475976807e-18
2700.585121783796,20.0,0.031988058220228675,0.10389956760491989,0.01392566469866768,0.013006839384748833,0.015994029110114338,0.003631020080803726,0.012363009029310618,0.38110471426125003,0.22702347581120344,-6.938893903907228e-18
2706.9096771041327,20.0,0.03330741821492202,0.10539600810520482,0.014538771292027084,0.013204689423815483,0.01665370910746101,0.0038573969346129534,0.012796312172848061,0.3928051392032927,0.23162389289511517,-3.469446951953614e-18
2713.2342324244696,20.0,0.03469865628352744,0.10691463309600688,0.0151826034685975,0.013396011641542324,0.01734932814176372,0.004099645759850064,0.013249682381913656,0.4049516395744096,0.2362999723304154,0.0
2719.558787744806,20.0,0.036166159868156626,0.10845409945755712,0.015858671555494,0.013579320259006575,0.018083079934078313,0.004358954022017008,0.013724125912061303,0.4175621640913845,0.24105152650475092,1.734723475976807e-18
2725.883343065143,20.0,0.0377145539065918,0.11001275328574997,0.016568522095124816,0.013752945488844707,0.0188572769532959,0.004636594340357732,0.01422068261293817,0.43065505176917324,0.24587825441824157,-3.469446951953614e-18
2732.20789838548,20.0,0.039348701557946716,0.1115885868754417,0.01731372916992899,0.013915014535348463,0.019674350778973358,0.00493392847288609,0.01474042230608727,0.4442489605113822,0.25077973491044725,-1.734723475976807e-18
2738.5324537058164,20.0,0.0410737014971777,0.11317919100833342,0.01809588324270798,0.01406343123377234,0.02053685074858885,0.005252410884007629,0.015284439864581221,0.458362777023075,0.25575541977235916,-1.734723475976807e-18
2744.8570090261533,20.0,0.04289488087876361,0.11478170228760969,0.018916577062052874,0.01419585439998561,0.021447440439381803,0.005593591698901758,0.015853848740480046,0.4730155049848475,0.26080462676706173,0.0
2751.18156434649,20.0,0.04481778290796555,0.11639274532903472,0.0197773881246668,0.014309675024657511,0.022408891453982775,0.005959118803450184,0.01644977265053259,0.488226128077971,0.26592653258584364,0.0
2757.506119666827,20.0,0.04684814777854898,0.11800836971905547,0.020679857127717725,0.014401992527551723,0.02342407388927449,0.006350738795864733,0.01707333509340976,0.5040134441010371,0.27112016576982517,-3.469446951953614e-18
2763.8306749871635,20.0,0.0489918855406547,0.11962398179354894,0.02162546178742456,0.014469590390773439,0.02449594277032735,0.006770296435961229,0.017725646334366123,0.5203958660850884,0.2763843996305497,0.0
2770.1552303075005,20.0,0.0512550392556595,0.12123427148663386,0.02261558534879102,0.014508911618751466,0.02562751962782975,0.007219732170291923,0.018407787457537832,0.5373911860197159,0.28171794520651866,-3.469446951953614e-18
2776.4797856278365,20.0,0.053643736583087465,0.12283313475923743,0.02365147907114528,0.014516034631189001,0.026821868291543732,0.0077010772366670165,0.019120791054876712,0.5550162965775696,0.28711934429619784,3.469446951953614e-18
2782.8043409481734,20.0,0.056164127738399704,0.12441359245486099,0.02473421795220431,0.014486650386771091,0.028082063869199852,0.008216445771356811,0.019865618097843044,0.5732868661100413,0.2925869626116951,-3.469446951953614e-18
2789.12889626851,20.0,0.05882230757493402,0.12596770685870812,0.02586464895921704,0.01441604176294103,0.02941115378746701,0.00876802325894387,0.020643130528523138,0.5922169622340742,0.2981189831009007,3.469446951953614e-18
2795.4534515888467,20.0,0.06162421939961917,0.12748649776924412,0.027043331081426786,0.014299066482036552,0.030812109699809586,0.009358050582373652,0.021454059117435927,0.6118186196046554,0.30371339948953524,6.938893903907228e-18
2801.7780069091837,20.0,0.06457553805864809,0.12895986053957542,0.028270466618447416,0.01413014517568664,0.032287769029324044,0.009988802855107302,0.02229896617421674,0.6321013480481529,0.30936801009804615,0.0
2808.10256222952,20.0,0.06768152986287576,0.1303764893170526,0.029545823291915987,0.013903256513281087,0.03384076493143788,0.010662562156712185,0.0231782027747257,0.6530715782121339,0.3150804119917137,-3.469446951953614e-18
2814.427117549857,20.0,0.0709468871092399,0.1317238096033043,0.03086864703329005,0.013611941677179993,0.03547344355461995,0.011381583258887962,0.024091860295731987,0.6747320433739,0.3208479955255334,0.0
2820.751672870194,20.0,0.07437553534935576,0.1329879252625313,0.032237565681114765,0.013249320830940848,0.03718776767467788,0.012148051435253914,0.02503971623942397,0.6970810981587126,0.326667939348396,-6.938893903907228e-18
2827.0762281905304,20.0,0.07797041222337152,0.13415358619620465,0.03365048433911467,0.01280812457216544,0.03898520611168576,0.012964031513131098,0.026021174598554662,0.7201119777682107,0.33253720593374386,0.0
2833.4007835108673,20.0,0.08173321768555356,0.13520418402815587,0.03510447382265143,0.012280743652682002,0.04086660884277678,0.013831407470281089,0.02703520137249569,0.7438120050195772,0.33845253770611816,0.0
2839.725338831204,20.0,0.08566413686767019,0.13612178422785393,0.03659565447037505,0.011659300437118165,0.042832068433835094,0.01475181212798065,0.028080256305854447,0.768161757131417,0.34441045383480684,-3.469446951953614e-18
2846.0498941515407,20.0,0.08976153871851308,0.13688720402934035,0.03811907862448325,0.010935745594376002,0.04488076935925654,0.015726546868844504,0.029154222490412048,0.7931342097991866,0.3504072477670427,-1.0408340855860843e-17
2852.3744494718776,20.0,0.09402165596341955,0.13748014612773202,0.039668616273885515,0.010101983300015873,0.047010827981709774,0.01675649183678574,0.030254336144924034,0.8186938826395551,0.3564389855738148,0.0
2858.6990047922145,20.0,0.09843825484919219,0.13787939826329274,0.04123684967182185,0.009150027686082677,0.049219127424596096,0.01784200777512513,0.03137711964947098,0.8447960173941431,0.3625015051812765,-1.3877787807814457e-17
2865.023560112551,20.0,0.1030023065212876,0.13806310820866058,0.04281498411203692,0.008072192320022755,0.0515011532606438,0.018982831533654085,0.03251832172698972,0.8713858280613493,0.3685904165598638,-6.938893903907228e-18
2871.348115432888,20.0,0.10770167558345382,0.1380091421106809,0.044392783363805276,0.0068613130450891615,0.05385083779172691,0.02017796831488457,0.03367286947684234,0.8983978698746914,0.37470110294151276,0.0
2877.672670753225,20.0,0.11252084517253383,0.1376955313618629,0.04595853936908207,0.005511002513517381,0.056260422586266914,0.02142558489643462,0.03483483768983229,0.9257555810565685,0.38082872313270844,6.938893903907228e-18
2883.9972260735613,20.0,0.11744070137957015,0.13710100898941552,0.047499086493655786,0.004015932177544155,0.058720350689785074,0.022722909289864278,0.035997441399920796,0.9533710566167672,0.3869682149874682,0.0
2890.321781393898,20.0,0.12243840257575525,0.1362056308512585,0.04899987066262334,0.0023721344271746556,0.061219201287877625,0.02406614346694403,0.037153057820933616,0.9811451160138143,0.393114300099657,-2.0816681711721685e-17
2896.646336714235,20.0,0.1274873605672046,0.13499146977814994,0.05044508284992196,0.0005773141249191027,0.0637436802836023,0.025450396753343218,0.038293283530259084,1.0089677250208398,0.3992614897682678,0.0
2902.9708920345715,20.0,0.1325573598605836,0.13344336248403246,0.0518178644052141,-0.0013688447554299128,0.0662786799302918,0.026869648074816226,0.03940903185547557,1.0367188254259923,0.4054040922824084,0.0
2909.2954473549084,20.0,0.13761483805797026,0.1315496801441748,0.0531005884326379,-0.0034643949527138414,0.06880741902898513,0.028316745242807875,0.04049067378617726,1.06426961326175,0.4115362215647043,-6.938893903907228e-18
2915.6200026752454,20.0,0.14262334404999882,0.12930308486933054,0.054275216855224344,-0.005704884302687193,0.07131167202499941,0.029783448695886755,0.04152822332911264,1.0914842865728622,0.41765180720269335,1.3877787807814457e-17
2921.944557995582,20.0,0.1475441810689735,0.12670122700187747,0.055323727058930655,-0.00808317803914687,0.07377209053448675,0.031260525429036026,0.04251156510545072,1.11822225749689,0.42374460588754026,0.0
2928.2691133159187,20.0,0.15233722905612332,0.12374733350236324,0.056228595486410016,-0.01058936584427152,0.07616861452806166,0.03273789619358153,0.043430718334480124,1.1443407917850614,0.4298082142681012,6.938893903907228e-18
2934.5936686362556,20.0,0.15696192597770903,0.12045063693778899,0.05697331884825572,-0.013210771780028772,0.07848096298885451,0.034204835516090146,0.04427612747276438,1.169698004035061,0.43583608321610107,-1.3877787807814457e-17
2940.918223956592,20.0,0.16137837203259237,0.11682659872572101,0.05754294753496183,-0.01593208018830318,0.08068918601629618,0.03565021990137893,0.04503896611491727,1.1941561020466114,0.44182153348503134,-1.3877787807814457e-17
2947.242779276929,20.0,0.16554850592667772,0.1128968898174475,0.0579246012401121,-0.018735583412625767,0.08277425296333886,0.03706281514637455,0.045711437816964316,1.2175847427817834,0.44775777273145384,-6.938893903907228e-18
2953.567334597266,20.0,0.1694372905829779,0.10868910667471118,0.058107934593804825,-0.021601548293796125,0.08471864529148895,0.03843158951447105,0.0462870557770179,1.2398643395867317,0.45363791385285507,0.0
2959.8918899176024,20.0,0.17301383875581025,0.1042362191216055,0.058085521392350084,-0.02450868870380981,0.08650691937790513,0.039746036174014135,0.046760883203890984,1.260889149354758,0.45945499458122807,6.938893903907228e-18
2966.2164452379393,20.0,0.17625240850135784,0.09957576755700608,0.05785313006394152,-0.02743472204015442,0.08812620425067892,0.04099648631615869,0.04712971793452023,1.2805699717884798,0.46520199825630015,6.938893903907228e-18
2972.541000558276,20.0,0.17913320499107857,0.09474884765407056,0.057409870125298364,-0.03035697982005849,0.08956660249553929,0.04217439411599064,0.04739220837954864,1.298836311718927,0.47087187568704597,6.938893903907228e-18
2978.865555878613,20.0,0.18164293838054268,0.0897989384391658,0.056758198867706056,-0.033253037372655204,0.09082146919027134,0.04327257633213274,0.047548892858138625,1.3156378883588407,0.4764575679950356,-2.0816681711721685e-17
2985.1901111989496,20.0,0.18377510596583235,0.08477064221110328,0.05590378826910453,-0.03610132586588016,0.09188755298291618,0.044285392721113384,0.047602160261802806,1.3309454191831216,0.48195203031848033,-1.3877787807814457e-17
2991.5146665192865,20.0,0.18552998844119822,0.07970841053400861,0.05485526284852942,-0.03888169177374237,0.09276499422059911,0.04520885817369557,0.047556136046903535,1.344750656050341,0.487348256241864,6.938893903907228e-18
2997.8392218396234,20.0,0.18691437203881245,0.07465532893126006,0.05362382855850999,-0.04157587409761096,0.09345718601940622,0.046040682962528695,0.04741650305687754,1.3570657016154921,0.49263930280298,-1.3877787807814457e-17
3004.16377715996,20.0,0.18794102804130816,0.0696520244388747,0.052222819787719414,-0.04416787743354112,0.09397051402065408,0.046780243035649295,0.04719027098500477,1.3679216795657463,0.49781831591734527,1.3877787807814457e-17
3010.488332480297,20.0,0.18862799645390918,0.06473574631194112,0.05066719546794978,-0.0466442282364665,0.09431399822695459,0.047428487243630094,0.04688551098332449,1.377366868247238,0.5028785560495431,6.938893903907228e-18
3016.8128878006337,20.0,0.18899773015916188,0.059939653012414065,0.048973015980611684,-0.04899411116990945,0.09449886507958094,0.04798779223566693,0.04651107284391401,1.3854644309496644,0.5078134239522841,0.0
3023.13744312097,20.0,0.18907615925079566,0.05529232045025762,0.047156930333401015,-0.05120939114382574,0.09453807962539783,0.04846177819790576,0.04607630142749208,1.3922898864518949,0.5126164862871448,-1.3877787807814457e-17
3029.461998441307,20.0,0.18889173293124947,0.050817469426538996,0.04523569857334849,-0.05328453369258805,0.09444586646562474,0.04885509956255394,0.04559076690307079,1.3979284611532015,0.517281500936154,6.938893903907228e-18
3035.786553761644,20.0,0.18847448950126847,0.046533895972736286,0.043225768457522844,-0.05521644124078814,0.09423724475063423,0.04917322442040787,0.04506402033022638,1.4024724513573572,0.5218024418108523,-1.3877787807814457e-17
3042.1111090819804,20.0,0.18785519507971124,0.04245557778460982,0.04114291888701301,-0.0570042254186293,0.09392759753985562,0.04942221490121235,0.04450538263864327,1.4060187040180132,0.5261735229652965,0.0
3048.4356644023173,20.0,0.18706458034777282,0.03859192354090938,0.039001976289252185,-0.05864893609935061,0.09353229017388641,0.049608518600531,0.0439237715733554,1.40866629973931,0.5303892218217208,1.3877787807814457e-17
3054.7602197226543,20.0,0.18613269322324608,0.03494812934756549,0.03681660458387584,-0.0601532666283509,0.09306634661162304,0.04973877859146942,0.04332756802015362,1.4105144960824672,0.5344443013223166,0.0
3061.0847750429907,20.0,0.18508837502150477,0.03152560723626773,0.03459916494012197,-0.06152125229379821,0.09254418751075238,0.04981966698350937,0.04272452052724301,1.4116609647292706,0.5383338308277977,6.938893903907228e-18
3067.4093303633276,20.0,0.18395885904908402,0.028322453745123457,0.032360638368474824,-0.06275797596022754,0.09197942952454201,0.04985774462239704,0.042121684902144976,1.412200334547433,0.5420532055930393,-6.938893903907228e-18
3073.7338856836645,20.0,0.1827694840311684,0.025333931248072653,0.030110602252540943,-0.06386929140181824,0.0913847420155842,0.04985934752181096,0.041525394493773245,1.4122230351019058,0.5455981646619765,0.0
3080.058441004001,20.0,0.18154351031910815,0.022552940086622,0.027857251066935356,-0.06486157158565166,0.09077175515955407,0.04983049905566885,0.040941256103885215,1.4118144220210935,0.5489648070380404,6.938893903907228e-18
3086.382996324338,20.0,0.18030202426493144,0.019970465050326427,0.025607451526316685,-0.06574148621147236,0.09015101213246572,0.04977684582965869,0.040374166302807046,1.4110541567162995,0.5521496060024017,-1.3877787807814457e-17
3092.707551644675,20.0,0.1790639151664309,0.01757598488767995,0.023366823033066957,-0.06651581035273921,0.08953195758321544,0.04970361445540237,0.03982834312781307,1.4100158077894356,0.5551494214700418,6.938893903907228e-18
3099.0321069650113,20.0,0.17784590940799544,0.015357838016625474,0.021139835313115547,-0.06719126411646664,0.08892295470399772,0.04961558610634424,0.03930736859765346,1.4087666393884297,0.5579615102928386,2.0816681711721685e-17
3105.356662285348,20.0,0.17666264748426697,0.013303541301796364,0.018929916360677847,-0.06777438183475634,0.08833132374213348,0.049517085665056096,0.038814238077077394,1.4073675520638678,0.5605835344391737,-6.938893903907228e-18
3111.681217605685,20.0,0.1755267911733199,0.011400061645334822,0.01673956510461135,-0.06827140836574572,0.08776339558665995,0.04941198240133936,0.03835141318532059,1.4058731436561316,0.563013567000705,0.0
3118.0057729260216,20.0,0.1744491499609649,0.009634042248915346,0.01457046445552155,-0.06868821954065799,0.08722457498048244,0.049303699381152456,0.03792087559932997,1.4043318607957658,0.5652500959985733,2.0816681711721685e-17
3124.3303282463585,20.0,0.17343881771034186,0.007991986841850674,0.01242359152556429,-0.06903026356429702,0.08671940885517093,0.049195229141503864,0.037524179713667095,1.4027862152374304,0.5672920259830673,-2.7755575615628914e-17
3130.6548835666954,20.0,0.17250331238421768,0.006460406050444638,0.010299322794996955,-0.06930252017930641,0.08625165619210884,0.049089153532387166,0.03716250265972169,1.4012730430917046,0.5691386774423275,-1.3877787807814457e-17
3136.979438887032,20.0,0.1716487132759476,0.0050259305269367465,0.00819753281724229,-0.0695094745695124,0.0858243566379738,0.04898766599219454,0.03683669064577925,1.3998237887990694,0.5707897840567031,1.3877787807814457e-17
3143.3039942073688,20.0,0.17087979164425635,0.0036753955740560554,0.0061176857100599365,-0.06965510324634396,0.08543989582212817,0.048892594867059075,0.03654730095506911,1.3984647992289125,0.5722454878555262,-1.3877787807814457e-17
3149.6285495277057,20.0,0.17020013186216382,0.002395901890348344,0.004058919187033719,-0.06974286948885061,0.08510006593108191,0.0488054266950572,0.0362946392360247,1.3972176164800842,0.573506332352106,6.938893903907228e-18
3155.953104848042,20.0,0.16961224118736684,0.001174856801857295,0.002020121259062172,-0.06977572625809433,0.08480612059368342,0.04872732864745829,0.03607879194622511,1.3960992607613298,0.5745732537503623,2.0816681711721685e-17
3162.277660168379,20.0,0.16911764705882354,3.2461538263261483e-17,5.648918902727218e-17,-0.06975612485665543,0.08455882352941177,0.04865916955017302,0.03589965397923876,1.3951224971331087,0.575447570332481,-1.3877787807814457e-17
3168.602215488716,20.0,0.16871698144773387,-0.0011405825796518651,-0.002002853056163276,-0.06968602793787367,0.08435849072386693,0.048601539101226915,0.03575695162264001,1.3942960819169925,0.5761309701511342,6.938893903907228e-18
3174.9267708090524,20.0,0.16841005226883038,-0.002258453494311549,-0.003989905219072544,-0.06956692577778825,0.08420502613441519,0.04855476505829481,0.035650261076120376,1.3936249862612944,0.5766254971619816,0.0
3181.2513261293893,20.0,0.16819590221806843,-0.00336482427879159,-0.005962629936466996,-0.06939985500074167,0.08409795110903422,0.048518928298832205,0.03557902281020201,1.3931105957364935,0.5769335359422337,0.0
3187.5758814497262,20.0,0.1680728556717347,-0.004470559156946555,-0.007922458370749657,-0.06918541919566758,0.08403642783586734,0.0484938757591651,0.03554255207670229,1.392750885968702,0.5770577951490171,-4.163336342344337e-17
3193.9004367700627,20.0,0.16803855448317884,-0.005586179769814941,-0.009870734584773017,-0.06892381107462227,0.08401927724158942,0.04847923134293257,0.035540045898656836,1.392540575249893,0.5770012898770263,1.3877787807814457e-17
3200.2249920903996,20.0,0.16808998366704664,-0.006721868985359378,-0.011808673725723015,-0.06861483600969684,0.08404499183352332,0.04847440495798171,0.0355705868755416,1.3924712558323307,0.5767673230785721,1.3877787807814457e-17
3206.5495474107365,20.0,0.16822348808392623,-0.007887472095545276,-0.013737322677941735,-0.0682579369410566,0.08411174404196312,0.04847859989807152,0.0356331441438916,1.3925315062586054,0.5763594662106362,0.0
3212.874102731073,20.0,0.16843478134430567,-0.009092493918583498,-0.0156575227535184,-0.06785222077942904,0.08421739067215284,0.0484908188347733,0.03572657183737953,1.3927069876291034,0.5757815392730659,6.938893903907228e-18
3219.19865805141,20.0,0.16871894825012534,-0.010346090514593651,-0.01756987410058492,-0.06739648653242623,0.08435947412506267,0.048509868728259166,0.03584960539680351,1.3929805271899411,0.5750375903996678,-6.938893903907228e-18
3225.523213371747,20.0,0.16907044219247888,-0.011657054400167033,-0.019474701631521926,-0.06688925546653013,0.08453522109623944,0.04853436500503534,0.0360008560912041,1.3933321930542673,0.5741318751598368,0.0
3231.8477686920833,20.0,0.16948307902978108,-0.013033792320608487,-0.021372022405263272,-0.06632880367550435,0.08474153951489054,0.048562735387146755,0.03617880412774378,1.393739364259283,0.5730688357226913,0.0
3238.17232401242,20.0,0.1699500290837868,-0.014484294817746338,-0.02326151453825877,-0.06571319746072411,0.0849750145418934,0.04859322379125741,0.036381790750635995,1.3941768007144204,0.571853080028607,0.0
3244.496879332757,20.0,0.17046380901021138,-0.016016097025958593,-0.025142487865926554,-0.06504033193794376,0.08523190450510569,0.04862389474686171,0.036608009758244006,1.3946167179101463,0.5704893611047841,-2.7755575615628914e-17
3250.8214346530935,20.0,0.17101627542249886,-0.017636230348941594,-0.027013856728510775,-0.06430797326617586,0.08550813771124943,0.048652638809516965,0.03685549890173247,1.3950288715222632,0.5689825566522219,0.0
3257.1459899734305,20.0,0.1715986222647327,-0.01935116492340124,-0.028874115409214775,-0.0635138048449693,0.08579931113236634,0.04867717946549499,0.03712213166687134,1.3953806572472616,0.5673376490214307,1.3877787807814457e-17
3263.4705452937674,20.0,0.1722013840330389,-0.02116674307044905,-0.030721316904157664,-0.06265547774357492,0.08610069201651945,0.04869508203601296,0.03740560998050649,1.3956372313178371,0.5655597056835527,0.0
3269.795100614104,20.0,0.17281444702149829,-0.023088104276055746,-0.03255305584757954,-0.06173066550656631,0.08640722351074914,0.048703765088992074,0.037703458421757076,1.3957616571462634,0.5636538602925169,-6.938893903907228e-18
3276.1196559344407,20.0,0.17342707080329636,-0.025119602630369102,-0.03436645654465652,-0.060737123323396994,0.08671353540164818,0.04870051485037301,0.038013020551275166,1.3957150833945016,0.5616252944225746,6.938893903907228e-18
3282.4442112547777,20.0,0.17402792213318927,-0.02726471808999439,-0.03615816716959398,-0.059672751353297124,0.08701396106659463,0.048682503071367275,0.03833145799522735,1.3954569584385936,0.5594792200542275,6.938893903907228e-18
3288.768766575114,20.0,0.174605123354578,-0.02952596340040058,-0.0379243612581607,-0.05853566176290631,0.087302561677289,0.04864680874860852,0.038655752928680474,1.394945285645405,0.5572208628703225,6.938893903907228e-18
3295.093321895451,20.0,0.1751463171946061,-0.031904789014521734,-0.03966074765023685,-0.05732424876573082,0.08757315859730305,0.04859044400731159,0.03898271458999145,1.3941369230791012,0.5548554464130977,6.938893903907228e-18
3301.417877215788,20.0,0.17563874951620753,-0.03440148884885613,-0.04136259000748842,-0.05603726065675566,0.08781937475810377,0.048510384340407574,0.0393089904176962,1.3929879301761028,0.5523881771423241,-6.938893903907228e-18
3307.7424325361244,20.0,0.17606937115286114,-0.03701511020358333,-0.0430247369325701,-0.05467387252294818,0.08803468557643057,0.0484036032477245,0.03963108232870606,1.3914539625546294,0.5498242304245082,1.3877787807814457e-17
3314.0669878564613,20.0,0.17642495937166422,-0.039743371605451216,-0.04464166353941268,-0.053233757995695595,0.08821247968583211,0.04826711113910412,0.03994536854672797,1.3894907144576982,0.5471687374735068,2.0816681711721685e-17
3320.391543176798,20.0,0.17669225879325404,-0.042582592673023494,-0.04620752506227528,-0.051717158113210975,0.08834612939662702,0.048097998156876626,0.04024813123975038,1.3870544063860888,0.5444267732538939,1.3877787807814457e-17
3326.7160984971347,20.0,0.17685814075388043,-0.045527640311349524,-0.0477162227418683,-0.05012494510204772,0.08842907037694021,0.04789348034234886,0.040535590034591326,1.3841023133041699,0.5416033453500843,2.7755575615628914e-17
3333.0406538174716,20.0,0.17690977914914144,-0.04857189557470097,-0.049161481793514095,-0.04845867869209436,0.08845488957457072,0.04765094832717657,0.04080394124739414,1.3805933264676686,0.5387033837966082,6.938893903907228e-18
3339.3652091378085,20.0,0.17683483978816406,-0.051707245352669184,-0.050536940755892726,-0.04672065247471186,0.08841741989408203,0.0473680174862741,0.04104940240780789,1.3764885395276505,0.5357317318580176,3.469446951953614e-17
3345.689764458145,20.0,0.1766216792629468,-0.05492410260555536,-0.051836250958440855,-0.044913927823725316,0.0883108396314734,0.04704257825981269,0.04126826137166073,1.3717518472349535,0.5326931377407833,-1.3877787807814457e-17
3352.014319778482,20.0,0.1762595483641996,-0.05821145818173589,-0.053053184258359275,-0.04304235304447779,0.0881297741820998,0.04667284515556886,0.041456929026530934,1.3663505429510958,0.5295922472140938,6.938893903907228e-18
3358.338875098819,20.0,0.1757387942252395,-0.06155696629244007,-0.054181746619421885,-0.041110565710935174,0.08786939711261975,0.04625740279804353,0.041611994314576205,1.3602558994254506,0.5264335971118217,1.3877787807814457e-17
3364.6634304191557,20.0,0.17505105472583327,-0.06494706451983316,-0.055216294575149635,-0.03912397659896155,0.08752552736291663,0.04579524731525789,0.041730280047658726,1.3534437160851263,0.5232216096839047,1.3877787807814457e-17
3370.987985739492,20.0,0.17418943831145534,-0.06836712783788508,-0.05615165118201301,-0.03708873421744517,0.08709471915572767,0.04528582136318751,0.04180889779254015,1.3458948155511634,0.5199605877621037,6.938893903907228e-18
3377.312541059829,20.0,0.17314868234203484,-0.07180165460122864,-0.056983217766751026,-0.03501166965661002,0.08657434117101742,0.044729041191965566,0.041845299979051856,1.3375954723602435,0.516654710702431,0.0
3383.637096380166,20.0,0.1719252834202655,-0.07523448089450606,-0.05770707764277925,-0.03290022227984404,0.08596264171013275,0.044125314361328986,0.041837327348803764,1.328537758008089,0.513308031064473,0.0
3389.9616517005024,20.0,0.17051759387877785,-0.07864901813721253,-0.0583200880411104,-0.030762347635183384,0.08525879693938893,0.043475547011507416,0.041783249927881516,1.3187197884540507,0.5099244719863275,-6.938893903907228e-18
3396.2862070208394,20.0,0.1689258797122685,-0.08202850751605527,-0.058819956784347094,-0.02860640980006377,0.08446293985613425,0.04278113997761645,0.04168179987851781,1.3081458630843343,0.5065078252128754,-1.3877787807814457e-17
3402.6107623411763,20.0,0.16715233667610982,-0.08535628377265687,-0.05920530072438922,-0.026441061139071534,0.08357616833805491,0.04204397348025482,0.04153219485780012,1.2968264877038072,0.5030617497345933,-2.7755575615628914e-17
3408.9353176615127,20.0,0.1652010629567654,-0.0886160401974779,-0.05947568364385148,-0.024275113091871487,0.0826005314783827,0.04126638060526652,0.04133415087311616,1.2847782782296178,0.49958977099398333,1.3877787807814457e-17
3415.2598729818496,20.0,0.16307798864591647,-0.09179208643344626,-0.059631632149096676,-0.022117402067653332,0.08153899432295823,0.040451110269874156,0.041087884053084056,1.2720237461600181,0.49609528061697816,2.0816681711721685e-17
3421.5844283021866,20.0,0.16079076409785253,-0.09486959090377585,-0.059674629006570924,-0.019976654766694742,0.08039538204892627,0.039601280827395835,0.04079410122153043,1.258590971323024,0.49258153662726123,0.0
3427.908983622523,20.0,0.15834861099231196,-0.09783480033896652,-0.05960708433190414,-0.01786135725954966,0.07917430549615598,0.038720325857039994,0.04045397963911598,1.2445131715982758,0.4890516641023131,0.0
3434.23353894286,20.0,0.15576214144456163,-0.10067522994181399,-0.05943228596798518,-0.015779631929839288,0.07788107072228082,0.03781193399221572,0.0400691367300651,1.2298281829949371,0.4855086562311243,0.0
3440.558094263197,20.0,0.15304315170269553,-0.10337981911770044,-0.059154331222186385,-0.013739125946781268,0.07652157585134776,0.036879984841256534,0.03964159101009122,1.214577866441778,0.481955375734816,6.938893903907228e-18
3446.8826495835333,20.0,0.15020439777945582,-0.10593904930740707,-0.058778042821575484,-0.011746914314645382,0.07510219888972791,0.035928483138505815,0.039173715751222096,1.1988074597449887,0.478394556612908,0.0
3453.20720490387,20.0,0.14725936074728743,-0.108345022174823,-0.058308872449747126,-0.009809419797277277,0.07362968037364372,0.03496149323120095,0.038668187142442766,1.182564894307301,0.4748288061795753,0.0
3459.531760224207,20.0,0.14422200938172622,-0.11059149810426537,-0.05775279552813101,-0.007932351193207664,0.07211100469086311,0.03398307586766492,0.038127928823198196,1.1659000963661494,0.47126060735596403,-6.938893903907228e-18
3465.8563155445436,20.0,0.14110656740370192,-0.11267389654341849,-0.057116200994278256,-0.006120660598777435,0.07055328370185096,0.032997229021842184,0.03755605468000878,1.1488642917567278,0.4676923211864128,0.0
3472.1808708648805,20.0,0.13792729180724134,-0.11458926109870504,-0.05640577972221606,-0.004378519497404355,0.06896364590362067,0.0320078341906031,0.03695581171301757,1.1315093316557863,0.46412618954826246,0.0
3478.5054261852174,20.0,0.13469826774551238,-0.1163361933858612,-0.05562841495170412,-0.0027093127983774806,0.06734913387275619,0.031018609258784302,0.036330524613971876,1.1138870545757196,0.4605643380268002,1.3877787807814457e-17
3484.829981505554,20.0,0.13143322427469617,-0.11791476042315178,-0.05479107768007763,-0.0011156493526097012,0.06571661213734808,0.030033068668222793,0.03568354346912528,1.0960486972433805,0.45700877892873587,1.3877787807814457e-17
3491.154536825891,20.0,0.1281453740117498,-0.11932638081899467,-0.05390072946359448,0.00040061298319477674,0.0640726870058749,0.029054491274699057,0.03501819573117584,1.0780443641093638,0.4534614144094662,6.938893903907228e-18
3497.4790921462277,20.0,0.12484727853108529,-0.12057369516506668,-0.05296423451705891,0.001838329970349476,0.062423639265542646,0.028085895950578994,0.03433774331496366,1.0599225622766786,0.4499240396911973,-6.938893903907228e-18
3503.803647466564,20.0,0.12155074017573757,-0.12166042593467159,-0.05198828243049229,0.0031970236995508853,0.060775370087868784,0.02713002470608123,0.03364534538178755,1.0417298057765503,0.44639834635077913,0.0
3510.128202786901,20.0,0.11826671994306905,-0.12259123185184968,-0.05097932227371969,0.004476827820822533,0.05913335997153452,0.026189332868250637,0.03294402710328389,1.0235102904856528,0.4428859256578283,-6.938893903907228e-18
3516.452758107238,20.0,0.11500528025788846,-0.12337156119386207,-0.04994350836061084,0.005678427642320095,0.05750264012894423,0.025265985678554693,0.03223665445038953,1.0053056386702444,0.4393882719453943,6.938893903907228e-18
3522.7773134275744,20.0,0.11177555078409294,-0.12400750787407247,-0.048886657512980915,0.00680299727881394,0.05588777539204647,0.02436186054767043,0.03152591484437606,0.9871547102186249,0.43590678599702193,-1.3877787807814457e-17
3529.1018687479113,20.0,0.1085857149515068,-0.12450567347634543,-0.04781421731059497,0.007852135797182086,0.0542928574757534,0.023478554136021887,0.030814303339731522,0.9690934761109866,0.4324427784355825,-6.938893903907228e-18
3535.4264240682483,20.0,0.10544301457724913,-0.12487303772180906,-0.04673124454206104,0.008827804032616784,0.05272150728862456,0.02261739340488195,0.030104113883742612,0.9511549485731954,0.42899747310073555,0.0
3541.7509793885847,20.0,0.1023537698216378,-0.12511683918160735,-0.045642392879558416,0.0097322634569331,0.0511768849108189,0.0217794497976712,0.029397435113147692,0.9333691616433704,0.42557201040321585,6.938893903907228e-18
3548.0755347089216,20.0,0.09932341171296154,-0.12524446743318335,-0.04455190868195379,0.01056801818736445,0.04966170585648077,0.020965555756136154,0.028696150100344608,0.9157631955071388,0.4221674506454793,6.938893903907228e-18
3554.4000900292585,20.0,0.09635652457642115,-0.12526336731169943,-0.04346363377658505,0.011337760944697281,0.04817826228821057,0.020176322843042074,0.028001939445168496,0.8983612378779947,0.41878477729943586,3.469446951953614e-18
3560.724645349595,20.0,0.09345689588325322,-0.12518095544316257,-0.04238101406900144,0.012044323513719256,0.04672844794162661,0.019412160824200286,0.027316287117426334,0.8811846758585917,0.4154249002331523,-1.0408340855860843e-17
3567.049200669932,20.0,0.09062757127127374,-0.12500454886549234,-0.041307112870903315,0.012690632033296161,0.04531378563563687,0.018673297151340692,0.026640488484296163,0.8642522120617497,0.41208865887945456,1.734723475976807e-17
3573.373755990269,20.0,0.0878709127555974,-0.12474130524650087,-0.040244627908498615,0.013279667251334348,0.0439354563777987,0.017959796377996676,0.025975659999802017,0.8475799992448306,0.4087768253403657,6.938893903907228e-18
3579.6983113106053,20.0,0.08518865842942226,-0.12439817398792082,-0.039195911066511595,0.013814429722254171,0.04259432921471113,0.017271579128849853,0.025322750085861278,0.831181788271371,0.405490107422202,0.0
3586.0228666309417,20.0,0.08258198223474192,-0.12398185735401342,-0.03816299002853516,0.014297909800243827,0.04129099111737096,0.016608440325739826,0.024682550791631133,0.8150690848201723,0.4022291515970107,0.0
3592.347421951278,20.0,0.08005155265048955,-0.12349878067226,-0.037147591085169844,0.014733062187974457,0.040025776325244775,0.015970066448657127,0.024055709876587648,0.7992513108818058,0.39899454588678646,0.0
3598.671977271615,20.0,0.07759758939320353,-0.1229550706120699,-0.03615116249184363,0.015122784734249346,0.03879879469660177,0.015356051676301266,0.023442743020300496,0.7837359676906825,0.3957868226676186,3.469446951953614e-18
3604.996532591952,20.0,0.07521991744793555,-0.12235654054540462,-0.03517489786416044,0.015469901131417082,0.037609958723967774,0.014765912807699382,0.022844045916268395,0.768528797318601,0.3926064613915537,-3.469446951953614e-18
3611.3210879122885,20.0,0.07291801794233872,-0.12170868202152098,-0.03421975919717381,0.015777147140363906,0.03645900897116936,0.014199102914012544,0.022259906057156813,0.7536339406903737,0.38945389122454616,3.469446951953614e-18
3617.6456432326254,20.0,0.07069107554401355,-0.12101666143846183,-0.033286499184272365,0.01604715996371877,0.035345537772006774,0.013655023708457434,0.021690514063549337,0.739054090265589,0.38632949359938845,3.469446951953614e-18
3623.9701985529623,20.0,0.06853802220103468,-0.12028532105942596,-0.032375682590442004,0.016282470393039945,0.03426901110051734,0.013133036652972718,0.021135974447544614,0.7247906360590682,0.3832336046829918,6.938893903907228e-18
3630.2947538732988,20.0,0.0664575771598023,-0.11951918359685643,-0.031487706503235464,0.01648549737008968,0.03322878857990115,0.012632472843731306,0.020596315736169848,0.7108438040450604,0.380166517757804,-3.469446951953614e-18
3636.6193091936357,20.0,0.06444828328529704,-0.11872245966628683,-0.03062281934306406,0.016658544623150556,0.03222414164264852,0.012152641734794365,0.020071499907854156,0.6972127863082939,0.37712848551752864,3.469446951953614e-18
3642.9438645139726,20.0,0.06250853977910248,-0.11789905749201451,-0.02978113856299941,0.016803799064449933,0.03125426988955124,0.011692838771069792,0.019561431118481448,0.6838958625717746,0.3741197222776552,0.0
3649.268419834309,20.0,0.06063663144291465,-0.1170525943247705,-0.028962667007922195,0.016923330662312556,0.030318315721457326,0.011252352009177534,0.01906596371227979,0.6708905129505867,0.37114040610157817,3.469446951953614e-18
3655.592975154646,20.0,0.05883075467244968,-0.11618640910580791,-0.02816730793453223,0.01701909353021393,0.02941537733622484,0.01083046780868932,0.018584909527535522,0.6581935219580735,0.3681906808433721,-3.469446951953614e-18
3661.917530474983,20.0,0.05708904039116993,-0.11530357598090049,-0.02739487871838614,0.017092928003362533,0.028544520195584965,0.010426475677232209,0.01811804451835276,0.6458010739301139,0.3652706581084832,-3.469446951953614e-18
3668.2420857953193,20.0,0.0554095741474828,-0.11440691833089131,-0.026645123292755587,0.01714656350098757,0.0277047870737414,0.010039672351795455,0.017665114721945947,0.6337088401401847,0.3623804191338131,-3.469446951953614e-18
3674.5666411156562,20.0,0.05379041360505229,-0.11349902304226737,-0.02591772337760498,0.017181621998587093,0.026895206802526144,0.009669365195803834,0.017225841606722306,0.6219120579568733,0.35952001658881594,3.469446951953614e-18
3680.891196435993,20.0,0.0522296036554587,-0.11258225479172523,-0.02521230856624702,0.01719962195863136,0.02611480182772935,0.00931487498759487,0.016799926840134476,0.6104056024511856,0.35668947629937986,6.938893903907228e-18
3687.2157517563296,20.0,0.050725189377170174,-0.11165877016298602,-0.02452846534300842,0.017201982590408817,0.025362594688585087,0.008975538171238933,0.016387056517346156,0.5991840508971824,0.35388879889637403,0.0
3693.5403070766665,20.0,0.049275227055971475,-0.11073053145255161,-0.023865745108217196,0.017190028329754206,0.024637613527985738,0.008650708635481452,0.015986904892504282,0.588241740629869,0.35111796139082857,3.469446951953614e-18
3699.8648623970034,20.0,0.04787779347070199,-0.10979932005408323,-0.02322367128759893,0.017164993447313582,0.023938896735350997,0.008339759081207652,0.015599137654143346,0.5775728207319888,0.3483769186778011,-1.734723475976807e-18
3706.18941771734,20.0,0.04653099363524989,-0.10886674933910376,-0.02260174560224377,0.017128026709840857,0.023265496817624944,0.008042082032415675,0.015223414785209265,0.5671712980190614,0.34566560497102033,3.469446951953614e-18
3712.513973037677,20.0,0.045232967173942124,-0.10793427697528737,-0.021999453573112736,0.017080196032897395,0.022616483586971062,0.007757090540377467,0.014859393046593597,0.5570310777821096,0.3429839351704605,-1.734723475976807e-18
3718.8385283580137,20.0,0.04398189349328571,-0.10700321664319391,-0.021416269330934663,0.01702249307537533,0.021990946746642856,0.007484218625563337,0.014506728121079518,0.5471459997318207,0.34033180616500197,0.0
3725.16308367835,20.0,0.04277599589887682,-0.10607474912842105,-0.020851659798598293,0.016955837736642956,0.02138799794943841,0.007222921497078457,0.014165076452359954,0.5375098695681209,0.33770909807236593,-1.734723475976807e-18
3731.487638998687,20.0,0.04161354479250761,-0.10514993277924028,-0.020305088308997455,0.016881082525974825,0.020806772396253805,0.006972675584849577,0.013834096811404226,0.5281164865765725,0.3351156754184991,3.469446951953614e-18
3737.812194319024,20.0,0.0404928600712817,-0.10422971333027185,-0.01977601771692502,0.01679901678144156,0.02024643003564085,0.006732978415632874,0.013513451620007982,0.5189596676287233,0.3325513882585947,-5.204170427930421e-18
3744.1367496393605,20.0,0.039412312838043036,-0.1033149331010155,-0.01926391305917233,0.016710370721748018,0.019706156419021518,0.006503348360096035,0.013202808058925484,0.5100332679383193,0.3300160732418945,-1.734723475976807e-18
3750.4613049596974,20.0,0.03837032652073688,-0.10240633958444437,-0.01876824381259225,0.016615819319770575,0.01918516326036844,0.006283324274761683,0.012901838985606753,0.501331198899956,0.32750955462242,5.204170427930421e-18
3756.7858602800343,20.0,0.03736537748749061,-0.1015045934456745,-0.018288485795597813,0.016515985990889482,0.018682688743745304,0.006072465059470407,0.0126102236842749,0.492847443311636,0.32503164521773564,-1.734723475976807e-18
3763.1104156003707,20.0,0.03639599523424774,-0.10061027595421762,-0.01782412275445612,0.016411446092764122,0.01819799761712387,0.005870349148216232,0.012327648468907638,0.4845760682582759,0.3225821473178114,0.0
3769.4349709207077,20.0,0.035460762212711,-0.0997238958757426,-0.01737464767184098,0.016302730236070782,0.0177303811063555,0.005676573948707056,0.012053807157648443,0.47651123590979705,0.32016085354602297,1.734723475976807e-18
3775.7595262410446,20.0,0.03455831335810891,-0.09884589585079973,-0.01693956383144621,0.016190327408012028,0.017279156679054455,0.0054907552437826615,0.011788401435271793,0.4686472124650978,0.31776754767427257,1.734723475976807e-18
3782.084081561381,20.0,0.033687335368869566,-0.09797665828878209,-0.01651838566905414,0.016074687912204157,0.016843667684434783,0.005312526565863755,0.011531141118571026,0.4609783754522008,0.3154020053941729,1.734723475976807e-18
3788.408636881718,20.0,0.03284656578360996,-0.09711651080564786,-0.016110639437300716,0.015956226129931344,0.01642328289180498,0.005141538553882129,0.011281744337922854,0.4534992195751666,0.31306399504618493,-1.734723475976807e-18
3794.733192202055,20.0,0.03203479189488473,-0.09626573123373122,-0.015715863708482505,0.015835323108789982,0.016017395947442364,0.0049774583006337554,0.01103993764680861,0.44620436128006435,0.3107532783085473,0.0
3801.0577475223913,20.0,0.031250849533822816,-0.09542455223142582,-0.015333609737099732,0.015712328985493452,0.015625424766911408,0.004819968697180574,0.010805456069730834,0.4390885421953333,0.30846961084778945,0.0
3807.382302842728,20.0,0.030493621755065464,-0.09459316551971989,-0.014963441701417066,0.015587565250115442,0.015246810877532732,0.004668767779783137,0.010578043097749597,0.4321466315862308,0.30621274293254996,-1.734723475976807e-18
3813.706858163065,20.0,0.029762037447252643,-0.09377172577156966,-0.014604936841138127,0.015461326859365025,0.014881018723626321,0.004523568083857561,0.010357450639768763,0.42537362794877454,0.3039824200123863,-3.469446951953614e-18
3820.0314134834016,20.0,0.02905506989062607,-0.09296035417896373,-0.014257685506311837,0.01533388420664227,0.014527534945313034,0.004384096008596078,0.010143438936716959,0.4187646598554409,0.30177838326319106,-3.469446951953614e-18
3826.3559688037385,20.0,0.028371735280089863,-0.0921591417213158,-0.01392129113081066,0.015205484956653853,0.014185867640044932,0.004250091195158142,0.00993577644488679,0.41231498615297224,0.29960037010078017,0.0
3832.6805241240754,20.0,0.027711091229239423,-0.0913681521575528,-0.013595370142123168,0.015076355752298456,0.013855545614619711,0.004121305920711969,0.009734239693907746,0.4060199956017915,0.29744811466416476,-3.469446951953614e-18
3839.005079444412,20.0,0.027072235268394865,-0.09058742476297349,-0.013279551817772009,0.014946703801383835,0.013536117634197433,0.0039975045100719385,0.009538613124125496,0.3998752060366803,0.2953213482699579,-1.734723475976807e-18
3845.329634764749,20.0,0.02645430334752211,-0.08981697683066468,-0.01297347809739129,0.014816718350530896,0.013227151673761055,0.003878462766224505,0.009348688907536552,0.3938762631194982,0.2932197998393171,-1.734723475976807e-18
3851.6541900850857,20.0,0.025856468353052414,-0.08905680595599126,-0.012676803358358328,0.014686572053368869,0.012928234176526207,0.0037639674206528034,0.009164266755873401,0.3880189387466959,0.29114319629876745,1.734723475976807e-18
3857.978745405422,20.0,0.025277938645989085,-0.08830689212144001,-0.01238919416186185,0.014556422239843212,0.012638969322994542,0.0036538156040491383,0.008985153718945402,0.38229912916715564,0.28909126295619825,1.734723475976807e-18
3864.303300725759,20.0,0.0247179566272882,-0.087567199597901,-0.012110328975389417,0.014426412093153752,0.0123589783136441,0.0035478143377364922,0.008811163975907609,0.37671285285938905,0.2870637238532708,0.0
3870.627856046096,20.0,0.024175797335296817,-0.08683767867733108,-0.011839897876821926,0.014296671740524493,0.012087898667648408,0.0034457800458988393,0.008642118621749573,0.37125624821133124,0.28506030209543315,-3.469446951953614e-18
3876.9524113664324,20.0,0.023650767078991632,-0.0861182672506476,-0.011577602244616694,0.014167319263682558,0.011825383539495816,0.0033475380885366448,0.008477845450959174,0.36592557104070467,0.2830807201606731,-3.469446951953614e-18
3883.2769666867694,20.0,0.02314220210987994,-0.0854088922436752,-0.011323154437941263,0.014038461634600789,0.01157110105493997,0.0032529223149162716,0.008318178740023694,0.3607171919893074,0.2811247001881056,3.469446951953614e-18
3889.6015220071063,20.0,0.022649467334667845,-0.0847094709229926,-0.011076277470071517,0.013910195581737724,0.011324733667333923,0.0031617746371620952,0.008162959030171828,0.355627593820395,0.279191964247442,0.0
3895.9260773274427,20.0,0.02217195507015902,-0.08401991208261035,-0.010836704677885372,0.013782608391694241,0.01108597753507951,0.0030739446235450328,0.008012032911534479,0.3506533686445937,0.27728223459032886,0.0
3902.2506326477796,20.0,0.02170908384130958,-0.08334011712156088,-0.010604179389861992,0.013655778650902138,0.01085454192065479,0.0029892891109480845,0.007865252809706706,0.34579121509651367,0.2753952338845229,0.0
3908.5751879681166,20.0,0.021260297222906715,-0.0826699810216763,-0.010378454594623979,0.01352977693166473,0.010630148611453357,0.0029076718359327862,0.007722476775520572,0.3410379354812474,0.2735306854318049,-8.673617379884035e-19
3914.899743288453,20.0,0.020825062724962096,-0.08200939323409215,-0.010159292611737012,0.013404666426588326,0.010412531362481048,0.0028289630837899844,0.007583568278691063,0.3363904329073575,0.27168831337050714,8.673617379884035e-19
3921.22429860879,20.0,0.020402870721593885,-0.08135823848231946,-0.00994646476619683,0.013280503535173398,0.010201435360796943,0.002753039354929481,0.007448396005867462,0.3318457084206141,0.26986784286347837,0.0
3927.548853929127,20.0,0.01999323342291587,-0.0807163974890921,-0.0097397510677882,0.013157338406079497,0.009996616711457936,0.002679783047945759,0.0073168336635121775,0.3274008581507238,0.2680690002722863,-8.673617379884035e-19
3933.8734092494633,20.0,0.019595683889237714,-0.08008374763359782,-0.009538939896283627,0.013035215438334592,0.009797841944618857,0.0026090821586870804,0.0071887597859317766,0.3230530704814353,0.26629151331840306,0.0
3940.1979645698,20.0,0.01920977508671532,-0.07946016354515954,-0.009343827693265172,0.012914173744532,0.00960488754335766,0.0025408299946538876,0.007064057548703774,0.3187996232528444,0.26453511123209555,-8.673617379884035e-19
3946.522519890137,20.0,0.018835078983454042,-0.07884551763892332,-0.009154218661190048,0.012794247578842273,0.009417539491727021,0.002474924904055915,0.006942614587671107,0.3146378810032838,0.26279952488970715,-8.673617379884035e-19
3952.847075210474,20.0,0.018471185684965058,-0.07823968059864585,-0.008969924470181688,0.012675466732465526,0.009235592842482529,0.0024112700188660447,0.006824322823616485,0.31056529225694524,0.2610844869399737,0.0
3959.1716305308105,20.0,0.018117702607798207,-0.07764252181124519,-0.008790763972908264,0.012557856898960697,0.009058851303899104,0.002349773011221567,0.006709078292677537,0.30657938686229813,0.259389731920004,0.0
3965.4961858511474,20.0,0.01777425369011776,-0.0770539097573828,-0.008616562927807112,0.012441440011710632,0.00888712684505888,0.002290345862538541,0.006596780982520338,0.30267777338539686,0.25771499636150036,0.0
3971.8207411714843,20.0,0.01744047863795122,-0.07647371236198335,-0.008447153730825892,0.012326234555617177,0.00872023931897561,0.0022329046447229677,0.006487334674252642,0.29885813656134363,0.2560600188877928,-8.673617379884035e-19
3978.145296491821,20.0,0.017116032205818754,-0.07590179730826489,-0.008282375155775908,0.012212255854965737,0.008558016102909377,0.0021773693128815893,0.006380646790027791,0.2951182348064307,0.25442454030220535,-2.6020852139652106e-18
3984.4698518121577,20.0,0.01680058351044222,-0.0753380323185467,-0.008122072103329674,0.01209951633925555,0.00840029175522111,0.0021236635089559816,0.006276628246265128,0.2914558977928552,0.2528083036682674,8.673617379884035e-19
3990.7944071324946,20.0,0.01649381537623492,-0.07478228540482232,-0.007966095358641252,0.011988025788658511,0.00824690768811746,0.002071714375725072,0.006175193312392385,0.28786902408734927,0.2512110543822501,3.469446951953614e-18
3997.118962452831,20.0,0.01619542371128296,-0.07423442509182679,-0.007814301357522492,0.011877791560644689,0.00809771185564148,0.0020214523806430006,0.0060762594749984794,0.2843555788545743,0.24963254023847534,0.0
4003.443517773168,20.0,0.015905116912547528,-0.07369432061509248,-0.007666551961071442,0.011768818799198076,0.007952558456273764,0.001972811149001664,0.0059797473072721,0.2809135916257285,0.24807251148783643,0.0
4009.768073093505,20.0,0.015622615299041463,-0.07316184209627344,-0.007522714238618288,0.011661110627939009,0.0078113076495207314,0.0019257273059294245,0.005885580343591306,0.2775411541324583,0.2465307208899369,8.673617379884035e-19
4016.0926284138413,20.0,0.015347650571760723,-0.07263686069781795,-0.007382660258828917,0.011554668328370394,0.0076738252858803615,0.0018801403267593771,0.005793684959120984,0.2742364182058522,0.2450069237592347,0.0
4022.4171837341783,20.0,0.01507996529918416,-0.07211924875889068,-0.007246266888786274,0.011449491504373317,0.00753998264959208,0.0018359923953223706,0.00570399025426971,0.2709975937400456,0.2435008780055614,0.0
4028.741739054515,20.0,0.014819312427189396,-0.07160887991427964,-0.007113415600853859,0.011345578233992501,0.007409656213594698,0.0017932282697411548,0.005616427943853546,0.2678229467197428,0.2420123441693651,-2.6020852139652106e-18
4035.0662943748516,20.0,0.014565454812268694,-0.07110562919787088,-0.006983992287113097,0.01124292520947309,0.007282727406134347,0.0017517951553226076,0.005530932250811739,0.2647107973107714,0.24054108545200323,0.0
4041.3908496951885,20.0,0.014318164776967865,-0.07060937313213782,-0.0068578870811579875,0.011141527866437963,0.007159082388483932,0.0017116425841652732,0.0054474398043186595,0.26165951801264736,0.23908686774140409,-8.673617379884035e-19
4047.7154050155254,20.0,0.014077223686509023,-0.07011998980496296,-0.006734994187023437,0.01104138050302682,0.0070386118432545115,0.0016727223011186025,0.005365889542135912,0.2586675318719845,0.23764945963338838,-2.6020852139652106e-18
4054.039960335862,20.0,0.013842421545598201,-0.06963735893499645,-0.006615211715020069,0.010942476389756428,0.0069212107727991004,0.0016349881557491562,0.005286222617049946,0.2557333107554944,0.23622863244893327,-1.734723475976807e-18
4060.364515656199,20.0,0.013613556614457402,-0.06916136192664803,-0.006498441524245878,0.01084480787080346,0.006806778307228701,0.0015983959999868375,0.005208382307241863,0.2528553736812281,0.23482416024764077,0.0
4066.6890709765357,20.0,0.013390435043160967,-0.06869188191571465,-0.006384589071545139,0.01074836645735854,0.0066952175215804835,0.0015629035911416378,0.005132313930438844,0.2500322852066619,0.23343581983766473,8.673617379884035e-19
4073.013626296872,20.0,0.013172870523393915,-0.06822880380655587,-0.006273563266685547,0.010653142913650625,0.006586435261696957,0.0015284704999977074,0.00505796476169925,0.2472626538721695,0.23206339078233126,0.0
4079.338181617209,20.0,0.012960683956788144,-0.06777201430164877,-0.006165276333526709,0.010559127336195427,0.006480341978394072,0.0014950580237073408,0.004985283954686732,0.244545130698392,0.23070665540367657,-8.673617379884035e-19
4085.662736937546,20.0,0.01275370313903054,-0.06732140192428238,-0.006059643676956658,0.010466309226779923,0.00637685156951527,0.0014626291032225937,0.004914222466292676,0.24187840773600225,0.22936539878311357,8.673617379884035e-19
4091.9872922578825,20.0,0.012551762458971771,-0.06687685703508073,-0.005956583755376204,0.010374677559655706,0.006275881229485886,0.0014311482450163535,0.004844732984469533,0.2392612166663334,0.22803940875942802,-8.673617379884035e-19
4098.311847578219,20.0,0.012354702612001334,-0.06643827184298552,-0.00585601795851611,0.01028422084337861,0.006177351306000667,0.0014005814468584623,0.004776769859142204,0.23669232745135296,0.2267284759242914,8.673617379884035e-19
4104.636402898556,20.0,0.01216237032698784,-0.06600554041127163,-0.005757870490376797,0.010194927177698706,0.00608118516349392,0.0013708961274253167,0.004710289036068604,0.23417054703145881,0.22543239361546985,-8.673617379884035e-19
4110.960958218893,20.0,0.011974618106116462,-0.06557855865911687,-0.00566206825708564,0.01010678430587422,0.005987309053058231,0.001342061059533623,0.004645247993524609,0.23169471806958594,0.22415095790789644,-8.673617379884035e-19
4117.285513539229,20.0,0.011791303976987723,-0.06515722435920206,-0.0055685407594728165,0.010019779662754778,0.0058956519884938614,0.0013140463068006432,0.004581605681693217,0.2292637177401294,0.22288396760276505,8.673617379884035e-19
4123.610068859566,20.0,0.011612291256372132,-0.06474143713177319,-0.0054772199901725405,0.009933900418953333,0.005806145628186066,0.001286823163544269,0.0045193224646417965,0.2268764565612103,0.22163122421479692,8.673617379884035e-19
4129.934624179903,20.0,0.01143744832504483,-0.06433109843555976,-0.005388040335062609,0.00984913352140202,0.005718724162522415,0.0012603640977466657,0.0044583600647757505,0.22453187726883375,0.22039253195781772,-8.673617379884035e-19
4136.25917950024,20.0,0.011266648413152149,-0.06392611155590594,-0.005300938478861251,0.009765465730564913,0.005633324206576074,0.0012346426969150955,0.004398681509660979,0.22222895373151497,0.21916769772878195,0.0
4142.583734820577,20.0,0.011099769395589628,-0.06352638159044048,-0.005215853314706699,0.009682883654560208,0.005549884697794814,0.0012096336166828611,0.004340251081111952,0.21996668990398172,0.21795653109036586,8.673617379884035e-19
4148.908290140914,20.0,0.01093669359689633,-0.06313181543258,-0.005132725857550931,0.009601373780425335,0.005468346798448165,0.0011853125320021105,0.004283034266446055,0.2177441188185904,0.21675884425224906,-8.673617379884035e-19
4155.232845461251,20.0,0.01077730760519541,-0.06274232175313427,-0.0050514991612053166,0.009520922502741041,0.005388653802597705,0.0011616560907885872,0.0042269977118091166,0.2155603016131298,0.21557445205119477,8.673617379884035e-19
4161.557400781587,20.0,0.010621502094733962,-0.06235781098025635,-0.004972118238881892,0.009441516149814122,0.005310751047366981,0.0011386418698862285,0.0041721091774807526,0.21341432659371568,0.21440317193003355,0.0
4167.881956101924,20.0,0.010469171656598119,-0.061978195277958205,-0.004894529987080103,0.009363141007603758,0.0052345858282990595,0.0011162483332269747,0.004118337495072085,0.21130530833152059,0.2132448239156471,0.0
4174.2065114222605,20.0,0.010320214637200661,-0.061603388523392505,-0.0048186831126747825,0.009285783341562496,0.005160107318600331,0.0010944547920681668,0.004065652526532164,0.20923238679211847,0.21209923059604807,0.0
4180.531066742597,20.0,0.010174532984158245,-0.061233306283080324,-0.004744528063066582,0.009209429416549918,0.005087266492079122,0.0010732413671964128,0.00401402512488271,0.20719472649625162,0.21096621709663735,-8.673617379884035e-19
4186.855622062934,20.0,0.010032032099195768,-0.06086786578825006,-0.004672016959262221,0.00913406551496566,0.005016016049597884,0.001052588952993187,0.003963427096604695,0.205191515710878,0.20984561105572408,1.734723475976807e-18
4193.180177383271,20.0,0.009892620697732717,-0.060506985909434555,-0.004601103531756825,0.009059677953237139,0.004946310348866358,0.001032479183263162,0.003913831165603196,0.20322196566937956,0.20873724259938425,8.673617379884035e-19
4199.504732703607,20.0,0.009756210674824893,-0.06015058713046101,-0.00453174305909643,0.008986253096787479,0.004878105337412447,0.0010128943987319124,0.0038652109386805356,0.20128530981985865,0.2076409443157278,-1.3010426069826053e-18
4205.829288023944,20.0,0.009622716977150645,-0.059798591521953805,-0.004463892309003443,0.00891377737359968,0.0048113584885753225,0.000993817616124777,0.0038175408724505453,0.19938080310047676,0.20655655122864341,0.0
4212.153843344281,20.0,0.00949205748074745,-0.059450922714459974,-0.004397509481953214,0.008842237286484598,0.004746028740373725,0.0009752324987436692,0.003770796241630057,0.19750772124083343,0.2054839007710844,-8.673617379884035e-19
4218.478398664618,20.0,0.00936415287421884,-0.05910750587129386,-0.004332554157094312,0.008771619424152041,0.00468207643710942,0.0009571233284631658,0.0037249531086462544,0.19566536008840868,0.20442283275795178,0.0
4224.802953984955,20.0,0.009238926547146562,-0.058768267661190185,-0.004268987240409999,0.008701910471177207,0.004619463273573281,0.000939474979071669,0.0036799882945016123,0.19385303495913278,0.20337318935863288,-4.336808689942018e-19
4231.127509305292,20.0,0.009116304483456211,-0.05843313623084392,-0.004206770915022805,0.008633097216947754,0.004558152241728106,0.0009222728908875288,0.003635879350840577,0.19207008001118017,0.20233481506924675,0.0
4237.452064625628,20.0,0.008996215159497233,-0.05810204117740786,-0.004145868593548289,0.008565166563670368,0.004498107579748617,0.0009055030465838691,0.003592604533164746,0.1903158476411115,0.20130755668464348,1.734723475976807e-18
4243.776619945965,20.0,0.008878589446610425,-0.05777491352101072,-0.004086244872408266,0.008498105533509935,0.0044392947233052125,0.00088915194815955,0.0035501427751456613,0.18858970790152363,0.2002912632702036,1.3010426069826053e-18
4250.101175266302,20.0,0.008763360517968022,-0.057451685677353086,-0.004027865488017906,0.008431901274929154,0.004381680258984011,0.0008732065949971763,0.003508473663986835,0.18689104793939984,0.19928578613347941,0.0
4256.425730586639,20.0,0.008650463759481617,-0.05713229143043027,-0.003970697274764593,0.008366541068291131,0.0043252318797408085,0.0008576544629522508,0.003467577416788559,0.18521927145437656,0.1982909787957186,-8.673617379884035e-19
4262.7502859069755,20.0,0.008539836684584148,-0.05681666590542708,-0.00391470812470033,0.008302012330783032,0.004269918342292074,0.000842483484420683,0.003427434857871392,0.18357379817617578,0.19730669696330572,-8.673617379884035e-19
4269.074841227312,20.0,0.00843141885270195,-0.056504745541824254,-0.0038598669488729685,0.00823830262071464,0.004215709426350975,0.0008276820293347562,0.003388027397016219,0.18195406336048187,0.19633279849915547,0.0
4275.399396547648,20.0,0.008325151791241821,-0.05619646806675031,-0.0038061436402247184,0.008175399641241542,0.004162575895620911,0.0008132388870403541,0.0033493370085805577,0.18035951730256478,0.19536914339409236,-1.3010426069826053e-18
4281.723951867985,20.0,0.008220978920927265,-0.05589177246860989,-0.0037535090379897614,0.008113291243559003,0.004110489460463633,0.00079914324901082,0.003311346211452812,0.1787896248679794,0.19441559373824122,4.336808689942018e-19
4288.048507188322,20.0,0.008118845484326422,-0.05559059897101537,-0.0037019348935258844,0.008051965429609407,0.004059422742163211,0.0007853846923552951,0.0032740380498079173,0.1772438650397012,0.19347201369246267,-1.3010426069826053e-18
4294.373062508659,20.0,0.008018698477421692,-0.05529288900704359,-0.003651393837517747,0.00799141035434258,0.004009349238710846,0.0007719531640815638,0.0032373960746292815,0.17572173048107212,0.1925382694598526,4.336808689942018e-19
4300.697617828996,20.0,0.007920486584079232,-0.05499858519383915,-0.0036018593484925267,0.007931614327565789,0.003960243292039616,0.000758838966075699,0.003201404325963917,0.1742227271139674,0.19161422925733423,0.0
4307.022173149333,20.0,0.007824160113283019,-0.05470763130757965,-0.003553305722591099,0.007872565815417197,0.003912080056641509,0.0007460327407627411,0.003166047315878769,0.17274637371160542,0.19069976328736085,-4.336808689942018e-19
4313.346728469669,20.0,0.007729670939005477,-0.05441997225881877,-0.0035057080445406903,0.007814253441494334,0.0038648354695027384,0.0007335254574146336,0.0031313100120881057,0.17129220150545482,0.1897947437097526,-8.673617379884035e-19
4319.671283790006,20.0,0.007636972442592397,-0.05413555406821761,-0.0034590421597771224,0.007756665987666414,0.0038184862212961987,0.0007213083990733656,0.0030971778222228324,0.16985975380570476,0.18889904461368331,4.336808689942018e-19
4325.995839110343,20.0,0.007546019457546799,-0.05385432384267573,-0.0034132846476674803,0.007699792394597712,0.0037730097287733996,0.0007093731500590728,0.003063636578714327,0.16844858563479514,0.18801254198983713,-4.336808689942018e-19
4332.32039443068,20.0,0.007456768216601194,-0.05357622975186837,-0.0033684127957858277,0.007643621762006603,0.003728384108300597,0.0006977115840343462,0.003030672524266251,0.16705826337351243,0.18713511370274674,0.0
4338.644949751017,20.0,0.007369176300973904,-0.053301221005197,-0.003324404575197095,0.007588143348683559,0.003684588150486952,0.0006863158525976189,0.0029982722978893314,0.16568836441918533,0.18626663946333213,1.3010426069826053e-18
4344.9695050713535,20.0,0.007283202591709876,-0.05302924782915743,-0.0032812386167061017,0.007533346572289344,0.003641601295854938,0.00067517837437987,0.0029664229214750684,0.16433847685552766,0.18540700080165104,-4.336808689942018e-19
4351.2940603916895,20.0,0.0071988072230114225,-0.05276026144512875,-0.0032388941880306613,0.007479221008953171,0.0035994036115057112,0.0006642918246202527,0.002935111786885458,0.16300819913369424,0.1845560810398711,4.336808689942018e-19
4357.618615712026,20.0,0.007115951537468819,-0.05249421404758474,-0.0031973511718595116,0.007425756392689021,0.0035579757687344096,0.0006536491251975326,0.002904326643536878,0.1616971397641322,0.1837137652654782,-8.673617379884035e-19
4363.943171032363,20.0,0.007034598043105577,-0.052231058782729496,-0.0031565900447578176,0.0073729426146472805,0.0035172990215527884,0.0006432434350954605,0.0028740555864573275,0.1604049170188321,0.18287994030473037,4.336808689942018e-19
4370.2677263527,20.0,0.006954710372156475,-0.05197074972755562,-0.0031165918568842083,0.007320769722216908,0.0034773551860782376,0.0006330681412812479,0.0028442870447969904,0.15913115864358532,0.18205449469636212,-4.336808689942018e-19
4376.592281673037,20.0,0.0068762532415014435,-0.051713241869325036,-0.00307733821248547,0.007269227917993008,0.0034381266207507218,0.0006231168499775222,0.0028150097707731994,0.15787550157988695,0.18123731866555381,0.0
4382.916836993374,20.0,0.00679919241468135,-0.05145849108547023,-0.003038811251136127,0.007218307558622897,0.003399596207340675,0.0006133833783090397,0.0027862128290316356,0.1566375916961238,0.18042830409816735,-4.336808689942018e-19
4389.24139231371,20.0,0.006723494665425578,-0.05120645412391257,-0.003000993629691772,0.0071679991535431,0.003361747332712789,0.0006038617463064519,0.0027578855864063374,0.15541708352770642,0.1796273445152586,0.0
4395.565947634047,20.0,0.0066491277426247875,-0.050957088583795475,-0.0029638685049264255,0.00711829336361867,0.0033245638713123938,0.0005945461692503241,0.0027300177020620703,0.15421364002581925,0.1788343350478699,-8.673617379884035e-19
4401.890502954384,20.0,0.006576060336685302,-0.050710352896628,-0.0029274195168254927,0.007069180999695445,0.003288030168342651,0.0005854310503394589,0.0027025991180031923,0.15302693231447317,0.17804917241210974,0.0
4408.215058274721,20.0,0.0065042620472044645,-0.050466206307834466,-0.0028916307725070627,0.007020653021074782,0.0032521310236022323,0.0005765109736683624,0.0026756200499338696,0.15185663945555525,0.17727175488452135,0.0
4414.539613595058,20.0,0.0064337033519095465,-0.05022460885870558,-0.002856486830745692,0.0069727005339199274,0.0032168516759547732,0.000567780697499508,0.0026490709784552655,0.1507024482215877,0.17650198227774633,0.0
4420.864168915395,20.0,0.006364355576805207,-0.049985521368745865,-0.0028219726870737953,0.0069253147896021884,0.0031821777884026036,0.000559235147816733,0.002622942640585871,0.1495640528759144,0.1757397559164848,-4.336808689942018e-19
4427.188724235731,20.0,0.00629619086747731,-0.049748905418411996,-0.002788073759436987,0.006878487182994623,0.003148095433738655,0.000550869412146824,0.002597226021591831,0.14844115496004792,0.1749849786137568,0.0
4433.513279556068,20.0,0.006229182161503143,-0.049514723332236076,-0.0027547758743806205,0.006832209250720152,0.0031145910807515715,0.0005426787336369553,0.002571912347114616,0.14733346308791567,0.17423755464746382,0.0
4439.8378348764045,20.0,0.006163303161920746,-0.049282938162328274,-0.002722065253745968,0.006786472669360718,0.003081651580960373,0.0005346585053763109,0.0025469930755840616,0.1462406927467606,0.17349738973725534,4.336808689942018e-19
4446.162390196741,20.0,0.0060985283117119685,-0.04905351367225247,-0.002689928501855258,0.006741269253633369,0.0030492641558559842,0.0005268042649507587,0.0025224598909052262,0.14516256610445527,0.17276439102170046,-4.336808689942018e-19
4452.486945517078,20.0,0.006034832769256098,-0.04882641432126829,-0.002658352593165746,0.006696590954538711,0.003017416384628049,0.0005191116892200073,0.0024983046954080413,0.14409881182299975,0.17203846703576417,4.336808689942018e-19
4458.811500837415,20.0,0.0059721923847130595,-0.04860160524893391,-0.0026273248603739655,0.006652429857486893,0.0029860961923565297,0.0005115765893072216,0.0024745196030493076,0.14304916487798475,0.17131952768859132,4.336808689942018e-19
4465.136056157751,20.0,0.0059105836772968086,-0.048379052260062144,-0.00259683298295195,0.006608778180405611,0.0029552918386484043,0.0005041949057915242,0.00245109693285688,0.14201336638380546,0.17060748424159575,0.0
4471.460611478088,20.0,0.00584998381340155,-0.04815872181002376,-0.002566864976098141,0.006565628271834441,0.002924991906700775,0.0004969627040943102,0.0024280292026064645,0.1409911634244232,0.16990224928685563,0.0
4477.785166798425,20.0,0.005790370585545188,-0.04794058099039147,-0.002537409180086468,0.006522972609009485,0.002895185292772594,0.0004898761700507509,0.0024053091227218435,0.13998230888948088,0.16920373672581682,-4.336808689942018e-19
4484.109722118762,20.0,0.005731722392095732,-0.047724597514917304,-0.0025084542499976036,0.006480803795941663,0.002865861196047866,0.0004829316056582291,0.002382929590389637,0.13898656131557888,0.16851186174829771,-4.336808689942018e-19
4490.434277439099,20.0,0.005674018217748325,-0.04751073970583722,-0.002479989145817356,0.0064391145614921185,0.0028370091088741624,0.00047612542499391743,0.0023608836838802444,0.13800368473253422,0.16782654081179982,8.673617379884035e-19
4496.758832759436,20.0,0.005617237614721849,-0.04729897648049613,-0.0024520031228876284,0.006397897757447667,0.0028086188073609243,0.00046945415029404566,0.0023391646570668787,0.13703344851444785,0.16714769162112145,0.0
4503.083388079772,20.0,0.005561360684645329,-0.047089277338286155,-0.0024244857226960043,0.006357146356598884,0.0027806803423226644,0.00046291440818775235,0.002317765934134911,0.13607562723540942,0.166475233108271,8.673617379884035e-19
4509.407943400109,20.0,0.005506368061106077,-0.04688161234789234,-0.002397426763990752,0.006316853450823491,0.0027531840305530385,0.0004565029260787982,0.002296681104474241,0.13513000052968227,0.16580908541268102,-8.673617379884035e-19
4515.732498720446,20.0,0.0054522408928324015,-0.04667595213483844,-0.0023708163342084356,0.006277012249177141,0.0027261204464162007,0.00045021652866869403,0.002275903917747507,0.13419635295621024,0.16514916986171888,-4.336808689942018e-19
4522.0570540407825,20.0,0.005398960827485106,-0.04647226786932653,-0.0023446447812019685,0.006237616075993698,0.002699480413742553,0.0004440521346151264,0.0022554282791274268,0.13327447386729785,0.16449540895149287,0.0
4528.381609361119,20.0,0.005346509996033183,-0.04627053125436399,-0.0023189027052574447,0.006198658368996898,0.0026732549980165916,0.0004380067533198558,0.0022352482446967355,0.1323641572813208,0.16384772632795327,4.336808689942018e-19
4534.706164681456,20.0,0.005294870997690064,-0.046070714514171204,-0.002293580951388534,0.006160132677424955,0.002647435498845032,0.00043207748184051075,0.0022153580170045217,0.13146520175932652,0.1632060467682814,0.0
4541.030720001793,20.0,0.005244026885388009,-0.04587279038286398,-0.002268670601897781,0.006122032660169757,0.0026220134426940046,0.0004262615019210043,0.0021957519407730013,0.1305774102853942,0.1625702961625701,-8.673617379884035e-19
4547.355275322129,20.0,0.005193961151769003,-0.04567673209340391,-0.0022441629691944878,0.006084352083931857,0.0025969805758845016,0.0004205560771354975,0.002176424498749005,0.12970059015062307,0.16194040149578745,-8.673617379884035e-19
4553.679830642466,20.0,0.005144657715671682,-0.045482513366810993,-0.002220049588859386,0.006047084821392583,0.002572328857835841,0.000414958550141113,0.002157370307694728,0.1288345528406278,0.16131629083002516,0.0
4560.004385962803,20.0,0.005096100909094616,-0.045290108401632306,-0.0021963222129467133,0.006010224849404345,0.002548050454547308,0.00040946634003480634,0.002138584114512501,0.12797911392642258,0.16069789328702797,8.673617379884035e-19
4566.32894128314,20.0,0.00504827546461701,-0.04509949186366025,-0.0021729728035145566,0.005973766247199958,0.002524137732308505,0.00040407693980999384,0.002120060792498511,0.12713409295857564,0.16008513903099753,4.336808689942018e-19
4572.653496603477,20.0,0.0050011665032590105,-0.044910638875895297,-0.002149993526374941,0.005937703194622042,0.0025005832516295052,0.0003987879139087896,0.0021017953377207165,0.12629931336452935,0.15947795925167435,-8.673617379884035e-19
4578.978051923814,20.0,0.004954759522764243,-0.04472352500874664,-0.002127376745055265,0.005902029970373057,0.0024773797613821215,0.0003935968958658372,0.002083782865516285,0.12547460234897534,0.15887628614768812,-8.673617379884035e-19
4585.30260724415,20.0,0.0049090403862882236,-0.044538126270465835,-0.0021051150149632098,0.0058667409502867595,0.0024545201931441118,0.00038850158603995146,0.00206601860710416,0.12465979079718552,0.15828005291017846,4.336808689942018e-19
4591.627162564487,20.0,0.0048639953114767666,-0.044354419097807005,-0.0020832010777474107,0.005831830605621537,0.0024319976557383833,0.00038349974942992034,0.0020484979063084626,0.12385471318119796,0.1576891937066795,4.336808689942018e-19
4597.951717884823,20.0,0.004819610859919423,-0.044172380346908964,-0.002061627855846681,0.005797293501376197,0.0024098054299597116,0.00037858921357101664,0.002031216216388695,0.12305920746876547,0.15710364366526725,0.0
4604.27627320516,20.0,0.0047758739269633714,-0.04399198728439318,-0.0020403884472206656,0.005763124294628532,0.0023879369634816857,0.0003737678665088917,0.002014169096972793,0.12227311503497271,0.15652333885896497,8.673617379884035e-19
4610.600828525497,20.0,0.004732771731874061,-0.04381321757867302,-0.002019476120255297,0.005729317732897101,0.0023663858659370303,0.00036903365484770563,0.001997352211089325,0.12149628057643669,0.15594821629040512,0.0
4616.9253838458335,20.0,0.0046902918083292005,-0.0436360492914683,-0.001998884308836498,0.005695868652526361,0.0023451459041646003,0.0003643845818694523,0.0019807613222951486,0.12072855202800244,0.1553782138767418,-4.336808689942018e-19
4623.24993916617,20.0,0.0046484219952335785,-0.04346046086952093,-0.0019786066075860313,0.005662771977095536,0.0023242109976167893,0.00035981870572161594,0.001964392291895173,0.11996978048185566,0.1548132704348136,4.336808689942018e-19
4629.574494486506,20.0,0.004607150427842406,-0.04328643113650621,-0.0019586367672534814,0.005630022715851257,0.002303575213921203,0.00035533413767038335,0.00194824107625082,0.1192198201089707,0.15425332566655148,-2.168404344971009e-19
4635.899049806843,20.0,0.004566465529181605,-0.04311393928513493,-0.0019389686902586793,0.005597615962164123,0.0022832327645908026,0.0003509290404167804,0.0019323037241740226,0.11847852808281852,0.15369832014462764,-4.336808689942018e-19
4642.22360512718,20.0,0.004526356001753909,-0.042942964869442074,-0.001919596426379135,0.005565546892009325,0.0022631780008769546,0.000346601626473222,0.001916576374403733,0.11774576450526313,0.15314819529834509,-4.336808689942018e-19
4648.548160447517,20.0,0.00448681081951998,-0.0427734877972567,-0.0019005141685771432,0.005533810762471261,0.00224340540975999,0.0003423501565980523,0.001901055253161937,0.11702139233457312,0.15260289339976163,6.505213034913027e-19
4654.872715767854,20.0,0.004447819220144389,-0.042605488322849445,-0.0018817162489615869,0.005502402910272208,0.0022239096100721946,0.0003381729382857813,0.0018857366717864137,0.11630527731548235,0.15206235755004593,-4.336808689942018e-19
4661.197271088191,20.0,0.004409370697496527,-0.04243894703975223,-0.0018631971348795212,0.005471318750324956,0.0022046853487482634,0.000334068324310807,0.0018706170244374562,0.11559728791123207,0.15152653166606217,2.168404344971009e-19
4667.521826408527,20.0,0.004371454994397105,-0.04227384487374684,-0.0018449514251329445,0.005440553774309402,0.0021857274971985525,0.00033003471132252366,0.0018556927858760295,0.11489729523753353,0.15099536046718048,-8.673617379884035e-19
4673.846381728864,20.0,0.004334062095601128,-0.042110163076017386,-0.0018269738463162308,0.005410103549272935,0.002167031047800564,0.0003260705384897913,0.0018409605093107732,0.11420517299838764,0.15046878946230963,-4.336808689942018e-19
4680.170937049201,20.0,0.004297182221008715,-0.04194788321646323,-0.0018092592492699494,0.0053799637162545285,0.0021485911105043574,0.00032217428619284096,0.0018264168243115168,0.113520797423704,0.1499467649371472,-2.168404344971009e-19
4686.495492369538,20.0,0.004260805819095389,-0.04178698717716765,-0.0017918026056469407,0.005350129988932385,0.0021304029095476945,0.00031834447476076816,0.0018120584347869264,0.11284404720866195,0.14942923394164714,0.0
4692.820047689875,20.0,0.004224923560553909,-0.04162745714601915,-0.0017745990045866674,0.005320598152294948,0.0021124617802769545,0.000314579663252844,0.0017978821170241107,0.11217480345475878,0.14891614427769717,0.0
4699.1446030102115,20.0,0.0041895263321399066,-0.04146927561048075,-0.0017576436494940299,0.0052913640613350965,0.0020947631660699533,0.0003108784482819534,0.0017838847177880004,0.11151294961249181,0.14840744448700688,-4.336808689942018e-19
4705.4691583305475,20.0,0.004154605230714042,-0.04131242535150439,-0.0017409318549189935,0.005262423639767361,0.002077302615357021,0.00030723946287854046,0.00177006315247848,0.11085837142562406,0.14790308383920076,4.336808689942018e-19
4711.7937136508845,20.0,0.004120151557473519,-0.04115688943758606,-0.0017244590435334564,0.005233772878767825,0.0020600757787367593,0.00030366137539349975,0.0017564144033432594,0.11021095687698201,0.14740301232011244,2.168404344971009e-19
4718.118268971221,20.0,0.004086156812366309,-0.041002651218958776,-0.0017082207432020451,0.00520540783573666,0.0020430784061831546,0.00030014288843854364,0.0017429355177446106,0.1095705961357414,0.14690718062028058,4.336808689942018e-19
4724.442824291558,20.0,0.0040526126886814345,-0.04084969432191952,-0.0016922125841434955,0.0051773246330828575,0.0020263063443407173,0.0002966827378626015,0.0017296236064781156,0.10893718150615088,0.1464155401236385,2.168404344971009e-19
4730.767379611895,20.0,0.0040195110678091,-0.04069800264328681,-0.0016764302961795213,0.005149519457031015,0.00200975553390455,0.00029327969176289547,0.0017164758421416542,0.1083106073776517,0.14592804289639752,4.336808689942018e-19
4737.091934932232,20.0,0.00398684401416472,-0.040547560344986036,-0.001660869706068173,0.0051219885564498975,0.00199342200708236,0.00028993254952938685,0.0017034894575529735,0.10769077017635019,0.1454446416761205,-2.168404344971009e-19
4743.416490252568,20.0,0.003954603770270966,-0.0403983518487588,-0.0016455267349187372,0.005094728241702449,0.001977301885135483,0.00028664014092132843,0.0016906617442141538,0.10707756831780005,0.14496528986098048,8.673617379884035e-19
4749.741045572905,20.0,0.0039227827519923405,-0.040250361830993515,-0.0016303973956854213,0.00506773488351703,0.0019613913759961702,0.0002834013251747318,0.001677990050821438,0.10647090216105652,0.14448994149920497,4.336808689942018e-19
4756.065600893242,20.0,0.0038913735439169823,-0.04010357521767435,-0.0016154777907371393,0.00504100491187959,0.0019456867719584911,0.00028021499013959107,0.0016654717818189002,0.10587067396396248,0.1440185512786994,-2.168404344971009e-19
4762.390156213579,20.0,0.0038603688948804387,-0.039957977179444965,-0.001600764109500762,0.005014534814946385,0.0019301844474402194,0.0002770800514457514,0.0016531043959944678,0.10527678783962804,0.14355107451684768,2.168404344971009e-19
4768.714711533916,20.0,0.0038297617136266566,-0.039813553126785,-0.001586252626175423,0.0049883211379771345,0.0019148808568133283,0.0002739954516963792,0.0016408854051169488,0.10468914971407098,0.14308746715048998,2.168404344971009e-19
4775.039266854253,20.0,0.003799545064601271,-0.03967028870529566,-0.001571939697515396,0.004962360482288084,0.0018997725323006355,0.00027096015968799226,0.001628812372612643,0.10410766728497806,0.14262768572606846,2.168404344971009e-19
4781.36382217459,20.0,0.0037697121638727987,-0.03952816979109248,-0.0015578217606793167,0.004936649504224889,0.0018848560819363994,0.0002679731696560985,0.0016168829122803015,0.10353224998155859,0.1421716873899451,-6.505213034913027e-19
4787.688377494926,20.0,0.0037402563751772256,-0.0393871824863019,-0.0015438953311434718,0.0049111849141548584,0.0018701281875886128,0.00026503350054548876,0.0016050946870431245,0.10296280892545401,0.14171942987888395,-4.336808689942018e-19
4794.0129328152625,20.0,0.0037111712060818084,-0.03924731311465946,-0.0015301570006770247,0.004885963475478303,0.0018555856030409042,0.0002621401953042892,0.0015934454077366148,0.10239925689267265,0.14127087151069614,2.168404344971009e-19
4800.337488135599,20.0,0.0036824503042641116,-0.039108548217207224,-0.0015166034353771617,0.004860982003658756,0.0018412251521320558,0.00025929232020092106,0.0015819328319311352,0.10184150827652172,0.14082597117504736,-4.336808689942018e-19
4806.662043455936,20.0,0.003654087453902221,-0.038970874548087314,-0.0015032313737620951,0.004836237365271592,0.0018270437269511104,0.0002564889641631178,0.0015705547627879932,0.10128947905150225,0.1403846883244197,-6.505213034913027e-19
4812.986598776273,20.0,0.0036260765721725188,-0.03883427907043003,-0.0014900376249200851,0.0048117264770709085,0.0018130382860862594,0.00025372923813822703,0.001559309047948032,0.10074308673814339,0.13994698296523192,2.168404344971009e-19
4819.31115409661,20.0,0.003598411705851336,-0.03869874895233358,-0.0014770190667125946,0.004787446305074267,0.001799205852925668,0.00025101227447401795,0.0015481935784516497,0.1002022503687453,0.13951281564910972,4.336808689942018e-19
4825.635709416946,20.0,0.003571087028016988,-0.038564271562933315,-0.001464172644029809,0.004763393863664996,0.001785543514008494,0.00024833722631926574,0.001537206287689228,0.09966689045400498,0.1390821474643067,2.168404344971009e-19
4831.960264737283,20.0,0.0035440968348488893,-0.03843083446855844,-0.0014514953670968153,0.004739566214711772,0.0017720484174244446,0.00024570326704340795,0.001526345150381036,0.09913692895049916,0.1386549400272716,6.505213034913027e-19
4838.28482005762,20.0,0.0035174355425204975,-0.0382984254289739,-0.0014389843098287975,0.004715960466705194,0.0017587177712602487,0.00024310958967459732,0.001515608181585651,0.09861228922899971,0.13823115547436113,4.336808689942018e-19
4844.609375377957,20.0,0.0034910976841829467,-0.03816703239370525,-0.0014266366082336277,0.00469257377391099,0.0017455488420914734,0.00024055540635549582,0.0015049934357359784,0.09809289604359651,0.13781075645369412,-8.673617379884035e-19
4850.933930698294,20.0,0.0034650779070364364,-0.03803664349844462,-0.0014144494588603602,0.004669403335539614,0.0017325389535182182,0.00023803994781618838,0.0014944990057020296,0.09757867550160504,0.13739370611714521,2.168404344971009e-19
4857.258486018631,20.0,0.003439370969486436,-0.037907247061535816,-0.0014024201172921117,0.004646446394931913,0.001719685484743218,0.0002355624628636139,0.0014841230218796038,0.09706955503423592,0.13697996811247604,4.336808689942018e-19
4863.583041338967,20.0,0.0034139717383819723,-0.03777883158053646,-0.0013905458966819348,0.004623700238760584,0.0017069858691909862,0.00023312221788693652,0.0014738636513040497,0.09656546336800471,0.13656950657560107,0.0
4869.907596659304,20.0,0.003388875186333259,-0.03765138572885523,-0.001378824166330272,0.004601162196247084,0.0016944375931666296,0.00023071849637829658,0.0014637190967883333,0.09606633049685964,0.13616228612298495,-2.168404344971009e-19
4876.232151979641,20.0,0.0033640763891061866,-0.037524898352462865,-0.0013672523503027079,0.004578829638393807,0.0016820381945530933,0.00022835059846841843,0.0014536875960846748,0.09557208765500907,0.13575827184417158,0.0
4882.5567072999775,20.0,0.0033395705230910796,-0.037399358466674415,-0.001355827926086702,0.004556699977231129,0.0016697852615455398,0.00022601784047654742,0.0014437674210689925,0.09508266729042626,0.13535742929443942,0.0
4888.881262620314,20.0,0.0033153528628433794,-0.037274755253001474,-0.0013445484232860758,0.004534770665079099,0.0016576764314216897,0.00022371955447423008,0.0014339568769474596,0.09459800303901347,0.13495972448758245,0.0
4895.205817940651,20.0,0.003291418778693953,-0.03715107805607267,-0.0013334114223520857,0.0045130391938235275,0.0016457093893469765,0.0002214550878624633,0.0014242543014845132,0.09411802969940739,0.1345651238888158,0.0
4901.530373260987,20.0,0.003267763734426745,-0.03702831638062052,-0.0013224145533498888,0.004491503094206109,0.0016338818672133725,0.00021922380296174638,0.0014146580642516266,0.09364268320840585,0.13417359440780025,-4.336808689942018e-19
4907.854928581324,20.0,0.00324438328502167,-0.036906459888533215,-0.0013115554947593303,0.0044701599351284005,0.001622191642510835,0.00021702507661460542,0.0014051665658962296,0.0931719006170005,0.13378510339178737,-2.168404344971009e-19
4914.179483901661,20.0,0.003221273074460679,-0.03678549839596993,-0.0013008319723089713,0.004449007322969368,0.0016106365372303396,0.0002148582998001631,0.0013957782374301765,0.09270562006699769,0.13339961861888142,0.0
4920.504039221998,20.0,0.0031984288335949245,-0.03666542187053765,-0.00129024175784229,0.0044280429009161595,0.0015992144167974623,0.00021272287726033963,0.001386491539537123,0.09224378076820998,0.1330171082914147,-4.336808689942018e-19
4926.828594542335,20.0,0.003175846378071202,-0.03654622042852849,-0.0012797826682151173,0.00440726434830799,0.001587923189035601,0.00021061822713730458,0.0013773049618982967,0.09178632297620481,0.1326375410294374,-2.168404344971009e-19
4933.153149862672,20.0,0.0031535216063157128,-0.03642788433221589,-0.0012694525642232752,0.004386669379992734,0.0015767608031578564,0.00020854378062178883,0.001368217022536068,0.09133318797059234,0.13226088586431622,-4.336808689942018e-19
4939.477705183008,20.0,0.0031314504975734105,-0.03631040398720818,-0.0012592493495595463,0.004366255745696097,0.0015657252487867052,0.00020649898161190325,0.0013592262671748019,0.09088431803383976,0.13188711223244384,2.168404344971009e-19
4945.802260503345,20.0,0.003109629110001165,-0.03619376993985836,-0.0012491709697990238,0.004346021229403042,0.0015548145550005824,0.00020448328638210563,0.0013503312686184768,0.0904396564305959,0.13151618996905326,0.0
4952.126815823682,20.0,0.0030880535788130885,-0.03607797287472846,-0.0012392154114120142,0.00432596364875126,0.0015440267894065442,0.00020249616326198358,0.0013415306261445603,0.0899991473875133,0.13114808930213845,4.336808689942018e-19
4958.451371144019,20.0,0.0030667201144763978,-0.035963003612107546,-0.0012293807008036217,0.0043060808544364455,0.0015333600572381989,0.00020053709232452515,0.001332822964913673,0.08956273607355353,0.13078278084647724,6.505213034913027e-19
4964.7759264643555,20.0,0.003045625000956254,-0.035848853105581745,-0.001219664903379221,0.004286370729629135,0.001522812500478127,0.00019860556508356452,0.0013242069353945622,0.08913036858076254,0.13042023559775553,2.168404344971009e-19
4971.100481784692,20.0,0.0030247645940080724,-0.03573551243965524,-0.001210066122635023,0.004266831189402884,0.0015123822970040362,0.00019670108420010183,0.0013156812128039346,0.08870199190550387,0.13006042492679143,-2.168404344971009e-19
4977.425037105028,20.0,0.0030041353195158563,-0.035622972827421086,-0.0012005824992729855,0.004247460180173539,0.0015020676597579281,0.00019482316319720396,0.0013072444965607241,0.0882775539301365,0.12970332057385583,0.0
4983.749592425365,20.0,0.002983733671875126,-0.03551122560828044,-0.0011912122103393237,0.00422825567914942,0.001491866835937563,0.00019297132618320824,0.001298895509754355,0.08785700340512605,0.12934889464309024,-2.168404344971009e-19
4990.074147745702,20.0,0.002963556212419127,-0.03540026224570936,-0.0011819534683859293,0.004209215693792154,0.0014817781062095635,0.00019114510758295688,0.0012906329986266066,0.08744028993157717,0.12899711959701732,0.0
4996.398703066039,20.0,0.002943599567886963,-0.03529007432507182,-0.0011728045206539973,0.004190338261287972,0.0014717997839434815,0.0001893440518768036,0.0012824557320666784,0.08702736394417646,0.12864796825114536,-4.336808689942018e-19
5002.723258386376,20.0,0.0029238604289324004,-0.03518065355147791,-0.0011637636482792035,0.004171621448029242,0.0014619302144662002,0.00018756771334713706,0.0012743625011190627,0.08661817669453382,0.12830141376866222,4.336808689942018e-19
5009.047813706713,20.0,0.002904335548672144,-0.03507199174768635,-0.0011548291655177998,0.004153063349106045,0.001452167774336072,0.0001858156558321845,0.0012663521185038876,0.08621268023491313,0.12795742965521945,-2.168404344971009e-19
5015.372369027049,20.0,0.002885021741272357,-0.03496408085204987,-0.001145999418992995,0.004134662087807576,0.0014425108706361785,0.0001840874524868559,0.0012584234181493227,0.08581082740234029,0.12761598975380292,0.0
5021.696924347386,20.0,0.002865915880572309,-0.034856912916502954,-0.0011372727869610308,0.004116415815133182,0.0014329579402861546,0.00018238268555040695,0.0012505752547357482,0.08541257180307989,0.1272770682396903,-6.505213034913027e-19
5028.021479667723,20.0,0.002847014898744068,-0.03475048010459066,-0.0011286476785963841,0.004098322709312866,0.001423507449372034,0.00018070094612070557,0.0012428065032513281,0.08501786779747081,0.1269406396154934,2.168404344971009e-19
5034.34603498806,20.0,0.0028283157849871,-0.034644774689537625,-0.0011201225332955044,0.004080380975336986,0.00141415789249355,0.00017904183393488356,0.0012351160585586665,0.08462667048510973,0.12660667870628184,0.0
5040.670590308397,20.0,0.002809815584256811,-0.034539789052356204,-0.0011116958199985762,0.004062588844495061,0.0014049077921284056,0.00017740495715618025,0.0012275028349722251,0.08423893569037544,0.12627516065478966,2.168404344971009e-19
5046.995145628734,20.0,0.002791511396025995,-0.03443551567999323,-0.001103366036528765,0.0040449445739234305,0.0013957556980129975,0.000175789932166778,0.001219965765846219,0.08385461994828383,0.12594606091670135,4.336808689942018e-19
5053.31970094907,20.0,0.0027734003730782316,-0.03433194716351401,-0.0010951317089484438,0.004027446446161613,0.0013867001865391158,0.00017419638336644145,0.0012125038031726742,0.0834736804906652,0.12561935525601645,2.168404344971009e-19
5059.6442562694065,20.0,0.002755479720332295,-0.034229076196323045,-0.0010869913909319071,0.0040100927687171835,0.0013777398601661475,0.00017262394297677924,0.0012051159171893686,0.08309607523265566,0.12529501974049134,-2.168404344971009e-19
5065.968811589743,20.0,0.002737746693696677,-0.03412689557242054,-0.0010789436631540978,0.003992881873638994,0.0013688733468483385,0.00017107225085095227,0.0011978010959973863,0.0827217627594945,0.12497303073715692,0.0
5072.29336691008,20.0,0.0027201985989533366,-0.034025398184693786,-0.001070987132694889,0.003975812117098574,0.0013600992994766683,0.00016954095428865865,0.00119055834518801,0.08235070231361932,0.12465336490791055,-4.336808689942018e-19
5078.617922230417,20.0,0.002702832790669842,-0.03392457702324282,-0.0010631204324584682,0.0039588818789795255,0.001351416395334921,0.00016802970785623135,0.0011833866874786895,0.08198285378205161,0.12433599920518103,2.168404344971009e-19
5084.942477550754,20.0,0.0026856466711390734,-0.03382442517373934,-0.0010553422206074014,0.003942089562474778,0.0013428233355695367,0.0001665381732116915,0.0011762851623578455,0.08161817768406533,0.12402091086766602,-2.168404344971009e-19
5091.26703287109,20.0,0.0026686376893457118,-0.03372493581581835,-0.001047651180010953,0.003925433593691512,0.0013343188446728559,0.000165066018934602,0.0011692528257382538,0.08125663515913073,0.12370807741613839,0.0
5097.591588191427,20.0,0.0026518033399587104,-0.0336261022215016,-0.0010400460177072534,0.003908912421263617,0.0013259016699793552,0.00016361292036057713,0.0011622887496187775,0.08089818795512718,0.12339747664932396,6.505213034913027e-19
5103.916143511764,20.0,0.002635141162349069,-0.03352791775365239,-0.0010325254643789392,0.003892524515971533,0.0013175705811745346,0.00016217855942030358,0.0011553920217542307,0.08054279841681777,0.12308908663984527,4.336808689942018e-19
5110.240698832101,20.0,0.002618648739632112,-0.033430375864460515,-0.0010250882738418647,0.003876268370369291,0.001309324369816056,0.00016076262448293493,0.0011485617453331212,0.0801904294745788,0.1227828857302336,-2.168404344971009e-19
5116.565254152438,20.0,0.002602323697733636,-0.03333347009395731,-0.0010177332225465277,0.0038601424984186453,0.001301161848866818,0.00015936481020372684,0.0011417970386630913,0.0798410446333781,0.12247885252900526,0.0
5122.889809472775,20.0,0.002586163704479233,-0.03323719406855965,-0.00101045910909186,0.0038441454351301396,0.0012930818522396165,0.00015798481737578607,0.0011350970348638304,0.07949460796199603,0.12217696590680359,0.0
5129.214364793112,20.0,0.002570166468706117,-0.03314154149964243,-0.001003264753751019,0.0038282757362109432,0.0012850832343530585,0.0001566223527858053,0.0011284608815672534,0.07915108408248248,0.12187720499260324,-2.168404344971009e-19
5135.538920113448,20.0,0.002554329739396859,-0.033046506182138884,-0.0009961489980088705,0.003812531977719368,0.0012771648696984295,0.00015527712907366834,0.001121887740624761,0.07881043815984487,0.12157954916997767,2.168404344971009e-19
5141.8634754337845,20.0,0.002538651304834375,-0.032952081993168146,-0.0009891107041108081,0.0037969127557258573,0.0012693256524171875,0.000153948864595803,0.001115376787821384,0.07847263589195994,0.12128397807342574,4.336808689942018e-19
5148.188030754121,20.0,0.002523128991777616,-0.03285826289068937,-0.0009821487546226293,0.003781416685980407,0.001261564495888808,0.00015263728329217827,0.0011089272125966295,0.0781376434997059,0.12099047158476109,2.168404344971009e-19
5154.512586074458,20.0,0.0025077606646573586,-0.03276504291218195,-0.0009752620520011368,0.0037660424035862025,0.0012538803323286793,0.00015134211455682808,0.0011025382177718512,0.07780542771730725,0.1206990098295575,0.0
5160.837141394795,20.0,0.002492544224791523,-0.032672416173350996,-0.0009684495181751748,0.003750788562679383,0.0012462721123957614,0.000150063093111802,0.0010962090192839595,0.0774759557828884,0.12040957317365417,-2.168404344971009e-19
5167.161696715132,20.0,0.002477477609619543,-0.03258037686685802,-0.0009617100941368364,0.003735653836114837,0.0012387388048097714,0.00014879995888444176,0.0010899388459253295,0.07714919542923096,0.12012214221971712,2.168404344971009e-19
5173.486252035468,20.0,0.002462558791955174,-0.03248891926107559,-0.000955042739542524,0.0037206369151578274,0.001231279395977587,0.00014755245688788046,0.001083726939089706,0.07682511487472841,0.11983669780385602,4.336808689942018e-19
5179.810807355805,20.0,0.0024477857792573107,-0.032398037698866046,-0.0009484464323236329,0.003705736509181408,0.0012238928896286553,0.00014632033710467433,0.001077572552523981,0.07650368281453497,0.11955322099229597,0.0
5186.135362676142,20.0,0.0024331566129182926,-0.03230772659638343,-0.0009419201683065822,0.0036909513453694904,0.0012165783064591463,0.00014510335437347552,0.0010714749520856707,0.0761848684119033,0.11927169307810455,0.0
5192.459917996479,20.0,0.0024186693675691934,-0.03221798044189816,-0.0009354629608419216,0.003676280168425388,0.0012093346837845967,0.00014390126827864934,0.0010654334155059469,0.07586864128970529,0.11899209557796875,4.336808689942018e-19
5198.784473316816,20.0,0.0024043221504016794,-0.03212879379464396,-0.0009290738404423034,0.0036617217402858267,0.0012021610752008397,0.00014271384304276072,0.0010594472321580784,0.07555497152213367,0.11871441022902705,6.505213034913027e-19
5205.109028637153,20.0,0.002390113100505973,-0.03204016128368677,-0.0009227518544290597,0.003647274839840241,0.0011950565502529865,0.00014154084742183922,0.001053515702831147,0.07524382962657848,0.1184386189857508,2.168404344971009e-19
5211.433583957489,20.0,0.0023760403882244555,-0.0319520776068147,-0.00091649606658715,0.003632938262655251,0.0011880201941122277,0.00014038205460334272,0.0010476381395088847,0.07493518655567429,0.1181647040168758,2.168404344971009e-19
5217.758139277826,20.0,0.0023621022145205364,-0.03186453752944907,-0.0009103055568282715,0.0036187108207042535,0.0011810511072602682,0.00013923724210674482,0.001041813865153523,0.07462901368951483,0.11789264770238356,4.336808689942018e-19
5224.082694598163,20.0,0.002348296810362354,-0.03177753588357584,-0.0009041794208619068,0.0036045913421019968,0.001174148405181177,0.00013810619168666847,0.0010360422134945084,0.0743252828280306,0.11762243263053104,2.168404344971009e-19
5230.4072499184995,20.0,0.0023346224361209026,-0.03169106756669688,-0.0008981167698740907,0.00359057867084403,0.0011673112180604513,0.00013698868923849153,0.0010303225288219595,0.07402396618352505,0.11735404159492736,2.168404344971009e-19
5236.731805238836,20.0,0.0023210773809822223,-0.03160512754080094,-0.0008921167302137045,0.0035766716665509607,0.0011605386904911111,0.00013588452470635618,0.0010246541657847551,0.07372503637336673,0.11708745759165791,-2.168404344971009e-19
5243.056360559173,20.0,0.0023076599623732793,-0.03151971083135377,-0.0008861784430860932,0.003562869204217395,0.0011538299811866396,0.00013479349199351184,0.0010190364891931275,0.07342846641283252,0.11682266381645365,2.168404344971009e-19
5249.380915879509,20.0,0.002294368525401136,-0.03143481252630676,-0.000880301064253806,0.003549170173965473,0.001147184262700568,0.0001337153888749249,0.0010134688738256427,0.07313422970809903,0.11655964366190628,4.336808689942018e-19
5255.705471199846,20.0,0.0022812014423051153,-0.03135042777512417,-0.000874483763744285,0.003535573480802912,0.0011406007211525577,0.0001326500169120919,0.001007950704240466,0.07284230004937843,0.11629838071472663,-2.168404344971009e-19
5262.030026520183,20.0,0.002268157111921577,-0.03126655178782807,-0.0008687257255643125,0.0035220780443854685,0.0011340785559607884,0.00013159718136999406,0.001002481374590794,0.07255265160419544,0.11603885875304755,2.168404344971009e-19
5268.35458184052,20.0,0.002255233959160996,-0.031183179834061065,-0.0008630261474210463,0.0035086827987837305,0.001127616979580498,0.00013055669113613244,0.0009970602884443655,0.07226525891080235,0.11578106174376944,0.0
5274.679137160857,20.0,0.0022424304344970036,-0.031100307242165993,-0.0008573842404494579,0.0034953866922541265,0.0011212152172485018,0.00012952835864158337,0.0009916868586069185,0.07198009687172792,0.11552497383994674,0.0
5281.003692481194,20.0,0.0022297450134671076,-0.031017929398282643,-0.0008517992289460328,0.0034821886870141303,0.0011148725067335538,0.00012851199978402251,0.0009863605069495315,0.07169714074745868,0.11527057937821757,-2.168404344971009e-19
5287.32824780153,20.0,0.002217176196184743,-0.03093604174546074,-0.0008462703501085357,0.003469087759021482,0.0011085880980923714,0.0001275074338526551,0.0009810806642397162,0.0714163661502474,0.11501786287627158,0.0
5293.652803121867,20.0,0.0022047225068624163,-0.03085463978278929,-0.000840796853781722,0.0034560828977574505,0.0011023612534312081,0.00012651448345500779,0.0009758467699762006,0.07113774903804809,0.11476680903036003,-2.168404344971009e-19
5299.977358442204,20.0,0.0021923824933456175,-0.03077371906454155,-0.0008353780022088161,0.003443173106013982,0.0010961912466728087,0.00012553297444552365,0.0009706582722272851,0.07086126570857273,0.11451740271284318,0.0
5306.301913762541,20.0,0.002180154726657223,-0.03069327519933552,-0.0008300130697886139,0.0034303573996846757,0.0010900773633286114,0.00012456273585591328,0.0009655146274726977,0.0705868927934679,0.11426962896977705,4.336808689942018e-19
5312.6264690828775,20.0,0.00216803780055215,-0.030613303849309628,-0.0008247013428380788,0.0034176348075595363,0.001084018900276075,0.0001236035998272144,0.0009604153004488609,0.07031460725260844,0.1140234730185381,-3.2526065174565133e-19
5318.951024403214,20.0,0.0021560303310819667,-0.030533800729313103,-0.0008194421193602696,0.0034050043711233843,0.0010780151655409834,0.00012265540154351006,0.0009553597639974733,0.07004438636850495,0.11377892024548426,0.0
5325.27557972355,20.0,0.002144130956169224,-0.030454761606111058,-0.0008142347088174841,0.0033924651443578927,0.001072065478084612,0.00012171797916726311,0.0009503474989173489,0.06977620774082327,0.11353595620365328,-1.0842021724855044e-19
5331.600135043887,20.0,0.0021323383351912585,-0.03037618229760364,-0.0008090784319094774,0.003380016193547155,0.0010661691675956293,0.00012079117377622098,0.0009453779938194082,0.06951004928101288,0.11329456661049683,1.0842021724855044e-19
5337.924690364224,20.0,0.0021206511485732274,-0.030298058672059234,-0.0008039726203566257,0.0033676565970867157,0.0010603255742866137,0.00011987482930184777,0.0009404507449847658,0.06924588920704182,0.1130547373456492,1.0842021724855044e-19
5344.249245684561,20.0,0.002109068097390129,-0.03022038664736118,-0.0007989166166879117,0.003355385445296004,0.0010545340486950645,0.00011896879246924321,0.0009355652562258213,0.06898370603823578,0.11281645444873156,-1.0842021724855044e-19
5350.573801004898,20.0,0.00209758790297761,-0.030143162190268004,-0.0007939097740336195,0.0033432018402341033,0.001048793951488805,0.00011807291273850808,0.0009307210387502967,0.06872347859021925,0.1125797041171899,1.0842021724855044e-19
5356.898356325235,20.0,0.002086209306551308,-0.030066381315686643,-0.0007889514559226006,0.0033311048955187686,0.001043104653275654,0.00011718704224751498,0.0009259176110281394,0.06846518596995556,0.11234447270416573,-3.2526065174565133e-19
5363.222911645571,20.0,0.00207493106883454,-0.02999004008595849,-0.0007840410360840238,0.003319093736148672,0.00103746553441727,0.00011631103575605059,0.0009211544986612195,0.06820880757088503,0.11211074671640142,-1.0842021724855044e-19
5369.547466965908,20.0,0.002063751969694114,-0.02991413461015811,-0.0007791778982534708,0.0033071674983287612,0.001031875984847057,0.00011544475059128813,0.0009164312342557687,0.06795432306815752,0.11187851281217594,1.0842021724855044e-19
5375.872022286244,20.0,0.0020526708077840674,-0.029838661043404147,-0.0007743614359832873,0.003295325329298704,0.0010263354038920337,0.0001145880465945571,0.0009117473572974767,0.06770171241395807,0.11164775779927329,-1.0842021724855044e-19
948.6832980505137,100.0,0.0002179337928948896,0.010422674871764768,2.0866670269231166e-05,7.170947365939324e-05,0.0001089668964474448,2.788833270316014e-07,0.00010868801312041323,0.007468377695746264,0.0025593399107783897,-2.710505431213761e-20
955.0078533708504,100.0,0.00022145251466883375,0.0105060467623862,2.1490877657889635e-05,7.326131800418108e-05,0.00011072625733441687,2.914539269108063e-07,0.00011043480340750606,0.007634840232916552,0.002632202459716067,1.3552527156068805e-20
961.3324086911872,100.0,0.00022501348533414511,0.01058973349855645,2.213032527571752e-05,7.483753747071349e-05,0.00011250674266707256,3.045204155744753e-07,0.00011220222225149808,0.007804106810833323,0.002706685913711015,0.0
967.656964011524,100.0,0.00022861720810984465,0.010673738580826474,2.2785318174164705e-05,7.643839361547297e-05,0.00011430860405492232,3.180999371405949e-07,0.0001139905041177817,0.007976213852957992,0.0027828170921215703,2.710505431213761e-20
973.9815193318607,100.0,0.00023226419482708246,0.010758065545850343,2.3456166744844552e-05,7.806414999262638e-05,0.00011613209741354123,3.3221016362166103e-07,0.00011579988724991956,0.008151198238561752,0.002860623126771537,0.0
980.3060746521975,100.0,0.00023595496609195055,0.01084271796694363,2.4143186812584508e-05,7.971507216294118e-05,0.00011797748304597527,3.468693099705138e-07,0.00011763061373600476,0.008329097309679049,0.0029401314641993204,0.0
986.6306299725343,100.0,0.000239690051451959,0.010927699454651139,2.4846699730166915e-05,8.139142770233894e-05,0.0001198450257259795,3.620961495453071e-07,0.0001194829295764342,0.008509948878169683,0.00302136986789276,-1.3552527156068805e-20
992.9551852928711,100.0,0.0002434699895662639,0.011013013657324086,2.5567032474790663e-05,8.309348621007097e-05,0.00012173499478313195,3.779100300055127e-07,0.0001213570847531264,0.008693791232891582,0.003104366420508339,4.0657581468206416e-20
999.2797406132078,100.0,0.0002472953283797424,0.011098664261706992,2.630451774628479e-05,8.482151931650021e-05,0.0001236476641898712,3.9433088965120153e-07,0.00012325333330022,0.008880663146986283,0.003189149526073326,0.0
1005.6042959335446,100.0,0.00025116662530100616,0.011184654993534366,2.705949406710505e-05,8.657580069047111e-05,0.00012558331265050308,4.1137927421819355e-07,0.00012517193337628488,0.009070603885279012,0.003275747912169329,0.0
1011.9288512538814,100.0,0.00025508444738445645,0.01127098961813755,2.7832305884146067e-05,8.835660604625174e-05,0.00012754222369222823,4.2907635414206e-07,0.0001271131473380861,0.009263653211795658,0.0033641906320957906,5.421010862427522e-20
1018.253406574218,100.0,0.00025904937151647586,0.011357671941061749,2.862330367240151e-05,9.016421315002964e-05,0.00012952468575823793,4.4744394230432453e-07,0.00012907724181593355,0.009459851397398635,0.003454507067011869,5.421010862427522e-20
1024.5779618945548,100.0,0.0002630619846058655,0.011444705808693605,2.9432844040505703e-05,9.199890182594291e-05,0.00013153099230293276,4.6650451227461063e-07,0.00013106448779065817,0.00965923922754386,0.003546726928055031,-2.710505431213761e-20
1030.9025172148915,100.0,0.00026712288377862966,0.011532095108899416,3.0261289838190395e-05,9.386095396162786e-05,0.00013356144188931483,4.862812170628894e-07,0.00013307516067225195,0.00986185801016106,0.0036408802584347723,0.0
1037.2270725352284,100.0,0.0002712326765772202,0.011619843771674321,3.110901026569154e-05,9.57506535132637e-05,0.0001356163382886101,5.067979083963989e-07,0.00013510954038021365,0.010067749583659686,0.0037369974354997237,5.421010862427522e-20
1043.551627855565,100.0,0.0002753919811643513,0.011707955769802587,3.1976380985140686e-05,9.766828651009366e-05,0.00013769599058217566,5.280791565362305e-07,0.0001371679114256394,0.010276956325062692,0.0038351091727763698,2.710505431213761e-20
1049.8761831759018,100.0,0.00027960142653150107,0.011796435119529271,3.286378423397752e-05,9.961414105840264e-05,0.00013980071326575054,5.501502706490384e-07,0.0001392505629951015,0.010489521158270652,0.003935246521977642,0.0
1056.2007384962385,100.0,0.00028386165271221717,0.011885285881243489,3.377160894041902e-05,0.00010158850734492846,0.00014193082635610859,5.730373197497586e-07,0.00014135778903635882,0.010705487562458411,0.004037440874979416,0.0
1062.5252938165752,100.0,0.0002881733110003508,0.011974512160173534,3.4700250841023344e-05,0.00010359167763968681,0.0001440866555001754,5.967671542317365e-07,0.0001434898883459437,0.010924899580607014,0.004141723965763159,-2.710505431213761e-20
1068.849849136912,100.0,0.0002925370641733426,0.012064118107094068,3.565011260038549e-05,0.00010562394629818521,0.0001462685320866713,6.213674280011038e-07,0.00014564716465867016,0.011147801828173156,0.00424812787232262,2.710505431213761e-20
1075.1744044572488,100.0,0.0002969535867206894,0.012154107919045668,3.662160393300334e-05,0.00010768560976300307,0.0001484767933603447,6.468666212327773e-07,0.0001478299267391119,0.011374239501898817,0.00435668501853262,2.710505431213761e-20
1081.4989597775855,100.0,0.00030142356507772614,0.012244485840066948,3.761514172735349e-05,0.00010977696656471457,0.00015071178253886307,6.732940637659674e-07,0.00015003848847509714,0.011604258388763734,0.004467428175977876,-2.710505431213761e-20
1087.8235150979224,100.0,0.00030594769786485704,0.012335256161939541,3.863115017221648e-05,0.00011189831732212851,0.00015297384893242852,7.006799591576055e-07,0.00015227316897327095,0.011837904875083306,0.004580390465739731,-2.710505431213761e-20
1094.148070418259,100.0,0.00031052669613237824,0.012426423224946236,3.967006088529197e-05,0.00011404996474181953,0.00015526334806618912,7.290554094126525e-07,0.00015453429265677645,0.012075225955754639,0.004695605360138534,2.710505431213761e-20
1100.4726257385958,100.0,0.00031516128361103375,0.012517991418642465,4.073231304414532e-05,0.0001162322136169248,0.00015758064180551687,7.584524404108347e-07,0.00015682218936510607,0.012316269243653572,0.004813106684429568,-2.710505431213761e-20
1106.7971810589327,100.0,0.0003198521969684575,0.012609965182641536,4.181835351952785e-05,0.00011844537082517919,0.00015992609848422876,7.889040280499209e-07,0.00015913719445617884,0.012561082979185519,0.004932928618450098,0.0
1113.1217363792694,100.0,0.000324600186071647,0.012702349007413776,4.292863701111277e-05,0.00012068974532615928,0.0001623000930358235,8.204441251262533e-07,0.00016147964891069727,0.012809716039992872,0.00505510569821523,-2.710505431213761e-20
1119.446291699606,100.0,0.0003294060142556323,0.012795147435099965,4.4063626185691666e-05,0.00012296564815770993,0.00016470300712781614,8.53107688973904e-07,0.0001638498994388422,0.013062217950822165,0.005179672817460207,2.710505431213761e-20
1125.770847019943,100.0,0.00033427045859849773,0.012888365060339356,4.522379181787471e-05,0.00012527339243152135,0.00016713522929924886,8.86930709884421e-07,0.00016624829858936447,0.013318638893553808,0.005306665229126575,-2.710505431213761e-20
1132.0954023402796,100.0,0.00033919431020292294,0.012982006531112504,4.640961293334028e-05,0.00012761329332782698,0.00016959715510146147,9.219502403298238e-07,0.00016867520486113166,0.013579029717397512,0.005436118546789698,-2.710505431213761e-20
1138.4199576606163,100.0,0.0003441783744844168,0.01307607654959939,4.762157695468072e-05,0.00012998566808919185,0.0001720891872422084,9.582044250122064e-07,0.0001711309828171962,0.01384344194925674,0.005568068746025126,0.0
1144.7445129809532,100.0,0.00034922347146641405,0.013170579873052937,4.886017984988938e-05,0.00013239083601335644,0.00017461173573320702,9.957325317639488e-07,0.0001736160032014431,0.014111927804265076,0.005702552165710956,-2.710505431213761e-20
1151.06906830129,100.0,0.0003543304360824231,0.013265521314688472,5.012592628353844e-05,0.00013482911844510493,0.00017716521804121154,1.0345749833233432e-06,0.00017613064305788825,0.014384540196498067,0.005839605509263585,-5.421010862427522e-20
1157.3936236216266,100.0,0.00035950011848540455,0.013360905744589317,5.141932977069508e-05,0.0001373008387671229,0.00017975005924270227,1.0747733900111483e-06,0.00017867528585269115,0.014661332749863828,0.005979265845804073,-2.710505431213761e-20
1163.7181789419635,100.0,0.0003647333843645754,0.013456738090628922,5.27409128336253e-05,0.00013980632238980766,0.0001823666921822877,1.116370583334345e-06,0.00018125032159895337,0.01494235980917569,0.0061215706112520704,-2.710505431213761e-20
1170.0427342623002,100.0,0.00037003111526983447,0.013553023339409874,5.4091207161336514e-05,0.00014234589673999733,0.00018501555763491724,1.15941065054423e-06,0.00018385614698437295,0.015227676451410637,0.0062665576093446276,5.421010862427522e-20
1176.3672895826369,100.0,0.00037539420894401425,0.013649766537220201,5.547075377200952e-05,0.00014491989124857906,0.00018769710447200712,1.2039389701767444e-06,0.0001864931655018304,0.015517338497156943,0.0064142650125766755,-2.710505431213761e-20
1182.6918449029738,100.0,0.0003808235796631644,0.01374697279100722,5.6880103178372114e-05,0.0001475286373369387,0.0001904117898315822,1.2500022486038119e-06,0.00018916178758297838,0.015811402522254703,0.006564731363060184,0.0
1189.0164002233105,100.0,0.0003863201585850838,0.013844647269369436,5.831981555606762e-05,0.00015017246840221218,0.0001931600792925419,1.2976485576253582e-06,0.00019186243073491654,0.016109925869633033,0.006717995573298885,0.0
1195.3409555436474,100.0,0.00039188489410632506,0.013942795203566867,5.979046091507258e-05,0.00015285171980129823,0.00019594244705316253,1.34692737313257e-06,0.00019459551968002993,0.01641296666134779,0.006874096926875297,2.710505431213761e-20
1201.665510863984,100.0,0.0003975187522278914,0.014041421888550062,6.12926192742178e-05,0.00015556672883358864,0.0001987593761139457,1.3978896148738759e-06,0.0001973614864990718,0.016720583810823565,0.007033075079046773,0.0
1207.9900661843208,100.0,0.0004032227169298723,0.014140532684008443,6.282688083887055e-05,0.00015831783472237585,0.00020161135846493615,1.4505876873561577e-06,0.00020016077077757998,0.017032837035304234,0.007194970057247251,2.710505431213761e-20
1214.3146215046577,100.0,0.0004089977905552464,0.014240133015438165,6.439384618183268e-05,0.00016110537859489012,0.0002044988952776232,1.5050755219146205e-06,0.00020299381975570857,0.017349786868515824,0.007359822261491257,0.0
1220.6391768249944,100.0,0.000414844994203111,0.014340228375230107,6.599412642751482e-05,0.0001639297034609227,0.0002074224971015555,1.561408619985843e-06,0.0002058610884815697,0.01767149467354611,0.007527672464676609,-5.421010862427522e-20
1226.963732145331,100.0,0.00042076536813158834,0.014440824323778304,6.762834343944474e-05,0.00016679115418998715,0.00021038268406579417,1.6196440976195776e-06,0.00020876303996817462,0.017998022655945165,0.007698561812782354,-2.710505431213761e-20
1233.288287465668,100.0,0.0004267599721706738,0.014541926490609345,6.929713001117026e-05,0.00016969007748697065,0.0002133799860853369,1.6798407312659567e-06,0.00021170014535407087,0.018329433877051177,0.00787253182495822,8.131516293641283e-20
1239.6128427860046,100.0,0.0004328298861453006,0.014643540575533213,7.100113006061874e-05,0.00017262682186622525,0.0002164149430726503,1.742059004875918e-06,0.00021467288406777445,0.018665792267546093,0.00804962439350184,-5.421010862427522e-20
1245.9373981063413,100.0,0.0004389762103088948,0.014745672349815922,7.274099882797421e-05,0.0001756017376240474,0.0002194881051544474,1.8063611583538064e-06,0.00021768174399609363,0.019007162641245568,0.00822988178372,-2.710505431213761e-20
1252.2619534266782,100.0,0.00044520006578771667,0.014848327657374635,7.451740307713771e-05,0.00017861517680949502,0.00022260003289385834,1.8728112374023888e-06,0.000220727221656456,0.019353610709128097,0.008413346633670065,-5.421010862427522e-20
1258.586508747015,100.0,0.0004515025950362762,0.014951512415995509,7.633102130083296e-05,0.00018166749319348396,0.0002257512975181381,1.9414751448016375e-06,0.00022380982237333642,0.019705203093607727,0.00860006195377747,5.421010862427522e-20
1264.9110640673516,100.0,0.0004578849623041417,0.015055232618575096,7.818254392942703e-05,0.00018475904223611388,0.00022894248115207084,2.012420693164145e-06,0.0002269300604589067,0.020062007343055903,0.00879007112632553,0.0
1271.2356193876885,100.0,0.0004643483541144419,0.015159494334385456,8.007267354352903e-05,0.0001878901810521603,0.00023217417705722094,2.0857176592111077e-06,0.00023008845939800988,0.020424091946576756,0.008983417904813195,-5.421010862427522e-20
1277.5601747080252,100.0,0.0004708939797543972,0.015264303710363825,8.200212509043803e-05,0.00019106126837467735,0.0002354469898771986,2.1614378396144164e-06,0.00023328555203758422,0.02079152634904141,0.009180146413176705,-5.421010862427522e-20
1283.884730028362,100.0,0.00047752307177821514,0.015369666972427275,8.397162610450975e-05,0.00019427266451665134,0.00023876153588910757,2.2396551084517474e-06,0.00023652188078065583,0.021164380966386648,0.009380301144870972,0.0
1290.2092853486986,100.0,0.00048423688652268515,0.015475590426812827,8.598191693151077e-05,0.00019752473133063898,0.00024211844326134258,2.320445476322916e-06,0.00023979799778501968,0.021542727201182846,0.00958392696180616,-2.710505431213761e-20
1296.5338406690353,100.0,0.0004910367046358407,0.015582080461443777,8.803375095703504e-05,0.00020081783216632966,0.00024551835231792035,2.403887151177471e-06,0.00024311446516674286,0.02192663745847717,0.009791069093135207,2.710505431213761e-20
1302.8583959893722,100.0,0.0004979238316190512,0.015689143547322756,9.012789483905562e-05,0.00020415233182596631,0.0002489619158095256,2.490060600904966e-06,0.0002464718552086206,0.022316185161917645,0.010001773133887866,5.421010862427522e-20
1309.1829513097089,100.0,0.0005048995983829144,0.015796786239951996,9.226512874468455e-05,0.00020752859651755216,0.0002524497991914572,2.5790486177409085e-06,0.0002498707505737162,0.022711444770163385,0.010216085043446463,5.421010862427522e-20
1315.5075066300456,100.0,0.0005119653618173552,0.015905015180781728,9.444624659122098e-05,0.00021094699380578115,0.0002559826809086776,2.6709363845432996e-06,0.00025331174452413433,0.023112491793587726,0.010434051143859072,0.0
1321.8320619503825,100.0,0.0005191225053763175,0.016013837098687016,9.667205629156153e-05,0.000214407892560614,0.00025956125268815876,2.7658115429961315e-06,0.0002567954411451627,0.02351940281127959,0.010655718117985137,-5.421010862427522e-20
1328.1566172707192,100.0,0.0005263724396774704,0.01612325881147391,9.894338000405455e-05,0.00021791166290342922,0.0002631862198387352,2.8637642637982253e-06,0.0002603224555749371,0.023932255488349714,0.01088113300746889,-1.0842021724855044e-19
1334.4811725910558,100.0,0.0005337166031173591,0.01623328722741552,0.00010126105438687808,0.0002214586761506746,0.00026685830155867953,2.9648873188975823e-06,0.00026389341423978187,0.024351128593548113,0.011110343210535771,5.421010862427522e-20
1340.8057279113928,100.0,0.0005411564625024363,0.016343929346818706,0.00010362593085702399,0.0002250493047549385,0.00027057823125121815,3.0692761558332953e-06,0.0002675089550953849,0.024776102017199136,0.011343396479606773,-5.421010862427522e-20
1347.1302832317294,100.0,0.0005486935136964295,0.01645519226362201,0.000106038875853971,0.0002286839222433625,0.00027434675684821476,3.177028974249108e-06,0.0002711697278739656,0.025207256789460876,0.011580340918725833,5.421010862427522e-20
1353.4548385520661,100.0,0.000556329282284519,0.016567083167025758,0.00010850077110813413,0.00023236290315331457,0.0002781646411422595,3.2882468046448183e-06,0.00027487639433761477,0.025644675098916027,0.011821224980795228,-5.421010862427522e-20
1359.779393872403,100.0,0.0005640653242548041,0.01667960934315485,0.00011101251391417531,0.00023608662296523635,0.00028203266212740205,3.4030335894337313e-06,0.0002786296285379683,0.026088440311500923,0.012066097464613817,5.421010862427522e-20
1366.1039491927397,100.0,0.0005719032266975587,0.01679277817675516,0.00011357501740926437,0.00023985545803257752,0.00028595161334877937,3.5214962663766136e-06,0.00028243011708240276,0.026538636989780064,0.012315007511712805,0.0
1372.4285045130764,100.0,0.0005798446085227965,0.01690659715292425,0.00011618921085638207,0.00024366978550873148,0.00028992230426139827,3.6437448544650014e-06,0.0002862785594069332,0.026995350912573823,0.01256800460298407,5.421010862427522e-20
1378.7530598334133,100.0,0.0005878911211966698,0.017021073858877245,0.00011885603993275479,0.0002475299832708758,0.0002939455605983349,3.769892542328833e-06,0.00029017566805600607,0.027458669094946438,0.01282513855509539,0.0
1385.07761515375,100.0,0.0005960444494972561,0.01713621598574867,0.0001215764670235163,0.0002514364298406271,0.0002980222247486281,3.900055779246036e-06,0.0002941221689693821,0.02792867980856251,0.013086459516687403,-5.421010862427522e-20
1391.4021704740867,100.0,0.0006043063122903,0.01725203133043112,0.00012435147152069237,0.0002553895043014122,0.00030215315614515,4.034354368834131e-06,0.00029811880177631585,0.028405472602419875,0.013352017964346815,5.421010862427522e-20
1397.7267257944236,100.0,0.0006126784633254905,0.01736852779745165,0.00012718205012760442,0.00025938958621245624,0.00030633923166274523,4.172911565506487e-06,0.00030216632009723884,0.028889138323966976,0.013621864698350247,-1.0842021724855044e-19
1404.0512811147603,100.0,0.0006211626920538792,0.017485713400886678,0.00013006921716879208,0.00026343705551928453,0.0003105813460269396,4.31585417377865e-06,0.00030626549185316097,0.029379769140613236,0.013896050838173312,0.0
1410.375836435097,100.0,0.0006297608244670657,0.01760359626631647,0.00013301400490555606,0.00026753229246063407,0.00031488041223353287,4.463312650512877e-06,0.00031041709958302006,0.029877458561641004,0.014174627817759066,-5.421010862427522e-20
1416.7003917554337,100.0,0.0006384747239587922,0.017722184632820073,0.00013601746385722563,0.0002716756774716689,0.0003192373619793961,4.615421210192097e-06,0.00031462194076920403,0.03038230146052829,0.014457647380540568,0.0
1423.0249470757703,100.0,0.0006473062922096051,0.017841486855011603,0.0001390806631282522,0.0002758675910833824,0.00032365314610480255,4.772317933317132e-06,0.00031888082817148545,0.03089439409769071,0.014745161574211307,-5.421010862427522e-20
1429.3495023961073,100.0,0.0006562574700952845,0.01796151140511903,0.00014220469074124228,0.00028010841381807957,0.00032812873504764223,4.934144878024643e-06,0.0003231945901696176,0.031413834143652834,0.015037222745238195,0.0
1435.674057716444,100.0,0.0006653302386197338,0.018082266875106348,0.00014539065397603312,0.0002843985260808167,0.0003326651193098669,5.101048195025979e-06,0.0003275640711148408,0.031940720702657854,0.015333883533111015,1.0842021724855044e-19
1441.9986130367806,100.0,0.0006745266198730758,0.018203761978840268,0.00014863967971492735,0.0002887383080466816,0.0003372633099365379,5.27317824597083e-06,0.00033199013169056703,0.03247515433672588,0.015635196864322635,0.0
1448.3231683571175,100.0,0.0006838486780157018,0.018326005554302447,0.0001519529147941986,0.0002931281395437885,0.0003419243390078509,5.450689725342785e-06,0.0003364736492825083,0.0330172370901709,0.015941215946074058,-2.168404344971009e-19
1454.6477236774542,100.0,0.0006932985202890588,0.018449006565848386,0.00015533152636198328,0.00029756839993186124,0.0003466492601445294,5.6337417859975806e-06,0.0003410155183585318,0.03356707251458661,0.016251994259698376,0.0
1460.972278997791,100.0,0.0007028782980539859,0.018572774106514228,0.00015877670224267998,0.0003020594679762748,0.00035143914902699294,5.822498168458542e-06,0.0003456166508585344,0.03412476569431222,0.016567585553797632,0.0
1467.2968343181278,100.0,0.0007125902078574274,0.01869731740037242,0.00016228965130797528,0.0003066017217174201,0.0003562951039287137,6.0171273340875246e-06,0.00035027797659462615,0.03469042327238895,0.01688804383708683,0.0
1473.6213896384645,100.0,0.0007224364925283851,0.01882264580493759,0.0001658716038546185,0.0003111955383352526,0.00036121824626419253,6.217802602253557e-06,0.00035500044366193896,0.03526415347701844,0.01721342337093874,0.0
1479.9459449588012,100.0,0.0007324194423040139,0.018948768813623947,0.00016952381198907627,0.00031584129400888866,0.00036620972115200697,6.424702291625847e-06,0.00035978501886038125,0.03584606614853532,0.017543778661623977,-1.0842021724855044e-19
1486.270500279138,100.0,0.0007425413959867641,0.019075696058255247,0.00017324755001918985,0.00032053936377109615,0.00037127069799338205,6.638009865721539e-06,0.0003646326881276604,0.036436272766905066,0.01787916445223981,1.0842021724855044e-19
1492.5950555994748,100.0,0.0007528047421335301,0.019203437311628806,0.00017704411485296894,0.00032529012135753464,0.00037640237106676506,6.857914082843542e-06,0.00036954445698392143,0.03703488647975998,0.018219635714322075,1.0842021724855044e-19
1498.9196109198117,100.0,0.000763211920277798,0.019332002490134857,0.0001809148264046585,0.0003300939390505913,0.000381605960138899,7.084609150548161e-06,0.00037452135098835096,0.0376420221309859,0.018565247639134006,-1.0842021724855044e-19
1505.2441662401484,100.0,0.0007737654221857954,0.01946140165643258,0.00018486102800821104,0.0003349511875176516,0.0003868827110928977,7.31829488478688e-06,0.00037956441620811077,0.03825779628987242,0.01891605562862596,5.421010862427522e-20
1511.568721560485,100.0,0.000784467793147714,0.019591645022184398,0.00018888408683830912,0.0003398622356436459,0.000392233896573857,7.559176873871949e-06,0.00038467471969998493,0.038882327280840456,0.01927211528606011,1.0842021724855044e-19
1517.893276880822,100.0,0.000795321633305073,0.019722742950849678,0.00019298539433907676,0.0003448274503577011,0.0003976608166525365,7.807466647420089e-06,0.00038985335000511626,0.039515735213760325,0.019633482406294023,1.0842021724855044e-19
1524.2178322011587,100.0,0.0008063295990153692,0.019854705960539655,0.00019716636666062857,0.0003498471964537281,0.0004031647995076846,8.063381850434343e-06,0.00039510141765725017,0.040158142014875,0.020000212965717138,5.421010862427522e-20
1530.5423875214954,100.0,0.0008174944042551723,0.019987544726935005,0.000201428445103607,0.000354921836404771,0.00040874720212758615,8.327146422689593e-06,0.00040042005570489655,0.040809671458343286,0.02037236311183449,0.0
1536.8669428418323,100.0,0.0008288188220628611,0.02012127008626753,0.00020577309657185514,0.00036005173017092905,0.00041440941103143054,8.598990783592476e-06,0.00040581042024783804,0.041470449198417116,0.020749989152491263,0.0
1543.191498162169,100.0,0.0008403056860222664,0.020255893038367816,0.00021020181403338768,0.0003652372350006735,0.0004201528430111332,8.879152022693207e-06,0.00041127369098843984,0.042140602802269465,0.021133147544732733,1.6263032587282567e-19
1549.5160534825056,100.0,0.0008519578917884977,0.020391424749780354,0.00021471611698981573,0.00037047870522536426,0.00042597894589424887,9.16787409603233e-06,0.0004168110717982165,0.042820261783488266,0.02152189488329382,0.0
1555.8406088028426,100.0,0.0008637783986572967,0.02052787655694797,0.00021931755195438922,0.0003757764920467671,0.00043188919932864834,9.46540802851201e-06,0.0004224237913001365,0.04350955763625277,0.021916287888712072,-1.6263032587282567e-19
1562.1651641231792,100.0,0.0008757702311792951,0.02066525996946723,0.00022400769293882437,0.00038113094331737325,0.00043788511558964755,9.77201212248827e-06,0.00042811310346715925,0.04420862387020947,0.02231638339505893,5.421010862427522e-20
1568.489719443516,100.0,0.000887936480820617,0.02080358667341681,0.0002287881419490878,0.0003865424033133106,0.0004439682404103085,1.0087952172787302e-05,0.0004338802882375212,0.044917596046064844,0.02272223833728326,0.0
1574.8142747638528,100.0,0.0009002803076712996,0.02094286853476052,0.00023366052949030987,0.00039201121249963345,0.0004501401538356498,1.0413501688356236e-05,0.00043972665214729367,0.045636611811913114,0.023133909738161904,-1.0842021724855044e-19
1581.1388300841895,100.0,0.0009128049422030693,0.021083117602827033,0.00023862651508100823,0.0003975377072877692,0.00045640247110153464,1.0748942120766135e-05,0.00044565352898076843,0.04636581094031708,0.023551454694851655,5.421010862427522e-20
1587.4633854045262,100.0,0.0009255136870780744,0.021224346113868427,0.00024368778777680565,0.0004031222197849002,0.0004627568435390372,1.1094563099792942e-05,0.00045166228043924434,0.04710533536616195,0.023974930365037436,-5.421010862427522e-20
1593.7879407248631,100.0,0.0009384099190101946,0.021366566494699184,0.00024884606670382497,0.00040876507753504106,0.0004692049595050973,1.145066267630963e-05,0.0004577542968287878,0.04785532922530077,0.024404393952671407,-1.0842021724855044e-19
1600.1124960451998,100.0,0.0009514970906806656,0.02150979136641834,0.0002541031016019601,0.0004144666032515795,0.0004757485453403328,1.1817547572731914e-05,0.00046393099776760073,0.048615938894012764,0.024839902693297947,1.6263032587282567e-19
1606.4370513655365,100.0,0.0009647787327097602,0.021654033548216486,0.00025946067337821504,0.00042022711454102994,0.0004823893663548801,1.2195533441267835e-05,0.0004701938329136121,0.04938731302929495,0.025281513838959564,1.6263032587282567e-19
1612.7616066858734,100.0,0.0009782584556863676,0.021799306061270025,0.00026492059467031373,0.0004260469236177483,0.0004891292278431838,1.2584945130231006e-05,0.0004765442827129529,0.050169602610008794,0.025729284642678877,-1.0842021724855044e-19
1619.08616200621,100.0,0.000991939952257366,0.021945622132725048,0.0002704847104207882,0.00043192633700934557,0.000495969976128683,1.2986116958686424e-05,0.00048298385916999636,0.05096296097890393,0.026183272342511884,1.6263032587282567e-19
1625.4107173265468,100.0,0.0010058269992787572,0.02209299519977319,0.00027615489846175874,0.00043786565525253914,0.0005029134996393786,1.3399392999707989e-05,0.0004895141066396706,0.05176754388554278,0.026643534145168537,0.0
1631.7352726468837,100.0,0.0010199234600306,0.02224143891382181,0.00028193307011061957,0.0004438651725791567,0.0005099617300153,1.3825127372536206e-05,0.0004961366026427638,0.05258350953014872,0.027110127209195523,0.0
1638.0598279672204,100.0,0.0010342332864978468,0.022390967144761065,0.0002878211707768555,0.00044992517659201564,0.0005171166432489234,1.4263684543935817e-05,0.0005028529587049877,0.05341101860840292,0.027583108627717744,-1.0842021724855044e-19
1644.384383287557,100.0,0.0010487605217192907,0.022541593985330597,0.00029382118058021944,0.0004560459479303846,0.0005243802608596454,1.4715439639063853e-05,0.0005096648212205814,0.054250234357215175,0.028062535410734234,1.0842021724855044e-19
1650.708938607894,100.0,0.0010635093022068848,0.022693333755588373,0.0002999351149805052,0.0004622277599247285,0.0005317546511034424,1.5180778762170068e-05,0.0005165738723412723,0.05510132260149491,0.028548464466965136,0.0
1657.0334939282307,100.0,0.0010784838604377784,0.02284620100748432,0.0003061650254191514,0.0004684708782404203,0.0005392419302188892,1.5660099327463012e-05,0.0005235818308914263,0.055964451801948374,0.02904095258524548,-1.0842021724855044e-19
1663.3580492485673,100.0,0.0010936885274215433,0.023000210529541997,0.0003125129999729358,0.00047477556051011514,0.0005468442637107716,1.615381040048891e-05,0.0005306904533102827,0.05683979310393188,0.02954005641546371,1.0842021724855044e-19
1669.6826045689043,100.0,0.0011091277353450961,0.023155377351650814,0.0003189811640200027,0.000481142055954446,0.0005545638676725481,1.666233305038136e-05,0.0005379015346221665,0.05772752038738778,0.030045832449040702,1.0842021724855044e-19
1676.007159889241,100.0,0.0011248060202979574,0.023311716749971994,0.00032557168091849046,0.00048757060499070965,0.0005624030101489787,1.7186100713354897e-05,0.0005452169094356241,0.05862781031789418,0.030558336998947347,-2.168404344971009e-19
1682.3317152095779,100.0,0.001140728025080587,0.02346924425196145,0.00033228675269802955,0.0004940614388291965,0.0005703640125402935,1.7725559567828865e-05,0.0005526384529724646,0.05954084239885906,0.031077626179258,1.0842021724855044e-19
1688.6562705299145,100.0,0.0011568985020986033,0.02362797564151263,0.0003391286207643806,0.0005006147790568018,0.0005784492510493017,1.8281168921582085e-05,0.0005601680821277195,0.06046679902488982,0.0316037558842374,0.0
1694.9808258502512,100.0,0.00117332231634586,0.023787926964222817,0.00034609956661750644,0.0005072308372075573,0.00058666115817293,1.8853401611355267e-05,0.0005678077565615748,0.06140586553637244,0.03213678176695968,-1.0842021724855044e-19
1701.3053811705881,100.0,0.0011900044484793998,0.02394911453278611,0.0003532019125833599,0.0005139098143196931,0.0005950022242396999,1.9442744415332238e-05,0.0005755594798243675,0.06235823027529283,0.03267675921745735,1.0842021724855044e-19
1707.6299364909248,100.0,0.001206949997989472,0.024111554932516727,0.00036043802255969454,0.0005206519004788478,0.000603474998994736,2.0049698478948946e-05,0.000583425300515787,0.06332408464233644,0.033223743340399486,1.0842021724855044e-19
1713.9544918112615,100.0,0.001224164186467907,0.024275265027006238,0.0003678103027762083,0.0005274572743470185,0.0006120820932339534,2.0674779754495597e-05,0.0005914073134794576,0.06430362315530222,0.03377778893229796,2.168404344971009e-19
1720.2790471315984,100.0,0.0012416523609782534,0.02444026196391844,0.00037532120256933475,0.0005343261026768385,0.0006208261804891267,2.1318519454995553e-05,0.0005995076610341312,0.06529704350886884,0.03433895045824172,-1.0842021724855044e-19
1726.603602451935,100.0,0.001259419997531239,0.024606563180925724,0.00038297321517201166,0.0005412585398107462,0.0006297099987656195,2.1981464522862455e-05,0.000607728534242757,0.06630454663575108,0.03490728202815792,0.0
1732.9281577722718,100.0,0.0012774727046692372,0.024774186411791,0.00039076887851876863,0.0005482547271646155,0.0006387363523346186,2.2664178113858157e-05,0.0006160721742207605,0.06732633676928837,0.0354828373726018,0.0
1739.2527130926087,100.0,0.0012958162271635787,0.024943149692599163,0.00039871077606647685,0.0005553147926953796,0.0006479081135817894,2.3367240096892236e-05,0.000624540873484897,0.06836262150750545,0.03606566981807436,1.0842021724855044e-19
1745.5772684129454,100.0,0.0013144564498286816,0.02511347136814246,0.00040680153763112325,0.0005624388503521855,0.0006572282249143408,2.4091247570226716e-05,0.000633136977344114,0.0694136118786895,0.03665583226187011,0.0
1751.901823733282,100.0,0.001333399401457148,0.025285170098463976,0.00041504384024097936,0.0005696269995105898,0.000666699700728574,2.4836815394670858e-05,0.0006418628853339031,0.0704795224085278,0.03725337714645592,1.0842021724855044e-19
1758.226379053619,100.0,0.0013526512588801394,0.02545826486556407,0.00042344040900655033,0.0005768793243893001,0.0006763256294400697,2.5604576744374502e-05,0.0006507210526956953,0.071560571188853,0.037858356433383346,-1.0842021724855044e-19
1764.5509343739557,100.0,0.001372218351157473,0.025632774980273918,0.0004319940180076862,0.0005841958934489332,0.0006861091755787365,2.6395183675851124e-05,0.0006597139919028855,0.07265697994804234,0.038470821576736175,-1.0842021724855044e-19
1770.8754896942924,100.0,0.0013921071639021426,0.025808720089301546,0.00044070749119828293,0.0005915767587722742,0.0006960535819510713,2.7209307715889702e-05,0.0006688442742351815,0.07376897412312267,0.039090823496117526,1.0842021724855044e-19
1777.2000450146293,100.0,0.0014123243437440542,0.02598612018245484,0.00044958370332897295,0.000599021955425467,0.0007061621718720271,2.8047640469037198e-05,0.0006781145314029899,0.074896782933631,0.03971841254917868,0.0
1783.524600334966,100.0,0.0014328767029380483,0.026164995600046967,0.00045862558088825194,0.0006065315007995765,0.0007164383514690241,2.8910894245363654e-05,0.0006875274572236607,0.0760406394572845,0.04035363850369426,-2.168404344971009e-19
1789.8491556553026,100.0,0.0014537712241214304,0.026345367040489388,0.0004678361030624877,0.0006141053939319338,0.0007268856120607152,2.9799802709249507e-05,0.0006970858093514655,0.07720078070751553,0.0409965505091885,2.168404344971009e-19
1796.1737109756396,100.0,0.0014750150652264597,0.02652725556807793,0.00047721830271527115,0.0006217436148066511,0.0007375075326132299,3.071512154996428e-05,0.0007067924110632655,0.0783774477129286,0.0416471970681175,1.0842021724855044e-19
1802.4982662959762,100.0,0.0014966155645534799,0.026710682620977578,0.0004867752673865918,0.0006294461236336804,0.0007483077822767399,3.165762917483772e-05,0.0007166501531019023,0.0795708855987386,0.042305626006612966,-1.0842021724855044e-19
1808.822821616313,100.0,0.00151858024601059,0.026895670019411833,0.000496510140312333,0.0006372128601057648,0.000759290123005295,3.262812742585707e-05,0.0007266619955794379,0.08078134367025232,0.04297188444479415,0.0
1815.1473769366498,100.0,0.0015409168245260126,0.02708223997406278,0.0005064261214646001,0.0006450437426326138,0.0007704584122630063,3.362744232055838e-05,0.000736830969942448,0.08200907549845735,0.04364601876665499,-1.0842021724855044e-19
1821.4719322569865,100.0,0.0015636332116395458,0.02727041509468774,0.000516526468613405,0.000652938667551594,0.0007818166058197729,3.4656424818114295e-05,0.0007471601810016586,0.08325433900778301,0.04432807458953285,0.0
1827.7964875773232,100.0,0.001586737521279792,0.027460218398959447,0.0005268144984102685,0.0006608975083142316,0.000793368760639896,3.571595161156113e-05,0.0007576528090283349,0.08451739656610481,0.04501809673316886,0.0
1834.1210428976601,100.0,0.0016102380757340939,0.027651673321535987,0.0005372935874942958,0.0006689201146477667,0.0008051190378670469,3.68069259471436e-05,0.0007683121119199032,0.08579851507706132,0.04571612918836692,1.0842021724855044e-19
1840.4455982179968,100.0,0.0016341434118184064,0.027844803723367506,0.0005479671736213187,0.0006770063116909914,0.0008170717059092032,3.7930278471798813e-05,0.0007791414274374045,0.08709796607475838,0.04642221508526181,-1.0842021724855044e-19
1846.7701535383335,100.0,0.001658462287254695,0.028039633901247023,0.0005588387568167211,0.0006851558991035795,0.0008292311436273475,3.9086968109844635e-05,0.0007901441755175028,0.08841602582093885,0.0471363966612066,1.0842021724855044e-19
1853.0947088586704,100.0,0.0016832036872636471,0.02823618859761224,0.0005699119005525631,0.00069336865014806,0.0008416018436318236,4.0277982969978865e-05,0.0008013238606618447,0.08975297540469493,0.04785871522828949,0.0
1859.419264179007,100.0,0.0017083768313809582,0.02843449301060633,0.0005811902329496708,0.0007016443107435931,0.0008541884156904791,4.150434128374722e-05,0.0008126840744067318,0.09110910084480828,0.048589211140492215,1.0842021724855044e-19
1865.7438194993435,100.0,0.0017339911805057072,0.02863457280440546,0.0005926774480053708,0.0007099825984906495,0.0008669955902528536,4.276709237668468e-05,0.0008242284978761689,0.09248469319480353,0.049327923760502566,0.0
1872.0683748196802,100.0,0.0017600564441897283,0.028836454119821022,0.0006043773068475617,0.0007183832016656642,0.0008800282220948641,4.406731767338611e-05,0.0008359609044214782,0.09388004865080345,0.05007489142619315,-2.168404344971009e-19
1878.3929301400171,100.0,0.001786582588177291,0.029040163585185175,0.0006162936390158636,0.000726845778184713,0.0008932912940886455,4.540613173781783e-05,0.0008478851623508278,0.09529546866227988,0.0508301514167807,-1.0842021724855044e-19
1884.7174854603538,100.0,0.0018135798422047648,0.02924572832752822,0.0006284303437705959,0.0007353699545352107,0.0009067899211023824,4.678468335023736e-05,0.0008600052377521452,0.09673126004579632,0.05159373991868076,-1.0842021724855044e-19
1891.0420407806905,100.0,0.0018410587080704092,0.029453175984056962,0.0006407913914303757,0.0007439553246746004,0.0009205293540352046,4.8204156622148344e-05,0.0008723251974130562,0.0981877351018429,0.05236569199107238,0.0
1897.3665961010274,100.0,0.0018690299679848194,0.02966253471394314,0.00065338082473914,0.0007526014488949549,0.0009345149839924097,4.966577215077921e-05,0.0008848492118416307,0.09966521173486685,0.053146041531189195,-2.168404344971009e-19
1903.691151421364,100.0,0.001897504693213079,0.029873833210431727,0.0006662027602634537,0.0007613078526523784,0.0009487523466065394,5.117078821464102e-05,0.0008975815583918985,0.10116401357660838,0.05393482123935367,-1.0842021724855044e-19
1910.0157067417008,100.0,0.0019264942530201085,0.030087100713279004,0.0006792613898209722,0.0007700740253600474,0.0009632471265100543,5.272050201178728e-05,0.0009105266244982672,0.10268447011285327,0.054732062583772466,-2.168404344971009e-19
1916.3402620620377,100.0,0.0019560103239312345,0.030302367021530625,0.0006925609819409738,0.0007788994191436842,0.0009780051619656172,5.431625094247071e-05,0.0009236889110231464,0.10422691681372016,0.055537795765110955,1.0842021724855044e-19
1922.6648173823744,100.0,0.0019860648993205183,0.030519662506650364,0.000706105883357911,0.0007877834475582041,0.0009930324496602591,5.595941393796726e-05,0.000937073035722292,0.10579169526760336,0.056352049680866274,-1.0842021724855044e-19
1928.989372702711,100.0,0.0020166702993399833,0.03073901812601064,0.0007199005205389686,0.0007967254842642388,0.0010083351496699916,5.765141283741819e-05,0.0009506837368325733,0.10737915331889909,0.05717485188955911,2.168404344971009e-19
1935.313928023048,100.0,0.002047839181203426,0.03096046543675627,0.0007339494012466546,0.0008057248616631708,0.001023919590601713,5.939371381462293e-05,0.0009645258767870902,0.10898964520964635,0.05800622857476516,-1.0842021724855044e-19
1941.6384833433847,100.0,0.0020795845498391033,0.031184036610052843,0.0007482571161374731,0.0008147808694892586,0.0010397922749195516,6.118782885680201e-05,0.0009786044460627496,0.11062353172521841,0.058846204509007426,0.0
1947.9630386637214,100.0,0.002111919768926335,0.031409764445732735,0.0007628283403978189,0.0008238927533573945,0.0010559598844631674,6.303531729744595e-05,0.0009929245671657214,0.11228118034421081,0.05969480301753325,0.0
1954.2875939840583,100.0,0.002144858572331599,0.03163768238735063,0.0007776678354182107,0.0008330597132649375,0.0010724292861657996,6.493778740545526e-05,0.0010074914987603443,0.11396296539267067,0.060552045941997666,0.0
1960.612149304395,100.0,0.00217841507596052,0.03186782453766208,0.0007927804505070792,0.0008422809020460292,0.00108920753798026,6.689689803288401e-05,0.0010223106399473757,0.11566926820282387,0.06141795360407835,2.168404344971009e-19
1966.9367046247316,100.0,0.0022126037900428936,0.03210022567453876,0.0008081711246453637,0.0008515554237767304,0.0011063018950214468,6.891436032370594e-05,0.0010373875346977408,0.11740047727646251,0.062292544769047845,0.0
1973.2612599450686,100.0,0.0022474396318685986,0.032334921267334074,0.0008238448882831856,0.0008608823321292107,0.0011237198159342993,7.099193948612816e-05,0.001052727876448171,0.11915698845315634,0.06317583660932687,2.168404344971009e-19
1979.5858152654052,100.0,0.0022829379389932,0.032571947493714094,0.0008398068651799805,0.0008702606286731945,0.0011414689694966,7.313145663110449e-05,0.0010683375128654954,0.12093920508346703,0.06406784466804756,2.168404344971009e-19
1985.9103705857422,100.0,0.0023191144829328397,0.03281134125696873,0.0008560622742894732,0.0008796892611227515,0.0011595572414664199,7.533479067981788e-05,0.001084222450786602,0.12274753820734483,0.06496858282265278,0.0
1992.2349259060788,100.0,0.0023559854833689283,0.033053140203818665,0.0008726164316909586,0.0008891671215264454,0.0011779927416844642,7.760388034303429e-05,0.00110038886134143,0.12458240673789722,0.06587806324856048,0.0
1998.5594812264155,100.0,0.0023935676228842035,0.03329738274273448,0.0008894747525684202,0.0008986930443987699,0.0011967838114421018,7.994072617536909e-05,0.0011168430852667322,0.12644423765072815,0.06679629638292152,4.336808689942018e-19
2004.8840365467524,100.0,0.0024318780622526173,0.03354410806278449,0.000906642753239058,0.0009082658047907022,0.0012159390311263086,8.234739270765007e-05,0.0011335916384186584,0.1283334661790525,0.06772329088850182,2.168404344971009e-19
2011.2085918670891,100.0,0.0024709344563067126,0.03379335615302889,0.0009241260532328872,0.0009178841162971031,0.0012354672281533563,8.482601066071537e-05,0.0011506412174926406,0.13025053601480138,0.06865905361771851,2.168404344971009e-19
2017.5331471874258,100.0,0.002510754970407162,0.03404516782247797,0.0009419303774251112,0.0009275466289985911,0.001255377485203581,8.737877924414313e-05,0.0011679987059594378,0.13219589951594046,0.06960358957686194,2.168404344971009e-19
2023.8577025077627,100.0,0.0025513582975404455,0.03429958472063334,0.0009600615582230788,0.0009372519273354082,0.0012756791487702228,9.000796854358317e-05,0.0011856711802266397,0.1341700179202367,0.07055690189053607,-2.168404344971009e-19
2030.1822578280994,100.0,0.002592763676071774,0.03455664935863112,0.0009785255378096604,0.000946998527910673,0.001296381838035887,9.271592200053334e-05,0.001203665916035354,0.13617336156571397,0.07151899176634927,-2.168404344971009e-19
2036.506813148436,100.0,0.002634990908181832,0.03481640513100768,0.0009973283704450193,0.0009567848772202992,0.001317495454090916,9.550505898859903e-05,0.0012219903951023166,0.13820641011805423,0.07248985845989002,4.336808689942018e-19
2042.831368468773,100.0,0.0026780603790171353,0.035078896338108,0.0010164762248287681,0.0009666093493067217,0.0013390301895085676,9.837787749046542e-05,0.0012406523120181022,0.14026965280520617,0.0734694992400214,0.0
2049.1559237891097,100.0,0.0027219930765854253,0.035344168209158734,0.0010359753865246339,0.0009764702433334357,0.0013609965382927127,0.00010133695688002618,0.0012596595814126869,0.14236358865947865,0.07445790935452871,-4.336808689942018e-19
2055.4804791094466,100.0,0.002766810612428967,0.03561226692602804,0.0010558322604498295,0.000986365781077217,0.0013834053062144836,0.00010438496081433326,0.0012790203454001504,0.14448872676740787,0.07545508199615751,0.0
2061.805034429783,100.0,0.0028125352431102786,0.035883239647695304,0.0010760533734314056,0.000996294104334721,0.0014062676215551393,0.0001075246402402616,0.0012987429813148773,0.14664558652769719,0.07646100826907619,4.336808689942018e-19
2068.1295897501195,100.0,0.0028591898925465686,0.0361571345354548,0.001096645376831983,0.001006253272240012,0.0014295949462732843,0.00011075883652103466,0.0013188361097522497,0.1488346979175452,0.07747567715580171,0.0
2074.4541450704564,100.0,0.00290679817523091,0.03643400077887795,0.0011176150492473295,0.0010162412584893866,0.001453399087615455,0.00011409048468801017,0.001339308602927445,0.1510566017676885,0.07849907548462463,0.0
2080.7787003907933,100.0,0.0029553844203801713,0.03671388862256016,0.0011389692992783836,0.001026255948469686,0.0014776922101900857,0.00011752261682340537,0.0013601695933666807,0.15331185004650186,0.07953118789757146,-4.336808689942018e-19
2087.10325571113,100.0,0.0030049736970516987,0.03699684939367878,0.0011607151683804178,0.0010362951362860894,0.0015024868485258493,0.00012105836557992932,0.0013814284829459203,0.15560100615351388,0.08057199681894359,-2.168404344971009e-19
2093.4278110314667,100.0,0.003055591840272914,0.037282935530389916,0.0011828598337921532,0.0010463565216851838,0.001527795920136457,0.00012470096784359587,0.0014030949522928608,0.1579246452227111,0.0816214824244707,4.336808689942018e-19
2099.7523663518036,100.0,0.003107265478230203,0.03757220061109273,0.0012054106115477452,0.0010564377068688741,0.0015536327391151015,0.00012845376854631372,0.0014251789705687873,0.1602833544360198,0.08267962261111773,4.336808689942018e-19
2106.07692167214,100.0,0.0031600220605659114,0.03786469938459092,0.0012283749595746974,0.0010665361931944887,0.0015800110302829557,0.00013232022463519655,0.0014476908056477592,0.16267773334737398,0.08374639296758582,0.0
2112.401476992477,100.0,0.003213889887834807,0.03816048780118255,0.0012517604808809,0.0010766493777561816,0.0016069449439174036,0.00013630390920589774,0.0014706410347115062,0.16510839421779727,0.08482176674554677,-4.336808689942018e-19
2118.726032312814,100.0,0.003268898142173864,0.03845962304470944,0.0012755749268340598,0.00108677454984246,0.001634449071086932,0.00014040851580764992,0.001494040555279283,0.16757596236193897,0.08590571483165042,-8.673617379884035e-19
2125.0505876331504,100.0,0.0033250769192423543,0.0387621635656002,0.001299826200537037,0.0010969088872644285,0.0016625384596211771,0.0001446378629281118,0.0015179005966930652,0.17008107650653662,0.0869982057203469,2.168404344971009e-19
2131.3751429534873,100.0,0.003382457261491887,0.03906816911494051,0.0013245223603026355,0.001107049452549016,0.0016912286307459435,0.000148995898666537,0.001542232732079407,0.17262438916128683,0.0880992054875632,-6.505213034913027e-19
2137.699698273824,100.0,0.0034410711928294056,0.03937770077960635,0.0013496716232316098,0.0011171931889911557,0.0017205355964147028,0.0001534867056042438,0.0015670488908104585,0.17520656700263482,0.08920867776527462,4.336808689942018e-19
2144.0242535941607,100.0,0.0035009517547394432,0.039690821018497524,0.001375282368897806,0.0011273369165585765,0.0017504758773697216,0.000158114505881848,0.0015923613714878733,0.17782829127101682,0.09032658371701303,4.336808689942018e-19
2150.3488089144976,100.0,0.003562133043935445,0.040007593699909055,0.001401363143144491,0.0011374773276424974,0.0017810665219677225,0.0001628836664932262,0.001618182855474496,0.18049025818211142,0.0914528820143519,2.168404344971009e-19
2156.6733642348345,100.0,0.0036246502516137247,0.04032808414008055,0.0014279226619961045,0.0011476109826471553,0.0018123251258068624,0.00016779870480672056,0.0016445264210001415,0.18319317935268253,0.09258752881440915,2.168404344971009e-19
2162.997919555171,100.0,0.003688539704387624,0.04065235914296436,0.0014549698156898535,0.001157734305410713,0.001844269852193812,0.00017286429432466962,0.0016714055578691423,0.1859377822416249,0.09373047773840827,0.0
2169.322474875508,100.0,0.003753838906983641,0.04098048704125522,0.001482513672831749,0.0011678435784496747,0.0018769194534918206,0.00017808527069296116,0.00169883418279886,0.1887248106068522,0.09488167985133904,-6.505213034913027e-19
2175.6470301958448,100.0,0.003820586586785658,0.04131253773872497,0.001510563484681844,0.0011779349380184878,0.001910293293392829,0.00018346663797293871,0.0017268266554198897,0.19155502497869312,0.09604108364275714,6.505213034913027e-19
2181.971585516181,100.0,0.0038888227403183467,0.04164858275390896,0.0015391286895736936,0.0011880043689755594,0.0019444113701591733,0.00018901357518869263,0.0017553977949704808,0.19442920315050033,0.0972086350087634,-2.168404344971009e-19
2188.296140836518,100.0,0.0039585886817655866,0.0419886952651902,0.0015682189174731902,0.0011980476994464045,0.0019792943408827933,0.00019473144316348032,0.0017845628977193131,0.197348140687203,0.0983842772352026,-2.168404344971009e-19
2194.620696156855,100.0,0.004029927093625185,0.04233295015733099,0.0015978439946821668,0.001208060595274107,0.0020149635468125924,0.00020062579165979472,0.0018143377551527978,0.20031265145257038,0.09956795098211993,0.0
2200.9452514771915,100.0,0.004102882079606937,0.0426814240695027,0.0016280139486924323,0.0012180385542467501,0.0020514410398034684,0.00020670236683843193,0.001844738672965037,0.2033235681559971,0.10075959426951621,-6.505213034913027e-19
2207.2698067975284,100.0,0.0041774992198867714,0.04303419544486563,0.0016587390131960103,0.0012279769000908111,0.0020887496099433857,0.00021296711905275558,0.001875782490890631,0.20638174291964664,0.10195914246443734,-8.673617379884035e-19
2213.5943621178653,100.0,0.004253825628836374,0.04339134458175361,0.0016900296332577106,0.0012378707762189442,0.002126912814418187,0.00021942621099530412,0.0019074866034228825,0.2094880478668433,0.10316652826943815,2.168404344971009e-19
2219.918917438202,100.0,0.004331910015354297,0.0437529536865195,0.0017218964706563274,0.00124771513921985,0.0021659550076771486,0.00022608602621485626,0.0019398689814622927,0.21264337573263659,0.10438168171245597,-2.168404344971009e-19
2226.2434727585387,100.0,0.004411802745931782,0.04411910692809934,0.0017543504094010484,0.0012575047520772366,0.002205901372965891,0.00023295317802312298,0.0019729481949427676,0.21584864049751296,0.10560453013813191,4.336808689942018e-19
2232.5680280788756,100.0,0.004493555910594111,0.04448989049435551,0.0017874025614298635,0.0012672341771040852,0.0022467779552970556,0.00024003451881133525,0.0020067434364857205,0.21910477804527007,0.10683499820061183,0.0
2238.892583399212,100.0,0.004577223391866517,0.04486539265026062,0.0018210642724971217,0.0012768977685776485,0.0022886116959332584,0.00024733714979820247,0.002041274546135056,0.22241274684612952,0.10807300785786748,0.0
2245.217138719549,100.0,0.004662860936922256,0.04524570379798667,0.0018553471282575567,0.0012864896650596992,0.002331430468461128,0.00025486843123194897,0.002076562037229179,0.22577352866620526,0.10931847836756466,0.0
2251.541694039886,100.0,0.004750526233079545,0.04563091653896497,0.0018902629605544307,0.0012960037813856413,0.0023752631165397725,0.0002626359930704941,0.002112627123469279,0.2291881293045057,0.1105713262845154,-4.336808689942018e-19
2257.8662493602224,100.0,0.004840278986824023,0.04602112573798575,0.0019258238539197556,0.0013054338003051058,0.0024201394934120113,0.0002706477461652685,0.002149491747246743,0.2326575793587084,0.11183146545974434,-4.336808689942018e-19
2264.1908046805593,100.0,0.004932181006543698,0.046416428589407775,0.0019620421522948124,0.0013147731637555874,0.002466090503271849,0.0002789118939756768,0.0021871786092961722,0.2361829350210031,0.11309880704119926,0.0
2270.515360000896,100.0,0.005026296289174314,0.04681692468555012,0.0019989304659794754,0.001324015063749551,0.002513148144587157,0.0002874369448428325,0.002225711199744325,0.23976527890536298,0.11437325947613435,-4.336808689942018e-19
2276.8399153212326,100.0,0.0051226911109650995,0.04722271608734154,0.0020365016788192226,0.0013331524328542448,0.0025613455554825497,0.00029623172485293526,0.002265113830629615,0.24340572090767926,0.11565472851519486,-4.336808689942018e-19
2283.1644706415696,100.0,0.005221434122587334,0.04763390739730445,0.002074768955638995,0.0013421779342421786,0.002610717061293667,0.0003053053913224964,0.0023054116699711695,0.24710539910026103,0.1169431172182293,1.3010426069826053e-18
2289.4890259619065,100.0,0.005322596448821409,0.048050605834952166,0.0021137457499333283,0.0013510839512888228,0.0026612982244107043,0.0003146674469395713,0.0023466307774711328,0.250865480662275,0.11823832596185219,4.336808689942018e-19
2295.813581282243,100.0,0.005426251793072652,0.04847292131468146,0.00215344581182263,0.0013598625766926707,0.002713125896536326,0.00032432775459728273,0.0023887981419390427,0.2546871628477897,0.11954025244878286,4.336808689942018e-19
2302.13813660258,100.0,0.005532476546981248,0.048900966526244045,0.002193883196285711,0.0013685056010912119,0.002766238273490624,0.00033429655295814134,0.002431941720532482,0.2585716739931663,0.12084879171898075,4.336808689942018e-19
2308.4626919229167,100.0,0.005641349905407795,0.04933485701788232,0.00223507227167902,0.0013770045011446983,0.0028206749527038976,0.00034458447279005867,0.0024760904799138385,0.2625202745656261,0.12216383616259653,4.336808689942018e-19
2314.787247243253,100.0,0.005752953987093661,0.04977471128221805,0.0022770277285534307,0.0013853504270578193,0.0028764769935468305,0.00035520255411752394,0.002521274439429307,0.26653425825492827,0.12348527553475844,-4.336808689942018e-19
2321.11180256359,100.0,0.005867373961313504,0.050220650844983145,0.002319764588779682,0.0013935341895074834,0.002933686980656752,0.0003661622642341222,0.0025675247164226294,0.27061495311017914,0.12481299697220971,4.336808689942018e-19
2327.436357883927,100.0,0.005984698180857365,0.050672800356685005,0.002363298214993946,0.0014015462459428573,0.0029923490904286824,0.00037747551662550437,0.0026148735738031783,0.2747637227239085,0.12614688501181104,-4.336808689942018e-19
2333.7609132042635,100.0,0.006105018321700851,0.05113128768729994,0.002407644320375348,0.0014093766862216574,0.0030525091608504256,0.0003891546908550405,0.0026633544699953843,0.27898196746565557,0.12748682161092104,8.673617379884035e-19
2340.0854685246004,100.0,0.006228429529744463,0.051596244024090396,0.002452818978767545,0.0014170152175443328,0.0031142147648722317,0.00040121265346772375,0.0027130021114045084,0.28327112576742575,0.12883268616966578,-4.336808689942018e-19
2346.4100238449373,100.0,0.006355030575027295,0.05206780397264239,0.0024988386351567915,0.0014244511486452922,0.0031775152875136476,0.0004136627799714575,0.0027638525075421904,0.2876326754635007,0.1301843555551047,-4.336808689942018e-19
2352.7345791652738,100.0,0.006484924013846292,0.05254610566122222,0.0025457201165192457,0.0014316733731976504,0.003242462006923146,0.00042651897795869495,0.002815943028964451,0.2920681351872179,0.13154170412729974,0.0
2359.0591344856107,100.0,0.0066182163592399534,0.05303129084855181,0.002593480643050604,0.0014386703523851197,0.0033091081796199767,0.000439795711435505,0.002869312468184471,0.29657906582748045,0.13290460376729413,8.673617379884035e-19
2365.3836898059476,100.0,0.006755018260324479,0.05352350503510186,0.0026421378397912115,0.0014454300965915687,0.0033775091301622394,0.00045350802642946407,0.0029240011037327753,0.3011670720478798,0.1342729239069976,0.0
2371.708245126284,100.0,0.006895444691002963,0.054022897578005234,0.0026917097486603963,0.0014519401461555324,0.0034477223455014814,0.00046767157795257817,0.002980050767548902,0.3058338038715074,0.1356465315609845,1.3010426069826053e-18
2378.032800446621,100.0,0.007039615148601284,0.05452962180969019,0.0027422148409136492,0.0014581875511333912,0.003519807574300642,0.0004823026584003734,0.003037504915900268,0.31058095833465815,0.1370252913601969,8.673617379884035e-19
2384.357355766958,100.0,0.007187653863021117,0.05504383516033373,0.0027936720300366295,0.0014641588500111788,0.0035938269315105584,0.0004974182274737521,0.0030964087040368073,0.31541028121282033,0.138409065587551,-8.673617379884035e-19
2390.681911087295,100.0,0.007339690017039633,0.05556569928423558,0.0028461006850901407,0.0014698400473009176,0.0036698450085198165,0.0005130359437160066,0.00315680906480381,0.32032356882252877,0.13979771421543846,0.0
2397.0064664076313,100.0,0.007495857978426758,0.05609538019020957,0.0028995206445201864,0.0014752165899530375,0.003747928989213379,0.0005291741977635712,0.0032187547914498075,0.32532266990284314,0.14119109494511398,0.0
2403.331021727968,100.0,0.007656297544596183,0.056633048376088915,0.0029539522304473918,0.001480273342511744,0.0038281487722980913,0.0005458521474158006,0.003282296624882291,0.33040948758042665,0.14258906324795675,-4.336808689942018e-19
2409.655577048305,100.0,0.007821154200553892,0.05717887896743711,0.0030094162634498973,0.0014849945609352146,0.003910577100276946,0.0005630897546361956,0.00334748734564075,0.33558598142240553,0.14399147240859098,0.0
2415.9801323686415,100.0,0.007990579390960017,0.057733051860553684,0.003065934077853867,0.0014893638649970914,0.003995289695480009,0.000580907824605236,0.0034143818708747735,0.3408541695814314,0.14539817356985013,-8.673617379884035e-19
2422.3046876889784,100.0,0.00816473080717495,0.058295751869857755,0.003123527537545446,0.0014933642091799718,0.004082365403587475,0.000599328046953222,0.0034830373566342525,0.3462161310375997,0.14680901577956454,4.336808689942018e-19
2428.6292430093154,100.0,0.008343772690220042,0.05886716887972633,0.003182219052317694,0.0014969778519653561,0.004171886345110021,0.0006183730393104268,0.0035535133057995947,0.35167400794213577,0.14822384603915165,-4.336808689942018e-19
2434.953798329652,100.0,0.008527876150647451,0.059447498000856726,0.0032420315947656593,0.0015001863234178475,0.004263938075323726,0.0006380663933214363,0.0036258716820022894,0.35723000806803346,0.14964250935398332,0.0
2441.2783536499887,100.0,0.008717219506381985,0.060036939731212886,0.003302988717742111,0.0015029703909541874,0.0043586097531909925,0.0006584327232808329,0.0037001770299101597,0.3628864073731153,0.1510648487855069,0.0
2447.6029089703256,100.0,0.008911988639671723,0.06063570012160363,0.0033651145723856794,0.0015053100231799783,0.004455994319835861,0.0006794977175584281,0.0037764966022774335,0.36864555268127897,0.1524907055050864,0.0
2453.927464290662,100.0,0.009112377374363663,0.06124399094592863,0.0034284339267323335,0.0015071843516686228,0.0045561886871818315,0.0007012881929942028,0.0038549004941876293,0.37450986448802726,0.1539199188495363,-4.336808689942018e-19
2460.252019610999,100.0,0.009318587874805905,0.0618620298761112,0.003492972184919895,0.0015085716305480305,0.004659293937402952,0.0007238321524559204,0.003935461784947032,0.3804818398967079,0.1553523263783134,0.0
2466.576574931336,100.0,0.009530831067769559,0.06249004066171869,0.0035587554069938573,0.0015094491937510048,0.0047654155338847795,0.0007471588457661786,0.0040182566881186025,0.3865640556922432,0.15678776393232863,-1.734723475976807e-18
2472.9011302516724,100.0,0.009749327088882731,0.06312825331425011,0.0036258103293212228,0.0015097934097748006,0.004874663544441366,0.0007712988342205946,0.00410336471022077,0.39275917155951806,0.15822606569434222,8.673617379884035e-19
2479.2256855720093,100.0,0.009974305755175201,0.06377690429604582,0.0036941643856169973,0.0015095796337841584,0.004987152877587601,0.0007962840589348461,0.004190868818652755,0.3990699334539865,0.1596670642509012,-8.673617379884035e-19
2485.550240892346,100.0,0.010206007065446733,0.06443623671374352,0.0037638457285855556,0.0015087821568800233,0.005103003532723366,0.0008221479132755635,0.004280855619447803,0.40549917713247297,0.16111059065577413,0.0
2491.8747962126827,100.0,0.010444681730295993,0.06510650051617396,0.003834883252176476,0.0015073741523431543,0.0052223408651479964,0.0008489253196487937,0.0043734155454992025,0.4120498318526034,0.16255647449484054,0.0
2498.1993515330196,100.0,0.010690591733779658,0.06578795269654952,0.003907306614451071,0.0015053276186477475,0.005345295866889829,0.0008766528109398395,0.00446864305594999,0.41872492424976077,0.16400454395238587,-8.673617379884035e-19
2504.5239068533565,100.0,0.010944010928814344,0.06648085749875374,0.0039811462610519245,0.001502613319025094,0.005472005464407172,0.0009053686169199664,0.004566636847487209,0.4255275824009453,0.1654546258787504,-3.469446951953614e-18
2510.848462173693,100.0,0.011205225668589431,0.067185486627492,0.004056433449263653,0.0014992007173408946,0.005602612834294716,0.0009351127559590236,0.004667500078335693,0.432461040085468,0.1669065458592839,-8.673617379884035e-19
2517.17301749403,100.0,0.011474535476424694,0.06790211946200302,0.004133200272647681,0.0014950579100322407,0.005737267738212347,0.000965927132408242,0.0047713406058041054,0.4395286412529318,0.16836012828455021,0.0
2523.497572814367,100.0,0.011752253756686405,0.06863104327296421,0.004211479686227976,0.0014901515538311985,0.005876126878343203,0.0009978556400448211,0.00487827123829838,0.4467338447095365,0.1698151964217237,8.673617379884035e-19
2529.8221281347032,100.0,0.01203870854957002,0.06937255344215036,0.0042913055321980274,0.0014844467889813815,0.00601935427478501,0.0010309442719995266,0.004988410002785485,0.45408022903436934,0.17127157248712502,-1.734723475976807e-18
2536.14668345504,100.0,0.012334243332765983,0.07012695368431589,0.004372712566111276,0.0014779071576316483,0.0061671216663829916,0.001065241237620316,0.005101880428762676,0.4615714977379596,0.17272907771983012,0.0
2542.471238775377,100.0,0.012639217873251287,0.07089455627067394,0.004455736483508351,0.0014704945170670972,0.006319608936625643,0.001100797086759588,0.005218811849866056,0.46921148467606544,0.17418753245629764,-8.673617379884035e-19
2548.7957940957135,100.0,0.012954009132692824,0.07167568225323272,0.004540413946924033,0.0014621689474115674,0.006477004566346412,0.0011376648420098464,0.005339339724336564,0.4770041597323542,0.17564675620594586,1.734723475976807e-18
2555.1203494160504,100.0,0.013279012230211409,0.0724706616891215,0.0046267826132050886,0.0014528886534078509,0.006639506115105704,0.0011759001394529094,0.005463605975652794,0.48495363478438,0.17710656772761907,8.673617379884035e-19
2561.4449047363873,100.0,0.013614641466538825,0.07327983386389322,0.004714881161056425,0.001442609859851541,0.006807320733269413,0.0012155613785312833,0.0055917593547381295,0.4930641699680242,0.17856678510687343,0.0
2567.769460056724,100.0,0.013961331413906937,0.07410354751262654,0.004804749318717721,0.001431286700221706,0.0069806657069534685,0.001256709881697497,0.005723955825255968,0.5013401802563798,0.180027225834018,3.469446951953614e-18
2574.0940153770607,100.0,0.014319538076338009,0.07494216103746146,0.004896427891654848,0.0014188710980162168,0.007159769038169004,0.0012994100645480646,0.005860358973620941,0.5097862423698907,0.1814877068828421,-1.734723475976807e-18
2580.4185706973976,100.0,0.014689740125361932,0.07579604271998924,0.004989958790130113,0.0014053126402613044,0.007344870062680966,0.0013437296172037492,0.0060011404454772144,0.5184071020354079,0.18294804478995394,2.6020852139652106e-18
2586.743126017734,100.0,0.015072440216571534,0.0766655709266776,0.005085385056492553,0.0013905584426236602,0.007536220108285767,0.0013897396977574855,0.006146480410528282,0.527207681612756,0.18440805573466776,0.0
2593.067681338071,100.0,0.015468166392842328,0.07755113430523547,0.005182750892003068,0.0013745530055086323,0.007734083196421164,0.0014375151386755703,0.0062965680577455945,0.5361930881082989,0.18586755561936025,-8.673617379884035e-19
2599.392236658408,100.0,0.01587747358049029,0.07845313196951056,0.005282101682979128,0.0013572380604799752,0.007938736790245145,0.001487134667107319,0.006451602123137827,0.5453686215959476,0.18732636015022697,-8.673617379884035e-19
2605.7167919787444,100.0,0.016300945185126287,0.07937197367016192,0.005383484026010076,0.001338552406284311,0.008150472592563143,0.001538681140133759,0.0066117914524293836,0.554739784067045,0.18878428491836421,8.673617379884035e-19
2612.0413472990813,100.0,0.016739194794484845,0.08030807994794578,0.005486945751954777,0.0013184317337073057,0.008369597397242422,0.001592241796067051,0.006777355601175372,0.5643122887315234,0.1902411454811023,-8.673617379884035e-19
2618.365902619418,100.0,0.01719286799606748,0.08126188226600015,0.005592535948389424,0.0012968084384276945,0.00859643399803374,0.0016479085230002638,0.0069485254750334775,0.5740920697937333,0.19169675744351547,-1.734723475976807e-18
2624.6904579397547,100.0,0.0176626443180451,0.08223382311699844,0.005700304980122921,0.0012736114209697196,0.00883132215902255,0.001705778145901934,0.007125544013120615,0.5840852927273438,0.193150936540031,0.0
2631.0150132600916,100.0,0.018149239302514806,0.08322435610045664,0.005810304507340043,0.001248765872783764,0.009074619651257403,0.0017659527336522708,0.00730866691760513,0.5942983650746939,0.1946034987160675,2.6020852139652106e-18
2637.3395685804285,100.0,0.018653406720905583,0.08423394596481443,0.005922587500867222,0.0012221930474087418,0.009326703360452791,0.0018285399275281456,0.007498163432924646,0.6047379477969189,0.19605426020961966,0.0
2643.664123900765,100.0,0.019175940942080315,0.08526306860816034,0.006037208253981953,0.0011938100155875484,0.009587970471040158,0.001893653292763248,0.007694317178276905,0.6154109672021206,0.19750303763271954,4.336808689942018e-18
2649.988679221102,100.0,0.01971767946448761,0.08631221103061582,0.006154222390102202,0.0011635294031185496,0.009858839732243805,0.001961412694937834,0.00789742703730597,0.6263246274796854,0.1989496480526953,1.734723475976807e-18
2656.3132345414388,100.0,0.020279505624581275,0.08738187123042215,0.006273686865596178,0.0011312591101310166,0.010139752812290638,0.0020319447030904205,0.008107808109200214,0.6374864238696257,0.2003939090731533,3.469446951953614e-18
2662.637789861775,100.0,0.020862351494652088,0.0884725580346796,0.006395659966843756,0.001096902010370324,0.010431175747326044,0.0021053830215921163,0.008325792725733925,0.6489041564964916,0.20183563891460807,3.469446951953614e-18
2668.962345182112,100.0,0.021467200984203894,0.08958479085443591,0.006520201300556395,0.001060355628969399,0.010733600492101947,0.0021818689529832197,0.008551731539118724,0.6605859448978944,0.20327465649468635,3.469446951953614e-18
2675.286900502449,100.0,0.02209509316005936,0.09071909935240599,0.0066473717762206945,0.0010215117970658577,0.01104754658002968,0.0022615518941420092,0.008785994685887671,0.672540243277978,0.20471078150782807,0.0
2681.6114558227855,100.0,0.022747125801502094,0.09187602300999739,0.006777233579370037,0.000980256281499229,0.011373562900751047,0.0023445898683379747,0.009028973032413071,0.6847758565162727,0.2061438345044147,0.0
2687.9360111431224,100.0,0.02342445920794875,0.09305611057848999,0.006909850134205218,0.0009364683876895428,0.011712229603974375,0.002431150095915886,0.009281079508058489,0.697301956962102,0.20757363696925055,0.0
2694.2605664634593,100.0,0.02412832027789795,0.09425991939714173,0.007045286053876052,0.0008900205336572174,0.012064160138948975,0.0025214096065635933,0.009542750532385387,0.710128102044074,0.20900001139932295,-5.204170427930421e-18
2700.585121783796,100.0,0.024860006879224177,0.09548801455864067,0.007183607076498744,0.0008407777929943889,0.012430003439612088,0.0026155558963357676,0.00981444754327632,0.723264252723134,0.21042278138077436,0.0
2706.9096771041327,100.0,0.02562089253226383,0.09674096789964497,0.007324879984712884,0.0007885974044402075,0.012810446266131915,0.0027137876328368624,0.010096658633295057,0.7367207928159571,0.2118417716650151,-3.469446951953614e-18
2713.2342324244696,100.0,0.026412431428576737,0.09801935679111122,0.007469172506273752,0.0007333282455471363,0.013206215714288368,0.002816315412209648,0.010389900302078718,0.750508549213085,0.21325680824390567,1.734723475976807e-18
2719.558787744806,100.0,0.027236163809750063,0.09932376269966128,0.007616553192825133,0.0006748102677527762,0.013618081904875031,0.002923362571829965,0.010694719333045062,0.7646388130130415,0.2146677184239473,3.469446951953614e-18
2725.883343065143,100.0,0.02809372173212491,0.100654769487306,0.007767091273597537,0.0006128738899934279,0.014046860866062456,0.0030351660628715345,0.01101169480319092,0.7791233615893615,0.21607433089940875,0.0
2732.20789838548,100.0,0.028986835244859215,0.10201296141238864,0.007920856480322092,0.000547339347812559,0.014493417622429608,0.003151977387176217,0.011341440235253391,0.7939744816020496,0.21747647582432905,0.0
2738.5324537058164,100.0,0.02991733901026254,0.10339892078953816,0.008077918839131639,0.00047801599473207794,0.01495866950513127,0.003274063603140877,0.011684605901990391,0.8092049929580115,0.21887398488333307,1.734723475976807e-18
2744.8570090261533,100.0,0.030887179396822947,0.104813225260664,0.008238348424630306,0.0004047015524693315,0.015443589698411473,0.003401708405608987,0.012041881292802488,0.8248282737162915,0.22026669136119867,-1.734723475976807e-18
2751.18156434649,100.0,0.031898422076748006,0.10625644462247548,0.008402215070640196,0.00032718130640207305,0.015949211038374003,0.0035352132850276106,0.012413997753346392,0.8408582859230931,0.2216544302111147,0.0
2757.506119666827,100.0,0.03295326016111655,0.10772913714858048,0.008569588031368962,0.00024522724251162465,0.016476630080558274,0.0036748987713926015,0.012801731309165672,0.8573096023482534,0.2230370381215772,0.0
2763.8306749871635,100.0,0.03405402290680509,0.1092318453357657,0.008740535585869909,0.00015859712187826764,0.017027011453402546,0.003821105768746315,0.013205905684656235,0.8741974340784026,0.2244143535818633,-3.469446951953614e-18
2770.1552303075005,100.0,0.03520318503014557,0.11076509099448294,0.00891512457767558,6.703348866950984e-05,0.017601592515072786,0.003974196986203919,0.013627395528868868,0.8915376589021822,0.22578621694603437,-1.734723475976807e-18
2776.4797856278365,100.0,0.03640337666266244,0.11232936959267878,0.009093419880357103,-2.9737392537143466e-05,0.01820168833133122,0.004134558471649436,0.014067129859681787,0.9093468503986183,0.22715247049541396,-1.734723475976807e-18
2782.8043409481734,100.0,0.03765739398411902,0.11392514374977952,0.009275483778480703,-0.00013200667430874794,0.01882869699205951,0.004302601254346035,0.014526095737713471,0.9276423076106475,0.22851295849949363,3.469446951953614e-18
2789.12889626851,100.0,0.03896821056727666,0.11555283576365022,0.009461375251974994,-0.00024008414298975106,0.01948410528363833,0.00447876310272,0.015005342180918332,0.9464420851504861,0.22986752727522042,-1.734723475976807e-18
2795.4534515888467,100.0,0.04033898946706728,0.11721281903753174,0.009651149150270849,-0.0003542995185215596,0.02016949473353364,0.004663510403479917,0.015505984330053724,0.9657650235414323,0.23121602524461865,-1.734723475976807e-18
2801.7780069091837,100.0,0.0417730960840069,0.11890540825605059,0.009844855240700251,-0.0004750038413547433,0.02088654804200345,0.004857340167982248,0.0160292078740212,0.9856307795500553,0.23255830299070945,3.469446951953614e-18
2808.10256222952,100.0,0.04327411182734988,0.12063084813918766,0.010042537113518291,-0.0006025709500181662,0.02163705591367494,0.005060782171309905,0.016576273742365033,1.0060598562023937,0.2338942133116833,0.0
2814.427117549857,100.0,0.04484584859729351,0.1223893005802999,0.01024423092351218,-0.0007373990523882987,0.022422924298646753,0.0052744012288353185,0.01714852306981143,1.027073632105831,0.23522361127329114,3.469446951953614e-18
2820.751672870194,100.0,0.04649236409702277,0.12418082994864514,0.010449963945452105,-0.0008799123929540355,0.023246182048511387,0.0054987996140261515,0.017747382434485242,1.0486943896127368,0.2365463542594203,-6.938893903907228e-18
2827.0762281905304,100.0,0.048217977973956314,0.12600538630808175,0.010659752917588505,-0.00103056301733913,0.024108988986978157,0.00573461961983719,0.018374369367140972,1.0709453412604388,0.2378623020208187,-6.938893903907228e-18
2833.4007835108673,100.0,0.05002728877449574,0.12786278627139774,0.010873602143973867,-0.0011898326339524457,0.02501364438724787,0.005982546264112565,0.0190310981231353,1.0938506538017487,0.2391713167219451,3.469446951953614e-18
2839.725338831204,100.0,0.051925191677043805,0.12975269117380242,0.011091501322551538,-0.0013582345707990016,0.025962595838521903,0.006243310136873803,0.019719285701648097,1.1174354689979913,0.2404732629859113,3.469446951953614e-18
2846.0498941515407,100.0,0.05391689694298707,0.13167458220922176,0.011313423061676884,-0.0015363158230941316,0.026958448471493535,0.006517690384038588,0.02044075808745495,1.1417259201786205,0.2417680079374946,-3.469446951953614e-18
2852.3744494718776,100.0,0.05600794899347154,0.13362773212896337,0.011539320042988074,-0.0017246591842487525,0.02800397449673577,0.006806517817815993,0.021197456678919778,1.1667491433736723,0.24305542124420165,0.0
2858.6990047922145,100.0,0.058204245979624855,0.1356111730539434,0.01176912178330453,-0.0019238854488794835,0.029102122989812428,0.007110678138533171,0.021991444851279258,1.1925332815928593,0.2443353751553574,0.0
2865.023560112551,100.0,0.06051205966356266,0.13762365989897607,0.012002730942489893,-0.002134655671552979,0.03025602983178133,0.007431115245694881,0.022824914586086452,1.219107480552464,0.2456077445392105,0.0
2871.348115432888,100.0,0.06293805536489022,0.1396636288508056,0.01224001911797969,-0.002357673458772763,0.03146902768244511,0.0077688346073354906,0.02370019307510963,1.2465018738321647,0.24687240691803478,-1.0408340855860843e-17
2877.672670753225,100.0,0.0654893116498938,0.14172915028105057,0.012480822059975196,-0.0025936872639891516,0.0327446558249469,0.00812490664580715,0.024619749179139748,1.2747475550717602,0.2481292425012174,0.0
2883.9972260735613,100.0,0.06817333934517385,0.14381787541185131,0.012724934234212072,-0.002843492645838416,0.034086669672586924,0.008500470084597976,0.02558619958798895,1.3038765343849068,0.24937813421632674,-3.469446951953614e-18
2890.321781393898,100.0,0.07099809934052814,0.14592697598706109,0.012972102651841646,-0.0031079344380183062,0.03549904967026407,0.008896735184046862,0.026602314486217207,1.333921675665169,0.25061896773814907,0.0
2896.646336714235,100.0,0.0739720185033471,0.1480530761373327,0.0132220198785029,-0.003387908764746325,0.03698600925167355,0.009314986773288542,0.02767102247838502,1.3649166108805726,0.2518516315156942,-1.0408340855860843e-17
2902.9708920345715,100.0,0.07710400285388946,0.15019217556631106,0.013474316127389262,-0.0036843648181164746,0.03855200142694473,0.009756586960689841,0.0287954144662549,1.3968956267874735,0.25307601679716624,-1.0408340855860843e-17
2909.2954473549084,100.0,0.08040344694223278,0.15233956313148578,0.01372855033442669,-0.003998306292293837,0.04020172347111639,0.010222977374594185,0.029978746096522207,1.4298935187344675,0.25429201765290127,0.0
2915.6200026752454,100.0,0.08388023811751343,0.15448971985275428,0.013984200108136198,-0.004330792343718254,0.04194011905875671,0.010715680749440255,0.031224438309316465,1.4639454053645755,0.25549953099627454,-6.938893903907228e-18
2921.944557995582,100.0,0.0875447540818864,0.15663621036210518,0.014240650443120551,-0.0046829379156230495,0.0437723770409432,0.011236301628236476,0.03253607541270672,1.4990864970532205,0.2566984566025834,6.938893903907228e-18
2928.2691133159187,100.0,0.09140785176874146,0.15877156181929752,0.014497181085420367,-0.005055913228460744,0.04570392588437073,0.01178652589985972,0.033917399984511015,1.535351809837714,0.25788869712591433,-6.938893903907228e-18
2934.5936686362556,100.0,0.0954808451704832,0.1608871293744664,0.014752952441593518,-0.0054509421945052455,0.0477404225852416,0.012368118827587891,0.03537230375765371,1.57277581540332,0.25907015811400363,0.0
2940.918223956592,100.0,0.09977546925959993,0.16297294737667858,0.01500698993306406,-0.005869299464250303,0.049887734629799965,0.012982921152606748,0.036904813477193224,1.6113920164011455,0.26024274802110425,-6.938893903907228e-18
2947.242779276929,100.0,0.10430382659321247,0.16501756572985557,0.015258166715350716,-0.006312305753650963,0.052151913296606234,0.013632842772050575,0.03851907052455565,1.6512324350042653,0.261406378218874,6.938893903907228e-18
2953.567334597266,100.0,0.10907831256392776,0.1670078711122149,0.015505184711121932,-0.006781321034413053,0.05453915628196388,0.01431985339488911,0.04021930288707478,1.6923270011962293,0.26256096300530213,-6.938893903907228e-18
2959.8918899176024,100.0,0.11411151456116357,0.16892889323713217,0.015746553950250416,-0.00727773509450366,0.057055757280581786,0.01504596947069586,0.04200978780988592,1.7347028258866624,0.2637064196116904,6.938893903907228e-18
2966.2164452379393,100.0,0.11941607954646911,0.170763596984194,0.01598057027357722,-0.007802954893575683,0.05970803977323456,0.015813236566995827,0.04389480320623874,1.7783833426455515,0.2648426682077153,-6.938893903907228e-18
2972.541000558276,100.0,0.12500454374321826,0.17249266211923323,0.0162052915452441,-0.008358388049826648,0.06250227187160913,0.01662370624289224,0.045878565628716894,1.8233873007615382,0.265969631904586,0.0
2978.865555878613,100.0,0.1308891173290932,0.17409425350904784,0.016418512637390904,-0.00894542170413792,0.0654445586645466,0.017479406334451327,0.04796515233009528,1.8697275916267229,0.2670872367563306,-1.3877787807814457e-17
2985.1901111989496,100.0,0.1370814162523272,0.17554378628453104,0.016617739607696618,-0.009565395919359822,0.0685407081261636,0.01838230343816572,0.05015840468799788,1.9174098903555141,0.26819541175923106,0.0
2991.5146665192865,100.0,0.14359213264925386,0.17681369238293124,0.016800163692141122,-0.010219570695217494,0.07179606632462693,0.01933425626386425,0.052461810060762684,1.9664310953534196,0.26929408884943834,-6.938893903907228e-18
2997.8392218396234,100.0,0.15043063493441408,0.17787319737185797,0.016962635989932466,-0.010909085623905922,0.07521531746720704,0.02033695844383315,0.0548783590233739,2.0167775506402856,0.27038320289879536,-1.3877787807814457e-17
3004.16377715996,100.0,0.15760448862022652,0.17868811947958568,0.017101644031335423,-0.011634911193816795,0.07880224431011326,0.02139186935312569,0.057410374956987566,2.0684230395702756,0.2714626917088999,6.938893903907228e-18
3010.488332480297,100.0,0.1651188895054683,0.17922070635861417,0.017213291796404837,-0.012397790790065756,0.08255944475273415,0.02250013154712087,0.060059313205613286,2.121326544741326,0.2725324960034415,-6.938893903907228e-18
3016.8128878006337,100.0,0.17297600231032226,0.17942952927817785,0.01729328519328975,-0.01319817256762276,0.08648800115516113,0.023662473595060223,0.0628255275601009,2.17542977800067,0.27359255941884114,0.0
3023.13744312097,100.0,0.1811742004468492,0.1792694590904902,0.017336925501594453,-0.014036130619205488,0.0905871002234246,0.0248790974303617,0.06570800279306287,2.23065449724343,0.2746428284932373,4.163336342344337e-17
3029.461998441307,100.0,0.1897072067628063,0.17869175325221381,0.01733911382119112,-0.014911275264652718,0.09485360338140315,0.026149549906123237,0.0687040534752799,2.286899643890096,0.2756832526538478,1.3877787807814457e-17
3035.786553761644,100.0,0.19856314117713394,0.17764428806552512,0.017294370106516438,-0.015822652893934176,0.09928157058856697,0.027472579099154647,0.07180899148941235,2.34403835715863,0.27671378420274834,-1.3877787807814457e-17
3042.1111090819804,100.0,0.20772348951685687,0.17607197459654347,0.017196870857144966,-0.01676863664457206,0.10386174475842844,0.028845977109750336,0.07501576764867811,2.4019149489417955,0.2777343783011066,-1.3877787807814457e-17
3048.4356644023173,100.0,0.21716201886424769,0.17391739966085368,0.017040509898721416,-0.017746810320983127,0.10858100943212384,0.03026641270886879,0.07831459672325505,2.460341956268225,0.2787449929519114,0.0
3054.7602197226543,100.0,0.2268436784407638,0.1711217338017676,0.01681898681728901,-0.018753849385144333,0.1134218392203819,0.031729259216041,0.08169258000434089,2.5190974263033574,0.27974558898123786,1.3877787807814457e-17
3061.0847750429907,100.0,0.2367235412763712,0.1676259450376801,0.016525927369630183,-0.01978540454968674,0.1183617706381856,0.03322842543105284,0.08513334520713275,2.5779226299892257,0.28073613001808845,1.3877787807814457e-17
3067.4093303633276,100.0,0.24674585993132675,0.16337234884409305,0.01615503942532535,-0.020835995420377167,0.12337292996566337,0.03475620019958973,0.08861672976607365,2.6365204417788886,0.2817165824728563,0.0
3073.7338856836645,100.0,0.2568433279709893,0.15830650985562844,0.01570030653883135,-0.021898923629543536,0.12842166398549465,0.03630312407729253,0.09211853990820214,2.694554659950046,0.28268691551444936,-1.3877787807814457e-17
3080.058441004001,100.0,0.2669366555387084,0.15237948785290858,0.015156218958226554,-0.02296621675320757,0.1334683277693542,0.037857904253250904,0.09561042351610329,2.7516505684134716,0.28364710104612173,0.0
3086.382996324338,100.0,0.2769345791424095,0.14555038909884077,0.014518038668440772,-0.024028615695519503,0.13846728957120474,0.03940739095106539,0.09905989862013936,2.8073970489072395,0.28459711368005597,0.0
3092.707551644675,100.0,0.2867344288192284,0.13778914449710136,0.013782090970961211,-0.025075618752277016,0.1433672144096142,0.04093663436706987,0.10243058004254431,2.8613505331248694,0.2855369307107404,1.3877787807814457e-17
3099.0321069650113,100.0,0.29622336593812404,0.1290793905089186,0.01294607031951098,-0.026095594779907937,0.14811168296906202,0.04242904018174408,0.10568264278731798,2.9130410289504702,0.28646653208718703,-4.163336342344337e-17
3105.356662285348,100.0,0.3052803781349409,0.11942128151303431,0.012009343080538198,-0.02707597536881754,0.15264018906747046,0.043866638169944246,0.10877355089752622,2.9619803567864604,0.28738590038403444,0.0
3111.681217605685,100.0,0.31377907169048824,0.10883401976905195,0.010973225223856712,-0.028003531350411667,0.15688953584524412,0.045230471995348714,0.11165906384989542,3.0076725884094735,0.2882950207715833,-1.3877787807814457e-17
3118.0057729260216,100.0,0.3215912360755506,0.09735785960418955,0.00984120953022152,-0.028864732312913883,0.1607956180377753,0.04650110882569488,0.11429450921208047,3.0496264960055317,0.28919388098480703,-4.163336342344337e-17
3124.3303282463585,100.0,0.3285910741286604,0.08505533487750087,0.008619115682641145,-0.029646179401814684,0.1642955370643302,0.04765925541376659,0.11663628165056363,3.087369605789582,0.2900824712913871,-1.3877787807814457e-17
3130.6548835666954,100.0,0.33465990250377936,0.07201148111207202,0.007315138453551019,-0.03033509233543688,0.16732995125188968,0.04868645387970511,0.11864349737218456,3.120463230986871,0.2909607844588151,1.3877787807814457e-17
3136.979438887032,100.0,0.3396910428118428,0.05833288053031756,0.005939774654075232,-0.030919822515751923,0.1698455214059214,0.04956581736733971,0.12027970403858172,3.1485176628800957,0.2918288157206109,-2.7755575615628914e-17
3143.3039942073688,100.0,0.34359455901581726,0.04414544866986453,0.00450561855864903,-0.031390356894352954,0.17179727950790863,0.05028275522754473,0.12151452428036394,3.1712065598930868,0.2926865627416992,-4.163336342344337e-17
3149.6285495277057,100.0,0.34630146563016256,0.02959099749165049,0.003027027425018312,-0.03173877341179568,0.17315073281508128,0.050825631635856065,0.12232510117922521,3.1882795246294218,0.2935340255829931,0.0
3155.953104848042,100.0,0.34776704488732196,0.014822737379830224,0.001519672043637606,-0.03195960956111012,0.17388352244366098,0.051186302320940756,0.12269722012272026,3.19957191889605,0.2943712066652281,-4.163336342344337e-17
3162.277660168379,100.0,0.347972972972973,4.1558348354211943e-16,4.26993259691761e-17,-0.03205011142062547,0.1739864864864865,0.05136048210372537,0.12262600438276118,3.2050111420625473,0.2951981107320914,-4.163336342344337e-17
3168.602215488716,100.0,0.3469280603565301,-0.014717444387476887,-0.0015153505889673395,-0.03201034090947055,0.17346403017826506,0.051347910627400385,0.12211611955086468,3.204618873669703,0.29601474481269285,0.0
3174.9267708090524,100.0,0.34466754498176577,-0.02917505413994956,-0.003010143463328674,-0.03184313265620078,0.17233377249088289,0.051152303051511035,0.12118146943937184,3.19850912306065,0.2968211181834204,1.3877787807814457e-17
3181.2513261293893,100.0,0.3412510192800242,-0.04322875224633962,-0.00446909912243769,-0.031553906668357314,0.1706255096400121,0.05078109365007887,0.11984441598993323,3.1868822899529525,0.29761724232922426,0.0
3187.5758814497262,100.0,0.3367592005337496,-0.05674937202895277,-0.005878373823026955,-0.031150356646401287,0.1683796002668748,0.050244999900062266,0.1181346003668125,3.170015769678828,0.29840313090437315,2.7755575615628914e-17
3193.9004367700627,100.0,0.33128985015882906,-0.0696260504760305,-0.007225933822412854,-0.030642044279113077,0.16564492507941453,0.04955744986045081,0.11608747521896369,3.148251891461381,0.29917879969272626,2.7755575615628914e-17
3200.2249920903996,100.0,0.32495319923884947,-0.08176842716724059,-0.008501808205135858,-0.03003993587522918,0.16247659961942473,0.048733924507239824,0.1137426751121849,3.121984128955169,0.2999442665675623,1.3877787807814457e-17
3206.5495474107365,100.0,0.317867242373904,-0.09310762994040307,-0.009698216400559566,-0.029355918835490935,0.158933621186952,0.0477912686014007,0.1111423525855513,3.091642560238835,0.3006995514510068,0.0
3212.874102731073,100.0,0.3101532252842462,-0.10359613705928353,-0.010809577975339412,-0.028602332245880473,0.1550766126421231,0.04674701929543384,0.10832959334668926,3.0576794892674357,0.30144467627310073,0.0
3219.19865805141,100.0,0.3019315852970602,-0.11320668721798778,-0.01183242111166824,-0.0277915394213113,0.1509657926485301,0.045618792638507606,0.10534700001002248,3.0205559964518987,0.30217966493054926,2.7755575615628914e-17
3225.523213371747,100.0,0.2933185221052842,-0.12193045750070663,-0.012765211685704693,-0.026935561999997318,0.1466592610526421,0.04442375648182756,0.10223550457081455,2.9807299938715537,0.30290454324518945,-1.3877787807814457e-17
3231.8477686920833,100.0,0.2844232926546185,-0.12977474598907313,-0.013608127028276497,-0.026045786601311332,0.14221164632730926,0.04317820604493791,0.09903344028237138,2.93864615239528,0.30361933892221804,-2.7755575615628914e-17
3238.17232401242,100.0,0.275346249382898,-0.13676038536625246,-0.014362797774436324,-0.025132747253184904,0.137673124691449,0.04189724722009132,0.09577587747135767,2.8947278704600654,0.3043240815082161,0.0
3244.496879332757,100.0,0.26617758197230657,-0.142919084449472,-0.01503203846864274,-0.024205980503394627,0.13308879098615328,0.0405945836326738,0.0924942073534795,2.8493712861848595,0.305018802349007,-1.3877787807814457e-17
3250.8214346530935,100.0,0.2569966819465462,-0.14829085444545778,-0.015619583641710106,-0.023273945674073353,0.1284983409732731,0.03928239701900479,0.0892159439542683,2.802941205912275,0.3057035345473861,0.0
3257.1459899734305,100.0,0.2478720262978584,-0.15292163323306684,-0.016129841682326722,-0.022344000082280407,0.1239360131489292,0.037971306618693565,0.08596470653023564,2.7557687355325577,0.306378312920756,0.0
3263.4705452937674,100.0,0.2388614681986441,-0.15686117968845648,-0.016567674580987242,-0.021422417984438273,0.11943073409932205,0.03667039166607376,0.08276034243324831,2.7081503527711956,0.3070431739587032,-2.7755575615628914e-17
3269.795100614104,100.0,0.2300128260623898,-0.1601612745003423,-0.016938207912858386,-0.020514442145802437,0.1150064130311949,0.03538726119263469,0.0796191518385602,2.6603481423541053,0.3076981557805483,0.0
3276.1196559344407,100.0,0.22136467295230033,-0.1628742357621236,-0.01724667244388598,-0.019624357900502185,0.11068233647615017,0.03412815666968493,0.07655417980646526,2.6125909235731846,0.30834329809290634,-2.7755575615628914e-17
3282.4442112547777,100.0,0.2129472432081411,-0.1650517371479685,-0.017498276537909464,-0.018755581002929105,0.10647362160407055,0.0328980750277294,0.07357554657634117,2.565076023346263,0.30897864214728366,-2.7755575615628914e-17
3288.768766575114,100.0,0.2047833895044662,-0.16674390302251946,-0.01769810705750298,-0.01791075219674589,0.1023916947522331,0.03170090188360373,0.0706907928686294,2.5179714805217204,0.3096042306977476,-4.163336342344337e-17
3295.093321895451,100.0,0.19688953948364674,-0.1679986472372477,-0.0178510555771389,-0.017091833041761366,0.09844476974182337,0.03053954709727737,0.06790522264454599,2.4714185035026897,0.31022010795869553,1.3877787807814457e-17
3301.417877215788,100.0,0.18927661545611585,-0.16886121929665515,-0.017961766331761903,-0.016300199012845795,0.09463830772805792,0.029416076880759725,0.06522223084729822,2.425534039371937,0.31082631956275547,-2.7755575615628914e-17
3307.7424325361244,100.0,0.18195089283369542,-0.16937392174802818,-0.018034602276528602,-0.015536727150341541,0.09097544641684771,0.02833183849083653,0.06264360792601119,2.3804133460740187,0.31142291251884163,-1.3877787807814457e-17
3314.0669878564613,100.0,0.174914782782891,-0.16957596494402144,-0.018073625819419754,-0.014801876573730261,0.0874573913914455,0.02728757501821705,0.060169816373228435,2.3361324884610912,0.3120099351703982,1.3877787807814457e-17
3320.391543176798,100.0,0.16816753214921099,-0.16950342885511022,-0.01808259111442046,-0.014095760974803116,0.08408376607460549,0.026283528943505014,0.05780023713110047,2.292750703565698,0.3125874371538529,1.3877787807814457e-17
3326.7160984971347,100.0,0.1617058392622788,-0.169189305701464,-0.01806494519832443,-0.013418212805791106,0.0808529196311394,0.02531953399599807,0.05553338563514134,2.250312600329033,0.31315546935730687,-6.938893903907228e-18
3333.0406538174716,100.0,0.15552438810577665,-0.16866360136502054,-0.018023835668831725,-0.012768839302699491,0.07776219405288833,0.024395095467760697,0.053367098585127615,2.208850174537001,0.3137140838794863,1.3877787807814457e-17
3339.3652091378085,100.0,0.14961630585906407,-0.16795347753158077,-0.017962123002443438,-0.012147070767429213,0.07480815292953204,0.023509459549192046,0.05129869338033998,2.168384631433826,0.31426333398897766,6.938893903907228e-18
3345.689764458145,100.0,0.14397355029926692,-0.16708342012535546,-0.017882395977955483,-0.011552201705490475,0.07198677514963346,0.022661672507836773,0.04932510264179668,2.1289280169999536,0.31480327408376985,6.938893903907228e-18
3352.014319778482,100.0,0.13858723426382705,-0.1660754227518292,-0.01778698899507851,-0.010983425506828896,0.06929361713191352,0.02185063066875518,0.047442986463158324,2.090484664796907,0.31533395965112293,2.0816681711721685e-17
3358.338875098819,100.0,0.13344789453748765,-0.16494917653847768,-0.01767800035453028,-0.010439863388602087,0.06672394726874382,0.02107512220537235,0.04564882506337147,2.053052469147944,0.31585544722778686,6.938893903907228e-18
3364.6634304191557,100.0,0.12854571232182596,-0.16372225997547665,-0.017557310796854277,-0.009920588309184587,0.06427285616091298,0.02033386174088328,0.0439389944200297,2.0166239977191225,0.3163677943605866,0.0
3370.987985739492,100.0,0.12387069200574657,-0.16241032415123438,-0.017426601785761484,-0.009424644526589166,0.06193534600287329,0.019625518712603627,0.042309827290269664,1.9811874576931696,0.31687105956739414,0.0
3377.312541059829,100.0,0.11941280438252663,-0.16102727020216126,-0.017287373172814875,-0.008951063422608875,0.059706402191263316,0.018948740380586294,0.04075766181067702,1.946727530014732,0.3173653022985032,6.938893903907228e-18
3383.637096380166,100.0,0.11516209982506642,-0.1595854169072303,-0.017140959999068815,-0.008498876154078513,0.05758104991253321,0.01830217027860208,0.03927887963393113,1.9132260858875032,0.3178505828984266,0.0
3389.9616517005024,100.0,0.11110879628562635,-0.1580956572083092,-0.016988548281052014,-0.008067123630167473,0.055554398142813176,0.01768446281810209,0.037869935324711085,1.8806627990207117,0.3183269625681266,0.0
3396.2862070208394,100.0,0.10724334636195959,-0.15656760307502307,-0.016831189698059995,-0.007654864253174742,0.053621673180979795,0.017094294669330674,0.036527378511649125,1.8490156662035437,0.31879450332769943,0.0
3402.6107623411763,100.0,0.10355648708833254,-0.15500971860023538,-0.01666981514937838,-0.007261179802198057,0.05177824354416627,0.0165303734617147,0.03524787008245159,1.8182614477414791,0.3192532679795226,-1.3877787807814457e-17
3408.9353176615127,100.0,0.10003927557821346,-0.1534294415450422,-0.0165052471874655,-0.006885179785602496,0.05001963778910673,0.015991444269970352,0.034028193519136364,1.7883760381961256,0.3197033200718812,1.3877787807814457e-17
3415.2598729818496,100.0,0.09668311317003404,-0.15183329378046434,-0.016338211359373547,-0.006526004540059446,0.04834155658501702,0.015476294284021962,0.03286526230099506,1.7593347767847916,0.3201447238630848,0.0
3421.5844283021866,100.0,0.09347976030863933,-0.15022698122127848,-0.016169346506323495,-0.006182827311222487,0.046739880154319666,0.014983756000097725,0.03175612415422195,1.731112705753021,0.32057754428608515,-1.3877787807814457e-17
3427.908983622523,100.0,0.09042134403052388,-0.14861548393541657,-0.015999214082435015,-0.005854855513716876,0.04521067201526194,0.01451270921710439,0.030697962798157546,1.7036847840551015,0.3210018469136066,3.469446951953614e-18
3434.23353894286,100.0,0.08750035960680845,-0.14700313715576302,-0.015828306559799093,-0.005541331335723439,0.043750179803404225,0.014062082076162472,0.029688097727241743,1.6770260627767521,0.32141769792379904,1.0408340855860843e-17
3440.558094263197,100.0,0.0847096676293556,-0.14539370393227066,-0.015657054989667605,-0.005241531825603895,0.0423548338146778,0.01363085134141469,0.028723982473263118,1.6511118279156436,0.32182516406642125,-6.938893903907228e-18
3446.8826495835333,100.0,0.08204248759749952,-0.14379044015063785,-0.01548583578953907,-0.004954768574279562,0.04102124379874976,0.013218042086261874,0.02780320171248788,1.6259177154002518,0.3222243126295632,6.938893903907228e-18
3453.20720490387,100.0,0.07949238887057296,-0.14219615261660537,-0.015314976824123621,-0.004680387086958022,0.03974619443528648,0.012822726920360352,0.026923467514926126,1.6014198025727264,0.3226152114069164,3.469446951953614e-18
3459.531760224207,100.0,0.07705327969007582,-0.14061325086774867,-0.015144762845170556,-0.004417765920846711,0.03852663984503791,0.012444024868392656,0.02608261497664525,1.577594679782653,0.32299792866559585,3.469446951953614e-18
3465.8563155445436,100.0,0.07471939484060278,-0.1390437933315425,-0.014975440351385007,-0.004166315651268969,0.03735969742030139,0.012081099991194956,0.02527859742910644,1.5544195052298433,0.32337253311452263,-1.0408340855860843e-17
3472.1808708648805,100.0,0.07248528240665919,-0.13748952840245887,-0.014807221925479506,-0.00392547771672074,0.036242641203329595,0.011733159822743604,0.024509481380585986,1.5318720457494879,0.32373909387337046,6.938893903907228e-18
3478.5054261852174,100.0,0.07034578998979168,-0.13595193096407612,-0.014640290101042218,-0.0036947231835279463,0.03517289499489584,0.011399453682278682,0.02377344131261716,1.509930705845714,0.32409768044208265,0.0
3484.829981505554,100.0,0.06829605067402227,-0.13443223483611205,-0.014474800807527822,-0.00347355146257931,0.03414802533701113,0.011079270909039747,0.02306875442797139,1.4885745469434675,0.32444836267096083,-6.938893903907228e-18
3491.154536825891,100.0,0.06633146896482368,-0.13293146158198968,-0.014310886437410474,-0.003261489003855249,0.03316573448241184,0.010771939057336387,0.02239379542507546,1.4677832985380632,0.3247912107313307,-3.469446951953614e-18
3497.4790921462277,100.0,0.06444770687553904,-0.13145044607061318,-0.014148658575457645,-0.003058087988917684,0.03222385343776952,0.01047682208164169,0.02174703135612784,1.4475373626709391,0.3251262950867889,-1.0408340855860843e-17
3503.803647466564,100.0,0.06264067029335399,-0.12998985914688088,-0.01398821042624047,-0.0028629250369755412,0.031320335146676995,0.0101933185348062,0.0211270166118708,1.4278178129443686,0.3254536864650276,-3.469446951953614e-18
3510.128202786901,100.0,0.06090649572303864,-0.1285502277292558,-0.01382961897241695,-0.0026755999364272247,0.03045324786151932,0.009920859797102211,0.02053238806441712,1.4086063891025207,0.3257734558302464,-1.0408340855860843e-17
3516.452758107238,100.0,0.05924153747934479,-0.12713195261951105,-0.013672946893021684,-0.0024957344107653097,0.029620768739672395,0.00965890834942347,0.019961860390248918,1.3898854880473765,0.3260856743561443,6.938893903907228e-18
3522.7773134275744,100.0,0.057642355377009125,-0.12573532427950146,-0.013518244267969555,-0.0023229709252887065,0.028821177688504562,0.00940695610041142,0.019414221588093146,1.3716381520219842,0.326390413399499,-3.469446951953614e-18
3529.1018687479113,100.0,0.056105702949829736,-0.12436053680237422,-0.01336555009222424,-0.002156971539105194,0.028052851474914868,0.009164522774413262,0.0188883287005016,1.3538480545772678,0.32668774447432797,3.469446951953614e-18
3535.4264240682483,100.0,0.054628516216459005,-0.1230077002808745,-0.013214893620585172,-0.0019974168053390503,0.027314258108229503,0.008931154364881675,0.018383103743347826,1.3364994848395322,0.3269777392266353,0.0
3541.7509793885847,100.0,0.05320790299969585,-0.12167685175311235,-0.013066295561789232,-0.0018440047212116017,0.026603951499847924,0.008706421655994183,0.017897529843853746,1.3195773305111136,0.3272604694097398,-6.938893903907228e-18
3548.0755347089216,100.0,0.05184113279765925,-0.12036796488619116,-0.012919769138594907,-0.0016964497286831835,0.025920566398829625,0.008489918813826932,0.0174306475850027,1.3030670599648302,0.32753600686018464,-6.938893903907228e-18
3554.4000900292585,100.0,0.05052562719878205,-0.11908095854021726,-0.012775321028693661,-0.0015544817655803976,0.025262813599391025,0.00828126204728522,0.0169815515521058,1.2869547037316598,0.32780442347422634,3.469446951953614e-18
3560.724645349595,100.0,0.049258950827732795,-0.11781570433925477,-0.01263295219966212,-0.0014178453665455292,0.024629475413866397,0.00808008833811913,0.016549387075747265,1.2712268356291987,0.32806579118490037,3.469446951953614e-18
3567.049200669932,100.0,0.04803880280582717,-0.11657203336156381,-0.012492658649709878,-0.0012862988127006613,0.024019401402913584,0.007886054238686307,0.016133347164227287,1.255870553734445,0.3283201819396598,-1.0408340855860843e-17
3573.373755990269,100.0,0.04686300870698611,-0.11534974204880266,-0.012354432064676646,-0.00115961332859133,0.023431504353493057,0.007698834735627856,0.015732669617865205,1.2408734613672625,0.32856766767858636,-3.469446951953614e-18
3579.6983113106053,100.0,0.045729512988610256,-0.11414859742261288,-0.012218260400571614,-0.0010375723247391287,0.022864756494305128,0.007518122177262047,0.01534663431704308,1.2262236482193651,0.3288083203131671,0.0
3586.0228666309417,100.0,0.044636371875716306,-0.11296834168700952,-0.012084128399915307,-0.0009199706839729645,0.022318185937858153,0.007343625262250469,0.014974560675607684,1.2119096717371693,0.3290422117056359,0.0
3592.347421951278,100.0,0.04358174667616521,-0.11180869628612095,-0.011952018049224682,-0.0008066140896076764,0.021790873338082606,0.00717506808692731,0.014615805251155294,1.1979205388444853,0.3292694136488725,3.469446951953614e-18
3598.671977271615,100.0,0.04256389750470272,-0.11066936547895116,-0.011821908984165401,-0.0006973183934852827,0.02128194875235136,0.0070121892485891756,0.014269759503762181,1.1842456880723,0.32948999784685723,3.469446951953614e-18
3604.996532591952,100.0,0.041581177393724834,-0.10955003948585046,-0.011693778848168433,-0.0005919090218768981,0.020790588696862417,0.006854741002002535,0.013935847694859883,1.170874972147115,0.3297040358956747,0.0
3611.3210879122885,100.0,0.04063202676911518,-0.1084503972551968,-0.011567603609663595,-0.0004902204172553104,0.02031601338455759,0.00670248846638981,0.013613524918167785,1.1577986410762287,0.32991159926506247,-3.469446951953614e-18
3617.6456432326254,100.0,0.03971496827009928,-0.10737010889329941,-0.011443357842509135,-0.00039209551398112125,0.01985748413504964,0.006555208880189973,0.013302275254859667,1.1450073257573483,0.33011275928049916,0.0
3623.9701985529623,100.0,0.03882860189279294,-0.10630883779568089,-0.011321014973688334,-0.00029738524599541956,0.01941430094639647,0.006412690900950562,0.013001610045445908,1.13249202213089,0.3303075871058255,0.0
3630.2947538732988,100.0,0.03797160043793215,-0.10526624251358321,-0.01120054750189202,-0.00020594808467312004,0.018985800218966075,0.006274733947786005,0.012711066271180066,1.120244075885787,0.3304961537263934,3.469446951953614e-18
3636.6193091936357,100.0,0.037142705244141504,-0.1042419783857294,-0.011081927190205034,-0.0001176496050610798,0.018571352622070752,0.006141147583928833,0.01243020503814192,1.1082551677234656,0.3306785299327368,0.0
3642.9438645139726,100.0,0.0363407221890015,-0.1032356989619928,-0.010965125235759153,-3.236207880084138e-05,0.01817036109450075,0.006011750937001326,0.012158610157499429,1.0965172991796641,0.33085478630475756,-5.204170427930421e-18
3649.268419834309,100.0,0.035564517941080995,-0.10224705724262519,-0.010850112418898017,5.0035907886001923e-05,0.017782258970540497,0.005886372154740148,0.011895886815800349,1.0850227789996068,0.33102499319642004,0.0
3655.592975154646,100.0,0.03481301644701837,-0.10127570675404594,-0.010736859234120053,0.00012965981269076049,0.017406508223509184,0.0057648478940168025,0.011641660329492381,1.0737642100588753,0.3311892207209493,1.734723475976807e-18
3661.917530474983,100.0,0.03408519563862449,-0.1003213024798335,-0.010625336004815057,0.00020661947364998973,0.017042597819312246,0.0056470228411055305,0.011395574978206717,1.0627344768196363,0.33134753873652206,-1.734723475976807e-18
3668.2420857953193,100.0,0.033380084345859734,-0.09938350166347946,-0.01051551298358954,0.00028101942489815163,0.016690042172929867,0.005532749261260514,0.01115729291166935,1.0519267333099311,0.3315000168324478,3.469446951953614e-18
3674.5666411156562,100.0,0.032696759402379934,-0.09846196449760994,-0.010407360439778576,0.00035295919304385967,0.016348379701189967,0.005421886575771114,0.010926493125418853,1.0413343916121385,0.3316467243158333,0.0
3680.891196435993,100.0,0.032034342931162474,-0.09755635471274038,-0.010300848735567322,0.000422533575396929,0.016017171465581237,0.005314300964768831,0.010702870500812405,1.0309511108455949,0.33178773019871544,0.0
3687.2157517563296,100.0,0.031391999798500755,-0.09666634007717145,-0.01019594839199001,0.0004898329012005631,0.015695999899250378,0.005209864994161111,0.01048613490508927,1.0207707866275475,0.3319231031856676,-3.469446951953614e-18
3693.5403070766665,100.0,0.030768935225396938,-0.0957915928183406,-0.010092630145935554,0.0005549432769527943,0.015384467612698469,0.0051084572651641106,0.01027601034753436,1.0107875409960405,0.33205291166185996,-1.734723475976807e-18
3699.8648623970034,100.0,0.03016439254608808,-0.09493178997479793,-0.009990864999166599,0.0006179468168342659,0.01508219627304404,0.005009962085000389,0.01007223418804365,1.0009957127780709,0.3321772236815765,0.0
3706.18941771734,100.0,0.02957765110410434,-0.09408661368695287,-0.00989062426024866,0.0006789218591958522,0.01478882555205217,0.004914269157415665,0.009874556394636502,0.99138984838616,0.3322961069571706,1.734723475976807e-18
3712.513973037677,100.0,0.029008024276888814,-0.09325575143383547,-0.009791879580189398,0.0007379431699990145,0.014504012138444407,0.004821273291753915,0.009682738846690494,0.9819646930265787,0.33240962884846353,-1.734723475976807e-18
3718.8385283580137,100.0,0.02845485762059865,-0.09243889622231014,-0.009694602982500754,0.0007950821340446878,0.014227428810299324,0.004730874129409479,0.00949655468088985,0.9727151823025566,0.33251785635256664,-5.204170427930421e-18
3725.16308367835,100.0,0.027917527127263045,-0.09163574673446433,-0.009598766888319744,0.0008504069347726544,0.013958763563631522,0.004642975886550646,0.009315787677080875,0.9636364341960765,0.33262085609412856,1.734723475976807e-18
3731.487638998687,100.0,0.027395437586996127,-0.09084600743825973,-0.00950434413715478,0.0009039827233624242,0.013697718793498063,0.004557487112080309,0.009140231681417752,0.9547237414121751,0.3327186943159926,1.734723475976807e-18
3737.812194319024,100.0,0.026888021048451616,-0.09006938866596857,-0.009411308003763337,0.0009558717778188928,0.013444010524225808,0.004474320459866524,0.00896969006435928,0.9459725640700711,0.3328114368702626,3.469446951953614e-18
3744.1367496393605,100.0,0.02639473537116183,-0.0893056066644126,-0.009319632211611601,0.0010061336526814024,0.013197367685580915,0.004393392474338328,0.008803975211242588,0.9373785227258333,0.33289914920976466,0.0
3750.4613049596974,100.0,0.025915062863832973,-0.08855438362057705,-0.009229290943318492,0.00105482531995263,0.012957531431916487,0.004314623388601696,0.008642908043314789,0.9289373917118091,0.3329818963798987,1.734723475976807e-18
3756.7858602800343,100.0,0.02544850900306743,-0.08781544766577332,-0.009140258848442792,0.0011020013018044029,0.012724254501533715,0.004237936934285768,0.008486317567247948,0.9206450927785113,0.3330597430108734,-1.734723475976807e-18
3763.1104156003707,100.0,0.02499460122735521,-0.08708853286116701,-0.009052511048933074,0.0011477137955808495,0.012497300613677605,0.004163260162381099,0.008334040451296505,0.9124976890251393,0.33313275331031417,0.0
3769.4349709207077,100.0,0.024552887801526275,-0.08637337916717625,-0.008966023142525906,0.0011920127915847046,0.012276443900763137,0.004090523274380584,0.008185920626382551,0.904491379105471,0.33320099105623785,1.734723475976807e-18
3775.7595262410446,100.0,0.024122936747178077,-0.08566973239896064,-0.008880771204346579,0.0012349461841005473,0.012061468373589039,0.004019659463078794,0.008041808910510245,0.896622491696343,0.3332645195903867,0.0
3782.084081561381,100.0,0.023704334834895074,-0.08497734416997266,-0.008796731786939058,0.0012765598760786285,0.011852167417447537,0.003950604762427895,0.007901562655019644,0.8888874802164665,0.33332340181191017,-1.734723475976807e-18
3788.408636881718,100.0,0.023296686634357983,-0.08429597182531864,-0.008713881918927259,0.0013168978778750739,0.011648343317178992,0.0038832979058879636,0.007765045411291028,0.8812829177838367,0.3333777001713944,0.0
3794.733192202055,100.0,0.022899613618703196,-0.08362537836647993,-0.008632199102487649,0.0013560024004178673,0.011449806809351598,0.0038176801927463796,0.007632126616605216,0.8738054924004975,0.333427476665222,1.734723475976807e-18
3801.0577475223913,100.0,0.022512753319735842,-0.08296533236876488,-0.008551661309793568,0.0013939139431438416,0.011256376659867921,0.0037536953619155527,0.007502681297952371,0.8664520023539161,0.3334727928302639,-2.6020852139652106e-18
3807.382302842728,100.0,0.022135758530826905,-0.08231560789270603,-0.00847224697857378,0.0014306713770290995,0.011067879265413453,0.003691289472750144,0.0073765897926633085,0.8592193518246832,0.33351370973888667,0.0
3813.706858163065,100.0,0.02176829655453743,-0.08167598439047664,-0.008393935006912568,0.0014663120230140002,0.010884148277268715,0.0036304107924553844,0.007253737484813333,0.8521045466907666,0.33355028799427616,-3.469446951953614e-18
3820.0314134834016,100.0,0.021410048492207606,-0.08104624660827295,-0.008316704747403989,0.0015008717261042524,0.010705024246103803,0.0035710096896855604,0.007134014556418242,0.8451046905189392,0.3335825877260637,0.0
3826.3559688037385,100.0,0.02106070857293292,-0.08042618448549921,-0.008240536000760763,0.0015343849254111067,0.01053035428646646,0.0035130385339581516,0.00701731575250831,0.8382169807344816,0.33361066858624927,-8.673617379884035e-19
3832.6805241240754,100.0,0.020719983519519775,-0.07981559305149163,-0.008165409008966942,0.0015668847203765212,0.010359991759759888,0.003456451600533395,0.006903540159226492,0.8314387049606717,0.3336345897454174,8.673617379884035e-19
3839.005079444412,100.0,0.020387591949170718,-0.07921427232042863,-0.008091304448053234,0.0015984029334132066,0.010193795974585359,0.0034012049804314987,0.006792590994153863,0.8247672375199562,0.33365440988923123,-2.6020852139652106e-18
3845.329634764749,100.0,0.020063263806797783,-0.07862202718499535,-0.008018203420565136,0.0016289701691745257,0.010031631903398891,0.0033472564952811467,0.006684375408117745,0.8182000360891152,0.3336701872152065,0.0
3851.6541900850857,100.0,0.01974673982899964,-0.07803866730930119,-0.00794608744778582,0.0016586158706553152,0.00987336991449982,0.003294565616712453,0.006578804297787367,0.8117346385010872,0.3336819794297512,-8.673617379884035e-19
3857.978745405422,100.0,0.0194377710368661,-0.07746400702148484,-0.007874938461768557,0.001687368372311767,0.00971888551843305,0.00324309339002599,0.006475792128407065,0.8053686596864805,0.3336898437454653,-4.336808689942018e-18
3864.303300725759,100.0,0.019136118255892117,-0.0768978652063853,-0.0078047387972270035,0.0017152549503764807,0.009568059127946059,0.0031928023618865717,0.006375256766059488,0.7990997887481353,0.33369383687869825,-8.673617379884035e-19
3870.627856046096,100.0,0.018841551661395856,-0.0763400651986102,-0.007735471183326089,0.0017423018705333944,0.009420775830697928,0.0031436565118066247,0.0062771193188913025,0.7929257861624409,0.3336940150473499,8.673617379884035e-19
3876.9524113664324,100.0,0.01855385034793638,-0.07579043467628377,-0.007667118735410736,0.0017685344331070491,0.00927692517396819,0.00309562118719858,0.006181303986769614,0.7868444811013903,0.3336904339689131,-3.469446951953614e-18
3883.2769666867694,100.0,0.018272801921324924,-0.07524880555572176,-0.00759966494670546,0.0017939770159106248,0.009136400960662462,0.0030486630417899644,0.006087737918872497,0.7808537688696859,0.3336831488587506,8.673617379884035e-19
3889.6015220071063,100.0,0.01799820211191251,-0.07471501388724439,-0.007533093680013585,0.0018186531148881664,0.008999101055956254,0.0030027499772076528,0.005996351078748603,0.7749516084514765,0.3336722144285974,-8.673617379884035e-19
3895.9260773274427,100.0,0.017729854407919455,-0.07418889975230414,-0.007467389159441012,0.0018425853826779582,0.008864927203959727,0.002957851087549781,0.005907076116409947,0.7691360201615551,0.33365768488528447,0.0
3902.2506326477796,100.0,0.017467569707652168,-0.0736703071620836,-0.007402535962166565,0.0018657956652159149,0.008733784853826084,0.002913936606775389,0.005819848247050696,0.7634050833961468,0.3336396139296763,-8.673617379884035e-19
3908.5751879681166,100.0,0.017211165989523176,-0.07315908395768796,-0.007338519010277599,0.0018883050364905893,0.008605582994761588,0.0028709778587520723,0.0057346051360095155,0.757756934478606,0.3336180547558139,0.0
3914.899743288453,100.0,0.016960467998859835,-0.07265508171203926,-0.007275323562687332,0.0019101338315543688,0.008480233999429918,0.0028289472098121035,0.005651286789617811,0.7521897645956243,0.3335930600502627,2.6020852139652106e-18
3921.22429860879,100.0,0.016715306950548903,-0.07215815563355778,-0.0072129352071476265,0.0019313016778890768,0.008357653475274451,0.002787818023676347,0.005569835451598104,0.7467018178197167,0.33356468199165196,8.673617379884035e-19
3927.548853929127,100.0,0.016475520246624888,-0.07166816447170113,-0.007151339852369394,0.0019518275252179966,0.008237760123312444,0.002747564618614266,0.005490195504698178,0.741291389214021,0.33353297225040546,0.0
3933.8734092494633,100.0,0.016240951207963084,-0.07118497042441399,-0.007090523720260331,0.001971729673850912,0.008120475603981542,0.0027081622267159313,0.0054123133772656104,0.7359568230155804,0.3334979819886529,8.673617379884035e-19
3940.1979645698,100.0,0.016011448819291632,-0.07070843904753076,-0.007030473338288658,0.0019910258016433155,0.008005724409645816,0.002669586955159854,0.005336137454485963,0.7306965108935246,0.3334597618603211,-8.673617379884035e-19
3946.522519890137,100.0,0.015786867486783582,-0.07023843916615995,-0.006971175531979632,0.0020097329896460693,0.007893433743391791,0.0026318157493671617,0.005261617994024631,0.725508890278701,0.3334183620113946,-1.734723475976807e-18
3952.847075210474,100.0,0.015567066807535373,-0.06977484278806981,-0.006912617417550504,0.0020278677465172565,0.007783533403767686,0.0025948263579393784,0.005188707045828308,0.7203924427614963,0.3333738320803416,0.0
3959.1716305308105,100.0,0.015351911350280165,-0.0693175250190855,-0.006854786394688484,0.0020454460317635573,0.007675955675140083,0.0025585972992831813,0.005117358375856901,0.7153456925547509,0.3333262211987028,8.673617379884035e-19
3965.4961858511474,100.0,0.015141270446723337,-0.06886636398050025,-0.0067976701394750995,0.0020624832778745323,0.007570635223361669,0.002523107829831175,0.005047527393530494,0.7103672050188092,0.333275577991831,0.0
3971.8207411714843,100.0,0.014935017992924347,-0.06842124072849598,-0.0067412565974596,0.002078994411409405,0.0074675089964621735,0.002488337913773206,0.004979171082688967,0.7054555852459042,0.3332219505797834,8.673617379884035e-19
3978.145296491821,100.0,0.014733032260183342,-0.06798203917556354,-0.006685533976883144,0.0020949938730924,0.007366516130091671,0.002454268194217682,0.004912247935873989,0.7006094767012051,0.3331653865783554,0.0
3984.4698518121577,100.0,0.014535195714922964,-0.06754864601390638,-0.006630490742054884,0.0021104956369694104,0.007267597857461482,0.0024208799657071223,0.004846717891754358,0.6958275599179904,0.33310593310025516,1.734723475976807e-18
3990.7944071324946,100.0,0.014341394847086105,-0.06712095064080902,-0.006576115606880471,0.00212551322867566,0.007170697423543052,0.0023881551480166062,0.004782542275526447,0.6911085512445359,0.33304363675641124,-8.673617379884035e-19
3997.118962452831,100.0,0.014151520006597971,-0.06669884508594558,-0.006522397528542856,0.002140059742861135,0.007075760003298986,0.0023560762611678416,0.0047196837421311436,0.686451201640414,0.33297854365740925,0.0
4003.443517773168,100.0,0.013965465247467394,-0.06628222394060213,-0.006469325701334857,0.0021541478598178796,0.006982732623733697,0.002324626401595485,0.004658106222138213,0.6818542955200158,0.3329106994150518,-8.673617379884035e-19
4009.768073093505,100.0,0.013783128179127361,-0.06587098428878345,-0.006416889550642674,0.0021677898613506317,0.0068915640895636805,0.0022937892194060863,0.004597774870157593,0.6773166496412275,0.3328401491440401,8.673617379884035e-19
4016.0926284138413,100.0,0.013604409824637087,-0.0654650256401724,-0.006365078727078924,0.0021809976459299754,0.006802204912318544,0.002263548896673237,0.004538656015645308,0.6728371120372653,0.33276693746376756,-1.734723475976807e-18
4022.4171837341783,100.0,0.013429214485390237,-0.06506424986490772,-0.006313883100763708,0.002193782743164893,0.006714607242695118,0.0022338901267158814,0.004480717115979235,0.6684145609897919,0.3326911085002255,1.734723475976807e-18
4028.741739054515,100.0,0.013257449611994052,-0.06466856113014655,-0.006263292755751856,0.0022061563276295285,0.006628724805997026,0.0022047980943096747,0.004423926711687353,0.6640479040415194,0.3326127058880145,-1.734723475976807e-18
4035.0662943748516,100.0,0.013089025681002835,-0.06427786583837326,-0.006213297984604168,0.002218129232076992,0.006544512840501417,0.0021762584567840337,0.004368254383717385,0.6597360770465769,0.3325317727724554,-1.734723475976807e-18
4041.3908496951885,100.0,0.012923856077207849,-0.06389207256741948,-0.006163889283100575,0.002229711960071211,0.006461928038603924,0.002148257325960336,0.0043136707126435895,0.6554780432570317,0.3324483518118006,-8.673617379884035e-19
4047.7154050155254,100.0,0.012761856981201728,-0.06351109201215599,-0.006115057345092652,0.0022409146980660577,0.006380928490600864,0.0021207812508890044,0.004260147239711861,0.6512727924439964,0.3323624851795353,-1.734723475976807e-18
4054.039960335862,100.0,0.012602947261951788,-0.06313483692781861,-0.006066793057493055,0.0022517473269593933,0.006301473630975894,0.002093817201345735,0.00420765642963016,0.6471193400518539,0.33227421456677125,-1.734723475976807e-18
4060.364515656199,100.0,0.012447048374130907,-0.06276322207492926,-0.006019087495399087,0.0022622194331481274,0.006223524187065454,0.0020673525520491344,0.0041561716350163175,0.6430167263841796,0.3321835811847214,1.734723475976807e-18
4066.6890709765357,100.0,0.012294084259969218,-0.06239616416577349,-0.005971931917347851,0.0022723403191089305,0.006147042129984609,0.002041375067564303,0.004105667062420307,0.6389640158200308,0.3320906257672605,-8.673617379884035e-19
4073.013626296872,100.0,0.012143981255402312,-0.062033581812395606,-0.00592531776070005,0.0022821190135279166,0.006071990627701156,0.0020158728878586544,0.004056117739842501,0.6349602960593134,0.3319953885735591,0.0
4079.338181617209,100.0,0.01199666800030402,-0.0616753954760727,-0.005879236637149623,0.0022915642810013306,0.00599833400015201,0.001990834514478178,0.004007499485673834,0.6310046773960044,0.3318979093907952,-1.734723475976807e-18
4085.662736937546,100.0,0.011852075352603991,-0.0613215274182296,-0.005833680328356417,0.0023006846313280505,0.005926037676301996,0.0019662487973140857,0.00395978887898791,0.6270962920180737,0.3317982275369327,0.0
4091.9872922578825,100.0,0.0117101363061001,-0.060971901652756004,-0.005788640781698882,0.0023094883284136506,0.00585506815305005,0.0019421049219313165,0.003912963231118733,0.6232342933329834,0.3316963818635699,8.673617379884035e-19
4098.311847578219,100.0,0.011570785911786879,-0.060626443899688715,-0.0057441101061439835,0.00231798339880465,0.005785392955893439,0.0019183923974319702,0.003867000558461468,0.619417855317712,0.3315924107588492,1.3010426069826053e-18
4104.636402898556,100.0,0.0114339612025304,-0.060285081540222024,-0.005700080568231413,0.0023261776398706036,0.0057169806012652,0.001895101044828166,0.0038218795564370334,0.6156461718922918,0.33148635215042876,4.336808689942018e-19
4110.960958218893,100.0,0.011299601120928857,-0.05994774357300894,-0.005656544588169164,0.0023340786276507585,0.005649800560464428,0.0018722209859000952,0.0037775795745643337,0.6119184563158878,0.3313782435085096,-4.336808689942018e-19
4117.285513539229,100.0,0.011167646450207116,-0.05961436057171813,-0.005613494736037665,0.002341693724381101,0.005583823225103558,0.0018497426325164202,0.0037340805925871376,0.6082339406045046,0.33126812184891735,4.336808689942018e-19
4123.610068859566,100.0,0.011038039748001124,-0.059284864643810754,-0.005570923728099597,0.002349030085716795,0.005519019874000562,0.0018276566763952883,0.0036913631976052737,0.6045918749694356,0.331156023736236,0.0
4129.934624179903,100.0,0.010910725282895963,-0.058959189390502945,-0.005528824423212617,0.0023560946676641965,0.005455362641447982,0.0018059540792853994,0.003649408562162582,0.600991527275618,0.3310419852869867,0.0
4136.25917950024,100.0,0.010785648973588045,-0.058637269867879496,-0.005487189819342164,0.002362894233235969,0.005392824486794023,0.0017846260635476046,0.003608198423246418,0.597432182519088,0.33092604217285515,0.0
4142.583734820577,100.0,0.010662758330549183,-0.05831904254912622,-0.005446013050171669,0.0023694353588420087,0.0053313791652745916,0.0017636641031185444,0.0035677150621560468,0.5939131423227717,0.33080822962395834,4.336808689942018e-19
4148.908290140914,100.0,0.01054200240007613,-0.058004445287847824,-0.005405287381807434,0.002375724440428337,0.005271001200038065,0.0017430599148387598,0.0035279412851993057,0.5904337244498759,0.330688582432152,-4.336808689942018e-19
4155.232845461251,100.0,0.010423331710615632,-0.05769341728244029,-0.005365006209575613,0.002381767699375433,0.005211665855307816,0.0017228054501286518,0.0034888604051791644,0.5869932623341858,0.33056713495437595,-4.336808689942018e-19
4161.557400781587,100.0,0.010306698221260173,-0.057385899041486214,-0.005325163054908611,0.0023875711881669085,0.0051533491106300865,0.0017028928869964174,0.003450456223633668,0.58359110462659,0.3304439211160311,8.673617379884035e-19
4167.881956101924,100.0,0.010192055272315363,-0.057081832350143205,-0.005285751562318426,0.002393140795838891,0.005096027636157682,0.001683314622363004,0.003412713013794677,0.5802266147572005,0.33031897441439206,4.336808689942018e-19
4174.2065114222605,100.0,0.01007935753784489,-0.05678116023749627,-0.005246765496454491,0.0023984822532199216,0.005039678768922445,0.0016640632646898125,0.003375615504232633,0.5768991705124584,0.3301923279220459,0.0
4180.531066742597,100.0,0.009968560980103196,-0.05648382694484452,-0.005208198739243435,0.0024036011379707125,0.004984280490051598,0.0016451316268955504,0.0033391488631560468,0.573608163626626,0.3300640142903594,8.673617379884035e-19
4186.855622062934,100.0,0.009859622805771453,-0.05618977789489563,-0.00517004528710859,0.0024085028794326355,0.004929811402885727,0.0016265127195494518,0.0033032986833362744,0.5703529993871255,0.3299340657529723,4.336808689942018e-19
4193.180177383271,100.0,0.00975250142391569,-0.05589895966183961,-0.005132299248266743,0.0024131927632933484,0.004876250711957845,0.0016081997443285383,0.0032680509676293054,0.5671330962531702,0.32980251412931066,8.673617379884035e-19
4199.504732703607,100.0,0.009647156405590718,-0.05561131994227659,-0.00509495484010001,0.002417675936077591,0.004823578202795359,0.0015901860877273587,0.0032333921150680006,0.5639478854871891,0.3296693908281231,-4.336808689942018e-19
4205.829288023944,100.0,0.00954354844501672,-0.05532680752697198,-0.00505800638660054,0.00242195740947074,0.00477177422250836,0.0015724653150091038,0.0031993089074992573,0.5607968107985465,0.3295347268510353,-8.673617379884035e-19
4212.153843344281,100.0,0.009441639322259417,-0.05504537227341512,-0.005021448315885955,0.0024260420644823697,0.0047208196611297085,0.0015550311643875885,0.003165788496742121,0.557679327999091,0.3293985527961185,-1.3010426069826053e-18
4218.478398664618,100.0,0.009341391867347712,-0.05476696507915609,-0.0049852751577834096,0.002429934655456725,0.004670695933673856,0.0015378775414300997,0.0031328183922437556,0.5545949046700843,0.3292608988614771,8.673617379884035e-19
4224.802953984955,100.0,0.009242769925766166,-0.05449153785589785,-0.004949481541480208,0.002433639813936627,0.004621384962883083,0.0015209985136715402,0.003100386449211542,0.5515430198400738,0.32912179484884435,8.673617379884035e-19
4231.127509305292,100.0,0.009145738325262784,-0.054219043504320746,-0.004914062193239078,0.002437162052387069,0.004572869162631392,0.0015043883054308602,0.003068480857200532,0.5485231636733057,0.32898127016719225,0.0
4237.452064625628,100.0,0.00905026284391515,-0.05394943588961708,-0.004879011934176085,0.0024405057677844306,0.004525131421957575,0.0014880412928210869,0.0030370901291364868,0.545534837168276,0.32883935383634877,1.3010426069826053e-18
4243.776619945965,100.0,0.008956310179400878,-0.05368266981771414,-0.004844325678099357,0.0024436752450769724,0.004478155089700439,0.0014719519989447398,0.0030062030907556992,0.5425775518660424,0.3286960744906234,0.0
4250.101175266302,100.0,0.008863847919421144,-0.05341870101216532,-0.004809998429406836,0.00244667466052198,0.004431923959710572,0.0014561150892668285,0.0029758088704437444,0.5396508295679399,0.3285514603824386,-4.336808689942018e-19
4256.425730586639,100.0,0.008772844513227952,-0.053157486091688425,-0.004776025281041217,0.002449508084904701,0.004386422256613976,0.0014405253671579167,0.00294589688945606,0.5367542020623437,0.3284055393859655,-8.673617379884035e-19
4262.7502859069755,100.0,0.008683269244208607,-0.052898982548331905,-0.004742401412500391,0.002452179486643957,0.004341634622104303,0.0014251777696001559,0.0029164568525041476,0.5338872108601509,0.3282583390007611,0.0
4269.074841227312,100.0,0.008595092203482946,-0.05264314872625007,-0.004709122087901764,0.0024546927347890873,0.004297546101741473,0.0014100673630495298,0.002887478738691943,0.5310494069386632,0.32810988635540994,4.336808689942018e-19
4275.399396547648,100.0,0.008508284264470754,-0.052389943801068484,-0.004676182654098764,0.0024570516019126708,0.004254142132235377,0.0013951893394477891,0.0028589527927875883,0.5282403504935588,0.32796020821116156,-4.336808689942018e-19
4281.723951867985,100.0,0.008422817058389017,-0.05213932775982189,-0.004643578538848014,0.0024592597669032628,0.004211408529194508,0.0013805390123779473,0.0028308695168165615,0.525459610698662,0.3278093309655701,-4.336808689942018e-19
4288.048507188322,100.0,0.008338662950640553,-0.05189126138144766,-0.004611305249025671,0.002461320817662178,0.004169331475320276,0.0013661118133574458,0.00280321966196283,0.5227067654732328,0.3276572806561284,4.336808689942018e-19
4294.373062508659,100.0,0.00825579501805698,-0.05164570621781703,-0.004579358368891388,0.0024632382537081977,0.00412789750902849,0.0013519032882633505,0.002775994220765139,0.519981401256497,0.3275040829639019,0.0
4300.697617828996,100.0,0.00817418702696121,-0.051402624575289046,-0.0045477335583985175,0.0024650154886938385,0.004087093513480605,0.0013379090938842283,0.002749184419596377,0.5172831127891627,0.3273497632171506,-4.336808689942018e-19
4307.022173149333,100.0,0.00809381341201577,-0.051161979496770364,-0.004516426551549155,0.002466655852836754,0.004046906706007885,0.0013241249945936005,0.0027227817114142856,0.5146115029016745,0.3271943463949526,-8.673617379884035e-19
4313.346728469669,100.0,0.008014649255825193,-0.050923734744266556,-0.004485433154792711,0.0024681625952695666,0.0040073246279125965,0.0013105468591400752,0.0026967777687725227,0.5119661823089636,0.32703785713081474,-1.3010426069826053e-18
4319.671283790006,100.0,0.007936670269261722,-0.05068785478190932,-0.004454749245466615,0.00246953888631136,0.003968335134630861,0.0012971706575494665,0.0026711644770813945,0.5093467694114623,0.3268803197162759,0.0
4325.995839110343,100.0,0.00785985277248552,-0.050454304759446136,-0.0044243707702780345,0.0024707878196639044,0.00392992638624276,0.001283992458134508,0.002645933928108252,0.5067528901021696,0.3267217581045023,0.0
4332.32039443068,100.0,0.007784173676631214,-0.050223050496177556,-0.004394293743825234,0.002471912414535493,0.003892086838315607,0.001271008424607814,0.0026210784137077935,0.5041841775795457,0.3265621959138695,-8.673617379884035e-19
4338.644949751017,100.0,0.007709610466134427,-0.049994058465329394,-0.004364514247157492,0.0024729156176952374,0.0038548052330672133,0.0012582148132940876,0.002596590419773126,0.5016402721660388,0.32640165643153496,-4.336808689942018e-19
4344.9695050713535,100.0,0.0076361411816728425,-0.04976729577884659,-0.004335028426372398,0.0024738003054604577,0.0038180705908364213,0.00124560797043765,0.0025724626203987703,0.49912082113204814,0.32624016261699756,8.673617379884035e-19
4351.2940603916895,100.0,0.007563744403697503,-0.04954273017259607,-0.004305832491249405,0.002474569285619725,0.0037818722018487516,0.0012331843296015785,0.0025486878722471734,0.49662547852513134,0.32607773710564353,-4.336808689942018e-19
4357.618615712026,100.0,0.007492399236531066,-0.049320329991966214,-0.004276922713918542,0.0024752252992940116,0.003746199618265533,0.0012209404091548738,0.002525259209110659,0.49415390500427575,0.32591440221227763,0.0
4363.943171032363,100.0,0.007422085293011121,-0.04910006417785201,-0.004248295427563355,0.0024757710227382794,0.0037110426465055604,0.0012088728098443129,0.0025021698366612475,0.49170576767906904,0.32575017993464106,0.0
4370.2677263527,100.0,0.007352782679656883,-0.048881902253012956,-0.00421994702515687,0.0024762090690857333,0.0036763913398284416,0.0011969782124476374,0.002479413127380805,0.4892807399535848,0.3255850919569118,-4.336808689942018e-19
4376.592281673037,100.0,0.007284471982339433,-0.04866581430879406,-0.004191873958229796,0.0024765419900368924,0.0036422359911697164,0.0011852533755050514,0.002456982615664665,0.48687850137484023,0.3254191596531896,0.0
4382.916836993374,100.0,0.007217134252435801,-0.04845177099219846,-0.004164072735669916,0.0024767722774955226,0.0036085671262179003,0.001173695133125995,0.0024348719930919055,0.4844987374856605,0.3252524040909645,0.0
4389.24139231371,100.0,0.0071507509934483696,-0.04823974349330123,-0.004136539922551729,0.0024769023651533806,0.0035753754967241848,0.0011623003928683338,0.0024130751038558508,0.4821411396818019,0.32508484603456383,0.0
4395.565947634047,100.0,0.007085304148071865,-0.0480297035329947,-0.004109272138995536,0.0024769346300256693,0.0035426520740359326,0.0011510661336872675,0.0023915859403486656,0.4798054050731958,0.32491650594858623,-4.336808689942018e-19
4401.890502954384,100.0,0.007020776085690947,-0.047821623351055394,-0.004082266059055077,0.002476871393938988,0.0035103880428454734,0.0011399894039513167,0.0023703986388941556,0.4774912363491746,0.3247474040013128,8.673617379884035e-19
4408.215058274721,100.0,0.006957149590291904,-0.047615475694522943,-0.004055518409632826,0.002476714924973497,0.003478574795145952,0.0011290673195228623,0.00234950747562309,0.4751983416475403,0.3245775600680995,-4.336808689942018e-19
4414.539613595058,100.0,0.006894407848773081,-0.04741123380638202,-0.0040290259694222355,0.0024764674388609693,0.0034472039243865406,0.0011182970619008697,0.002328906862485671,0.47292643442735777,0.3244069937347499,0.0
4420.864168915395,100.0,0.006832534439638894,-0.047208871414538445,-0.004002785567876066,0.0024761311003402846,0.003416267219819447,0.0011076758764234653,0.002308591343395981,0.47067523334534295,0.32423572430086633,8.673617379884035e-19
4427.188724235731,100.0,0.006771513322063266,-0.047008362721081026,-0.00397679408420012,0.0024757080244719194,0.003385756661031633,0.001097201070528186,0.0022885555905034463,0.4684444621357341,0.3240637707831818,4.336808689942018e-19
4433.513279556068,100.0,0.00671132882530857,-0.046809682391820255,-0.00395104844637156,0.0024752002779128476,0.003355664412654285,0.0010868700120677478,0.0022687944005865372,0.46623384949352353,0.32389115191886797,0.0
4439.8378348764045,100.0,0.006651965638487124,-0.046612805546096696,-0.003925545630181192,0.0024746098801532827,0.003325982819243562,0.0010766801276793447,0.002249302691564217,0.46404312896095007,0.32371788616882186,4.336808689942018e-19
4446.162390196741,100.0,0.006593408800652467,-0.04641770774685061,-0.003900282658298971,0.0024739388047165882,0.0032967044003262337,0.0010666289012055113,0.002230075499120722,0.4618720388171406,0.32354399172093207,4.336808689942018e-19
4452.486945517078,100.0,0.006535643691208357,-0.04622436499094535,-0.003875256599362061,0.0024731889803236316,0.0032678218456041784,0.0010567138721646727,0.002211107973439506,0.4597203219707984,0.32336948649331887,-4.336808689942018e-19
4458.811500837415,100.0,0.006478656020623968,-0.04603275369973764,-0.003850464567084854,0.0024723622920228383,0.003239328010311984,0.0010469326342696188,0.002192395376042365,0.4575877258558448,0.323194388137553,4.336808689942018e-19
4465.136056157751,100.0,0.006422431821444043,-0.045842850709887126,-0.0038259037193902673,0.002471460582287113,0.0032112159107220216,0.0010372828339921616,0.0021739330767298606,0.45547400232991603,0.3230187140418519,-8.673617379884035e-19
4471.460611478088,100.0,0.006366957439583396,-0.04565463326439859,-0.003801571257561744,0.0024704856520787665,0.003183478719791698,0.0010277621691723313,0.002155716550619367,0.45337890757562405,0.32284248133424936,-4.336808689942018e-19
4477.785166798425,100.0,0.006312219525895584,-0.045468079003890535,-0.003777464425415406,0.0024694392618835564,0.003156109762947792,0.0010183683876705473,0.0021377413752772453,0.45130220200449883,0.32266570688574403,-8.673617379884035e-19
4484.109722118762,100.0,0.00625820502800573,-0.045283165958082766,-0.0037535805084916956,0.0024683231327148696,0.003129102514002865,0.001009099286061206,0.0021200032279416582,0.44924365016351786,0.32248840731342115,8.673617379884035e-19
4490.434277439099,100.0,0.006204901182398265,-0.045099872537497844,-0.0037299168332660653,0.002467138947089066,0.0031024505911991327,0.000999952708366265,0.002102497882832868,0.4472030206441511,0.32231059898355124,-4.336808689942018e-19
4496.758832759436,100.0,0.0061522955067504475,-0.04491817752536958,-0.003706470766378129,0.002465888349972965,0.0030761477533752237,0.0009909265448274033,0.00208522120854782,0.4451800859938376,0.32213229801466287,4.336808689942018e-19
4503.083388079772,100.0,0.006100375792502879,-0.044738060069752915,-0.0036832397138787405,0.0024645729497043715,0.0030501878962514396,0.0009820187307154028,0.0020681691655360375,0.4431746226298168,0.32195352028059154,-4.336808689942018e-19
4509.407943400109,100.0,0.006049130097658844,-0.044559499675829804,-0.003660221120494566,0.0024631943188865753,0.003024565048829422,0.0009732272451754798,0.0020513378036539427,0.4411864107552452,0.3217742814135016,-4.336808689942018e-19
4515.732498720446,100.0,0.005998546739804304,-0.044382476198405234,-0.0036374124689096095,0.002461753995257663,0.002999273369902152,0.0009645501101073085,0.0020347232597948428,0.4392152342775256,0.3215945968068845,8.673617379884035e-19
4522.0570540407825,100.0,0.005948614289340876,-0.04420696983458822,-0.0036148112790632446,0.0024602534825354768,0.002974307144670438,0.0009559853890785395,0.0020183217555919,0.4372608807287795,0.32141448161853015,-8.673617379884035e-19
4528.381609361119,100.0,0.0058993215629244275,-0.0440329611166525,-0.0035924151074643064,0.0024586942512390096,0.0029496607814622137,0.0009475311862706771,0.0020021295951915367,0.4353231411883997,0.32123395077347316,0.0
4534.706164681456,100.0,0.005850657617102102,-0.0438604309050722,-0.0035702215465207884,0.002457077739487023,0.002925328808551051,0.0009391856454561974,0.001986143163094853,0.43340181020761726,0.32105301896691296,4.336808689942018e-19
4541.030720001793,100.0,0.0058026117421410076,-0.04368936038172723,-0.0035482282238847355,0.0024554053537745963,0.0029013058710705038,0.0009309469490058586,0.0019703589220646453,0.43149668573602246,0.3208717006671083,0.0
4547.355275322129,100.0,0.005755173456041913,-0.04351973104327399,-0.003526432801811896,0.0024536784697283456,0.0028775867280209566,0.0009228133169251669,0.0019547734110957897,0.42960756904998004,0.32069001011824455,0.0
4553.679830642466,100.0,0.005708332498731674,-0.043351524694676666,-0.0035048329765357644,0.0024518984328409784,0.002854166249365837,0.0009147830059190298,0.001939383243446808,0.4277342646828822,0.32050796134327636,-8.673617379884035e-19
4560.004385962803,100.0,0.005662078826428347,-0.04318472344289497,-0.003483426477655622,0.0024500665591858516,0.0028310394132141734,0.0009068543084836525,0.00192418510473052,0.4258765803571858,0.3203255681467432,8.673617379884035e-19
4566.32894128314,100.0,0.0056164026061729854,-0.04301930969072353,-0.003462211067538149,0.0024481841361121562,0.0028082013030864927,0.0008990255520247435,0.0019091757510617488,0.42403432691817383,0.32014284411755844,4.336808689942018e-19
4572.653496603477,100.0,0.0055712942105226905,-0.04285526613077927,-0.0034411845407323317,0.0024462524229213536,0.0027856471052613452,0.0008912950980011889,0.0018943520072601562,0.4222073182693993,0.3199598026317727,0.0
4578.978051923814,100.0,0.005526744212399333,-0.04269257573963242,-0.0034203447233972337,0.0024442726515254425,0.0027633721061996663,0.0008836613410933257,0.00187971076510634,0.4203953713097531,0.31977645685531036,6.505213034913027e-19
4585.30260724415,100.0,0.0054827433800888545,-0.04253122177207761,-0.0033996894727423383,0.002442246027087629,0.0027413716900444272,0.0008761227083950195,0.001865248981649407,0.418598305872114,0.31959281974667975,6.505213034913027e-19
4591.627162564487,100.0,0.005439282672386017,-0.04237118775554066,-0.0033792166764800946,0.0024401737286459343,0.0027196413361930084,0.0008686776586287489,0.0018509636775642603,0.4168159446635286,0.3194089040596566,-6.505213034913027e-19
4597.951717884823,100.0,0.005396353233879897,-0.04221245748461802,-0.0033589242522903875,0.00243805690972029,0.0026981766169399484,0.0008613246813829696,0.0018368519355569791,0.41504811320688345,0.3192247223459425,-4.336808689942018e-19
4604.27627320516,100.0,0.005353946390375354,-0.04205501501574494,-0.0033388101472965662,0.0024358966989036085,0.002676973195187677,0.0008540622963710007,0.001822910898816676,0.4132946397840167,0.3190402869577946,0.0
4610.600828525497,100.0,0.0053120536444461125,-0.041898844661989024,-0.003318872337552799,0.0024336942004373257,0.0026560268222230563,0.0008468890527107728,0.0018091377695122826,0.4115553553802387,0.3188556100506315,8.673617379884035e-19
4616.9253838458335,100.0,0.005270666671115001,-0.04174393098796558,-0.0032991088275423695,0.0024314504947718914,0.0026353333355575003,0.0008398035282247232,0.0017955298073327772,0.4098300936302075,0.3186707035856108,0.0
4623.24993916617,100.0,0.005229777313657365,-0.04159025880487195,-0.003279517649686724,0.0024291666391126577,0.0026148886568286827,0.0008328043287592312,0.001782084328069451,0.40811869076513296,0.31848557933218086,6.505213034913027e-19
4629.574494486506,100.0,0.00518937757952351,-0.0414378131656373,-0.003260096863864931,0.00242684366795162,0.002594688789761755,0.0008258900875229415,0.0017687987022388138,0.40642098556126294,0.3183002488706073,-2.168404344971009e-19
4635.899049806843,100.0,0.005149459636376358,-0.041286579360184726,-0.003240844556943291,0.002424482593585402,0.002574729818188179,0.0008190594644433777,0.001755670353744802,0.40473681928961636,0.31811472359447196,-6.505213034913027e-19
4642.22360512718,100.0,0.005110015808240697,-0.04113654291080323,-0.0032217588423148922,0.002422084406619948,0.0025550079041203487,0.000812311145541285,0.0017426967585790637,0.4030660356669326,0.31792901471314694,0.0
4648.548160447517,100.0,0.005071038571760265,-0.04098768956762603,-0.003202837859448768,0.0024196500764622547,0.0025355192858801325,0.000805643842322108,0.0017298754435580233,0.40140848080779457,0.31774313325424064,1.3010426069826053e-18
4654.872715767854,100.0,0.0050325205525593875,-0.04084000530421287,-0.0031840797734485043,0.0024171805517995914,0.0025162602762796938,0.0007990562911841029,0.001717203985095591,0.3997640031779007,0.3175570900660215,-2.168404344971009e-19
4661.197271088191,100.0,0.004994454521705703,-0.04069347631323317,-0.0031654827746199735,0.0024146767610665064,0.0024972272608528513,0.0007925472528425201,0.0017046800080103312,0.3981324535484441,0.31737089581981015,0.0
4667.521826408527,100.0,0.0049568333922708815,-0.04054808900224797,-0.0031470450780480544,0.0024121396129000504,0.0024784166961354407,0.0007861155117694044,0.0016923011843660368,0.39651368495158007,0.3171845610123523,-4.336808689942018e-19
4673.846381728864,100.0,0.004919650215986153,-0.040403829989587456,-0.0031287649231820265,0.002409569996583502,0.0024598251079930764,0.0007797598756484826,0.001680065232344594,0.3949075526369387,0.3169980959681616,-2.168404344971009e-19
4680.170937049201,100.0,0.004882898179989711,-0.04026068610032211,-0.003110640573429486,0.002406968782478957,0.0024414490899948554,0.0007734791748446978,0.0016679699151501573,0.39331391402916266,0.31681151084183684,2.168404344971009e-19
4686.495492369538,100.0,0.004846570603663086,-0.040118644362324624,-0.0030926703157585413,0.002404336822449097,0.002423285301831543,0.0007672722618879327,0.0016560130399436103,0.3917326286864378,0.31662481562035666,2.168404344971009e-19
4692.820047689875,100.0,0.004810660935553732,-0.03997769200242059,-0.0030748524603080927,0.0024016749502684545,0.002405330467776866,0.0007611380109704857,0.00164419245680638,0.39016355825999066,0.3164380201253468,4.336808689942018e-19
4699.1446030102115,100.0,0.004775162750381108,-0.039837816442625434,-0.0030571853400059887,0.0023989839820244604,0.002387581375190554,0.0007550753174578735,0.0016325060577326812,0.3886065664545244,0.31625113401532146,-4.336808689942018e-19
4705.4691583305475,100.0,0.004740069746123721,-0.039699005296465535,-0.0030396673101948856,0.0023962647165085803,0.0023700348730618607,0.0007490830974125679,0.0016209517756492933,0.3870615189895704,0.31606416678790195,-4.336808689942018e-19
4711.7937136508845,100.0,0.004705375741184544,-0.039561246365381116,-0.0030222967482655834,0.0023935179355978075,0.002352687870592272,0.0007431602871302554,0.0016095275834620163,0.38552828356172664,0.31587712778200805,2.168404344971009e-19
4718.118268971221,100.0,0.00467107467163255,-0.03942452763520942,-0.0030050720532977236,0.002390744404626804,0.002335537335816275,0.0007373058426882684,0.0015982314931280064,0.3840067298077648,0.3156900261800262,2.168404344971009e-19
4724.442824291558,100.0,0.0046371605885178555,-0.0392888372727453,-0.002987991645707594,0.0023879448727509266,0.0023185802942589278,0.0007315187395057906,0.001587061554753137,0.38249672926857575,0.31550287100995184,2.168404344971009e-19
4730.767379611895,100.0,0.004603627655258324,-0.039154163622377815,-0.0029710539669029114,0.0023851200733004084,0.002301813827629162,0.0007257979719155035,0.0015760158557136584,0.3809981553539344,0.31531567114750797,0.0
4737.091934932232,100.0,0.0045704701450954895,-0.039020495202800945,-0.0029542574789444293,0.0023822707241259525,0.0022852350725477448,0.0007201425527463343,0.0015650925198014108,0.3795108833080639,0.3151284353182395,-4.336808689942018e-19
4743.416490252568,100.0,0.004537682438617592,-0.038887820703796094,-0.0029376006642141544,0.002379397527935946,0.002268841219308796,0.0007145515129169565,0.0015542897063918395,0.3780347901759722,0.3149411720995818,0.0
4749.741045572905,100.0,0.004505259021347805,-0.038756128983085066,-0.002921082025090071,0.0023765011726255554,0.0022526295106739024,0.0007090239010397475,0.0015436056096341541,0.37656975477054644,0.314753889922908,6.505213034913027e-19
4756.065600893242,100.0,0.004473194481395673,-0.03862540906325162,-0.002904700083627198,0.002373582331597912,0.0022365972406978366,0.0007035587830348815,0.0015330384576629553,0.375115657640382,0.3145665970755492,-2.168404344971009e-19
4762.390156213579,100.0,0.004441483507169778,-0.03849565012872943,-0.0028884533812447953,0.002370641664077596,0.002220741753584889,0.0006981552417542543,0.0015225865118306348,0.3736723810383246,0.31437930170279343,-2.168404344971009e-19
4768.714711533916,100.0,0.004410120885149983,-0.03836684152285577,-0.0028723404784196543,0.002367679815416661,0.0022050604425749914,0.0006928123766149761,0.0015122480659600153,0.3722398088907139,0.3141920118098597,0.0
4775.039266854253,100.0,0.004379101497717277,-0.03823897274498813,-0.0028563599543852307,0.002364697417393357,0.0021895507488586385,0.0006875293032421206,0.001502021445616518,0.3708178267673011,0.3140047352638497,-2.168404344971009e-19
4781.36382217459,100.0,0.004348420321039718,-0.038112033447683186,-0.00284051040683658,0.0023616950885037855,0.002174210160519859,0.0006823051531204909,0.0014919050073993675,0.36940632185183053,0.3138174797956744,4.336808689942018e-19
4787.688377494926,100.0,0.004318072423012666,-0.03798601343393606,-0.002824790451640896,0.0023586734342466616,0.002159036211506333,0.0006771390732551258,0.0014818971382512072,0.3680051829132644,0.3136302530019607,0.0
4794.0129328152625,100.0,0.0042880529612517645,-0.03786090265447833,-0.002809198722553528,0.0023556330474013595,0.0021440264806258822,0.0006720302258402895,0.0014719962547855927,0.36661430027763225,0.31344306234693103,0.0
4800.337488135599,100.0,0.004258357181137209,-0.037736691205133926,-0.0027937338709394187,0.002352574508299452,0.0021291785905686047,0.0006669777879367279,0.0014622008026318766,0.3652335658004965,0.3132559151642649,0.0
4806.662043455936,100.0,0.00422898041390763,-0.03761336932423069,-0.002778394565499721,0.0023494983850898712,0.002114490206953815,0.0006619809511569147,0.0014525092557969,0.3638628728400068,0.31306881865893355,2.168404344971009e-19
4812.986598776273,100.0,0.004199918074802323,-0.03749092739006689,-0.002763179492003594,0.002346405233997902,0.0020999590374011614,0.0006570389213580994,0.001442920116043062,0.3625021162305399,0.31288177990901606,0.0
4819.31115409661,100.0,0.00417116566125034,-0.03736935591843107,-0.0027480873530249875,0.002343295599578149,0.00208558283062517,0.0006521509183429099,0.0014334319122822604,0.36115119225690223,0.312694805867491,0.0
4825.635709416946,100.0,0.004142718751105086,-0.037248645560173925,-0.0027331168676843166,0.0023401700149616273,0.002071359375552543,0.0006473161755673017,0.001424043199985241,0.3598099986290825,0.31250790336400586,2.168404344971009e-19
4831.960264737283,100.0,0.004114573000923154,-0.037128787098831086,-0.0027182667713949397,0.0023370290020971627,0.002057286500461577,0.0006425339398556564,0.0014147525606059213,0.35847843445754346,0.3123210791066272,-8.673617379884035e-19
4838.28482005762,100.0,0.004086724144286122,-0.03700977144829549,-0.0027035358156143074,0.0023338730719872115,0.002043362072143061,0.0006378034711228172,0.0014055586010202437,0.3571564002290361,0.31213433968356585,2.168404344971009e-19
4844.609375377957,100.0,0.0040591679901640495,-0.03689158965053815,-0.0026889227675996902,0.002330702724918278,0.0020295839950820248,0.0006331240421028732,0.001396459952979152,0.3558437977829242,0.31194769156488433,-4.336808689942018e-19
4850.933930698294,100.0,0.004031900421319546,-0.03677423287337616,-0.002674426410168374,0.0023275184506860373,0.002015950210659773,0.0006284949380845013,0.0013874552725752713,0.3545405302880057,0.31176114110417924,2.168404344971009e-19
4857.258486018631,100.0,0.004004917392751213,-0.03665769240828689,-0.0026600455414622403,0.0023243207288153366,0.0020024586963756064,0.00062391545665269,0.0013785432397229159,0.353246502219821,0.3115746945402466,4.336808689942018e-19
4863.583041338967,100.0,0.0039782149301753975,-0.036541959668267204,-0.0026457789747166226,0.002321110028775172,0.0019891074650876988,0.0006193849074366611,0.0013697225576510372,0.3519616193384333,0.3113883579987232,4.336808689942018e-19
4869.907596659304,100.0,0.0039517891285451075,-0.036427026185736525,-0.002631625538033332,0.0023178868101887827,0.0019758945642725538,0.0006149026118638177,0.0013609919524087363,0.3506857886666689,0.31120213749370806,-2.168404344971009e-19
4876.232151979641,100.0,0.003925636150605159,-0.036312883610483015,-0.002617584074157809,0.002314651523039004,0.0019628180753025796,0.0006104679029195688,0.0013523501723830113,0.34941891846881123,0.31101603892936525,-6.505213034913027e-19
4882.5567072999775,100.0,0.003899752225482432,-0.03619952370765155,-0.002603653440260256,0.0023114046078689717,0.001949876112741216,0.000606080124912849,0.0013437959878283676,0.34816091822973155,0.3108300681015045,-6.505213034913027e-19
4888.881262620314,100.0,0.00387413364731031,-0.0360869383557726,-0.0025898325077206843,0.002308146495978299,0.001937066823655155,0.0006017386332471855,0.0013353281904079691,0.3469116986344466,0.31064423069914165,4.336808689942018e-19
4895.205817940651,100.0,0.003848776773886393,-0.03597511954483122,-0.0025761201619178284,0.002304877609614878,0.0019243883869431964,0.0005974427941971766,0.0013269455927460202,0.345671171548099,0.3104585323060421,-4.336808689942018e-19
4901.530373260987,100.0,0.003823678025362467,-0.03586405937437483,-0.0025625153020217627,0.002301598362162348,0.0019118390126812335,0.0005931919846902044,0.001318647027991029,0.34443924999633957,0.3102729784022401,0.0
4907.854928581324,100.0,0.0037988338829659475,-0.035753750051659386,-0.002549016840790229,0.002298309158323405,0.0018994169414829737,0.000588985592093272,0.001310431349389702,0.34321584814611106,0.310087574365542,-2.168404344971009e-19
4914.179483901661,100.0,0.0037742408877518823,-0.035644183889832655,-0.002535623704368554,0.0022950103942990224,0.0018871204438759412,0.000584823014004813,0.0013022974298711283,0.34200088128682155,0.30990232547301,0.0
4920.504039221998,100.0,0.0037498956393846525,-0.03553535330615382,-0.002522334832093053,0.002291702457963677,0.0018749478196923262,0.0005807036580513325,0.0012942441616409935,0.340794265811892,0.30971723690242453,2.168404344971009e-19
4926.828594542335,100.0,0.003725794794948641,-0.03542725082024879,-0.002509149176297923,0.0022883857290367164,0.0018628973974743205,0.0005766269416887725,0.0012862704557855484,0.3395959192006796,0.3095323137337311,-4.336808689942018e-19
4933.153149862672,100.0,0.0037019350677870004,-0.035319869052400026,-0.0024960657021254624,0.0022850605792499087,0.0018509675338935002,0.0005725922920084503,0.0012783752418850497,0.33840576000075717,0.3093475609504644,0.0
4939.477705183008,100.0,0.0036783132263678193,-0.03521320072187047,-0.0024830833873396227,0.0022817273725113285,0.0018391566131839097,0.0005685991455474733,0.0012705574676364355,0.33722370781054917,0.309162983441158,8.673617379884035e-19
4945.802260503345,100.0,0.003654926093176918,-0.03510723864526053,-0.002470201222142778,0.00227838646506562,0.001827463046588459,0.0005646469481034943,0.0012628160984849647,0.33604968326231,0.3089785860007333,2.168404344971009e-19
4952.126815823682,100.0,0.0036317705436365692,-0.03500197573489741,-0.0024574182089956574,0.0022750382056507495,0.0018158852718182846,0.0005607351545537004,0.0012551501172645848,0.3348836080054383,0.30879437333187043,-4.336808689942018e-19
4958.451371144019,100.0,0.003608843505049456,-0.03489740499725625,-0.002444733362440386,0.002271682935651333,0.001804421752524728,0.0005568632286779267,0.001247558523846801,0.33372540469012146,0.3086103500463623,2.168404344971009e-19
4964.7759264643555,100.0,0.00358614195556718,-0.03479351953141208,-0.002432145708926556,0.002268320989248613,0.00179307097778359,0.0005530306429857834,0.0012400403347978069,0.33257499695129916,0.3084265206664507,-2.168404344971009e-19
4971.100481784692,100.0,0.003563662923182669,-0.03469031252752199,-0.002419654286640264,0.0022649526935671657,0.0017818314615913346,0.0005492368785476882,0.0012325945830436466,0.3314323093929402,0.30824288962614377,-2.168404344971009e-19
4977.425037105028,100.0,0.0035414034847458774,-0.034587777265336996,-0.0024072581453360724,0.0022615783688184274,0.0017707017423729387,0.0005454814248297144,0.0012252203175432243,0.33029726757262595,0.3080594612725168,0.0
4983.749592425365,100.0,0.003519360765002114,-0.03448590711274262,-0.0023949563461718175,0.0022581983284411145,0.001759680382501057,0.0005417637795321453,0.0012179166029689125,0.3291697979864329,0.30787623986699747,-8.673617379884035e-19
4990.074147745702,100.0,0.003497531935652463,-0.034384695524327845,-0.00238274796154621,0.0022548128792385914,0.0017487659678262315,0.0005380834484316423,0.0012106825193945897,0.32804982805410593,0.30769322958663026,-4.336808689942018e-19
4996.398703066039,100.0,0.003475914214435676,-0.03428413603998171,-0.002370632074939191,0.0022514223215132968,0.001737957107217838,0.0005344399452269408,0.0012035171619908971,0.3269372861045191,0.30751043452532884,0.0
5002.723258386376,100.0,0.003454504864230968,-0.03418422228351672,-0.002358607780754942,0.002248026949198255,0.001727252432115484,0.0005308327913879684,0.001196419640727515,0.32583210136141233,0.30732785869510754,6.505213034913027e-19
5009.047813706713,100.0,0.0034333011921812316,-0.034084947961318876,-0.002346674184167557,0.0022446270499857845,0.0017166505960906158,0.0005272615160083178,0.0011893890800822985,0.3247342039294037,0.3071455060272997,-6.505213034913027e-19
5015.372369027049,100.0,0.0034123005488360583,-0.03398630686102334,-0.002334830400969269,0.002241222905453428,0.0017061502744180291,0.0005237256556609711,0.001182424618757058,0.32364352478026537,0.30696338037375687,0.0
5021.696924347386,100.0,0.0033915003273141107,-0.033888292850215426,-0.0023230755574212103,0.0022378147911872085,0.0016957501636570553,0.0005202247542572059,0.00117552540939985,0.3225599957394611,0.3067814855080356,-4.336808689942018e-19
5028.021479667723,100.0,0.003370897962484355,-0.03379089987515634,-0.0023114087901066594,0.0022344029769022456,0.0016854489812421776,0.0005167583629085974,0.0011686906183335799,0.3214835494729388,0.30659982512656414,2.168404344971009e-19
5034.34603498806,100.0,0.003350490930165608,-0.033694121959532974,-0.0022998292457866976,0.002230987726560808,0.001675245465082804,0.0005133260397920386,0.0011619194252907655,0.32041411947417003,0.30641840284979727,-2.168404344971009e-19
5040.670590308397,100.0,0.0033302767463439897,-0.033597953203231286,-0.0022883360812582586,0.002227569298487857,0.0016651383731719949,0.0005099273500177044,0.00115521102315429,0.3193516400514343,0.3062372222233528,4.336808689942018e-19
5046.995145628734,100.0,0.003310252966407796,-0.03350238778113293,-0.0022769284632145033,0.0022241479454841425,0.001655126483203898,0.0005065618654998845,0.0011485646177040133,0.31829604631533975,0.30605628671913426,0.0
5053.31970094907,100.0,0.0032904171843993585,-0.03340741994193433,-0.0022656055681074916,0.0022207239149369075,0.0016452085921996793,0.0005032291648306188,0.001141979427369061,0.3172472741665777,0.30587559973643863,-4.336808689942018e-19
5059.6442562694065,100.0,0.0032707670322834497,-0.03331304400698796,-0.0022543665820130856,0.0022172974489282527,0.0016353835161417249,0.0004999288331560551,0.0011354546829856706,0.3162052602839032,0.3056951646030474,-6.505213034913027e-19
5065.968811589743,100.0,0.003251300179231831,-0.03321925436916522,-0.0022432107004980635,0.002213868784341225,0.0016256500896159156,0.0004966604620554754,0.0011289896275604402,0.3151699421123389,0.30551498457630505,0.0
5072.29336691008,100.0,0.0032320143309235204,-0.03312604549174053,-0.0022321371284893883,0.002210438152963669,0.0016160071654617602,0.0004934236494229144,0.0011225835160388457,0.3141412578515959,0.30533506284418166,0.0
5078.617922230417,100.0,0.0032129072288603964,-0.033033411907296015,-0.002221145080145585,0.0022070057815899006,0.0016064536144301982,0.0004902179993513092,0.0011162356150788886,0.31311914644470695,0.30515540252632023,4.336808689942018e-19
5084.942477550754,100.0,0.0031939766496977503,-0.03294134821664656,-0.0022102337787302056,0.002203571892120263,0.0015969883248488752,0.00048704312201912407,0.0011099452028297517,0.3121035475668689,0.3049760066750729,-6.505213034913027e-19
5091.26703287109,100.0,0.0031752204045894157,-0.03284984908778466,-0.002199402456487323,0.002200136701658581,0.0015876102022947078,0.0004838986335793786,0.0011037115687153292,0.311094401614487,0.30479687827651825,0.0
5097.591588191427,100.0,0.003156636338547097,-0.03275890925484471,-0.0021886503545190134,0.002196700422607603,0.0015783181692735485,0.00048078415605103125,0.0010975340132225178,0.310091649694419,0.304618020251469,-4.336808689942018e-19
5103.916143511764,100.0,0.0031382223298135918,-0.032668523517086205,-0.002177976722664827,0.0021932632627624524,0.0015691111649067959,0.00047769931721266097,0.0010914118476941348,0.30909523361341595,0.3044394354564649,2.168404344971009e-19
5110.240698832101,100.0,0.003119976289249494,-0.03257868673789567,-0.0021673808193831473,0.002189825425402122,0.001559988144624747,0.00047464375049837733,0.0010853443941263694,0.3081050958677501,0.3042611266847494,4.336808689942018e-19
5116.565254152438,100.0,0.0031018961597331024,-0.03248939384380665,-0.002156861911634456,0.0021863871093790923,0.0015509480798665512,0.000471617094895925,0.001079330984970626,0.30712117963303187,0.3040830966672363,2.168404344971009e-19
5122.889809472775,100.0,0.00308397991557319,-0.03240063982353761,-0.0021464192747664467,0.002182948509207084,0.001541989957786595,0.0004686189948469175,0.0010733709629396774,0.3061434287542091,0.3039053480734616,0.0
5129.214364793112,100.0,0.003066225561934307,-0.03231241972704721,-0.0021360521924009496,0.0021795098151469947,0.0015331127809671535,0.0004656491001491495,0.0010674636808180038,0.3051717877357439,0.3037278835125215,2.168404344971009e-19
5135.538920113448,100.0,0.003048631134274348,-0.03222472866460678,-0.0021257599563226518,0.0021760712132910744,0.001524315567137174,0.0004627070658609486,0.0010616085012762255,0.3042062017319662,0.30355070553400004,0.0
5141.8634754337845,100.0,0.003031194697794026,-0.0321375618058893,-0.002115541866369542,0.002172632885645351,0.001515597348897013,0.0004597925522074986,0.0010558047966895145,0.3032466165375959,0.30337381662887963,0.0
5148.188030754121,100.0,0.0030139143468980367,-0.03205091437907497,-0.0021053972303251033,0.0021691950102103834,0.0015069571734490183,0.0004569052244891121,0.001050051948959906,0.30229297857843546,0.3031972192304439,2.168404344971009e-19
5154.512586074458,100.0,0.002996788204667572,-0.03196478166997271,-0.0020953253638121756,0.002165757761060342,0.001498394102333786,0.00045404475299138655,0.0010443493493423996,0.30134523490222526,0.30302091571516504,0.0
5160.837141394795,100.0,0.0029798144223439262,-0.031879159021157295,-0.0020853255901884618,0.0021623213084204706,0.0014899072111719631,0.00045121081289720366,0.0010386963982747595,0.3004033331696583,0.3028449084035781,0.0
5167.161696715132,100.0,0.002962991178822959,-0.03179404183112206,-0.0020753972404436915,0.0021588858187429785,0.0014814955894114795,0.00044840308420054145,0.0010330925052109386,0.29946722164555556,0.3026691995611465,-6.505213034913027e-19
5173.486252035468,100.0,0.0029463166801600893,-0.03170942555344637,-0.0020655396530983405,0.002155451454781368,0.0014731583400800447,0.00044562125162203646,0.0010275370884580083,0.29853684919019174,0.3024937913991129,-2.168404344971009e-19
5179.810807355805,100.0,0.0029297891590856426,-0.03162530569597814,-0.002055752174103944,0.0021520183756632517,0.0014648945795428213,0.0004428650045262697,0.0010220295750165513,0.2976121652507739,0.30231868607533746,2.168404344971009e-19
5186.135362676142,100.0,0.0029134068745302628,-0.031541677820030645,-0.0020460341567449434,0.0021485867369617022,0.0014567034372651314,0.0004401340368407363,0.0010165694004243954,0.2966931198530685,0.3021438856951283,-2.168404344971009e-19
5192.459917996479,100.0,0.0028971681111601383,-0.031458537539593386,-0.002036384961542027,0.0021451566907651283,0.0014485840555800691,0.00043742804697644597,0.0010111560086036228,0.29577966359317065,0.3019693923120553,2.168404344971009e-19
5198.784473316816,100.0,0.0028810711789218468,-0.03137588052055705,-0.0020268039561569715,0.002141728385745756,0.0014405355894609234,0.0004347467377501336,0.0010057888517107894,0.2948717476294172,0.3017952079287568,2.168404344971009e-19
5205.109028637153,100.0,0.002865114412596585,-0.0312937024799519,-0.002017290515298936,0.002138301967226719,0.0014325572062982926,0.0004320898163080351,0.0010004673899902574,0.2939693236744389,0.30162133449773293,0.0
5211.433583957489,100.0,0.0028492961713635174,-0.03121199918519943,-0.002007844020632176,0.002134877577247778,0.0014246480856817587,0.00042945699405118624,0.0009951910916305721,0.293072343987346,0.3014477739221273,2.168404344971009e-19
5217.758139277826,100.0,0.002833614838372094,-0.031130766453377187,-0.001998463860685171,0.0021314553546297383,0.001416807419186047,0.00042684798656222314,0.0009899594326238236,0.2921807613660499,0.30127452805649935,2.168404344971009e-19
5224.082694598163,100.0,0.0028180688203230924,-0.031050000150496276,-0.001989149430761135,0.0021280354350375536,0.0014090344101615462,0.00042426251353364086,0.0009847718966279051,0.2912945291397148,0.3011015987075852,2.168404344971009e-19
5230.4072499184995,100.0,0.0028026565470581763,-0.0309696961907914,-0.001979900132849871,0.002124617951042161,0.0014013282735290881,0.00042170029869747637,0.0009796279748316118,0.2904136011613356,0.3009289876350468,0.0
5236.731805238836,100.0,0.0027873764711577893,-0.030889850536023142,-0.0019707153755409656,0.0021212030321810828,0.0013936882355788946,0.00041916106975638945,0.0009745271658225048,0.28953793180044285,0.30075669655221204,4.336808689942018e-19
5243.056360559173,100.0,0.0027722270675471956,-0.03081045919479238,-0.001961594573938295,0.002117790805017809,0.0013861135337735978,0.000416644558316107,0.0009694689754574907,0.2886674759359312,0.30058472712680406,1.0842021724855044e-19
5249.380915879509,100.0,0.0027572068331104377,-0.03073151822186626,-0.0019525371495757993,0.0021143813931999815,0.0013786034165552189,0.0004141504998191941,0.0009644529167360247,0.28780218894900506,0.30041308098165853,0.0
5255.705471199846,100.0,0.00274231428631209,-0.030653023717515934,-0.0019435425303345388,0.0021109749175164355,0.001371157143156045,0.00041167863348013517,0.0009594785096759097,0.28694202671624636,0.3002417596954341,1.0842021724855044e-19
5262.030026520183,100.0,0.0027275479668265805,-0.0305749718268655,-0.001934610150360978,0.002107571495953079,0.0013637739834132902,0.0004092287022216812,0.0009545452811916093,0.2860869456027944,0.30007076480330896,-2.168404344971009e-19
5268.35458184052,100.0,0.0027129064351749375,-0.03049735873925206,-0.0019257394499865,0.0021041712437476776,0.0013564532175874687,0.00040680045261244787,0.0009496527649750211,0.28523690245564226,0.29990009779767135,-2.168404344971009e-19
5274.679137160857,100.0,0.0026983882723687594,-0.03042018068759664,-0.0019169298756481013,0.0021007742734435357,0.0013491941361843797,0.00040439363480572303,0.0009448005013786566,0.28439185459704114,0.2997297601287966,1.0842021724855044e-19
5281.003692481194,100.0,0.0026839920795612934,-0.030343433947785842,-0.0019081808798102875,0.0020973806949421193,0.0013419960397806467,0.00040200800247947244,0.0009399880373011742,0.28355175981801717,0.29955975320551753,0.0
5287.32824780153,100.0,0.0026697164777053912,-0.030267114838063745,-0.0018994919208881007,0.0020939906155546272,0.0013348582388526956,0.0003996433127775006,0.0009352149260751952,0.28271657637199155,0.29939007839588433,-2.168404344971009e-19
5293.652803121867,100.0,0.0026555601072182668,-0.030191219718434324,-0.0018908624631713037,0.002090604140052543,0.0013277800536091334,0.0003972993262517542,0.0009304807273573792,0.281886262968508,0.29922073702781316,0.0
5299.977358442204,100.0,0.0026415216276528372,-0.03011574499007374,-0.0018822919767496743,0.002087221370717191,0.0013207608138264186,0.0003949758068057373,0.0009257850070206816,0.28106077876706215,0.29905173038972904,-3.2526065174565133e-19
5306.301913762541,100.0,0.002627599717375526,-0.030040687094752487,-0.0018737799374393934,0.0020838424073882996,0.001313799858687763,0.00039267252163901204,0.0009211273370487509,0.280240083371031,0.2988830597311964,1.0842021724855044e-19
5312.6264690828775,100.0,0.002613793073250396,-0.029966042514267283,-0.0018653258267105285,0.0020804673475116257,0.001306896536625198,0.0003903892411927688,0.0009165072954324291,0.2794241368217029,0.29871472626354334,1.0842021724855044e-19
5318.951024403214,100.0,0.0026001004103294307,-0.029891807769882338,-0.0018569291316155557,0.0020770962861856174,0.0013000502051647154,0.0003881257390964293,0.0009119244660682862,0.278612899592402,0.298546731160474,-1.0842021724855044e-19
5325.27557972355,100.0,0.0025865204615488743,-0.029817979421779967,-0.0018485893447189442,0.0020737293162071736,0.0012932602307744372,0.00038588179211527433,0.0009073784386591628,0.27780633258270926,0.29837907555867427,0.0
5331.600135043887,100.0,0.0025730519774314607,-0.02974455406852031,-0.0018403059640277625,0.0020703665281165003,0.0012865259887157303,0.00038365718009906617,0.0009028688086166641,0.2770043971127773,0.2982117605584093,0.0
5337.924690364224,100.0,0.002559693725794421,-0.02967152834651,-0.0018320784929232877,0.0020670080102410835,0.0012798468628972106,0.0003814516859316434,0.0008983951769655672,0.276207054917735,0.2980447872241097,0.0
5344.249245684561,100.0,0.002546444491463118,-0.029598898929479492,-0.00182390644009361,0.002063653848738799,0.001273222245731559,0.0003792650954814701,0.0008939571502500892,0.27541426814218256,0.2978781565849524,-2.168404344971009e-19
5350.573801004898,100.0,0.0025333030759902256,-0.02952666252796916,-0.001815789319467218,0.0020603041276401808,0.0012666515379951128,0.00037709719755311944,0.0008895543404419931,0.2746259993347751,0.29771186963543117,2.168404344971009e-19
5356.898356325235,100.0,0.002520268297380274,-0.02945481588882369,-0.0018077266501475295,0.0020569589288898607,0.001260134148690137,0.0003749477838396666,0.0008851863648504706,0.27384221144289156,0.2975459273359198,-2.168404344971009e-19
5363.222911645571,100.0,0.002507338989819502,-0.029383355794694793,-0.0017997179563483815,0.002053618332387198,0.001253669494909751,0.0003728166488759786,0.0008808528460337724,0.27306286780738925,0.29738033061322666,0.0
5369.547466965908,100.0,0.0024945140034108495,-0.02931227906355202,-0.001791762767330434,0.0020502824160261177,0.0012472570017054247,0.00037070358999287547,0.0008765534117125492,0.27228793215744085,0.2972150803611425,0.0
5375.872022286244,100.0,0.0024817922039140124,-0.02924158254820158,-0.0017838606173384893,0.002046951255734162,0.0012408961019570062,0.000368608407272146,0.0008722876946848601,0.27151736860545256,0.2970501774409775,1.0842021724855044e-19
