time_s,q1_C,q2_C,i1_A,i2_A,source_power_W,load_power_W,winding_power_W,stored_energy_J
0.0,0.0,0.0,0.0,0.0,0.0,0.0,0.0,0.0
5e-05,6.7042439890670596e-09,-4.985964063409109e-10,0.0004012041603386593,-2.974109149910648e-05,6.317196142061662e-05,1.7690650471164476e-08,3.24583154116772e-07,7.890148569575752e-10
0.0001,5.307917444590501e-08,-3.904489001762272e-09,0.001578610656647205,-0.00011516569294899964,0.0004909220138057196,2.652627366484653e-07,5.023812621057509e-06,1.232383433740663e-08
0.00015000000000000001,1.763783146592491e-07,-1.2799399405202876e-08,0.0034635743396529105,-0.00024752360080556,0.0015819975595101278,1.2253586591150046e-06,2.417649821147144e-05,6.022337593312823e-08
0.0002,4.0949430397704386e-07,-2.923483122534733e-08,0.005950923306734503,-0.0004144641670317541,0.0035177521390792666,3.4356109150665155e-06,7.134231804253179e-05,1.8165893283489644e-07
0.00025,7.792365739961761e-07,-5.456961395138881e-08,0.008903339372618717,-0.0006007654900331449,0.006328083514614933,7.218383480295294e-06,0.00015962166149008957,4.1847523674306617e-07
0.00030000000000000003,1.3048595669834604e-06,-8.934758110199332e-08,0.01215696853451941,-0.0007892042657596583,0.009879347066089157,1.2456867461864825e-05,0.00029745229801786974,8.093628154570626e-07
0.00035,1.9968980545424927e-06,-1.332214244230919e-07,0.015528057389914588,-0.0009615258598461945,0.0138862746977552,1.8490639583059275e-05,0.00048501472854642103,1.3822312665015716e-06
0.0004,2.856355018723657e-06,-1.84926639887476e-07,0.018820377068002284,-0.001099470306947246,0.01794674910074866,2.4176699117173428e-05,0.0007120396908311484,2.147910098848052e-06
0.00045000000000000004,3.874274944665897e-06,-2.4230720799174655e-07,0.021833169896250885,-0.0011858078817387225,0.02159522465350165,2.8122806647873523e-05,0.0009575930364342928,3.096132384353957e-06
0.0005,5.031721662548594e-06,-3.023923203736749e-07,0.02436933652173298,-0.001205337672397357,0.02436803317138059,2.905677809000557e-05,0.0011920876417324388,4.1944591201066645e-06
0.00055,6.300165502951285e-06,-3.615211669745945e-07,0.02624357310909414,-0.0011458042281205537,0.0258720886343897,2.625734658357876e-05,0.001381388861052275,5.390416782220257e-06
0.0006000000000000001,7.64227003967725e-06,-4.1551063423969684e-07,0.02729016968514684,-0.00099869073631316,0.025847833935221564,1.9947663735954433e-05,0.0014924988724486085,6.616695537386263e-06
0.0006500000000000001,9.013054444091513e-06,-4.598588012904089e-07,0.027370191748639916,-0.0007598522333443023,0.024217752067961066,1.1547508330366481e-05,0.0014999869189641882,7.79884413016789e-06
0.0007,1.0361394083637726e-05,-4.899754568861321e-07,0.026377787322458057,-0.00042995878365581383,0.021113351954987227,3.6972911128557384e-06,0.0013921299217245864,8.864551084691212e-06
0.00075,1.1631809762495965e-05,-5.01429539962799e-07,0.024245390259683634,-1.4726214378779208e-05,0.01687605843218583,4.33722779859527e-09,0.001175678548272894,9.753364187259908e-06
0.0008,1.2766485426166815e-05,-4.902024981168807e-07,0.020947626755130393,0.0004750794804615709,0.012030594266390398,4.514010255112723e-06,0.0008782832348827762,1.0425601911182068e-05
0.0008500000000000001,1.3707445540025381e-05,-4.5293608828902747e-07,0.016503774431860026,0.0010238688724266785,0.007232865490907041,2.096614935848556e-05,0.0005478940633992062,1.0869265486255064e-05
0.0009000000000000001,1.4398816984768884e-05,-3.8716313774895683e-07,0.01097867095341996,0.001611682429627254,0.003197638047987883,5.1950405079384175e-05,0.0002488549925688419,1.1103964464915347e-05
0.00095,1.478909642519404e-05,-2.9151024071886534e-07,0.004482020048620313,0.0022148567137489686,0.0006140219045635419,9.811180524877761e-05,5.489377821978551e-05,1.1181199718190633e-05
0.001,1.4833342821792215e-05,-1.6586227498792414e-07,-0.002833904268977304,0.002806880958456658,5.861514829920922e-05,0.00015757161429893137,3.969776895629528e-05,1.118076840782909e-05
0.0010500000000000002,1.4495216120240965e-05,-1.1479948901656518e-08,-0.010778101467353897,0.0033594135890668278,0.0019168609838580463,0.0002257131932481373,0.00026619192146837305,1.1203517124319742e-05
0.0011,1.3748787141341063e-05,1.689367122304944e-07,-0.019126130847533406,0.0038434213656017855,0.006322620886582063,0.0002954377558712859,0.0007759334257746307,1.1361118137477132e-05
0.00115,1.258005020567847e-05,3.712440176167084e-07,-0.02762668659162075,0.0042303982978595805,0.013124198560349692,0.00035792539517066473,0.0015801564333388753,1.1763926374523558e-05
0.0012000000000000001,1.0988078819309812e-05,5.899122339854045e-07,-0.036009263871379066,0.004493617507846638,0.02188223726858107,0.00040385196613651665,0.0026539119640376888,1.2508244908927625e-05
0.00125,8.985775603816582e-06,8.181456064121742e-07,-0.043992680569796425,0.004609366936952976,0.03190135944914077,0.00042492527118950525,0.003934450678110713,1.366445037467674e-05
0.0013000000000000002,6.600180265697207e-06,1.0480627219445634e-06,-0.0512941886758202,0.004558119356245405,0.04229351796928134,0.0004155290413155805,0.00532451694001862,1.526738896888122e-05
0.00135,3.872313171815653e-06,1.2709327302698282e-06,-0.05763888710567301,0.0043255884645358,0.05206722837600042,0.00037421431129050357,0.0067006147602546124,1.731024899567923e-05
0.0014,8.565470934776256e-07,1.4774605647903463e-06,-0.06276913448997239,0.003903626151141584,0.06023359601022065,0.0003047659425575291,0.007925643380624112,1.9742767051289366e-05
0.0014500000000000001,-2.3804854172139388e-06,1.658112219000246e-06,-0.06645365625428373,0.003290920708311147,0.06591773342746758,0.0002166031821678228,0.00886466733645018,2.24741669566877e-05
0.0015,-5.761425997271869e-06,1.8034692327482938e-06,-0.06849604651412484,0.002493462492790633,0.06846307836903752,0.00012434710405907355,0.00940206884173917,2.538071380651856e-05
0.0015500000000000002,-9.200128502432199e-06,1.90460009480698e-06,-0.06874237973395926,0.0015247510289927723,0.06751643010807655,4.649731400829036e-05,0.009458004140076949,2.8317244656034273e-05
0.0016,-1.2603949836750142e-05,1.9534351636420078e-06,-0.06708767195286833,0.00040572668979798796,0.06308323116506537,3.2922829362886546e-06,0.009002005298551795,3.113157250808791e-05
0.00165,-1.5876330269448517e-05,1.9431311111773903e-06,-0.06348096328004113,-0.000835580456529321,0.055545577073811754,1.3963893986674971e-05,0.008061759982021863,3.368030258990716e-05
0.0017000000000000001,-1.891958939197477e-05,1.8684107758407954e-06,-0.057928833641697944,-0.0021646818143787275,0.04563934351509572,9.371694715003959e-05,0.006725557076247537,3.5844393164226494e-05
0.00175,-2.1637855631727853e-05,1.725864706190683e-06,-0.05049720966661807,-0.003541528472538412,0.03439126365752152,0.00025084847843600514,0.005137563639994172,3.754276293025191e-05
0.0018000000000000002,-2.394004137837157e-05,1.5142015752910794e-06,-0.041311371576627634,-0.004921653515975426,0.02302128633056108,0.0004844534666262655,0.003485926863078335,3.8742401687876825e-05
0.00185,-2.5742772571062624e-05,1.2344360317649785e-06,-0.030554123237188417,-0.006257526133763374,0.01281959571909393,0.000783132666294632,0.001984578793530789,3.946376801979056e-05
0.0019,-2.6973181152333776e-05,8.900043842405317e-07,-0.018462144481390528,-0.007500076800655786,0.005010811224061016,0.0011250230403147027,0.0008504550137506828,3.978072607374327e-05
0.0019500000000000001,-2.7571471129073238e-05,4.868007303838068e-07,-0.0053206007347594425,-0.008600345628977756,0.0006197375307304521,0.001479318898757536,0.0002785154191710758,3.981483587675571e-05
0.002,-2.749317416114133e-05,3.312870343834515e-08,0.008543860553966743,-0.009511200301909006,0.0003533588090971918,0.0018092586236606793,0.0004173838998803597,3.972441005718851e-05
0.00205,-2.6711018266209084e-05,-4.6043323292584685e-07,0.02277154645224711,-0.010189066055588003,0.0045124890775878525,0.002076341341702713,0.001348537856909103,3.9689320201151725e-05
0.0021000000000000003,-2.5216343531125425e-05,-9.812520435865983e-07,0.03697936146987459,-0.010595608108662292,0.01294370056098202,0.002245338223847002,0.0030717470830163413,3.989301779931029e-05
0.00215,-2.3020010975767316e-05,-1.5149420711780905e-06,0.05077139068159907,-0.010699306857878366,0.025038118394712792,0.002289503344780861,0.005498893725204259,4.0503573000015175e-05
0.0022,-2.0152764911857676e-05,-2.045741855405968e-06,0.06375012447985662,-0.01047686810407245,0.039778801457291596,0.0021952953054026132,0.00845745103820482,4.165569085142978e-05
0.0022500000000000003,-1.6665024740855974e-05,-2.556956202853255e-06,0.07552800278419582,-0.009914414562011364,0.05583323434010276,0.00196591232214846,0.011703845257461251,4.3435618038395154e-05
0.0023,-1.2626098467803805e-05,-3.031451360407326e-06,0.0857389419820571,-0.009008410627479728,0.07168249075001329,0.001623029240665794,0.014945786730504977,4.587060290929544e-05
0.00235,-8.122827522832596e-06,-3.452188889844399e-06,0.09404950369679316,-0.0077662801971252375,0.08577443862112394,0.0012063021620051925,0.017871563615526997,4.892414147025851e-05
0.0024000000000000002,-3.2576889991733103e-06,-3.802782094445962e-06,0.10016936934132828,-0.006206686087832628,0.09668541337687415,0.0007704590438579018,0.020183373965057563,5.249766953403622e-05
0.00245,1.8536016644851847e-06,-4.068057497377403e-06,0.10386080078721559,-0.00435945037592861,0.1032734381536834,0.00038009615160368204,0.021631146303063915,5.643870814822668e-05
0.0025,7.08492954973195e-06,-4.23460313001869e-06,0.10494679139803144,-0.002265105801608512,0.10480649913221189,0.0001026140858496108,0.022043050162361293,6.0554796521377674e-05
0.00255,1.2302988365239476e-05,-4.291285197630826e-06,0.10331764689687414,2.5919334302934843e-05,0.10105159011575689,1.3436237814145897e-08,0.021349074336050006,6.463192987690357e-05
0.0026000000000000003,1.7370773702806722e-05,-4.2297150883713045e-06,0.09893577630990748,0.002454468676828736,0.09231402390174384,0.00012048832971066811,0.019594648917544703,6.845571868930737e-05
0.00265,2.2151267428382687e-05,-4.04464972754395e-06,0.09183852315397911,0.00495415145974456,0.07942150476661024,0.000490872333721783,0.016942259520266182,7.183316058776443e-05
0.0027,2.6511212102802618e-05,-3.7343098474388967e-06,0.08213892057306264,0.007453124932243588,0.06365315667049187,0.0011109814251126196,0.013660251759582681,7.46128000654693e-05
0.0027500000000000003,3.0324869928760554e-05,-3.3006028921440766e-06,0.07002431288094278,0.009876117761248202,0.04661951713360826,0.001950754040680844,0.010099421894998465,7.6701163793548e-05
0.0028,3.347765938044036e-05,-2.749239899435529e-06,0.055752846483105134,0.012146637594194093,0.030104819753636106,0.0029508160968937857,0.006659382196471445,7.807369229953127e-05
0.00285,3.586956430089659e-05,-2.089738717917192e-06,0.03964789415816293,0.014189298542433941,0.015887125263769824,0.004026723862526359,0.003747919601732734,7.8778912577418e-05
0.0029000000000000002,3.741821504218951e-05,-1.3353093071477697e-06,0.022090537002306364,0.015932198768744802,0.0055545510859723824,0.005076699152135868,0.0017374885229209133,7.893526179300232e-05
0.00295,3.806154877063372e-05,-5.026204178016685e-07,0.0035102850748790996,0.017309274912079366,0.0003366756679348069,0.005992219959638803,0.0009234771965596583,7.872071213216063e-05
0.003,3.775996657332908e-05,3.8854930896995913e-07,-0.015625729363856124,0.018262558853385444,0.000969032735212684,0.006670421117467341,0.0014888900039250522,7.835608869587292e-05
0.00305,3.6497917767318e-05,1.3157691099760291e-06,-0.034824805982823046,0.018744263408440237,0.007605544409029701,0.007026948214499833,0.0034795764556575103,7.808363750138536e-05
0.0031000000000000003,3.428485689928292e-05,2.2545124064887487e-06,-0.05358165873759409,0.01871862695505346,0.01978905721344553,0.007007739901649079,0.006793149291391348,7.814292129080074e-05
0.00315,3.115553567016463e-05,3.178797958272219e-06,-0.07139197712581788,0.01816345270118964,0.036484302493101264,0.0065982202805670645,0.011183361837951666,7.87464393075741e-05
0.0032,2.7169609954721128e-05,4.0618991565364555e-06,-0.08776619621790002,0.01707128603495413,0.05617119412004784,0.0058285761377443995,0.016280096817779515,8.005744681719038e-05
0.0032500000000000003,2.2410561107077418e-05,4.877102132304054e-06,-0.1022430950700303,0.015450183292729744,0.07699006265052753,0.004774163275578907,0.02162342547033534,8.217227954381878e-05
0.0033,1.6983949449995678e-05,5.598491331995428e-06,-0.11440284278432114,0.013324036362007467,0.09692486793870791,0.0035505988995219433,0.026708610709196494,8.510907615855249e-05
0.00335,1.1015037149008022e-05,6.201739717062135e-06,-0.12387912318554217,0.010732430731710568,0.11400622656954973,0.002303701388219309,0.031037629530670362,8.880418214156988e-05
0.0034000000000000002,4.645835073828204e-06,6.664879980681828e-06,-0.13036998911415412,0.007730027701730577,0.12651369608904606,0.001195066565390442,0.0341719281080579,9.311676019957287e-05
0.0034500000000000004,-1.968354519454198e-06,6.969033071672192e-06,-0.13364713009684984,0.0043854763493325,0.13315645822995162,0.0003846480562110942,0.03578080797468027,9.784131135376987e-05
0.0035,-8.662813224072824e-06,7.099070922525882e-06,-0.13356327587343547,0.0007798746589168333,0.13321339936717938,1.216408967241294e-05,0.03568012193753772,0.00010272699779761179
0.00355,-1.526760039647703e-05,7.044191660849833e-06,-0.13005750842880776,-0.00299518615188029,0.12661744553102733,0.0001794228016883092,0.03385682441767204,0.00010750194796409993
0.0036000000000000003,-2.161195666357304e-05,6.798387548800879e-06,-0.12315830874855892,-0.006839947151541151,0.11397449649161522,0.0009356975407175182,0.030476292658718356,0.00011190017977323044
0.00365,-2.7528800674409997e-05,6.36078863677296e-06,-0.1129842266078179,-0.010649117514997461,0.09651388089242634,0.002268074076964514,0.02587108203587817,0.00011568846805217133
0.0037,-3.285919875604797e-05,5.7358682909982634e-06,-0.09974212461473705,-0.014314750679939646,0.07597425145673746,0.004098241740576651,0.02051171910640997,0.0001186904339471367
0.0037500000000000003,-3.745668638039729e-05,4.933500543575838e-06,-0.0837230147395662,-0.017729281906196846,0.05443554276992756,0.006286548738187978,0.014962068704891435,0.00012080536476732399
0.0038,-4.119132287126435e-05,3.968863293858614e-06,-0.06529557117664292,-0.02078864177633766,0.034113323098683625,0.008643352538097828,0.009823526111282758,0.00012201975849414074
0.00385,-4.3953366630906696e-05,2.8621858017026163e-06,-0.04489746809024528,-0.023395355940128287,0.017135984419363072,0.010946853591305917,0.005673593320525074,0.0001224102869584631
0.0039000000000000003,-4.565646711783868e-05,1.6383434396207426e-06,-0.02302475155499223,-0.025461539812947496,0.00532728339235285,0.012965800192926208,0.003005148397277165,0.00012213771632831765
0.00395,-4.624028168536471e-05,3.26307220842094e-07,-0.000219510666053694,-0.02691169799338517,1.6529703630080044e-05,0.014484789777743428,0.0021728148365265368,0.00012143223071422795
0.004,-4.567243990661276e-05,-1.041539947705322e-06,0.022943838353757674,-0.027685241934070487,0.0018962085138028728,0.015329452418960299,0.0033522572996507677,0.00012057148330750802
0.00405,-4.3949794732426266e-05,-2.4302041685018043e-06,0.045873300592820465,-0.027738645766362008,0.010942248954249017,0.01538864937903426,0.006517016821413664,0.00011985345952083716
0.0041,-4.1098918418316785e-05,-3.80297869363791e-06,0.06797469767368725,-0.027047169071686042,0.026405954669439395,0.014630987095847401,0.011435767112035474,0.00011956679943988814
0.00415,-3.717582092605657e-05,-5.122416103019404e-06,0.08866730292918096,-0.025606086442034416,0.04687941155992585,0.013113433257538774,0.0176907962061011,0.0001199615308538603
0.004200000000000001,-3.226488931826742e-05,-6.351348616552639e-06,0.10739929971850586,-0.023431376905982706,0.07042870918472703,0.010980588474204394,0.024716307431181563,0.0001212231759467023
0.00425,-2.6477067234324656e-05,-7.453928671633072e-06,0.12366264679774072,-0.020559840724737613,0.09478231931345783,0.008454141012531585,0.031853021577925286,0.00012345290410726846
0.0043,-1.9947314486612418e-05,-8.39666064960956e-06,0.13700694774245825,-0.017048627392976815,0.11755619122052663,0.005813113919691189,0.038413774547363055,0.0001266558411356152
0.004350000000000001,-1.2831405959473804e-05,-9.149394245616967e-06,0.14705194381525521,-0.012974174836754343,0.13649315344575028,0.0033665842538933913,0.043753535997773964,0.00013073885422287395
0.0044,-5.302147650474864e-06,-9.686250414265894e-06,0.15349828465415877,-0.008430577296648027,0.14969248497347679,0.0014214926710951433,0.047336670684202574,0.00013551820007184665
0.00445,2.454896403839197e-06,-9.986452084690125e-06,0.1561362733224469,-0.0035274156777286075,0.15580623350531084,0.00024885322726971146,0.04879439967813414,0.00014073643071288122
0.0045000000000000005,1.0246058441864188e-05,-1.0035033985291855e-05,0.1548523353227222,0.0016128993723079454,0.1541819715727342,5.2028887703827286e-05,0.04796629584295716,0.00014608700846243245
0.00455,1.7874483713874435e-05,-9.823408742286664e-06,0.14963301884657057,0.006858206822382399,0.14493689594857823,0.0009407000163714496,0.044921185660732006,0.00015124427449966877
0.0046,2.5145182725220324e-05,-9.349770082163947e-06,0.14056639930270912,0.012070018620065627,0.12895498600341446,0.002913706989774619,0.03995488127432352,0.0001558958380573373
0.0046500000000000005,3.187008740182569e-05,-8.619318082684761e-06,0.12784082809118952,0.017107197599283502,0.10780665879619299,0.005853124194018624,0.03356452328318493,0.00015977415814355975
0.0047,3.78729784260303e-05,-7.644296230619248e-06,0.11174103722219592,0.021829791363026287,0.08359821959840609,0.009530795819065142,0.026401738171844116,0.00016268412111949184
0.00475,4.2994153184774526e-05,-6.443835028109184e-06,0.09264168054550292,0.026102917469753434,0.058765601587139595,0.01362724600865518,0.019209048849888305,0.0001645237676824361
0.0048000000000000004,4.709470978104442e-05,-5.0436023424555535e-06,0.0709984622024995,0.029800591835243605,0.03583268329930321,0.017761505474615757,0.012745789091431864,0.00016529597161509915
0.00485,5.006033135063389e-05,-3.475265970556072e-06,0.04733706672274774,0.03280939188566267,0.01715826024219148,0.02152912391813975,0.007710964359548705,0.00016510974792616618
0.0049,5.180446773272194e-05,-1.7757794433672653e-06,0.02224016622575504,0.035031848881220747,0.004697128380909958,0.024544608720733743,0.004670941295608492,0.00016417089849625005
0.00495,5.227082591182455e-05,1.349297476202693e-08,-0.0036671685175911767,0.03638946932022906,-0.00020045327290533162,0.02648386954815784,0.003999476682096499,0.0001627627697113379
0.005,5.143509902989931e-05,1.8477911088222956e-06,-0.029733280881821325,0.036825294438247294,0.0030696861115668355,0.027122046209272145,0.0058364429153853845,0.00016121891270713998
0.005050000000000001,4.9305882324062665e-05,3.680088475121696e-06,-0.05529655907633449,0.03630591767987128,0.014297889709696521,0.026362393171551795,0.010069777867097871,0.0001598902752592084
0.0051,4.592474622285232e-05,5.462307770875063e-06,-0.07970245420108882,0.0348228944313681,0.032474239168172256,0.02425267953156415,0.016342864341087945,0.00015911015213267287
0.00515,4.1365457904701835e-05,7.146590591943816e-06,-0.10232044248022894,0.03239349358356946,0.05588276851582343,0.020986768530975114,0.024086961178345946,0.0001591603902879254
0.005200000000000001,3.573236556575456e-05,8.686587553155419e-06,-0.12256048777775262,0.029060758628454704,0.08226751722321364,0.01689055384122609,0.03257572940482521,0.0001602422755147075
0.00525,2.9157980954973215e-05,1.0038733865706249e-05,-0.1398885702440087,0.02489286400605302,0.10905428893747625,0.012393093568476999,0.04099658820509745,0.0001624551007216104
0.0053,2.1799817633800345e-05,1.116347520395486e-05,-0.15384087059225413,0.019981772602803975,0.13360623340153108,0.007985424727003351,0.04853184063821586,0.00016578469033955195
0.005350000000000001,1.3836561429804222e-05,1.2026409423214664e-05,-0.1640362304805504,0.014441218810339836,0.15348778624204623,0.004170976014562262,0.054441416222720855,0.00017010317760731924
0.0054,5.463668185440596e-06,1.2599311491657159e-05,-0.17018655532843435,0.008404061670417441,0.1667104677198486,0.0014125650512035917,0.05813881198679703,0.00017518022171941723
0.00545,-3.1115012683025192e-06,1.2861011536368187e-05,-0.17210487510743977,0.0020190696974195545,0.1719356722470533,8.153284886075783e-05,0.059252405998824,0.00018070469336812665
0.0055000000000000005,-1.1674885808506055e-05,1.2798099586252182e-05,-0.16971084158447708,-0.004552783472325387,0.16861373752527803,0.0004145567469175841,0.05766572301466059,0.00018631479418340413
0.00555,-2.0011136072218917e-05,1.2405434733133982e-05,-0.1630335035427625,-0.011142419540347368,0.15704485210417196,0.0024830702642622974,0.053532307094495246,0.00019163369026687298
0.0056,-2.7909095288594974e-05,1.1686441591887956e-05,-0.1522112743557844,-0.017577046213880804,0.13835513318916248,0.00617905107209803,0.04726340174283845,0.00019630714849554876
0.0056500000000000005,-3.516720781447421e-05,1.0653182320420862e-05,-0.1374890771558214,-0.023684723024537804,0.1143896979924592,0.011219322094981422,0.039489390988566034,0.00020003940989852962
0.0057,-4.159871550764535e-05,9.326198523970038e-06,-0.11921272782843906,-0.02929898057178259,0.08753291663508171,0.017168605250913873,0.030998639740232058,0.0002026236641980661
0.00575,-4.7036506725451734e-05,7.734123430810304e-06,-0.09782068712674878,-0.0342633683552448,0.060473422018320684,0.023479568220943818,0.02265970889304012,0.00020396398237332612
0.0058000000000000005,-5.133749130956653e-05,5.913071101455756e-06,-0.07383338323423784,-0.03843580658119312,0.03593711585062782,0.02954622455093776,0.01533467064226833,0.00020408638652985093
0.00585,-5.4386386200382076e-05,3.905815435089325e-06,-0.047840368973627326,-0.041692620843966674,0.016414765707631146,0.03476549265677529,0.0097922257055819,0.00020313779730784994
0.0059,-5.60988115612587e-05,1.7607778116258695e-06,-0.020485636321921488,-0.043932145820070656,0.00391148819726896,0.038600668727119036,0.006629422900095913,0.00020137280972068735
0.00595,-5.642361400964382e-05,-4.6915253026896013e-07,0.007548541113904843,-0.04507779397447133,-0.0002566299490805981,0.04064015019209767,0.006209983474711275,0.0001991294695282132
0.006,-5.5344353844719005e-05,-2.7279362244805674e-06,0.0355588266798829,-0.04508049890888982,0.004401886444368709,0.040645027637488326,0.008625614455323153,0.0001967963518031463
0.006050000000000001,-5.28799137649116e-05,-4.957806469921247e-06,0.06283866078960222,-0.04392045828585539,0.017500081676161298,0.03858013312079127,0.013684414547780074,0.00019477414421796148
0.0061,-4.908420969244328e-05,-7.100760123585911e-06,0.08869626535296363,-0.041608119841087324,0.03780634590818293,0.03462471273420569,0.020927761885257523,0.00019343553658036209
0.00615,-4.4045006785068176e-05,-9.10007836213197e-06,0.11247234925423141,-0.03818437325221232,0.06336286362138546,0.029160927213285354,0.029674197775524422,0.0001930874318279077
0.006200000000000001,-3.788186733455328e-05,-1.090183671209237e-05,0.13355705847508476,-0.033719932261376484,0.0916773031381702,0.02274067663423637,0.03908607723216987,0.00019393931345945646
0.00625,-3.0743279086003345e-05,-1.2456364001493653e-05,0.1514057314408145,-0.028313912452757155,0.1199689173993773,0.01603355276764793,0.048252423941403284,0.00019608102573424147
0.0063,-2.2803034405589423e-05,-1.3719610649950317e-05,0.1655530512907733,-0.022091632705981707,0.14544468453217824,0.009760804712320013,0.056279746290218834,0.00019947231924570695
0.006350000000000001,-1.4255949573032606e-05,-1.4654388556253628e-05,0.17562522482258328,-0.015201688709213694,0.16557799397486941,0.004621826792236702,0.062381713206801345,0.00020394535047340944
0.0064,-5.3130313206951454e-06,-1.5231447914628214e-05,0.18134987022070018,-0.007812368051185322,0.17836200874154326,0.0012206618913436229,0.06595865014183114,0.00020922003944601197
0.00645,3.803788218197052e-06,-1.5430360053253996e-05,0.1825633510152567,-0.00010749403599565922,0.18251224852990092,2.3109935549272162e-07,0.06665878893274298,0.00021493088586973418
0.006500000000000001,1.2867215173107272e-05,-1.5240180378623675e-05,0.17921536166865348,0.007718197470104364,0.17759791886235238,0.001191411443750508,0.06441500343261511,0.00022066268029713568
0.00655,2.1650315378294614e-05,-1.4659870856662912e-05,0.17137063765554797,0.015464030771157768,0.16408855865649938,0.004782724953826286,0.059453199644012175,0.00022599161515389477
0.0066,2.9932248228728355e-05,-1.3698467823559983e-05,0.15920773890956805,0.022928584112045076,0.14331100270170263,0.010514399387662517,0.05227136816554375,0.0002305277224737103
0.0066500000000000005,3.750386680350385e-05,-1.2374987355646135e-05,0.14301492862910806,0.02991496889240943,0.1173206077079988,0.01789810727667648,0.04359125571307921,0.00023395438142511884
0.0067,4.417304127329761e-05,-1.0718067487546213e-05,0.12318324565555054,0.036236054835328345,0.0886992826167772,0.026261033400578455,0.03428737903055819,0.0002360608908850035
0.00675,4.9769569035892724e-05,-8.765353384604972e-06,0.10019693941220897,0.04171950157835666,0.0603002271252927,0.034810336238930074,0.025300403770987263,0.00023676475278498765
0.0068000000000000005,5.414954565216182e-05,-6.562638676405325e-06,0.0746215058512268,0.04621246098676027,0.03496468054238002,0.04271183100905679,0.01754351292236787,0.00023612131696653757
0.00685,5.7199083503761244e-05,-4.162782536514533e-06,0.047089623234404784,0.04958582157572795,0.01523886426795936,0.04917507402679855,0.011811126336736172,0.0002343196794486725
0.006900000000000001,5.8837282268898e-05,-1.62442852867346e-06,0.01828534246926701,0.05173787778651655,0.003119374136778227,0.05353615995705045,0.008699131491994328,0.00023166510599347353
0.0069500000000000004,5.901837323260924e-05,9.894435024050468e-07,-0.011073069306454755,0.05259732035463154,-0.00014747604446646836,0.05532956216975475,0.008544660053194314,0.0002285496038082892
0.007,5.773298139024954e-05,3.6130962004726503e-06,-0.04025119709784379,0.052125461844620406,0.005807830076012811,0.054341275450299556,0.01139150905316387,0.00022541348291489396
0.007050000000000001,5.500847057107669e-05,6.179704219955269e-06,-0.06851700009075162,0.05031762999327625,0.02043848124895171,0.05063727776280508,0.01698475026729288,0.00022270167567121533
0.0071,5.090836116076294e-05,8.623071599618086e-06,-0.09515931672116554,0.047203683935031215,0.04233298928256533,0.04456375554076648,0.024795154448793162,0.00022081915697118548
0.00715,4.553083261036879e-05,1.0879352502433378e-05,-0.11950588145844371,0.042847630248703805,0.06935312529982308,0.03671838835859275,0.03407106966010811,0.00022008993349467208
0.007200000000000001,3.900634712725781e-05,1.288873024101804e-05,-0.14094039478485496,0.03734634041214369,0.09884462241822274,0.02789498284359434,0.043912637190760696,0.0002207237626255301
0.00725,3.149445244701129e-05,1.4597010145171857e-05,-0.15891820968737916,0.03082739393227924,0.12789983018548798,0.01900656433311854,0.0533609793904514,0.00022279401620769424
0.0073,2.3179843538758425e-05,1.5957083741786237e-05,-0.17298023531943896,0.023446096128281448,0.15364627435255881,0.010994388473132286,0.06149348189330679,0.00022622902548473947
0.007350000000000001,1.4267781022931024e-05,1.6930224538853482e-05,-0.18276470006328338,0.015381740283432279,0.17353242915495953,0.004731958682939266,0.06751566498088477,0.00023081789853410535
0.0074,4.978981496522089e-06,1.7487179973226786e-05,-0.188016474293362,0.00683320597310525,0.18558222600632365,0.0009338540774176254,0.07084046732302554,0.00023623036674073932
0.00745,-4.45589220676116e-06,1.7609028826172542e-05,-0.18859371078403006,-0.0019859976799845355,0.1885928754500965,7.888373569807915e-05,0.07114700805493546,0.0002420487904964891
0.007500000000000001,-1.3802001976302554e-05,1.7287779598283782e-05,-0.18447163288505364,-0.01085311836872245,0.1822561814339217,0.002355803566510013,0.0684129372135325,0.00024780922528047937
0.00755,-2.2826221222432894e-05,1.6526691570954763e-05,-0.17574336903412435,-0.019541839638255468,0.16719110974454743,0.007637669928945851,0.06291711400827071,0.0002530475005527885
0.0076,-3.130298895871736e-05,1.5340307714627585e-05,-0.16261781070561004,-0.027828106193577628,0.14488419612627754,0.015488069886420671,0.05521231520033434,0.00025734573283906886
0.0076500000000000005,-3.901998317437541e-05,1.375419574466698e-05,-0.14541454347255434,-0.03549594441910603,0.11754355248618646,0.025199241404085287,0.04607066511727558,0.0002603746027921867
0.0077,-4.5783470204474774e-05,1.180440152748569e-05,-0.12455597781223135,-0.04234312583001441,0.08788084851496243,0.03585880610112867,0.03640720413269143,0.00026192711875170813
0.00775,-5.142319434210614e-05,9.536626259371938e-06,-0.10055687485310891,-0.04818652399777104,0.05884284033570423,0.04643882189975529,0.027189193445410906,0.0002619403999901142
0.0078000000000000005,-5.579668429242434e-05,7.005146572905215e-06,-0.07401153133845503,-0.05286702275258858,0.033319077469985386,0.05589844189445438,0.01934017982629438,0.00026050319828644275
0.007850000000000001,-5.8792866549513225e-05,4.271503097906677e-06,-0.04557894440849043,-0.056253843500497384,0.013854827677448528,0.06328989817156903,0.013648365072519878,0.00025784827705407844
0.0079,-6.0334894625262545e-05,1.4029897725064286e-06,-0.01596633110273894,-0.0582481746502691,0.002397782220341634,0.06785699700176505,0.010688397008029333,0.00025433029610639384
0.00795,-6.03821212848883e-05,-1.5290188306084568e-06,0.014088583111081958,-0.05878600242117297,0.00010377795439303207,0.06911588161324309,0.010764358590142189,0.00025039129630101463
0.008,-5.893116406365066e-05,-4.4508599828780165e-06,0.04383605960319586,-0.05784006373097321,0.007220931949557144,0.06690945944806086,0.013879619160279008,0.0002465171544245273
0.00805,-5.6016035790223074e-05,-7.288449761605378e-06,0.07253315929577417,-0.055420862958777316,0.023063804784433966,0.061429441021911516,0.019736534548139027,0.00024318929943321416
0.0081,-5.170733670691802e-05,-9.96917668253486e-06,0.09946239834666418,-0.05157671970770728,0.046080265525971706,0.05320316031614801,0.027766011417163214,0.00024083650122920278
0.008150000000000001,-4.6110527320060905e-05,-1.2423773263787795e-05,0.12394977568052465,-0.04639283853851088,0.07400451346946854,0.043045909353206804,0.03718398018548578,0.00023979156292808088
0.0082,-3.93633253215424e-05,-1.4588116948817414e-05,0.1453817182393817,-0.03998941830512586,0.10408113763525718,0.031983071527646706,0.04706914872561695,0.00024025730072599764
0.00825,-3.16322910706511e-05,-1.6404913273517206e-05,0.1632205154309,-0.0325188426489299,0.13333801736950246,0.021149502544517248,0.05645429869673491,0.0002422852868782804
0.0083,-2.3108687515261572e-05,-1.782521697789073e-05,0.177017854815789,-0.024162018728002138,0.1588809947407526,0.01167606298024652,0.06442205129420447,0.0002457695854240928
0.00835,-1.4003717883877225e-05,-1.880975050736621e-05,0.18642611629149658,-0.015123952580993456,0.17818106323166238,0.004574678833442773,0.07019559549607762,0.00025045621234157556
0.008400000000000001,-4.543260840786902e-06,-1.9329984501083644e-05,0.19120714145612908,-0.005628671068670363,0.189325542846177,0.0006336387599857353,0.07321538770164616,0.00025596748827919286
0.008450000000000001,5.037764992858872e-06,-1.9368950599610826e-05,0.19123825604337216,0.004086382841670117,0.19120827094609724,0.00033397049457391877,0.07319423672320682,0.00026183894482382207
0.0085,1.4501265661249574e-05,-1.8921763828563544e-05,0.18651539489082397,0.013776339618855537,0.18363988557619215,0.0037957506658809746,0.07014534766244215,0.0002675651761604578
0.00855,2.3611918489537877e-05,-1.7995838990752858e-05,0.17715325001155016,0.023195125268541332,0.16736720554391307,0.010760276724466491,0.06438058948797958,0.00027265010108403105
0.0086,3.2143051500410734e-05,-1.661079350130699e-05,0.16338243918127046,0.032101756527843486,0.14399973834797228,0.02061045544345884,0.05647921118216191,0.00027665663259464893
0.00865,3.9882308032886804e-05,-1.4798036960376208e-05,0.14554376581111814,0.04026654700731741,0.11585056902664172,0.03242789615785005,0.04723015995664071,0.00027925077393085965
0.008700000000000001,4.663695463741613e-05,-1.260005607152016e-05,0.12407971580561658,0.04747706352281627,0.08570738981241761,0.04508143121499063,0.03755376643105375,0.0002802356917283031
0.00875,5.2238698853832616e-05,-1.0069411149305971e-05,0.09952340460507852,0.05354367724721862,0.056556369836304875,0.05733850746308633,0.028410592247835282,0.0002795722860239973
0.0088,5.654789653402845e-05,-7.267468355776547e-06,0.0724852539747467,0.05830456435060115,0.03128625320288662,0.0679884444822678,0.020706490759907235,0.00027738411754730835
0.00885,5.945704287040935e-05,-4.262898371974552e-06,0.0436377326549668,0.06163002370482668,0.012402039076704993,0.07596519643714997,0.015203282888105208,0.00027394609633797466
0.0089,6.0893460158158344e-05,-1.1299787477218276e-06,0.013698545402472895,0.06342599680091549,0.0017766509287060544,0.08045714140379483,0.012443871502856448,0.0002696579687208577
0.00895,6.082111481637805e-05,2.053257800183407e-06,-0.016587307544664663,0.0636366944994296,0.0004652324682037744,0.08099257773627468,0.012699164203603782,0.0002650051612199723
0.009000000000000001,5.924151857342033e-05,5.206982524591255e-06,-0.04646614984417813,0.06224625827325671,0.008600493433019751,0.07749193338041958,0.01594199616974617,0.000260510826441159
0.00905,5.61936913743739e-05,8.251587660911747e-06,-0.07519446005843852,0.059279407842050144,0.02537948524438201,0.07028096388208233,0.02185055822927256,0.0002566838361027434
0.0091,5.175318732059942e-05,1.1109709966688388e-05,-0.10205744210323477,0.05480105324835391,0.04914311446556274,0.06006310874257841,0.029840909288696996,0.00025396790122942314
0.00915,4.6030208311378365e-05,1.3708209014961155e-05,-0.1263868698480718,0.04891487588991134,0.07754050192573697,0.0478533016665086,0.03912527698996317,0.0002526969145972941
0.0092,3.916685295428415e-05,1.5980049355746957e-05,-0.14757775918683663,0.04176090967912738,0.10776188077099334,0.034879471544564694,0.048790310744900596,0.0002530610161610035
0.009250000000000001,3.133356997310336e-05,1.786603788418335e-05,-0.16510345090284384,0.03351217946788706,0.1368169328118841,0.02246132345375742,0.05788749751811914,0.0002550868338204087
0.009300000000000001,2.272490510310607e-05,1.9316371193752655e-05,-0.1785287273986657,0.024370478214914944,0.16183096242192196,0.011878404168472877,0.06552677363844511,0.00025863395013221767
0.00935,1.3554648270101545e-05,2.0291952413490247e-05,-0.1875206369122448,0.014561387234999857,0.18032954790203728,0.004240679964152336,0.07096408053057075,0.00026340803551470193
0.0094,4.050502580576216e-06,2.0765442640914108e-05,-0.1918567553692395,0.004328663391646623,0.19048346237396607,0.00037474653516363294,0.07367424114189895,0.0002689894196713854
0.00945,-5.551591309161615e-06,2.072201886030602e-05,-0.19143068203513405,-0.006071865680961174,0.19128960781052332,0.000737351056952682,0.0734020147074161,0.00027487432677730567
0.0095,-1.5013333471727621e-05,2.01598174617497e-05,-0.18625463298343292,-0.016378744368886554,0.1826700582064542,0.00536526534202666,0.07018636641689059,0.00028052471505934093
0.009550000000000001,-2.409999868700674e-05,1.9090050609075245e-05,-0.17645907086798393,-0.026331506329897968,0.1654794351828738,0.013866964512029135,0.06435565205998872,0.00028542178568167185
0.009600000000000001,-3.258627786073574e-05,1.753679084531439e-05,-0.16228938222152298,-0.035677297689158505,0.14141992829489702,0.025457391408016693,0.05649429587488966,0.00028911783099246964
0.00965,-4.0261881202890984e-05,1.5536427968673922e-05,-0.14409968879500903,-0.04417733677457904,0.11287242665812126,0.039032741689891466,0.04738435187512062,0.00029128123739195517
0.0097,-4.6936763356453846e-05,1.3136810425198415e-05,-0.12234394971144966,-0.051613044479939967,0.08266053496543797,0.05327812720976523,0.037927803143460226,0.00029173011386818737
0.00975,-5.2445840611134944e-05,1.0396091792998048e-05,-0.0975645801862187,-0.057791687350126374,0.0537708876480906,0.06679758253549513,0.02905733199415047,0.0002904511389978823
0.0098,-5.6653082621606444e-05,7.381310302074466e-06,-0.07037887291488862,-0.0625513870091318,0.029057487788889395,0.07825352033532366,0.021644399555838637,0.00028760167433170144
0.009850000000000001,-5.945487750824347e-05,4.166736542018767e-06,-0.04146356426998181,-0.06576536582846049,0.010959361592043658,0.08650166685102477,0.016413704351595542,0.00028349486373731173
0.0099,-6.078258661852224e-05,8.320302902931143e-07,-0.01153793212983227,-0.0673453170593359,0.00125947768263015,0.09070783459644959,0.013872422945132669,0.00027856912776079163
0.00995,-6.0604226502817076e-05,-2.5397473253091624e-06,0.01865415075553646,-0.06724381060644007,0.0009087722460743965,0.09043460129749563,0.01426114487544491,0.00027334503625378
0.01,-5.892523649009271e-05,-5.864216465900379e-06,0.04836275889192558,-0.06545566890740931,0.00993265335633363,0.0856888918423278,0.017531246671626224,0.00026837380560253924
0.01005,-5.578831417749859e-05,-9.057803388828919e-06,0.0768505884212198,-0.062018274694594214,0.027429175256724184,0.0769253279218829,0.023350825069657882,0.0002641825303003769
0.010100000000000001,-5.127232335269052e-05,-1.2039853634939246e-05,0.10341129734371561,-0.05701079830921632,0.05165898759316235,0.06500462247708284,0.031138486208183155,0.0002612215949306584
0.010150000000000001,-4.549030308280848e-05,-1.4734679871089088e-05,0.12738705528329272,-0.050552361191228766,0.08021807737438662,0.05111082444016904,0.040121547373522706,0.0002598195263285926
0.0102,-3.858662794251179e-05,-1.7073492100651156e-05,0.1481848649583653,-0.04279917781554723,0.11027613172316046,0.036635392433736605,0.04941281727051842,0.00026014981159349466
0.01025,-3.073339168440263e-05,-1.8996160904567233e-05,0.16529125162019281,-0.033940746353549864,0.13885687038234112,0.023039485260720166,0.05809831851344781,0.0002622130432782515
0.0103,-2.212610468312713e-05,-2.0452768236377155e-05,0.1782849543983376,-0.02419518089029531,0.1631325633408297,0.011708135566282226,0.06532727026457698,0.000265836221353938
0.01035,-1.297881358398673e-05,-2.1404905857315334e-05,0.18684730801267077,-0.013803802055543232,0.1807035753173353,0.003810899023772391,0.07039546787672958,0.000270689350872928
0.010400000000000001,-3.518764966837578e-06,-2.182668742368657e-05,0.19077005704769087,-0.0030251205490407496,0.18983528791769677,0.00018302708672457213,0.07281388339496715,0.00027631773528032647
0.010450000000000001,6.019253361846496e-06,-2.170544781019976e-05,0.18996041361306923,0.00787163482231731,0.18962900144864658,0.0012392526955183696,0.07235580538442443,0.00028218680689570143
0.0105,1.5398752328115167e-05,-2.1042110712819893e-05,0.18444323425775655,0.01861328191452021,0.1801099742084031,0.006929085272588102,0.06907797611781154,0.0002877350636525385
0.01055,2.438741724097987e-05,-1.9851214349763006e-05,0.17436026760973372,0.02892957161061142,0.16222397928675739,0.016738402271469884,0.0633137661825964,0.0002924298686360726
0.0106,3.276287281589479e-05,-1.8160593338227223e-05,0.15996649400614593,0.038560021403577005,0.13774281827266555,0.029737505012886335,0.05563918416116959,0.0002958205571709919
0.01065,4.0318194459961936e-05,-1.601072393675914e-05,0.14162365378275035,0.0472605225953341,0.1090882423130301,0.0446711399196817,0.04681518960950493,0.00029758355656385146
0.010700000000000001,4.686702879255853e-05,-1.3453748003650364e-05,0.11979112791251198,0.054809552731757014,0.07909179030151554,0.06008174141310506,0.03771208986506937,0.0002975549939334872
0.010750000000000001,5.224819690403093e-05,-1.0552199633160292e-05,0.09501440312104613,0.06101383485199118,0.050714375771729256,0.07445376086692107,0.02922353773093548,0.0002957475115766614
0.0108,5.63296662244958e-05,-7.377465637176788e-06,0.06791141090051386,0.0657132983606557,0.026753405141589488,0.0863647516287311,0.022178632205306532,0.0002923495633947189
0.01085,5.901179337523255e-05,-4.008018183243829e-06,0.03915708416341709,0.06878521422172716,0.009566410668246227,0.09462811391057793,0.01726077156694855,0.00028770721519841877
0.0109,6.0229758200705543e-05,-5.274635691770527e-07,0.009466517961156287,0.07014739747948756,0.0008385106252501513,0.09841314746290436,0.014941202044053444,0.0002822902092780873
0.01095,5.9955129668743175e-05,2.9775440179682355e-06,-0.020422844665919704,0.0697603937899109,0.001416639657701929,0.09733025083446879,0.015433722793666888,0.0002766456290526741
0.011000000000000001,5.8196525934682113e-05,6.4194714093166845e-06,-0.04976955729453859,0.06762859219989108,0.011226858277207447,0.09147252965878337,0.018674897115406222,0.000271343742720844
0.01105,5.499935338378009e-05,9.712103461711096e-06,-0.07784658819921508,0.06380023345290683,0.02928281219777752,0.08140939577290825,0.024331591954452583,0.00026692139510422466
0.0111,5.0444632535985104e-05,1.2772712755659919e-05,-0.10395935399858977,0.05836631124412519,0.05378438678521139,0.06813252576492189,0.03183497343234649,0.00026382857595953063
0.01115,4.464694118150763e-05,1.552414714202621e-05,-0.12746292100991913,0.0514583916374276,0.08229668319606344,0.05295932139821758,0.040437490674494404,0.00026238348857509145
0.0112,3.7751527273394805e-05,1.789678227867563e-05,-0.14777794844889275,0.043245403713814703,0.11199151330183695,0.037403298847416375,0.04928713892263966,0.0002627406117239766
0.011250000000000001,2.9930664316593437e-05,1.9830289538962774e-05,-0.16440497864484674,0.03392948015135783,0.139927452153539,0.023024192466827697,0.05751162287644918,0.0002648749610651953
0.011300000000000001,2.1379341095127718e-05,2.1275174350992403e-05,-0.1769367226418356,0.02374095131239129,0.16334070811984944,0.011272655384346674,0.06430410594611971,0.0002685841561437901
0.01135,1.2310393584711713e-05,2.2194045576243186e-05,-0.18506803811801054,0.012932617307550909,0.17991803876979337,0.0033450518084713063,0.06900211523696949,0.0002735081244527974
0.0114,2.9492009045712318e-06,2.2562583461778476e-05,-0.18860335654723637,0.0017734416722232482,0.18802475798033166,6.290190729555981e-05,0.07115188748786226,0.0002791645250483693
0.01145,-6.471922417863123e-06,2.2370181015039323e-05,-0.18746137807772778,-0.009458175406270041,0.18686535641765484,0.0017891416403154293,0.0705519077876489,0.0002849963994998673
0.0115,-1.5719498167316565e-05,2.1620242103868054e-05,-0.18167692300784563,-0.020481375060358104,0.17656095400184468,0.008389734487261179,0.06727146888028651,0.00029042734071264826
0.011550000000000001,-2.456467658476361e-05,2.033012796530781e-05,-0.17139989747402662,-0.031019893324802015,0.1581360460252488,0.01924467563764193,0.06164255105385996,0.00029491870691761486
0.011600000000000001,-3.278890520562254e-05,1.8530752910686868e-05,-0.15689140458829284,-0.04080901243800054,0.13341598443567465,0.03330750992329765,0.054225952155869436,0.0002980231998520627
0.01165,-4.0189333753093465e-05,1.6265838630022154e-05,-0.13851710141403,-0.04960223428601849,0.10484545630318703,0.04920763292330137,0.04575511970678455,0.0002994294716383625
0.0117,-4.6583821578831054e-05,1.3590845381294284e-05,-0.11673797202960257,-0.057177507384670374,0.07524601732337881,0.0653853470144807,0.03706331027934065,0.0002989933136358521
0.01175,-5.181542365829047e-05,1.0571606213669386e-05,-0.092098748941356,-0.06334284941173102,0.047536733984133314,0.08024633143194465,0.029001308827917543,0.0002967522988021477
0.0118,-5.575624511908211e-05,7.282698281558485e-06,-0.06521427515102032,-0.06794122307695728,0.0244456001374098,0.09232019586385745,0.02235383274652459,0.00029292239946973635
0.011850000000000001,-5.8310569070267135e-05,3.8055915655870136e-06,-0.03675414771355979,-0.07085454078292377,0.008240262329948716,0.10040731899118016,0.01776283259697737,0.0002878768793340002
0.0119,-5.941718194658245e-05,2.2662139640568747e-07,-0.007426027474920029,-0.07200669665134551,0.0005046377472921035,0.10369928725277786,0.015665184856033215,0.0002821095347713285
0.01195,-5.9050839226946975e-05,-3.3651646928918256e-06,0.022041969205884762,-0.0713655473941772,0.001983431496326235,0.10186082709741105,0.016250820877558,0.00027618590488810035
0.012,-5.722283726430518e-05,-6.880231718995071e-06,0.05091935818673117,-0.0689437916185543,0.01250981601420475,0.09506492805485275,0.01944530128452517,0.00027068728531533714
0.01205,-5.398067775033348e-05,-1.0230797887184103e-05,0.07849140506172957,-0.06479872311465659,0.031023292777915202,0.08397749034579861,0.0249184248889988,0.00026615308881914457
0.012100000000000001,-4.9406835253620575e-05,-1.3333034798184736e-05,0.10407682348456473,-0.05903086382042442,0.05567583329499058,0.06969285766770984,0.03211789902343097,0.0002630272810937983
0.012150000000000001,-4.361665920865529e-05,-1.6109171890055694e-05,0.12704461522571348,-0.05178150864600203,0.08401567478582837,0.053626492753119655,0.04032464242866712,0.0002616142103400236
0.0122,-3.6755464342758264e-05,-1.8489452182148505e-05,0.14682963683265984,-0.04322924351153848,0.11323048906062198,0.03737534989159783,0.048724186988561236,0.0002620482351293822
0.01225,-2.899488245849554e-05,-2.0413889916949853e-05,0.16294650752556236,-0.03358552217497536,0.1404258031757079,0.022559745995315232,0.05648709052885359,0.0002642801776910703
0.0123,-2.0528567699239374e-05,-2.183378586308387e-05,0.17500151789361698,-0.02308941287228363,0.16291110642528644,0.010662419735735541,0.06285042549050023,0.000268081974773432
0.01235,-1.1567362436192897e-05,-2.271296178603285e-05,0.18270224567195145,-0.012001645263947067,0.17846535973779404,0.0028807897808324615,0.06719233961427308,0.00027306908032952924
0.012400000000000001,-2.334044763283357e-06,-2.302868294071968e-05,0.18586464561937371,-0.0005981071520890129,0.18555570585972517,7.154643307600593e-06,0.0690924061789269,0.00027873842202247746
0.012450000000000001,6.9422116536592144e-06,-2.277224492802488e-05,0.18441744050014014,0.01083704651249975,0.18348784196429158,0.00234883154228166,0.06837190945258771,0.0002845181574312449
0.0125,1.603152750730696e-05,-2.194920996887648e-05,0.1784037100020612,0.02201849934153414,0.1724733051807515,0.00969628626506279,0.06511021042475854,0.00028982430825362575
0.01255,2.470901625851626e-05,-2.0579286166523218e-05,0.1679796418187512,0.03266691577593525,0.15360715263832503,0.02134254772624095,0.05963570229004803,0.0002941186565360272
0.0126,3.2760349812900785e-05,-1.8695852540856328e-05,0.1534104814422256,0.04251594053842849,0.12875838354407576,0.03615210399734374,0.052492367232272456,0.00029696216223899926
0.01265,3.9987053630206635e-05,-1.6345141286143768e-05,0.1350637849451043,0.05131887940618414,0.10038406721397462,0.05267254767012941,0.044385334157914166,0.0002980585955978895
0.012700000000000001,4.6211400553419584e-05,-1.3585097515160629e-05,0.11340014702710559,0.05885489340592183,0.07128566309680295,0.06927796955644842,0.03611088212500559,0.0002972840489364968
0.012750000000000001,5.1280782643865816e-05,-1.0483944718174162e-05,0.08896163792598977,0.06493455058047634,0.04433170022707513,0.0843299171817688,0.02847783362221512,0.00029469938702614176
0.0128,5.5071453504076985e-05,-7.118491640479902e-06,0.062358239653222756,0.06940459555200523,0.022174269348622162,0.09633995767474848,0.0222280937565098,0.00029054438734509524
0.01285,5.749154944623452e-05,-3.572222802132752e-06,0.03425262103497943,0.0721518168077268,0.0069873484523113386,0.10411769337311534,0.017964138101499133,0.0002852141381623028
0.0129,5.848331561545239e-05,6.677972669922589e-08,0.005343631441084459,0.07310591392968889,0.00025278059105183375,0.10688949302990161,0.016090532748441532,0.0002792200203706145
0.012950000000000001,5.8024483416494374e-05,3.7080313280462692e-06,-0.02365107559360479,0.0722412925453304,0.0026149737692069096,0.1043760869724002,0.016775159799328847,0.0002731391340966703
0.013000000000000001,5.6128766193801576e-05,7.2609017794756454e-06,-0.05201285686232788,0.06957774102967533,0.013818569336138878,0.09682124093585132,0.019933860698339714,0.0002675571747279751
0.01305,5.284546258256954e-05,1.0636877652573756e-05,-0.07903989013423166,0.06517997176814438,0.032735105464757615,0.08496857439392198,0.02523989462395112,0.0002630104211510121
0.0131,4.825817848729257e-05,1.3751773542058928e-05,-0.10406453934526484,0.05915603747310075,0.05747590002322183,0.069988735390378,0.03215716700684105,0.00025993258442468426
0.01315,4.248270107849386e-05,1.652783677569776e-05,-0.12646984538280592,0.05165466216412934,0.08557986347041208,0.0533640824658067,0.039993855952172676,0.00025861179225302
0.0132,3.5664078494539925e-05,1.8895692817540223e-05,-0.1457047344709882,0.042861552641927106,0.11425756687965917,0.03674225389753377,0.04797107737915242,0.00025916197484792433
0.013250000000000001,2.797297921817467e-05,2.0796082693271225e-05,-0.16129757057608787,0.03299478300123335,0.1406673628855088,0.02177311410596955,0.05529977966339153,0.00026151149984945395
0.013300000000000001,1.9601422143408867e-05,2.2181348730470834e-05,-0.17286771732610492,0.022299366800022844,0.162196227441767,0.009945235193639221,0.06125828066612212,0.00026541018555447537
0.01335,1.0757984418507138e-05,2.3016631497875335e-05,-0.1801348278870882,0.011041153086666951,0.17671756923433188,0.0024381412296643028,0.06526283362027144,0.000270454010225633
0.0134,1.6626063887689965e-06,2.3280747664006462e-05,-0.18292563439356838,-0.0004998016717309914,0.1828005701799151,4.996034221301874e-06,0.0669243248417121,0.00027612506959851283
0.01345,-7.458876861645859e-06,2.296672691575237e-05,-0.181178074696011,-0.01203621957013489,0.17985045239232272,0.0028974116308099623,0.06608560124572817,0.00028184283389499177
0.0135,-1.638034150727178e-05,2.2081994120979568e-05,-0.174942656414875,-0.02328077074636758,0.1681659201113854,0.010839885730898492,0.06283584892662078,0.00028702162279816703
0.013550000000000001,-2.488097944836205e-05,2.064819229405501e-05,-0.16438103075357965,-0.03395324681636879,0.14890823322723032,0.023056459387465148,0.05750071545133837,0.0002911286107907731
0.013600000000000001,-3.275076225827983e-05,1.870065040864615e-05,-0.14976181399930064,-0.04378755884714531,0.12398510481707364,0.038347006195844274,0.05060925279409888,0.0002937366101544965
0.01365,-3.97956297095922e-05,1.628750949521395e-05,-0.13145376620173127,-0.05253838488415848,0.09586102864280586,0.05520563772471945,0.04284103095594677,0.00029456640696783856
0.0137,-4.584227434750339e-05,1.3468528460919997e-05,-0.10991649831206518,-0.05998730041314542,0.06731288991783656,0.07196952421713913,0.034958701834943325,0.00029351444688500153
0.01375,-5.074240473954287e-05,1.0313599694628674e-05,-0.08568894361767346,-0.06594823883417936,0.041155092460523054,0.08698340410659924,0.02773270073261553,0.00029066313382539194
0.013800000000000002,-5.437638196299285e-05,6.901011155899382e-06,-0.05937588080722345,-0.07027214474970539,0.019961406735489746,0.09876348655447094,0.021865513426437853,0.00028627271089885255
0.013850000000000001,-5.665614077880864e-05,3.3154985398848527e-06,-0.03163284667557787,-0.07285070424310668,0.00581102745375309,0.10614450217433202,0.01792294930375104,0.00028075553310193016
0.013900000000000001,-5.7527323692026545e-05,-3.538640549670562e-07,-0.003149813866522723,-0.07361905825484252,8.38937924939415e-05,0.10839531476659794,0.01627913986977717,0.0002746352729074004
0.01395,-5.69705766351728e-05,-4.015882207107085e-06,0.025365959819405114,-0.0725574316618306,0.003325420348246482,0.10529161778722435,0.017080606503203,0.0002684951027740998
0.014,-5.500197510615079e-05,-7.579512702559721e-06,0.05320748462119353,-0.06969163688731168,0.015193897881844567,0.09713848504065806,0.0202328455955278,0.0002629199828860428
0.01405,-5.1672571759170956e-05,-1.0956131786777129e-05,0.07968555918179238,-0.0650924397580981,0.034495634768432995,0.08474051427323259,0.025410653825214763,0.000258438771958093
0.014100000000000001,-4.706707777494228e-05,-1.406174353052497e-05,0.10414582403698627,-0.058873803175395076,0.059304233150649026,0.06932249400670319,0.03209107942969129,0.00025547189182801455
0.014150000000000001,-4.130171210511435e-05,-1.6819073189227447e-05,0.12598492667322708,-0.05119005268111602,0.08715208632216291,0.052408429869908665,0.03960566797820311,0.0002542897292435189
0.0142,-3.452127302832116e-05,-1.9159493305649226e-05,0.14466539896424352,-0.04223203462785692,0.11527506582388697,0.03567089497617012,0.04720678956139302,0.00025498589216869504
0.01425,-2.6895505736761733e-05,-2.1024734480411746e-05,0.15972888032029064,-0.0322223629588596,0.14088613964695348,0.020765613493049746,0.05414147244070493,0.0002574679671010125
0.0143,-1.861485701595026e-05,-2.2368338147720857e-05,0.17080736166493163,-0.021409873416545093,0.1614508407338614,0.009167653594249685,0.05972545763700696,0.0002614666909977133
0.01435,-9.885723035994191e-06,-2.3156815059783636e-05,0.1776321741052538,-0.010063423560114472,0.17493736178188354,0.002025449875005341,0.0634101960359692,0.00026656262558384956
0.014400000000000001,-9.25308800495427e-07,-2.3370480662973963e-05,0.1800405035400855,0.00153480640606944,0.18001660075878193,4.711261408223581e-05,0.0648362327220474,0.0002722276922459775
0.014450000000000001,8.043772853232484e-06,-2.3003946443471056e-05,0.17797927257458843,0.013096344879305473,0.17619246210595718,0.0034302849839542137,0.06386778567995242,0.0002778774506004035
0.0145,1.679902849631257e-05,-2.2066255113168233e-05,0.1715062981289366,0.024333616551557802,0.16384964065196125,0.011842497889564957,0.060605195279218115,0.00028292894572844423
0.01455,2.512360041452427e-05,-2.058065617683174e-05,0.16078869908189808,0.034967107226672484,0.1442142863481814,0.02445397175603222,0.05537410726830318,0.00028685839418640647
0.0146,3.281163537458527e-05,-1.8584027616220048e-05,0.1460985979752096,0.044732327003534716,0.1192315649945059,0.04001962158302322,0.048692543898097324,0.0002892530012986106
0.014650000000000002,3.967337289313386e-05,-1.6125958034416534e-05,0.12780622629995397,0.05338639808359101,0.0913723352215756,0.057002150006793,0.041219185463089045,0.00028985177997783583
0.014700000000000001,4.553982750348714e-05,-1.326751230600981e-05,0.10637060845313616,0.06071410311487275,0.06338815054449239,0.07372404634086802,0.033688019636511,0.000288571337334759
0.014750000000000001,5.026694925697614e-05,-1.007971139863354e-05,0.08232805768331516,0.06653324306083654,0.038038873279678684,0.08853344864384707,0.026835835460391595,0.00028551407782721446
0.0148,5.3739160445769594e-05,-6.641764452814287e-06,0.056278772733544834,0.07069917153127392,0.01781986048272783,0.09996745710416985,0.021329719086413457,0.00028095802150745705
0.01485,5.58721813006813e-05,-3.0390970712254322e-06,0.028871869162207776,0.07310839221392786,0.004715685342750196,0.10689674024211016,0.01770168069415581,0.00027532924655716427
0.0149,5.6615076107851466e-05,6.387748762371722e-07,0.0007892187311551307,0.07370113056572294,4.697928818812471e-06,0.10863713293331481,0.016296815672408434,0.0002691596950059852
0.014950000000000001,5.5951469523785154e-05,4.3004730375933805e-06,-0.027271501422018944,0.0724628152409448,0.004133670447186027,0.10501719185286605,0.01724004835755227,0.00026303451725822767
0.015000000000000001,5.3899904639921086e-05,7.855030341757503e-06,-0.0546141288123971,0.06942443341273644,0.016674819156588628,0.0963950390935895,0.02042466199591263,0.00025753417591949795
0.015050000000000001,5.051333446997638e-05,1.1214154134155502e-05,-0.08056127494839194,0.06466175067207515,0.03636933645570599,0.08362283999955222,0.02552366404255364,0.0002531770344351966
0.0151,4.587776119403211e-05,1.4294422302571961e-05,-0.10447109698836095,0.05829341614792759,0.06125301088509036,0.0679624473239093,0.03202278731048944,0.0002503681168588331
0.01515,4.011005742663471e-05,1.7019357673400155e-05,-0.12575316586470286,0.050477999575595345,0.08885140499815992,0.05096056882307608,0.03927180277345235,0.00024935910015003035
0.0152,3.335502515004619e-05,1.9321329130499117e-05,-0.14388304007995914,0.04141003541699646,0.1164252037201948,0.03429582066473803,0.04654903154501296,0.0002502234984329704
0.015250000000000001,2.578176565964424e-05,2.114323202510937e-05,-0.15841518406287397,0.03131517204600624,0.14124141144102206,0.019612800005419415,0.05313266108416139,0.0002528494806028673
0.015300000000000001,1.7579451878298305e-05,2.243990627467173e-05,-0.1689939148829005,0.02044454804847927,0.16084355557208413,0.00835959089813155,0.058371825169617766,0.00025695102973748504
0.01535,8.952608225259711e-06,2.3179256719673734e-05,-0.17536210656496604,0.009068535292456714,0.17329418543261904,0.0016447666470106597,0.061750451834856605,0.0002620963245015487
0.0154,1.160159401951937e-07,2.3343048144989616e-05,-0.17736744085296424,-0.0025299945620498553,0.17736573186191332,0.00012801744968003677,0.06293762076691153,0.0002677505311306365
0.01545,-8.71062949534747e-06,2.2927355085542983e-05,-0.17496605087601674,-0.014062712583172949,0.1726609259095181,0.003955197703938616,0.06181951757388855,0.0002733287599095053
0.0155,-1.7308176023044537e-05,2.1942655521584318e-05,-0.16822347196598972,-0.025243008357903194,0.1596509653515764,0.01274418941914341,0.05850990145345577,0.0002782539456771206
0.015550000000000001,-2.5463452267166904e-05,2.041356609219512e-05,-0.15731287805918667,-0.0357931204025166,0.13962776160179677,0.025622949362981005,0.05333812561097622,0.00028201391992321834
0.015600000000000001,-3.2974549672077494e-05,1.8378225703452116e-05,-0.14251065165436977,-0.045451043630416216,0.1145751002816935,0.04131594734187997,0.04681596377118824,0.0002842120323602919
0.01565,-3.965581860645796e-05,1.5887342874097013e-05,-0.12418939939318059,-0.05397704192854067,0.08697155700097459,0.058270421107108755,0.03958657700934416,0.00028460631515692044
0.015700000000000002,-4.534245500493715e-05,1.3002930768488979e-05,-0.1028085900319755,-0.06115960394870349,0.05954474207336748,0.07480994310324536,0.032360703834212426,0.0002831333249794612
0.01575,-4.9894564211268994e-05,9.796761458922035e-06,-0.07890304921612301,-0.06682069403436786,0.03500123436454372,0.08930010302469207,0.025846397804907672,0.00027991431234107567
0.0158,-5.320060184993214e-05,6.348578017009766e-06,-0.053069598855199365,-0.07082016787309998,0.015758938383779685,0.10030992355148127,0.020679253178025745,0.00027524311929175214
0.01585,-5.5180107214174764e-05,2.7441090492295635e-06,-0.025952174477026285,-0.07305924347188764,0.0037083261726008894,0.10675306113369112,0.017359989890225695,0.0002695570151385509
0.0159,-5.578566201888739e-05,-9.270648745843225e-07,0.0017742088624195132,-0.07348294129986861,2.6137301339548814e-05,0.10799485324159872,0.016205523620414785,0.0002633933642705779
0.015950000000000002,-5.500402705479556e-05,-4.573739705613549e-06,0.029420243233693744,-0.07208143366517666,0.005059895057092465,0.10391466158454528,0.017318300661541195,0.0002573364238021805
0.016,-5.2856429225179396e-05,-8.105355858286196e-06,0.05629944995871808,-0.06889026994144273,0.018294572648527983,0.09491738585209697,0.020576864009122946,0.0002519595375044463
0.016050000000000002,-4.9397993072023975e-05,-1.1434249152278188e-05,0.08174521245835868,-0.06398947298331671,0.03840460675863104,0.0818930530536524,0.025648517477772255,0.0002477684493730658
0.0161,-4.471633157541923e-05,-1.4477828758643718e-05,0.10512729720408436,-0.057501529392894414,0.06338601244664127,0.066128517650438,0.03202277488243746,0.0002451513402181528
0.01615,-3.892933240922492e-05,-1.71606280396069e-05,0.12586745420385154,-0.04958832467877884,0.09075543890318724,0.049180038888959735,0.03906223788886129,0.0002443405275052423
0.0162,-3.2182195140345775e-05,-1.941617726067169e-05,0.1434537102491111,-0.04044709959941084,0.11779640050004418,0.03271935732009321,0.046065837566485836,0.00024538960480835
0.01625,-2.4643794015537484e-05,-2.1188651784897685e-05,0.15745300293158138,-0.030305529385132,0.14182827608586573,0.018368502226261983,0.05233817159828444,0.0002481682751321055
0.016300000000000002,-1.650245700944867e-05,-2.243425472299204e-05,0.1675218424012877,-0.0194160481716725,0.1604714440445361,0.007539658532094142,0.05725808414285787,0.00025237537181674454
0.01635,-7.961266746740897e-06,-2.3122299965511828e-05,0.17341474005760582,-0.008049560791698544,0.17188233504180675,0.00129590857878501,0.060339730425311745,0.00025756877099786886
0.0164,7.6699978694926e-07,-2.323596860016228e-05,0.174990195553493,0.0035113017881921726,0.1749351860919106,0.000246584804955231,0.061280124800442724,0.00026320921945509747
0.01645,9.46516667936894e-06,-2.277272030958954e-05,0.1722140979297988,0.014979214973650044,0.16933257991107914,0.004487537624536434,0.05998852169522913,0.0002687137383097293
0.0165,1.7917058035390765e-05,-2.1744349448592774e-05,0.1651604571739459,0.026069306165870783,0.15563391326129128,0.013592174479398167,0.056594779399723356,0.000273513308143302
0.016550000000000002,2.5912866397143365e-05,-2.017668484638622e-05,0.15400945246026376,0.03650623556934661,0.1351990708011548,0.02665410470889255,0.05143593860055437,0.0002771091325225936
0.0166,3.3254357274389134e-05,-1.810894074237696e-05,0.13904284642010192,0.046031036106742945,0.11005296769905608,0.042377125701205456,0.04502239513638892,0.0002791219111048897
0.01665,3.975978103703617e-05,-1.559273543783125e-05,0.1206368833301444,0.054407542623008356,0.08268444846823964,0.05920361388548942,0.03798705732204516,0.00027932926019111164
0.0167,4.526837012100038e-05,-1.2690801963758716e-05,0.0992528481584761,0.061428250375970515,0.05579950558452743,0.07546859888505844,0.03102254556789779,0.00027768758221178956
0.01675,4.964431086882863e-05,-9.47542329987008e-06,0.07542552460484021,0.06691945797316742,0.032053282007715685,0.08956427710845041,0.024812661090098276,0.0002743362410141093
0.016800000000000002,5.278009130592026e-05,-6.026630914207964e-06,0.04974983899121728,0.07074556665625155,0.013787392598040377,0.10009870403028262,0.01996489856384648,0.0002695836360282971
0.01685,5.4599142923268696e-05,-2.4302117755658757e-06,0.022866024196120747,0.07281243016026862,0.0027985478739091353,0.10603299971687989,0.016950660082607143,0.00026387657365163283
0.016900000000000002,5.5057711038332804e-05,1.2244266640403152e-06,-0.004556327484785752,0.07306967181380128,0.00016133929090150238,0.1067835387795325,0.016059051057227103,0.0002577559726884573
0.01695,5.414590844589996e-05,4.846480255199577e-06,-0.031834925463175595,0.07151191240714175,0.00612266451707057,0.10227907232253428,0.017368785806872036,0.00025180329975952936
0.017,5.188792661202812e-05,8.34600542732466e-06,-0.05829174186816763,0.06817887850023062,0.020078165884701998,0.09296718947098417,0.0207409327606978,0.00024658303628526714
0.01705,4.834140021748556e-05,1.163615379382497e-05,-0.08326985126957398,0.06315438952761754,0.040632930919474515,0.07976953833212094,0.025833167010732086,0.00024258687288751453
0.0171,4.359594138026563e-05,1.4635328553602532e-05,-0.10614973101146968,0.056564249242938874,0.06574036469936115,0.06399028584834622,0.032134073664866675,0.00024018514690732858
0.017150000000000002,3.777088087703084e-05,1.7269209137473446e-05,-0.12636461820279796,0.04857309484581189,0.09290541524598143,0.04718691085800475,0.03901407009577851,0.00023959032172844326
0.0172,3.101227304622732e-05,1.9472593834548242e-05,-0.1434145426854634,0.039380282572215194,0.11943197876282394,0.031016133109350315,0.04578788207376375,0.00024083610883374271
0.01725,2.3489239474448956e-05,2.119101471065902e-05,-0.1568786887952601,0.029214912721851224,0.1426899591898184,0.01707022250690769,0.05178237937227628,0.000243774285342166
0.0173,1.5389742842492808e-05,2.2382084820440334e-05,-0.1664257804161656,0.018330118314597355,0.1603755347181148,0.006719864748542747,0.05640306048654095,0.00024808950736708905
0.01735,6.915896375298757e-06,2.3016544351782696e-05,-0.17182223278284725,0.00699675974110943,0.17073888026543219,0.000979092937496194,0.05919262329759033,0.00025333063860023277
0.017400000000000002,-1.72107415909396e-06,2.3078979938055616e-05,-0.17293787086757195,-0.004503317381234212,0.1727568396404875,0.00040559734872252324,0.059875853962726364,0.00025895548341831195
0.01745,-1.0306090474378771e-05,2.256819937753406e-05,-0.1697490736622736,-0.015884293386436252,0.16623350833162823,0.005046215527727649,0.058386428347559124,0.00026438448751023937
0.0175,-1.8625572959782028e-05,2.149725274430787e-05,-0.1623392689364317,-0.02686348025246109,0.1518188384993215,0.014432931425487336,0.054873016191453294,0.00026905808936991986
0.01755,-2.6472749972416255e-05,1.9893099481201086e-05,-0.15089676753469308,-0.03716834515303988,0.13094349825631674,0.02762971762831006,0.04968412654908492,0.00027249204525392435
0.0176,-3.365279343429596e-05,1.7795930071182198e-05,-0.13570999372101733,-0.0465432773689923,0.10567650842665995,0.04332553336493902,0.043333234796257974,0.0002743252596984874
0.017650000000000002,-3.998765311497869e-05,1.5258159236651082e-05,-0.11716023126206666,-0.054755930415936335,0.0785198158630706,0.05996423831429724,0.03644767532590647,0.00027435539441309756
0.0177,-4.5320469937355685e-05,1.234311602770986e-05,-0.09571206804376406,-0.061602982218762314,0.05216019331416076,0.07589854836490292,0.02970638219316368,0.00027255874711027604
0.017750000000000002,-4.951945864533602e-05,9.123463388597598e-06,-0.07190177748473167,-0.06691517020601596,0.029203061015934006,0.08955280007400174,0.023772651222027992,0.00026909244320381216
0.0178,-5.248116414445305e-05,5.6793868034103365e-06,-0.04632392759515798,-0.07056147705899943,0.011914595167206148,0.09957844089495405,0.019228578669925986,0.0002642787428874282
0.01785,-5.413301059983056e-05,2.09659703462155e-06,-0.019616551044070563,-0.07245236307264873,0.001997645485808762,0.10498689829621824,0.01651765289416199,0.00025857302576116095
0.0179,-5.443508098336219e-05,-1.5358031628841372e-06,0.00755475389336634,-0.07254196601906956,0.0004236171629120987,0.10524673667823686,0.015901159114514198,0.00025251863846382345
0.01795,-5.3381082848234135e-05,-5.127535356217698e-06,0.03451339590767823,-0.07082921376121143,0.007336914419439098,0.10033555044062765,0.017432681560254428,0.0002466930769052719
0.018000000000000002,-5.0998477495960396e-05,-8.589389569076249e-06,0.06058862454312494,-0.06735782341142586,0.02204134677262539,0.0907415274944966,0.020953191972230015,0.00024165083897565454
0.01805,-4.734776935608334e-05,-1.1835440483296391e-05,0.08513220656380135,-0.06221518694410177,0.04306977767504352,0.07741458972979062,0.02610717364831208,0.00023786859769948042
0.0181,-4.25209744146269e-05,-1.4785180652693852e-05,0.10753453112918471,-0.05553017248794451,0.06833005361154074,0.061672001130817375,0.0323781509399698,0.00023569812151567004
0.01815,-3.663930576161777e-05,-1.7365517708100945e-05,0.12723974285369088,-0.04746989570973321,0.09531270468799388,0.04506781997385894,0.0391400773190256,0.00023533158619977126
0.0182,-2.985013493508188e-05,-1.9512586107433348e-05,0.14375952866082614,-0.03823554312172352,0.1213398042146055,0.02923913515626357,0.04571947443500532,0.00023678270569049898
0.018250000000000002,-2.2323304566923564e-05,-2.1173328369930597e-05,0.1566852149306276,-0.02805735077124553,0.14383031358949153,0.015744298646014242,0.051462157952616064,0.00023988552861893228
0.0183,-1.4246884903912047e-05,-2.23068068161009e-05,0.16569787707435862,-0.01718886443459321,0.16055562700665885,0.005909141211016467,0.05579794411555099,0.0002443110110468046
0.01835,-5.8224797769545046e-06,-2.2885213191995885e-05,0.1705762097347721,-0.005900623769902975,0.16986001756737495,0.0006963472174788801,0.05829693873758376,0.0002495997058479336
0.0184,2.7398007541936974e-06,-2.2894551453591604e-05,0.17120196486432676,0.005526571803686576,0.1708241824942049,0.0006108599180260697,0.05871185453451626,0.00025520732630118645
0.01845,1.1226575930709797e-05,-2.2334976776038498e-05,0.16756282260888558,0.01680864817441967,0.16335573239943912,0.005650613069028434,0.05700219100166798,0.0002605586621429845
0.018500000000000003,1.942650763360272e-05,-2.1220782725260908e-05,0.15975262626693454,0.027665318644480342,0.1481977172082038,0.015307397114012633,0.05333791276546762,0.00026510451087629645
0.01855,2.713555929037541e-05,-1.9580036990968457e-05,0.14796897605565182,0.03782704758606663,0.12685440181658791,0.028617710581570983,0.04808229233715177,0.00026837598706552996
0.018600000000000002,3.416206964866865e-05,-1.74538750694775e-05,0.1325082438306333,0.047041742647732684,0.10144170122584777,0.044258511026710246,0.04175564602016368,0.0002700308416792641
0.01865,4.033151522808266e-05,-1.4895469561026654e-05,0.1137581335534025,0.05508100931225229,0.07447713941222486,0.06067835173712846,0.03498357865967679,0.00026988721364404295
0.0187,4.549084324322506e-05,-1.1968700965855948e-05,0.09218797431054271,0.06174581268523013,0.04863017633436361,0.07625090768319051,0.028434881367441142,0.0002679414864124256
0.01875,4.951226743998033e-05,-8.746563166678656e-06,0.06833698833576003,0.06687140615620059,0.026457658098012413,0.08943569922615083,0.02275524283352623,0.0002643684954057831
0.0188,5.229643265709099e-05,-5.309343376995702e-06,0.04280082690303245,0.07033140480175962,0.010150602820330768,0.09893013002777952,0.018503341071333623,0.00025950407964585016
0.018850000000000002,5.377486989655425e-05,-1.742621967939788e-06,0.016216710023621086,0.07204090299320769,0.0013173953265494796,0.1037978340815352,0.016095638480210703,0.00025381171968672433
0.0189,5.3911681003451126e-05,1.8648580541847892e-06,-0.010752459815176724,0.07195855902858717,0.0008248418481310654,0.10356068434941328,0.01576533343656597,0.00024783657331020473
0.01895,5.270441172482815e-05,5.423398844591654e-06,-0.03743461412925483,0.07008759592853372,0.00871279191827234,0.09824542206082834,0.01753951397913666,0.00024215146917787778
0.019,5.018409160084934e-05,8.844577899985475e-06,-0.06316525386158618,0.06647569379847441,0.024190738311913044,0.08838035731977059,0.021236752188762847,0.0002373002057094508
0.01905,4.6414440417918924e-05,1.2043445166673523e-05,-0.08730398751546972,0.06121377746909401,0.04571668090787108,0.07494253104071523,0.026485352128309873,0.00023374376989137376
0.019100000000000002,4.149026115680637e-05,1.4940632475639766e-05,-0.10925046026074214,0.05443372980044116,0.07115039156574698,0.05926061879974871,0.03276041895433031,0.0002318147923298756
0.01915,3.5535060137971186e-05,1.7464322966886258e-05,-0.12845927858855566,0.04630508855352241,0.0979658522605811,0.04288322451899104,0.03943605618883296,0.0002316847412735614
0.019200000000000002,2.8697953703697365e-05,1.955203156005479e-05,-0.14445355875768373,0.03703080901549244,0.1235017852518219,0.027425616326837522,0.045847503724544804,0.000233347088041797
0.01925,2.1149939094870488e-05,2.1152152438995214e-05,-0.15683676369515773,0.02684219877646728,0.14522543383091494,0.01441007270310763,0.05135705179820763,0.00023661810092160638
0.0193,1.3079622398279956e-05,2.222523507613206e-05,-0.1653025331995656,0.015993150499238797,0.16098345182613116,0.005115617257826044,0.05541719755306087,0.00024115517073664073
0.019350000000000003,4.688510400701358e-06,2.274495742141363e-05,-0.16964226531286553,0.004753816922683144,0.16921505385410543,0.0004519755066877728,0.05762479268696448,0.00024649084570340925
0.0194,-3.8140163896173594e-06,2.2698772030808245e-05,-0.16975025944270278,-0.006596114800561034,0.16910632784112037,0.0008701746092436066,0.05776082735311635,0.0002520791905020294
0.019450000000000002,-1.2215924172473498e-05,2.208820949731283e-05,-0.1656262961014946,-0.017774381705022674,0.1606704549210816,0.006318572899916895,0.05581192585558746,0.00025734987765212527
0.0195,-2.0307809667074923e-05,2.0928831599482778e-05,-0.15737558837437665,-0.028503163671963826,0.14474592712371637,0.016248606786215168,0.05197144265029475,0.00026176464742494964
0.01955,-2.7888115809328186e-05,1.9249835775518595e-05,-0.1452061091108762,-0.03851598756728056,0.12291298509278974,0.02966962596565821,0.0466200721410881,0.0002648705523074918
0.0196,-3.476814932873536e-05,1.70933207238242e-05,-0.12942335992710496,-0.04756434527279502,0.09733659747308694,0.045247338824593156,0.040287913013330894,0.0002663447144932777
0.01965,-4.077677563593613e-05,1.4513231819508048e-05,-0.11042271473451268,-0.05542386145838391,0.07055158044622888,0.06143608837916267,0.03360176511555353,0.0002660261788883032
0.019700000000000002,-4.5764673828390896e-05,1.1574012481024736e-05,-0.08867952786719033,-0.06189985765298785,0.04521117845814844,0.07663184754920316,0.027222894457876047,0.0002639317128312154
0.01975,-4.960804661217877e-05,8.348995473093453e-06,-0.06473725550025654,-0.06683217519789174,0.023824039656431557,0.08933079283363392,0.02178144342445608,0.00026025400840218495
0.0198,-5.221169234966207e-05,4.918574008398398e-06,-0.03919388549061097,-0.07009913693033183,0.008505655292676271,0.09827777996754825,0.017813988314834488,0.0002553424708603246
0.01985,-5.3511363613098584e-05,1.3681984655608016e-06,-0.012687015156336435,-0.07162055028551725,0.0007688883978935626,0.10259006446400612,0.01571043037675514,0.0002496685144477193
0.0199,-5.3475353238671466e-05,-2.2137515341385734e-06,0.014122051534351858,-0.07135967701282658,0.0013743311331738974,0.1018440700674986,0.01567547518920257,0.00024377880602745826
0.019950000000000002,-5.210526917756058e-05,-5.738166613838791e-06,0.04056479076822282,-0.06932412171279755,0.010255292513343648,0.09611667702501536,0.017708506053891696,0.00023824109781888958
0.02,-4.943597875671766e-05,-9.117424026091994e-06,0.06598211892344796,-0.06556561713718415,0.02652481571870625,0.0859770030115963,0.021603830486995504,0.00023358801201407549
0.020050000000000002,-4.5534724413189104e-05,-1.226756579564086e-05,0.08974081107817716,-0.0601787126636471,0.0485639920031502,0.072429549157076,0.02697125871949957,0.0002302643460490221
0.0201,-4.049943295656225e-05,-1.5110384483516918e-05,0.11124926887116843,-0.0532983987021107,0.0741827818360488,0.05681438608418311,0.03327495756136652,0.000228583108881285
0.02015,-3.445626102914541e-05,-1.757536478250178e-05,0.12997224563995588,-0.04509672702775783,0.10083737222610277,0.04067429577232207,0.039886713639234364,0.00022869463596038889
0.020200000000000003,-2.755643800431361e-05,-1.9601432712728358e-05,0.14544416199491375,-0.035778511278714384,0.12588250253388922,0.025602037386421847,0.046148314124768705,0.0002305718285599633
0.02025,-1.9972485374200746e-05,-2.113846906185487e-05,0.1572806810307392,-0.025576215224019094,0.1468337348028023,0.013082855703706923,0.051436853606542286,0.00023401296864223732
0.020300000000000002,-1.1893906962535688e-05,-2.214854954009399e-05,0.1651882551611549,-0.014744156175544938,0.16161366888628464,0.004347802826577199,0.05522648971036022,0.00023866181723279805
0.02035,-3.5224575629884e-06,-2.2606880959980363e-05,0.168971407448821,-0.0035521680625706462,0.16875770445473023,0.000252357958894938,0.0571405267643052,0.00024404299483588764
0.0204,4.9328919641545936e-06,-2.2502410343441605e-05,0.16853756690811722,0.0077211179769314416,0.16755897118561225,0.0011923132562738775,0.05698866990705726,0.00024960913127516855
0.02045,1.3261167575551955e-05,-2.183809194182379e-05,0.1638993377645363,0.018795208261622023,0.15813808525731438,0.007065197071954896,0.05478576540010035,0.0002547951084371552
0.0205,2.125465296341378e-05,-2.0630805760699053e-05,0.15517414728114684,0.02939472391575671,0.14143084741310397,0.01728099588167119,0.05075018135111278,0.00025907402235529967
0.020550000000000002,2.8714067352773447e-05,-1.89109297324395e-05,0.1425812812510028,0.039256247389691495,0.11909513325529944,0.030821059182413207,0.0452820024037171,0.00026200932201412
0.0206,3.5453531253941e-05,-1.6721576437765818e-05,0.12643638228128837,0.0481348680120369,0.09334623668292846,0.04633931037072426,0.03892321408436882,0.00026329796754323
0.02065,4.130519633378012e-05,-1.4117513425761847e-05,0.10714354803873,0.055810263839752364,0.06673701501254922,0.06229571099725541,0.0323038364222436,0.000262800338757119
0.0207,4.612342434725282e-05,-1.1163794273346888e-05,0.08518522769643012,0.06209216899949699,0.04190465125794535,0.0771087490212419,0.026079358388571575,0.0002605539449642275
0.02075,4.978841080927199e-05,-7.934134440253562e-06,0.06111016824711202,0.06682509054519595,0.02130914954088007,0.08931185452747273,0.020865683505501588,0.0002567695858313058
0.020800000000000003,5.220916361717156e-05,-4.509072577638896e-06,0.03551971215405415,0.06989215829216838,0.006989491512084189,0.09769827581475043,0.01717804127522629,0.0002518103589876875
0.02085,5.3325762158887185e-05,-9.739630108728418e-07,0.009052787793869303,0.071218011813342,0.0003616215731634189,0.10144010413290641,0.015379921553617622,0.00024615559989187285
0.020900000000000002,5.31108412484516e-05,2.5831504856975866e-06,-0.01763003267221846,0.07077065381040994,0.002078274587314931,0.10016970881505782,0.015647092426305652,0.00024035333845070323
0.02095,5.1570262641255196e-05,6.0737267540273035e-06,-0.043863010514390295,0.06856222363017819,0.011964522378071102,0.0940155701822913,0.01795026291011472,0.00023496598281219687
0.021,4.8742958095937936e-05,9.410930548452323e-06,-0.06899184210231366,0.06464867284784057,0.029035404541239165,0.08358901801974236,0.02205810125630251,0.0002305146172700449
0.021050000000000003,4.4699947637513416e-05,1.2511792267082027e-05,-0.092389970818796,0.05912835080584497,0.051593869282494584,0.06992323738038135,0.027560299022853157,0.0002274274261900694
0.0211,3.9542558205257294e-05,1.5299270438269974e-05,-0.11347420342819917,0.052139536527760245,0.07739928887991225,0.0543706253865929,0.03390838349531759,0.00022599735314057762
0.021150000000000002,3.339988676980902e-05,1.7704165627129398e-05,-0.13171924067511523,0.04385697802660041,0.10388981961092116,0.03846869043251422,0.040470220292935,0.00022635317664312102
0.0212,2.6425571924795048e-05,1.966683834587054e-05,-0.14667076170162302,0.03448752647694677,0.12843654380363279,0.02378778964996209,0.04659279312376289,0.00022844686469004406
0.02125,1.879395408215222e-05,2.1138688152397092e-05,-0.1579567345923935,0.024264973313942895,0.1486041849203899,0.011775778598527218,0.05166702679596277,0.00023205844362802138
0.0213,1.0695720593526352e-05,2.2083357450145494e-05,-0.16529667341377013,0.013444219858701003,0.16239254442683237,0.0036149409521818087,0.05518822162614444,0.0002368178949075333
0.02135,2.333144198402887e-06,2.247762995508733e-05,-0.168508609495337,0.0022949241535458395,0.1684347247592682,0.00010533353741056176,0.05680610297871554,0.00024224189524573155
0.021400000000000002,-6.084966194240018e-06,2.2312001826964818e-05,-0.16751360537414992,-0.008905216259609643,0.16613249679110922,0.0015860575326083195,0.0563595246007841,0.00024778175789124003
0.02145,-1.4348476496426474e-05,2.15909112029429e-05,-0.1623376977757772,-0.019877378654113983,0.15571540461972316,0.007902203643180524,0.05389238678475623,0.0002528778161075553
0.021500000000000002,-2.2251170229396928e-05,2.03326207652013e-05,-0.15311122306894426,-0.030348554264204575,0.13821776839750224,0.018420694918547396,0.049649197497118124,0.0002570148631173663
0.02155,-2.9595892288031538e-05,1.8568756245129326e-05,-0.1400655412868795,-0.04005833966967736,0.11537588573936856,0.032093411541824934,0.04405072344324684,0.0002597731536228629
0.0216,-3.619946555447431e-05,1.6343512663351643e-05,-0.12352724193976602,-0.048765411553686855,0.08945564669765346,0.04756130728000911,0.03765215509449235,0.00026086992171699586
0.021650000000000003,-4.1897257618738756e-05,1.3712548052461024e-05,-0.10390997561156345,-0.056253523758228445,0.06302767306282916,0.06328917870435144,0.03108794286884414,0.00026018730532443473
0.0217,-4.6547283972324354e-05,1.074159245882075e-05,-0.0817041162027766,-0.06233687777767217,0.03871229373617675,0.07771772662136876,0.025008784202158955,0.0002577839221310377
0.021750000000000002,-5.0033745280401914e-05,7.504806868648272e-06,-0.05746451144064377,-0.06686473318438854,0.01891965280610461,0.0894178508763894,0.02001701778168217,0.00025388895749344756
0.0218,-5.226991068393034e-05,4.082933049273304e-06,-0.031796627697937,-0.06972514363437701,0.005610724630840684,0.0972319130966901,0.016606838030425942,0.00024887936066375095
0.02185,-5.320027536364074e-05,5.612804337741514e-07,-0.005341434828646172,-0.07084772587622619,0.00010293111269355545,0.10038800523665779,0.01511526263755602,0.00024324241748180565
0.0219,-5.280193858561389e-05,-2.972399797797566e-06,0.021240591838852803,-0.07020539311766398,0.0029396283748195774,0.09857594445611483,0.015688717151746703,0.00023752741389567947
0.02195,-5.1085168139723176e-05,-6.430100463562019e-06,0.04728595325412216,-0.06781501021268384,0.013836392337848885,0.09197751220292827,0.01826854958074129,0.00023229118545763853
0.022000000000000002,-4.8093137063727415e-05,-9.725749542014184e-06,0.07214468093742595,-0.06373695455085997,0.031709414047534176,0.08124798750836779,0.022596908101381152,0.0002280429481585191
0.02205,-4.3900839534378136e-05,-1.2777352207981238e-05,0.09519655109125577,-0.058073594245419365,0.05478317182333527,0.0674508469716321,0.028242393725084955,0.0002251938775055932
0.0221,-3.861321292858822e-05,-1.550903043633195e-05,0.11586655389429891,-0.05096672163617643,0.08076668577392729,0.051952134286789894,0.034642936765699434,0.00022401642629410972
0.02215,-3.236251322139146e-05,-1.785290948155134e-05,0.13363923271579503,-0.04259400668679038,0.10708086110595957,0.036284988112686864,0.04116163725863587,0.0002246174080928066
0.0222,-2.5305009097806563e-05,-1.975080427449766e-05,0.1480715350277344,-0.033164558533397864,0.13111436258627132,0.021997758854303464,0.04715002279908467,0.00022692750317988586
0.022250000000000002,-1.761707756984326e-05,-2.11556639290466e-05,0.15880385558901725,-0.02291370638317033,0.15048263799863262,0.010500758804282816,0.052012442920517314,0.00023070822115637006
0.0223,-9.490798412934198e-06,-2.2032738380358946e-05,0.1655689956006774,-0.012097129571072885,0.16326439915535548,0.002926810877186521,0.055265206240012237,0.00023557561845328692
0.022350000000000002,-1.1291575329007143e-06,-2.2360438353992657e-05,0.1681988157397462,-0.0009844834278101046,0.1681921107858418,1.9384152392654667e-05,0.056584590855365095,0.0002410384159068854
0.0224,7.259021078248501e-06,-2.213086722783657e-05,0.16662841620351942,0.01014732044685331,0.16477760092756064,0.0020593622450225447,0.05583896250973997,0.00024654672968374425
0.02245,1.5464288303743556e-05,-2.1350011829317064e-05,0.16089774096534593,0.021021011949862403,0.15336034623098332,0.008837658867925159,0.05310181492569188,0.0002515465857727588
0.022500000000000003,2.328179765242806e-05,-2.0037587383047124e-05,0.15115056533964746,0.031365866609839206,0.13507365443401712,0.01967635176372452,0.04864443956954875,0.0002555348109106153
0.02255,3.0516417455284385e-05,-1.82265407582797e-05,0.13763089348189395,0.04092444420997969,0.11173211222720753,0.0334962026779148,0.042908956082936094,0.00025810886466455074
0.022600000000000002,3.698759981130734e-05,-1.5962224353701274e-05,0.12067685497655933,0.04945899413152325,0.08565147336183311,0.048923842010041026,0.03646438295557322,0.00025900667448514763
0.02265,4.253388507211144e-05,-1.330126147749659e-05,0.10071225401807458,0.05675736827421849,0.059418862866906744,0.06442797706830528,0.02995011277904815,0.00025813253543332886
0.0227,4.70169291161323e-05,-1.031013137783273e-05,0.07823598115036984,0.06263829414100704,0.03563609689592241,0.07847111785790632,0.024012405171808,0.0002555665097710376
0.02275,5.0324953518043834e-05,-7.063509499590641e-06,0.053809553154422055,0.06695587757977568,0.016661582963642552,0.08966179084955817,0.01924020464879087,0.0002515564090836658
0.0228,5.237553193473011e-05,-3.6424041331713883e-06,0.028043091001340448,0.0696032226247589,0.004376401165979606,0.09689217199503498,0.016106655705074174,0.0002464931541239058
0.022850000000000002,5.311764393879572e-05,-1.321361432015391e-07,0.0015800867294559796,0.07051507939983127,-2.2334554544654466e-06,0.09944752845529017,0.014922122616438733,0.0002408719685217139
0.0229,5.253294443140545e-05,3.379788031016476e-06,-0.024918661072700382,0.06966945362231707,0.003958369447960111,0.09707665536064378,0.015803377643408792,0.0002352432511616972
0.02295,5.063621769283867e-05,6.805856981554283e-06,-0.05079154211165254,0.06708813880865618,0.015863554530279732,0.09001636737619037,0.018662016606588103,0.0002301580060066141
0.023,4.7475004208177455e-05,1.0060734291890274e-05,-0.07539264778645496,0.06283615744417413,0.03453057660634892,0.0789676536469808,0.023213250727552027,0.00022611323361564127
0.02305,4.3128410215739894e-05,1.306338353936019e-05,-0.09810789152001997,0.057020126160751354,0.05810602996578764,0.06502589574776002,0.02900420111917202,0.00022350270087091172
0.023100000000000002,3.770512924790031e-05,1.573908541852517e-05,-0.11837033309717668,0.04978558519522757,0.08424979363151548,0.04957208986462526,0.03545888499476691,0.0002225779602856869
0.02315,3.134072557276843e-05,1.8021296838938628e-05,-0.13567432557662765,0.04131335967034097,0.11036723893887794,0.03413587374501912,0.041935426303098385,0.00022342348213945536
0.023200000000000002,2.4194246998586358e-05,1.985330566494117e-05,-0.1495881307854034,0.031815042943878664,0.13386665937395695,0.020243939150416872,0.04778980861630443,0.00022594835365182247
0.02325,1.644425193906193e-05,2.1189640045753197e-05,-0.15976468972640248,0.02152771530175525,0.15241638411170746,0.009268850522268541,0.05243983974508759,0.00022989536481751166
0.0233,8.284349731668849e-06,2.1997197217744536e-05,-0.1659502783085586,0.01070802934886438,0.16417606914675203,0.002293237850722818,0.055422975418984534,0.00023486657046352199
0.023350000000000003,-8.16343267280337e-08,2.225606382969132e-05,-0.16799083322644925,-0.00037419017147747886,0.1679792248855562,2.8003656886069008e-06,0.056442260151086665,0.00024036279080877083
0.0234,-8.444748581271763e-06,2.1960007394949507e-05,-0.16583578975496024,-0.011442672729727486,0.16344887727697158,0.0026186951839929818,0.0553958226049017,0.0002458331288966676
0.023450000000000002,-1.6596132188191164e-05,2.111662677114583e-05,-0.1595393361373048,-0.0222215868536903,0.15103489478258214,0.009875978445922032,0.05238699631715217,0.0002507295943840176
0.0235,-2.433222962530557e-05,1.9747157994621877e-05,-0.1492590531882202,-0.03244241196728145,0.13196928455790494,0.02105020188509613,0.04771406020005231,0.00025456141745829335
0.02355,-3.145987238758507e-05,1.7885940422938723e-05,-0.1352519732883996,-0.0418506260585732,0.10814389919119523,0.03502949802989052,0.041840617261295496,0.0002569436701899907
0.0236,-3.780110105826259e-05,1.5579556593469747e-05,-0.11786815728693417,-0.05021204267494501,0.08192269182986742,0.050424984591809975,0.0353495526932064,0.00025763537872469764
0.02365,-4.3197607333677354e-05,1.2885667282723895e-05,-0.09754194952292759,-0.057318639428603484,0.0559071493406295,0.06570852851892516,0.02888514311130548,0.0002565633518361361
0.023700000000000002,-4.751468528990996e-05,9.871570945163696e-06,-0.07478112967746832,-0.06299373310482666,0.032678177150692114,0.07936420820964268,0.023089065943123068,0.00025382937105641325
0.02375,-5.064459305908641e-05,6.612523407101326e-06,-0.05015423186809993,-0.06709637239383912,0.014540043407846278,0.09003846376825471,0.01853666351379647,0.00024970003316321306
0.0238,-5.250924132316894e-05,3.1898598444474187e-06,-0.024276347962801145,-0.06952483935116602,0.0032917848317301677,0.09667406573610886,0.015679792001238327,0.00024458026104678737
0.02385,-5.3062141214814806e-05,-3.110341995925056e-07,0.0022062307742650583,-0.07021917219424666,4.875044225624491e-05,0.09861464287290525,0.014801931339394416,0.00023897311101784738
0.0239,-5.22895633740445e-05,-3.8028520946470706e-06,0.028632150199403864,-0.06916264726316478,0.0051319845063861535,0.09566943552897908,0.015990015379429307,0.00023342986844346634
0.023950000000000003,-5.021087892453639e-05,-7.198542666849494e-06,0.05434150512572316,-0.0663821830406125,0.018036419061460376,0.08813188450474763,0.01912578103437014,0.00022849537860553137
0.024,-4.687807420628435e-05,-1.0413479740406026e-05,0.07869231452228367,-0.061947656871183705,0.03748102759827256,0.07675024383659827,0.023897497305237776,0.00022465403629095572
0.024050000000000002,-4.237445110262136e-05,-1.3367570616743e-05,0.10107654845779615,-0.05597015121620929,0.061535960221339475,0.06265315654330668,0.02983091077777843,0.00022228178483037127
0.0241,-3.6812545757638096e-05,-1.5987251005933088e-05,0.12093530739047595,-0.04859917390235116,0.08781404412356636,0.04723759407981941,0.036336336259230724,0.00022160888404680346
0.02415,-3.0331317284831456e-05,-1.8207316650559984e-05,0.13777277389406495,-0.04001892123093495,0.11370764751167574,0.03203028112975552,0.04276721662239361,0.0002226971302377868
0.024200000000000003,-2.3092677098769985e-05,-1.997254616852616e-05,0.15116859001431865,-0.030443678026745743,0.1366474068029513,0.01853635063592323,0.0484843378092228,0.0002254337868942345
0.02425,-1.5277445106987878e-05,-2.1239074554668436e-05,0.16078834954690643,-0.020112468653510695,0.1543571467037602,0.008090227906769006,0.05291932088605168,0.00022954281677412845
0.024300000000000002,-7.080834087993724e-06,-2.197548338673136e-05,0.16639194533513846,-0.009283093174597159,0.16507970401537472,0.0017235163777650471,0.055631086401488165,0.0002346123025288638
0.02435,1.2924252643071764e-06,-2.2163580398709604e-05,0.1678395611694587,0.0017743032113953124,0.16775125012072237,6.296303771935437e-05,0.05634968104277084,0.00024013532669385203
0.0244,9.633196766134587e-06,-2.179884932019386e-05,0.16509516078976735,0.01278396665402396,0.16210682067527288,0.0032685960682239316,0.05500311364263186,0.00024556026007370744
0.02445,1.773316104646191e-05,-2.0890558596095626e-05,0.15822738496938768,0.023471409431993676,0.1487065826793684,0.011018141214485635,0.05172453189067446,0.0002503454649200189
0.0245,2.5390017397561357e-05,-1.9461526605086942e-05,0.1474078361015408,0.03357025152051236,0.12888023650743835,0.022539235743009246,0.04683902564972881,0.00025401299359829714
0.024550000000000002,3.241253516776118e-05,-1.7547549070709e-05,0.1329067915048243,0.04282885848847087,0.10459506908409653,0.03668622238850927,0.040831363814490054,0.00025619595450344977
0.0246,3.8625328817254055e-05,-1.5196503248529898e-05,0.1150864539706484,0.051016610457611924,0.07826075183945407,0.05205389085167437,0.0342978674028275,0.00025667485617143635
0.024650000000000002,4.387323708122553e-05,-1.2467151044121917e-05,0.09439190659817517,0.057929645706491784,0.052490249810422863,0.06711687703359324,0.027887195617516236,0.0002553993239408252
0.0247,4.8025197344242925e-05,-9.427671212350842e-06,0.07133999912776677,0.06339593627087592,0.029840564672110773,0.08038089471321923,0.022235925158082412,0.00025249304610108444
0.02475,5.0977518048868e-05,-6.153957059952841e-06,0.046506442050839314,0.06727956873685459,0.012559032888422273,0.09053080738834283,0.017905319412707576,0.000248241458063763
0.024800000000000003,5.265646783218702e-05,-2.7277222977961814e-06,0.02051143148338474,0.0694841241059597,0.002360350261125059,0.0965608700554482,0.015325568151312401,0.00024306339473016946
0.02485,5.302011644419617e-05,7.655378045206119e-07,-0.005995836759107073,0.06995507232238408,0.0002564447238604214,0.09787424287259976,0.014753036547773683,0.00023746952259629553
0.024900000000000002,5.20593817052124e-05,4.238679051452784e-06,-0.03235337708788074,0.06868112223308355,0.006456076309015504,0.09434193102391526,0.0162447716715685,0.00023201167852628606
0.02495,4.979825621072751e-05,7.605081589271282e-06,-0.05790294343391535,0.06569449333645272,0.020344125215837013,0.0863153290946646,0.019652801080822093,0.00022722813906883723
0.025,4.6293208223426435e-05,1.0780809613592146e-05,-0.08200646526599997,0.06107010288419756,0.04054262286744897,0.0745911493257295,0.024638793089706745,0.0002235902488057358
0.025050000000000003,4.1631771633957246e-05,1.3686703682880675e-05,-0.10406197993336297,0.05492368869245999,0.06504747084912547,0.06033223159172514,0.030707626074062046,0.00022145569856793441
0.0251,3.593036023958838e-05,1.6250353492875652e-05,-0.12351866361566922,0.047408914717082244,0.09142728337865909,0.04495210389303155,0.03725653610675643,0.00022103308490807895
0.025150000000000002,2.9331360888815096e-05,1.8407901957049066e-05,-0.13989058560739331,0.03871353169913276,0.11706462541232018,0.029974750732395142,0.043634964493018145,0.00022236126205088787
0.0252,2.199957804356391e-05,2.0105635635632238e-05,-0.15276884238785896,0.029054688707110247,0.13941571198965885,0.016883498717341596,0.04920916321665422,0.0002253055298281035
0.02525,1.411811857490275e-05,2.13013219368645e-05,-0.1618317688258786,0.018673512705910972,0.15626280295563594,0.00697400153555637,0.05342514303295868,0.00022957103262428882
0.0253,5.883819469636838e-06,2.196525974242234e-05,-0.16685297103363975,0.007829091246772736,0.165934250975269,0.0012258933950058694,0.05586371189475613,0.00023473203539169633
0.02535,-2.497667340519406e-06,2.20810173957071e-05,-0.16770698094565695,-0.00320799145224592,0.16747037070364465,0.00020582418315365773,0.05628213654328693,0.00024027417210985405
0.025400000000000002,-1.0817010337876237e-05,2.1645839614751324e-05,-0.16437239064461964,-0.01416240395785773,0.1607186707171595,0.004011473717310886,0.05463828667005152,0.00024564547249392545
0.02545,-1.8866425755745114e-05,2.067071334822295e-05,-0.15693238890868613,-0.024760934198813454,0.14634899922036748,0.012262077247959392,0.05109486096436813,0.00025031110746191927
0.025500000000000002,-2.6444866327562073e-05,1.9180090883947672e-05,-0.14557268576406476,-0.03473930200058121,0.1257870986356937,0.02413638206975171,0.046003270991589046,0.0002538064217713779
0.02555,-3.3363041984832805e-05,1.721127728636674e-05,-0.13057687754542707,-0.04384874776179704,0.1010731606412284,0.038454253605554024,0.039868779939860016,0.0002557829977438853
0.0256,-3.944814699034264e-05,1.4813497373262498e-05,-0.11231936738768546,-0.051862232943549955,0.07465941304650858,0.053793824117820764,0.03330035419841283,0.0002560431810903819
0.025650000000000003,-4.454817569674444e-05,1.2046665686844655e-05,-0.09125601861116768,-0.05858009803056034,0.049166820497113226,0.06863255770540119,0.026950205521333745,0.0002545596506470933
0.0257,-4.8535718843725906e-05,8.979890026675074e-06,-0.0679127735191372,-0.0638350366677704,0.02712503672194119,0.08149823812751185,0.02144902533325002,0.0002514780904883285
0.025750000000000002,-5.1311145991805576e-05,5.689746062837912e-06,-0.042872522455113124,-0.06749626247287839,0.010721409497938969,0.09111490895615384,0.017343342706751433,0.00024710270715152394
0.0258,-5.280509414641885e-05,2.258365938516342e-06,-0.016760550312846872,-0.06947276421728078,0.0015839411045032736,0.09652929935979779,0.015041226997548613,0.00024186602660691207
0.02585,-5.298020093882105e-05,-1.2286113090192779e-06,0.009771075749600112,-0.0697155689656947,0.0006197394628071497,0.09720521112421067,0.014771729511240447,0.00023628597414048473
0.025900000000000003,-5.1832038506179e-05,-4.684176488624115e-06,0.03605978781974087,-0.06821895617737202,0.007924989897923075,0.09307651963860407,0.016562094541000074,0.00023091449053212396
0.02595,-4.938922529839486e-05,-8.02212077868981e-06,0.06144906151656945,-0.06502059338773394,0.022775382195262296,0.08455355128986063,0.020235007016013367,0.00022628278690377384
0.026000000000000002,-4.571271243620256e-05,-1.1159185941969686e-05,0.08530480966389431,-0.060200589461052806,0.04369794537415827,0.07248221942916444,0.02542615401796114,0.00022284866280248072
0.02605,-4.089426296444095e-05,-1.401714061324502e-05,0.10703121666293475,-0.053879489968298076,0.06861716598322101,0.05805998878487866,0.03162036099842796,0.000220951116757702
0.0261,-3.505416138106232e-05,-1.6524730841467734e-05,0.12608561718441139,-0.04621526394694961,0.09506089483889803,0.0427170124337244,0.03820271758660653,0.00022077674388638825
0.02615,-2.833821117971159e-05,-1.8619456356389363e-05,0.14199204903133925,-0.03739935824049276,0.12040561573159654,0.02797423993601427,0.044519619966638634,0.0002223412569943257
0.0262,-2.0914094816527232e-05,-2.024912814547875e-05,0.15435314008867013,-0.027651917018245487,0.14213674192372627,0.015292570295678688,0.04994366925481705,0.00022548795513826773
0.026250000000000002,-1.2967187405551031e-05,-2.1373168694070825e-05,0.16286003426589263,-0.01721628659547743,0.15809811649855723,0.005928010482752316,0.05393598309458829,0.00022990329467915418
0.0263,-4.695928334213058e-06,-2.1963622314100845e-05,0.16730010681285223,-0.006352942044384864,0.16670596024782108,0.0008071974523862588,0.05609973109704147,0.00023514801067983768
0.026350000000000002,3.6931334548442393e-06,-2.2005850579767092e-05,0.1675622778448435,0.004667012414896493,0.16710603973947818,0.0004356200976159599,0.05621957692774746,0.00024070070425686094
0.0264,1.1990496907532025e-05,-2.1498895399385218e-05,0.16363978995742184,0.015568607397569389,0.15925845822699106,0.0048476307259930455,0.05428310632351724,0.00024600956742916035
0.02645,1.998894024195748e-05,-2.0455500864592124e-05,0.15563038165325024,0.026079867817458885,0.1439416546331003,0.013603190107522553,0.05048210990320104,0.0002505471176449897
0.026500000000000003,2.7488695610563147e-05,-1.8901793234063305e-05,0.14373385113623055,0.035938596820832336,0.12267520918241684,0.0258316548290068,0.04519358814925519,0.00025386251022890474
0.02655,3.430243791652873e-05,-1.68766272048922e-05,0.12824707206481156,0.044898915004652706,0.0975691116429415,0.04031825137190055,0.03894236069217902,0.0002556262435160329
0.026600000000000002,4.0259963097992906e-05,-1.443061470502676e-05,0.1095565848855565,0.052737391797545566,0.07111444299323529,0.055624649872156526,0.032348988064395776,0.0002556628215399936
0.02665,4.521243916447467e-05,-1.1624860559004008e-05,0.08812894917379112,0.059258616198967745,0.045936235856984795,0.07023167187633125,0.026068174146403004,0.0002539681383773621
0.0267,4.9036123759952654e-05,-8.529436547037364e-06,0.06449909745383359,0.06430006794783279,0.024533031678469007,0.08268997476191828,0.020723763359005984,0.00025070986090233705
0.026750000000000003,5.1635455384966555e-05,-5.221631958821007e-06,0.039256981286341565,0.06773616766256584,0.009028974064308547,0.09176376819222459,0.016846786388266033,0.0002462107741931387
0.0268,5.294544117132151e-05,-1.784024330785796e-06,0.013032843031768299,0.06948140514214939,0.0009630351404354796,0.09655331321055007,0.014822706976563934,0.00024091674454239706
0.026850000000000002,5.293328138352751e-05,1.69758152700702e-06,-0.013518519119113948,0.0694924676793414,0.0011362888115737633,0.0965840612832862,0.014853109910840628,0.00023535247782983476
0.0269,5.159919026470384e-05,5.136294751679974e-06,-0.039734099990211144,0.06776931567027043,0.009532386868133137,0.09185360292833523,0.016935637843314477,0.000230069464697046
0.02695,4.897639246102048e-05,8.446306501050895e-06,-0.06495924189830159,0.06435517848042965,0.025319131857900454,0.08283177994495912,0.02086417320774799,0.00022559127429274772
0.027,4.513029530576474e-05,1.1545030781027133e-05,-0.08856398162105888,0.05933547109459017,0.046930995164879384,0.07041396260033891,0.026249252071201348,0.00022236162495497004
0.02705,4.015685736201106e-05,1.4355164617227343e-05,-0.10995878136854287,0.05283565833250915,0.07222439771044391,0.05583213582859288,0.03255668757439895,0.00022070037991690997
0.027100000000000003,3.418019416022317e-05,1.6806616218030902e-05,-0.1286092514879047,0.04501812038345925,0.09869035151138693,0.04053262325719259,0.03916057262513712,0.0002207718341824245
0.02715,2.7349480615510523e-05,1.8838252978264183e-05,-0.14404949647945353,0.036078097494925916,0.12370336787991927,0.026032582377067594,0.045405402228528326,0.0002225684337742711
0.027200000000000002,1.9835227687206612e-05,2.0399425827104317e-05,-0.1558937520429352,0.026238815521709372,0.14478193976719664,0.013769508799645934,0.05067115017199522,0.00022591154391251423
0.02725,1.1825025991191647e-05,2.145123179011588e-05,-0.16384602132765672,0.01574591354898514,0.15983475458830085,0.0049586758698422755,0.05443483879028222,0.0002304691845801191
0.0273,3.5188627891968393e-06,2.196748344286179e-05,-0.16770747103884281,0.00486131306244519,0.16736821004799596,0.0004726472938220047,0.0563224887785619,0.00023578897647509226
0.027350000000000003,-4.8758708591320605e-06,2.1935360921893442e-05,-0.16738140116671443,-0.0061433186984603955,0.1666346409834364,0.0007548072926170626,0.05614628800695774,0.0002413430240364586
0.0274,-1.3149558081906887e-05,2.1355730448493095e-05,-0.16287566565823344,-0.016993347835713664,0.1577065489377254,0.005775477413311086,0.05392328653922195,0.00024658028673809674
0.027450000000000002,-2.1095590026025624e-05,2.024312124492723e-05,-0.15430248195751928,-0.02741802637904532,0.1414694639414147,0.015034963410440503,0.0498737563880672,0.000250981239138356
0.0275,-2.8515524942959036e-05,1.8625361649592674e-05,-0.14187563546110177,-0.037157247329267055,0.11953414303517138,0.027613220581766476,0.04439937496224784,0.0002541094019539484
0.02755,-3.5224043556111565e-05,1.654288334261744e-05,-0.12590514726093707,-0.045968033612656764,0.09407681029180702,0.04226120228428684,0.03804339255623952,0.000255654629021802
0.027600000000000003,-4.1053577235744075e-05,1.4047711274294823e-05,-0.10678953943539951,-0.05363059925662552,0.06762328511994203,0.05752482353249524,0.03143673499552378,0.0002554638617811477
0.02765,-4.585849299281958e-05,1.12021642784234e-05,-0.08500588951607849,-0.059953831243747924,0.04279841127244496,0.07188923761607609,0.025235388147250896,0.00025355629602527097
0.027700000000000002,-4.951873134855516e-05,8.077299094928919e-06,-0.061097923811366445,-0.06478005586929668,0.022065645127426387,0.08392911276858399,0.020055279503406673,0.00025012146484518357
0.02775,-5.194280555620194e-05,4.751136361302542e-06,-0.03566244539090429,-0.06798897005310789,0.007482637551545105,0.09245000097764802,0.016411120169165665,0.00024550042162626093
0.027800000000000002,-5.30700879387943e-05,1.3067130912616373e-06,-0.00933443653774779,-0.06950064033187135,0.0004970601442835148,0.09660678013080286,0.01466528043057491,0.00024015189811986404
0.02785,-5.287232556829627e-05,-2.169989936294666e-06,0.017228793084328647,-0.06927749400484844,0.0018029344787547765,0.09598742351183623,0.014991776149060655,0.00023460678905343804
0.0279,-5.1354347995166724e-05,-5.592194031333833e-06,0.04336401655808965,-0.06732525355878341,0.011271722205033271,0.09065379533508956,0.01735894516436398,0.0002294154844822903
0.027950000000000003,-4.855394878261764e-05,-8.874488218265667e-06,0.06841864842149994,-0.0636927904278705,0.027965017505108856,0.08113543104977264,0.02153253756111553,0.00022509326974957052
0.028,-4.4540944223829215e-05,-1.19349605627674e-05,0.09176703881850896,-0.0584709024467912,0.050227588172806495,0.06837692865884346,0.02709891812586198,0.00022206921334714418
0.028050000000000002,-3.9415432285973606e-05,-1.4697242021823842e-05,0.11282609580169148,-0.051790044966202334,0.07585153994177732,0.05364417515202519,0.03350608206050871,0.00022064360862061698
0.0281,-3.330529556328988e-05,-1.7092411855010865e-05,0.13106984634436822,-0.043817072849857135,0.10229532234894625,0.03839871746259375,0.04011841686086165,0.00022095819378137094
0.02815,-2.6363010229732095e-05,-1.906071700738021e-05,0.1460425717100381,-0.03475107419483234,0.1269358519578245,0.02415274315389484,0.04627977697644746,0.00022298210016273858
0.028200000000000003,-1.876184087330184e-05,-2.0553062642794988e-05,0.15737018996588983,-0.024818400208759517,0.14732874266052215,0.01231905977844309,0.051378612346566974,0.00022651492460892445
0.02825,-1.0691515997718176e-05,-2.1532236580396498e-05,0.164769600651672,-0.014267014967850626,0.1614508259073905,0.004070954321857476,0.05490868574610157,0.00023120661788748848
0.028300000000000002,-2.3534922341794956e-06,-2.1973837150708064e-05,0.168055758711747,-0.0033603062738577186,0.1679008998647796,0.00022583316508255092,0.05651935104712424,0.0002365922169949009
0.02835,6.0440745732525025e-06,-2.1866881302192787e-05,0.16714630066032365,0.007629488034594839,0.16603878834797034,0.0011641817534005165,0.0560503989118727,0.00024213797442749086
0.0284,1.4291525855570147e-05,-2.1214077817673208e-05,0.16206360748373388,0.018428074236681465,0.15604890957812775,0.0067918784014528635,0.05354800750150146,0.0002472943084188661
0.028450000000000003,2.21829346608283e-05,-2.0031758838949046e-05,0.15293425262045685,0.02876594782188538,0.13892204298940142,0.016549595081828645,0.04926021051142972,0.000251550321342586
0.0285,2.9521247160400183e-05,-1.8349471416931194e-05,0.13998584859836866,0.038385118715299496,0.11635709721959371,0.02946834677575271,0.04361232763197369,0.0002544844780169374
0.028550000000000002,3.6123202983866714e-05,-1.6209239321712055e-05,0.12354137106786714,0.047045548849772086,0.09059261919532588,0.044265673331525826,0.037164791730385754,0.00025580641754918064
0.0286,4.182391145580794e-05,-1.3664513503171943e-05,0.10401110153075104,0.05453114140748832,0.06418475467777776,0.05947290766406974,0.030557554632890865,0.00025538575045767355
0.028650000000000002,4.648096960711401e-05,-1.0778837480424095e-05,0.08188239017937161,0.06065513243084209,0.03975368466573717,0.07358090180405984,0.02444658691358268,0.000253264986838497
0.0287,4.99780189032007e-05,-7.624260881313197e-06,0.05770749383311292,0.06526475006872823,0.019723690263799342,0.08518975203067122,0.01943877249359821,0.0002496553112111963
0.02875,5.2227652152491426e-05,-4.27954083779539e-06,0.03208979295290114,0.06824502553974988,0.006082633067600117,0.09314767021842227,0.01603166015628347,0.0002449156269206845
0.028800000000000003,5.317359765228537e-05,-8.281760326896155e-07,0.005668731394588546,0.06952166036620003,0.00018471318833145086,0.09666522520146535,0.014564052811467791,0.0002395169461083314
0.02885,5.279212634977968e-05,2.6436774576849304e-06,-0.020896145009214627,0.0690628787929736,0.0026160755971162786,0.09539362454345925,0.015182341434011138,0.00023399566146126388
0.028900000000000002,5.1092646496346134e-05,6.049356564940932e-06,-0.046941652620395416,0.06688021875699295,0.013136601746631827,0.08945927321966461,0.017825928484417445,0.0002289003322551219
0.02895,4.811747123543159e-05,9.303854177673883e-06,-0.07181752608249624,0.0630282421610118,0.030703666443780083,0.07945118619814291,0.022233192034941493,0.00022473726660170927
0.029,4.394076455105525e-05,1.2325940666376166e-05,-0.09490265267124073,0.057603171250216155,0.0535755089094143,0.06636250676163458,0.027967402982321497,0.00022192029504883035
0.029050000000000003,3.866669218833902e-05,1.5040191069115108e-05,-0.11562058021327705,0.05074048568478399,0.0794839690006849,0.051491937750555376,0.034460027800292975,0.00022072972112778077
0.0291,3.2426823257214615e-05,1.7378867285928166e-05,-0.1334539104188998,0.042611539653099204,0.10585945694014752,0.036314866232152916,0.04106712234701441,0.00022128451643171586
0.029150000000000002,2.5376847797099812e-05,1.928360842854427e-05,-0.14795721962734654,0.033419284246881585,0.13008584316364188,0.022336971191477352,0.04713322335843132,0.0002235305232643811
0.0292,1.7692691747832e-05,2.0706886988840515e-05,-0.15876818259965808,0.02339320104839182,0.14975998334943308,0.010944837105809605,0.05205639717786818,0.00022724582890678934
0.02925,9.566126677032856e-06,2.1613194694950755e-05,-0.1656166235452414,0.012783574163089782,0.1629301347105329,0.003268395367664332,0.055347991294202065,0.0002320627841355235
0.029300000000000003,1.1999835274492667e-06,2.1979928239921357e-05,-0.16833126623929892,0.0018552429863271137,0.16828960880607488,6.883853076631894e-05,0.05668115616706642,0.0002375044754059109
0.02935,-7.19690996541473e-06,2.1797953032179783e-05,-0.16684401666254847,-0.009119007863525475,0.16530644866606617,0.001663126088300789,0.05592332070543062,0.00024303203819968583
0.029400000000000003,-1.541494190132042e-05,2.1071830661082296e-05,-0.16119166916272593,-0.019865256842320968,0.15427625964033573,0.007892568588227601,0.053149393703165515,0.00024809811252475577
0.02945,-2.3248948792774465e-05,1.981970465266618e-05,-0.1515149952143059,-0.030115281889898676,0.13629294933726663,0.018138604066161183,0.048634378159506456,0.00025220114281662926
0.029500000000000002,-3.050333736235488e-05,1.8072847142758177e-05,-0.13805523574552925,-0.039613254420842375,0.11314027191758111,0.03138419851620776,0.04282612601093848,0.0002549351309143093
0.02955,-3.6996967897493846e-05,1.5874878020059352e-05,-0.12114808596709242,-0.04812212391074984,0.08711493150104396,0.046314776193631224,0.03630093389602472,0.0002560299115852193
0.0296,-4.2567676945428154e-05,1.3280675797447477e-05,-0.1012153212726931,-0.055429533554123805,0.06079878684901392,0.061448663800554734,0.029706382090752173,0.00025537795019615385
0.029650000000000003,-4.707632680364645e-05,1.0355007637786943e-05,-0.07875427449783859,-0.061353119684777725,0.03680275231053269,0.0752841059010932,0.0236970873885258,0.0002530450098482701
0.0297,-5.0410280309412306e-05,7.170912524444935e-06,-0.054325425971615424,-0.06574506236906776,0.01750779721991113,0.08644826451825217,0.01886974349173276,0.0002492636249397539
0.029750000000000002,-5.248621447489654e-05,3.807878079729778e-06,-0.028538416795383773,-0.06849577394243245,0.0048287369275713315,0.09383342095945615,0.01570389561029251,0.00024441003255112523
0.0298,-5.3252202465608174e-05,3.498564498573021e-07,-0.0020368340070484534,-0.0695366332069236,2.4248617703066423e-05,0.09670686715508461,0.014514327458807229,0.0002389668476357081
0.02985,-5.268901204948914e-05,-3.1168311791091216e-06,0.024517852461155124,-0.06884169723450619,0.0035719615381850653,0.09478358556254833,0.015419788012996191,0.00023347518613854373
0.029900000000000003,-5.081058798679586e-05,-6.505649153302073e-06,0.050462800170432844,-0.06642834798529887,0.015121017070804888,0.08825450832111921,0.018331164650249955,0.0002284809847355902
0.02995,-4.766370629769609e-05,-9.732007232550234e-06,0.0751503397804412,-0.062356857653144936,0.033526810024758665,0.0777675539274916,0.022960280227355266,0.00022448084250878078
0.030000000000000002,-4.332680898992119e-05,-1.2715371877654548e-05,0.09796414287991961,-0.0567288836032913,0.056964470600975176,0.06436332469751545,0.02884844528502193,0.00022187275703217392
0.03005,-3.790804826470369e-05,-1.5381276248954258e-05,0.11833460838973718,-0.0496849304436215,0.08310983528932998,0.04937184626375013,0.03541193602506743,0.00022091664158804467
0.030100000000000002,-3.1542589027703204e-05,-1.766317876654356e-05,0.13575308359607954,-0.04140084267151832,0.10936995959238761,0.034280595478236246,0.04199988873342376,0.0002217085407953569
0.03015,-2.4389236903244316e-05,-1.950412381878516e-05,0.14978456442882057,-0.03208341527411755,0.13314030954673936,0.020586910713029587,0.04795886808921744,0.00022417110129584832
0.0302,-1.6626475999447902e-05,-2.085816322892544e-05,0.16007855844656887,-0.021965232064287014,0.15206312165489655,0.009649428392759648,0.05269770400757708,0.00022806124457494154
0.030250000000000003,-8.448015174815522e-06,-2.1691502927092475e-05,0.16637783853555813,-0.011298860326172826,0.16426130230551908,0.002553284893407246,0.05574616304553959,0.000232994278662185
0.0303,-5.795403968346067e-08,-2.1983346313713983e-05,0.16852486959078355,-0.00035054689822263015,0.16852466378472045,2.4576625570701405e-06,0.05680163199056477,0.00023848205936785705
0.030350000000000002,8.334310720106746e-06,-2.1726413153960085e-05,0.16646574670679573,0.01060642716924022,0.16443001893011522,0.0022499259459279426,0.055759178545191336,0.00024398141300131803
0.0304,1.65193115666419e-05,-2.0927121178311717e-05,0.1602515473847189,0.021298567399805714,0.15238321793155957,0.009072579465681335,0.052722003798245806,0.00024894801970449317
0.03045,2.4292738398647833e-05,-1.960542573819692e-05,0.15003706299400382,0.031458991959398684,0.13357895129188693,0.019793363502030217,0.047991245069037874,0.00025289040975683184
0.030500000000000003,3.146053848617991e-05,-1.7794321638186895e-05,0.13607694181124405,0.0408340926455066,0.10988230149476864,0.03334846244363633,0.04203613755194685,0.00025541871885832214
0.03055,3.784376061995166e-05,-1.5539019464911133e-05,0.11871933904967107,0.0491898644911964,0.08364378687571615,0.048392855373245294,0.0354474912347683,0.0002562833633753998
0.030600000000000002,4.328302275648887e-05,-1.2895817101829612e-05,0.09839723299470474,0.0563177461821095,0.05746624048636486,0.06343377070065019,0.028879096527125947,0.0002553998018758792
0.03065,4.764249132049491e-05,-9.930694442144054e-06,0.07561762306461296,0.062039825243145635,0.033946644298740745,0.07697879832400101,0.022982869584483923,0.0002528569226562202
0.0307,5.081327321735766e-05,-6.717666544859618e-06,0.05094888012981488,0.06621327850013799,0.01541852611447697,0.0876839649947367,0.018344171522174997,0.00024890822960974175
0.030750000000000003,5.2716135377131815e-05,-3.3369361678889964e-06,0.02500656400915515,0.0687339364693504,0.003720471256848496,0.09448708045145394,0.015423718554806039,0.00024394669546765743
0.0308,5.330348446315266e-05,1.2710805634777015e-07,-0.0015619373976437263,0.06953888335780375,1.3713121708007592e-05,0.09671312597300473,0.014511848192819024,0.00023846578215493028
0.030850000000000002,5.2560556700986265e-05,3.587997972576833e-06,-0.02809356431939746,0.06860802706326602,0.004666899329209976,0.09414122755027685,0.015699680844877772,0.00023301048919385369
0.0309,5.0505788692009005e-05,6.959344111941703e-06,-0.05392613340053905,0.06596460076962422,0.017219468282640888,0.08702657109391818,0.018870041391153194,0.00022812329149291043
0.030950000000000002,4.7190359319442886e-05,1.015699195360979e-05,-0.07841486482667694,0.06167458282184475,0.036427273951809024,0.07607508332497176,0.023709044550317797,0.00022429032397229719
0.031,4.269691470730054e-05,1.310112240506589e-05,-0.10094847630898901,0.05584505017094032,0.06038593873713873,0.06237339257189682,0.029737198623997554,0.00022189315667559171
0.03105,3.71375074544825e-05,1.5718244050153836e-05,-0.12096444137875186,0.04862150564922091,0.08671970359754688,0.04728101623194442,0.03635694459093865,0.0002211709390133828
0.031100000000000003,3.065080207979539e-05,1.794302751514206e-05,-0.1379630322984546,0.04018424664100246,0.1128170479128442,0.032295473562098345,0.04291191759628361,0.0002221966741039239
0.03115,2.3398615871731863e-05,1.9719936050714982e-05,-0.15151979554948344,0.0307438649130935,0.1360897099050028,0.01890370459589083,0.048752052576098145,0.00022486997123907933
0.031200000000000002,1.5561881894451063e-05,2.1004611790938765e-05,-0.16129615015957757,0.020535990728009178,0.15422941784335525,0.008434538303617579,0.05329807685814463,0.00022892700155515154
0.03125,7.336134522145595e-06,2.176498291235612e-05,-0.1670478425204601,0.009815411726096505,0.16543686537869912,0.0019268461470558554,0.05609899030353925,0.00023396666426525625
0.0313,-1.0733696169726298e-06,2.1982064239405117e-05,-0.16863104820005279,-0.001150286130363564,0.16860021852865362,2.6463163634135644e-05,0.05687683030864217,0.00023949037287835496
0.03135,-9.456773660369967e-06,2.1650431142746075e-05,-0.16600596691985203,-0.01208739719403466,0.16340544385675468,0.0029221034185271393,0.055554277618769084,0.00024495151099625343
0.031400000000000004,-1.7604857633905384e-05,2.0778355059812873e-05,-0.1592378220960609,-0.02272292745649456,0.15036751137087417,0.010326628643862287,0.05226236226837283,0.00024980965542663704
0.03145,-2.531425995327813e-05,1.9387597108432173e-05,-0.14849523880982413,-0.0327914081727168,0.13077937123370267,0.021505528998994362,0.04732750124822255,0.00025358418488436634
0.0315,-3.239255306101008e-05,1.751286507581767e-05,-0.13404604148820248,-0.04204152170972288,0.10658376103598437,0.03534979095338201,0.0412391511203211,0.00025590195915992905
0.03155,-3.8663046411727935e-05,1.5200947214917672e-05,-0.11625057528143919,-0.050242374214845044,0.08018055340629235,0.05048592333489053,0.0346012810067647,0.00025653433645707563
0.0316,-4.396919703410187e-05,1.2509544561515879e-05,-0.095552718307218,-0.057189258618772505,0.0541887494099832,0.0654122260272969,0.02807247785589164,0.0002554198586822782
0.031650000000000005,-4.817851750165287e-05,9.505830853062838e-06,-0.07246880859363958,-0.06270876408877316,0.03118672200464232,0.07864778187082812,0.02230062371858736,0.0002526703527056768
0.0317,-5.118588375631914e-05,6.264776005936437e-06,-0.047574762108999115,-0.06666310439490723,0.013456472980582132,0.08887938975132599,0.017858624442154615,0.0002485598421757527
0.03175,-5.291616028673845e-05,2.8672750108651428e-06,-0.02149170333143994,-0.06895355725807921,0.002757270071996544,0.09509186117086416,0.015187565799802877,0.0002434973700921877
0.0318,-5.3326076955132836e-05,-6.018710925020933e-07,0.005129533184713742,-0.06952292864790556,0.00015111817785447195,0.09666875215563536,0.014552937044731462,0.0002379864261339424
0.03185,-5.240531080373511e-05,-4.0560717325759125e-06,0.03162464345217267,-0.06835698077809389,0.005897378714629561,0.09345353642193396,0.016018266610244192,0.00023257500495736053
0.031900000000000005,-5.017674557213906e-05,-7.4091080223383715e-06,0.05733243158955909,-0.0654847878483217,0.01942699346083197,0.08576514879079401,0.01943878774256205,0.0002278012471401339
0.03195,-4.669590264590935e-05,-1.0577284718752403e-05,0.0816113107047399,-0.060978010970905036,0.03939887419773964,0.0743663564393563,0.02447576553579463,0.00022414005701569637
0.032,-4.204955735841289e-05,-1.3481519214241881e-05,0.10385531502101346,-0.05494911001994929,0.0638328697817239,0.06038809383968982,0.030630066992181362,0.00022195599050323846
0.03205,-3.635357539351229e-05,-1.6049315449068374e-05,0.12350922412848543,-0.04754853741893905,0.09030612684299087,0.045217268213604944,0.037291647121681634,0.000221467089013865
0.032100000000000004,-2.97500229690836e-05,-1.821657342226898e-05,0.14008242112849972,-0.03896098343405869,0.11619337129949991,0.03035916460297991,0.043800044108891684,0.00022272324426495413
0.032150000000000005,-2.24036231623252e-05,-1.9929189225155447e-05,0.15316113976892498,-0.029400767165333998,0.13892728145344121,0.017288102198203634,0.04950988480036289,0.00022560124402179856
0.0322,-1.4497646527562212e-05,-2.1144405541090617e-05,0.16241879365655063,-0.019106487767646767,0.15625312796649854,0.007301157496304712,0.05385490269014405,0.0002298169869569736
0.03225,-6.229338742258351e-06,-2.1831879054852067e-05,0.16762413109443222,-0.008335069846105339,0.16645242517060266,0.0013894677867890895,0.056404118818345166,0.0002349536595623394
0.0323,2.195000792040077e-06,-2.1974437947478314e-05,0.16864701039803331,0.0026446487765835643,0.1685134080271028,0.00013988334302969887,0.05690461073384317,0.00024050307629854022
0.032350000000000004,1.0565166508460363e-05,-2.1568510769104536e-05,0.1654616530988081,0.013558626562840912,0.1622314247172,0.0036767270854115033,0.055306626355192345,0.00024591608713784457
0.0324,1.867229195769357e-05,-2.0624215767241365e-05,0.15814729210956469,0.02413445781585826,0.1482292821855383,0.011649441081308838,0.05176854816537229,0.00025065704808999314
0.03245,2.6314061988596618e-05,-1.916510865246133e-05,0.1468862001329873,0.0341081714686312,0.12789552384163794,0.02326734721867095,0.046641213661816644,0.00025425695611686066
0.0325,3.32997616120041e-05,-1.7227594878860283e-05,0.1319591459608585,0.043230819429938915,0.10324675540706187,0.03737807497167968,0.04043314365119027,0.00025635997325160567
0.03255,3.9455035802264535e-05,-1.4860021327912367e-05,0.11373839336274388,0.05127469019900455,0.07672767103203211,0.05258187710007786,0.0337601258144882,0.0002567587296550917
0.032600000000000004,4.462624103801563e-05,-1.2121469797020017e-05,0.09267841564741322,0.058038992342970046,0.05096860896250745,0.06737049264374671,0.027284151350391382,0.0002554148973138438
0.03265,4.868428053205272e-05,-9.080282700671943e-06,0.06930455916254857,0.06335486649252607,0.028524681990483428,0.08027678216571606,0.0216477611662878,0.0002524630003794967
0.0327,5.1527826780202125e-05,-5.812357478697868e-06,0.04419993703452398,0.06708960012691757,0.011622354154020851,0.09002028890379397,0.017410312203280865,0.0002481970759034776
0.03275,5.308585163376253e-05,-2.3992525241699802e-06,0.017990881286846307,0.069149940636939,0.0019385998008413143,0.09563428580184373,0.014992486489231354,0.00024304151468724524
0.0328,5.331940012889883e-05,1.0738482854456354e-06,-0.008668684404936997,0.06948442328157473,0.00043454959128450964,0.09656170157546087,0.014634547414943928,0.00023750896794587348
0.032850000000000004,5.222256430971776e-05,4.520261530480164e-06,-0.03511356105134376,0.06808465657216148,0.0072601256118996595,0.09271040921098343,0.016372485721060405,0.00023214949983881467
0.0329,4.982263224941242e-05,7.853967684413104e-06,-0.060683872706964535,0.06498553239773802,0.02173912750716907,0.08446238842034916,0.020034423076482524,0.0002274960250170392
0.03295,4.617940891141485e-05,1.0991758010973289e-05,-0.08474153282013318,0.06026435616591109,0.04243625289180232,0.07263585248183571,0.025257632641686775,0.00022401144686235317
0.033,4.1383725423559405e-05,1.3855311349993847e-05,-0.1066861673528245,0.05403891816937097,0.06729940894206618,0.058404093538319435,0.03152449063961767,0.00022204273687602603
0.03305,3.5555174222903954e-05,1.6373148976238342e-05,-0.1259700977628978,0.04646455473452795,0.09386320455663101,0.043179096933558876,0.03821379560082189,0.00022178651325894662
0.033100000000000004,2.883912630277166e-05,1.8482418704105035e-05,-0.1421120093742316,0.03773027208077387,0.1194934434909236,0.028471468625784483,0.044662366710631056,0.00022326953085491835
0.03315,2.1403105168777765e-05,2.0130463757356487e-05,-0.1547089646093435,0.02805402995824137,0.14164837202220948,0.015740571937958085,0.05023081325168391,0.00022634602056709319
0.0332,1.3432607812444357e-05,2.1276137200321404e-05,-0.16344646075539263,0.017677302502785222,0.15813077124583058,0.006249740475499534,0.054366952138253134,0.0002307121410189991
0.03325,5.126477038401622e-06,2.1890829149476436e-05,-0.16810628151310072,0.006859052179759059,0.1673058914252255,0.00094093193609315,0.056660583558737716,0.00023593611059854802
0.0333,-3.3080594285100997e-06,2.1959181117553332e-05,-0.1685719462564344,-0.004130732846966153,0.1682636122272974,0.00034125907706010207,0.05688419099092343,0.00024150103135673647
0.033350000000000005,-1.1660559273622575e-05,2.147946964350729e-05,-0.16483162084783304,-0.015017776646498424,0.16090874326677662,0.004510672308082269,0.05501552730885992,0.00024685615722517396
0.0334,-1.9722616362381153e-05,2.046364965432508e-05,-0.15697841748498972,-0.02553036058097835,0.1459705059264313,0.013035986227895466,0.05123984504636777,0.0002514715220576986
0.03345,-2.7293060916293305e-05,1.893705643525985e-05,-0.14520807575937777,-0.035406104679876704,0.12493025209229856,0.025071844972047744,0.04593154727728955,0.0002548905082883219
0.0335,-3.418297936889106e-05,1.6937773679698412e-05,-0.12981408296826477,-0.044398516091322414,0.09987458503577777,0.039424564622228306,0.039617076967117304,0.0002567751426329647
0.03355,-4.022042857452539e-05,1.4515683334569113e-05,-0.11118035505359479,-0.05228314114010977,0.0732884459504842,0.05467053694953278,0.032922723242116717,0.000256939624554396
0.033600000000000005,-4.525472684885403e-05,1.1731221015536191e-05,-0.08977166109036852,-0.05886316755400924,0.047808684951782476,0.06929744988982733,0.02651251975332207,0.00025536876296083065
0.03365,-4.9160214556996495e-05,8.653867955695882e-06,-0.06612202971915442,-0.06397433684555887,0.02596255462480318,0.08185431549658062,0.02102239295284857,0.00025221948945740053
0.0337,-5.1839390666815564e-05,5.3604172229297715e-06,-0.040821427218448766,-0.06748904452599533,0.009917061278322788,0.09109542262063561,0.01699709123339756,0.0002478053003749855
0.03375,-5.3225346659507604e-05,1.9330573695367936e-06,-0.014501039181534496,-0.06931952544814751,0.00126403271839206,0.09610393216712741,0.014836150099757911,0.00024256516682757826
0.033800000000000004,-5.3283437387980216e-05,-1.5426785793636384e-06,0.012182476757771319,-0.06942004518216825,0.0008622205226146319,0.09638285346188563,0.014754253499190122,0.00023701999933457412
0.033850000000000005,-5.2012146814787876e-05,-4.980047678074183e-06,0.03856337432283793,-0.06778804227444633,0.008752098951320803,0.09190437350804245,0.016759923704533,0.00023172098154666435
0.0339,-4.9443127339837006e-05,-8.293261845548597e-06,0.0639834294449303,-0.06446419331801452,0.024151813541234243,0.08311264440284696,0.02065465514749579,0.00022719490059078953
0.03395,-4.56404113753791e-05,-1.1399628872729465e-05,0.08780836381862345,-0.059531398723438204,0.04553468454262621,0.0708797486793796,0.026052579814914417,0.00022389189352156583
0.034,-4.069881515571557e-05,-1.4221616234807838e-05,0.10944367187546852,-0.0531127149951064,0.07078058225531836,0.056419209883027996,0.03241871610962464,0.0002221407962139201
0.034050000000000004,-3.474157419705867e-05,-1.6688786152395695e-05,0.128349455428766,-0.04536828449006755,0.09738616421099344,0.04116562475143408,0.03912200913043669,0.00022211652000419103
0.0341,-2.7917269805707084e-05,-1.8739553698735412e-05,0.1440538969998139,-0.036491339970863,0.12271312681105566,0.02663235785738207,0.0454979041602733,0.00022382269710869318
0.03415,-2.0396122855840097e-05,-2.032272393372005e-05,0.1561650340373576,-0.026703382865953744,0.1442498515399824,0.01426141312971424,0.05091424768123525,0.00022709131132140243
0.0342,-1.236574770181544e-05,-2.1398769885812783e-05,0.16438054208309139,-0.01624865633517431,0.15986049880625236,0.005280376653972004,0.05483398172915776,0.0002315993572585748
0.03425,-4.0264718139613e-06,-2.1940819261447487e-05,0.1684952806599341,-0.005388050348516915,0.16799684341771004,0.000580621731163065,0.05686841246901439,0.00023690087032359546
0.034300000000000004,4.413661867825501e-06,-2.1935325492477507e-05,0.16840641562597317,0.005607408557810867,0.16785184327478683,0.000628860614684211,0.05681577074017867,0.00024247115690949984
0.03435,1.2744085293955459e-05,-2.138240611994076e-05,0.16411598810459344,0.016463320801930106,0.15943970708399097,0.005420818636545291,0.0546812378985759,0.00024775883267155215
0.0344,2.0756958870487018e-05,-2.0295840308157534e-05,0.15573086769387598,0.0269087615105006,0.1435945193805875,0.014481628920579971,0.050676450643462004,0.0002522405128602119
0.03445,2.825235707010762e-05,-1.870272530453148e-05,0.14346008933256532,0.036683041735815186,0.12188755449402329,0.026912911019831176,0.04519853111558993,0.0002554727252737955
0.0345,3.504325687960398e-05,-1.664280064722823e-05,0.12760964178415457,0.04554221442589809,0.09647147822826695,0.04148186589628961,0.03879072123700394,0.0002571359015977005
0.034550000000000004,4.096020433918723e-05,-1.4167456735393331e-05,0.10857483617406757,0.053265162625532346,0.06986688428227741,0.05674355099048816,0.03208852274902445,0.00025706607820441996
0.0346,4.5855543081905734e-05,-1.1338452738123103e-05,0.08683044635484272,0.05965911823427885,0.04471233452002259,0.07118420776983327,0.025756683993837425,0.00025527116710275156
0.03465,4.9607098994049016e-05,-8.226375620023507e-06,0.06291886585525971,0.06456447327035293,0.023502690183649717,0.08337142417356237,0.020423280987058687,0.0002519301775728741
0.0347,5.2121229358023586e-05,-4.908878885746441e-06,0.037436577654727896,0.06785876386049422,0.008341684826727447,0.09209623665348632,0.016617430191019893,0.00024737546890700083
0.03475,5.3335160157156014e-05,-1.4687448988619857e-06,0.011019273873501954,0.06945972728162816,0.000733277292139023,0.0964930742807632,0.014716809935512967,0.0002420597913036052
0.034800000000000005,5.321855334149314e-05,2.008180826948755e-06,-0.015674003184551377,0.06932735589936469,0.0014324783802552017,0.09612564551994351,0.014910195579650181,0.00023651138484247306
0.03485,5.1774264867337904e-05,5.435131835911169e-06,-0.04197730305705626,0.06746489665513734,0.010370447172835886,0.09103024561376724,0.017178724785952976,0.00023128158897807991
0.0349,4.903827458392825e-05,8.726585975441353e-06,-0.06723438196943332,0.0639187711493321,0.02666128796372905,0.0817121861048138,0.021297752153345388,0.0002268901587412502
0.03495,4.507878971399368e-05,1.1800399645967848e-05,-0.09081507600137503,0.05877741832386932,0.04868987649810327,0.06909569809638258,0.026859110772728435,0.00022377371157015452
0.035,3.999454422541156e-05,1.4579857790666526e-05,-0.1121310239675228,0.05216908853120387,0.07427200825452267,0.054432275963531736,0.0333115744665401,0.00022224241772332082
0.035050000000000005,3.391233658562422e-05,1.6995588481325873e-05,-0.13065034793334498,0.04425864415537817,0.10087098900926733,0.0391765516494478,0.040015509577625376,0.00022244923115124221
0.0351,2.698386718121023e-05,1.8987294284199117e-05,-0.14591092464331398,0.03524344638266901,0.12584918954727212,0.024842010258561312,0.0463062973993179,0.00022437471161157447
0.03515,1.9381954442929262e-05,2.050525725593209e-05,-0.15753191735159758,0.025348431034513536,0.1467296189013462,0.01285085911822978,0.051560238836675605,0.00022782894614019802
0.0352,1.129622391367148e-05,2.1511579921482236e-05,-0.16522327946156518,0.014820496019302026,0.16144157514633548,0.004392942045162944,0.055256405458843375,0.00023247037743772048
0.035250000000000004,2.928377919757698e-06,2.1981131367673655e-05,-0.16879299377611476,0.00392234073238509,0.16852601243055998,0.0003076951364185441,0.057028303766269814,0.00023783967507407986
0.035300000000000005,-5.5128362203393964e-06,2.1902174714567468e-05,-0.16815186567727955,-0.007074089102686365,0.1672802555617742,0.0010008547326549196,0.05670022807139796,0.0002434052878332583
0.03535,-1.3816833898407643e-05,2.1276660426955956e-05,-0.16331575158668235,-0.017894387418873337,0.15782770965865775,0.006404182021934646,0.054304696735936075,0.00024861616232864706
0.0354,-2.1776446878747622e-05,2.0120178011427603e-05,-0.15440516611305447,-0.028268535370401655,0.14110564851515198,0.015982201839752987,0.05007924092076284,0.0002529563967261244
0.03545,-2.9193091920595508e-05,1.8461567419476126e-05,-0.1416422784768709,-0.03793763958254264,0.11877229107945995,0.028785289941898124,0.0444428635955236,0.00025599641144500175
0.035500000000000004,-3.588172528012639e-05,1.6342199721892525e-05,-0.12534537229535642,-0.046660392879624285,0.09304237822426646,0.043543845273617855,0.037954501502765685,0.00025743555880772555
0.03555,-4.1675459692481465e-05,1.3814945141436845e-05,-0.10592090774090404,-0.054219096427879684,0.06646755445232541,0.058794208349114314,0.03125760864568136,0.000257131948445162
0.0356,-4.642972829823248e-05,1.0942854005726899e-05,-0.08385338306758944,-0.0604250927020368,0.04168333181773407,0.07302383656099483,0.025016355187909012,0.0002551165254066249
0.03565,-5.0025892084580166e-05,7.797583744054947e-06,-0.059693249494413556,-0.06512347414681818,0.021147729663590725,0.08482133769902592,0.019849768725258496,0.0002515900096376175
0.0357,-5.237420025824347e-05,4.457610953172625e-06,-0.03404317988511794,-0.06819694941931934,0.006897508430805605,0.09301647820202401,0.0162703479236846,0.00024690299345206943
0.035750000000000004,-5.341603031726005e-05,1.0062733481281873e-06,-0.007543034593511962,-0.06956877143762662,0.0003461728874790377,0.09679627918681466,0.014633236619780034,0.00024152117694290856
0.0358,-5.3125351242916876e-05,-2.4703097176199174e-06,0.01914610100726276,-0.06920465334644657,0.0021437776725770903,0.09578568089603678,0.015100998501966133,0.00023597918221986527
0.03585,-5.15093739631666e-05,-5.885386144782639e-06,0.04535840886884905,-0.06711362541385359,0.01211244005156604,0.09008477432382109,0.01762748665880053,0.0002308275331313196
0.0359,-4.860837219726979e-05,-9.153735855936852e-06,0.0704399489357241,-0.06334781060748247,0.029263957024111272,0.08025890217522938,0.021962408138419244,0.00022657805297989183
0.03595,-4.449467872580194e-05,-1.2193797381279593e-05,0.09376497410631061,-0.05800112524814692,0.051897781937831435,0.06728261060102453,0.027676132328467877,0.00022365310108647866
0.036000000000000004,-3.927088157480837e-05,-1.4929703191670493e-05,0.11475154180948649,-0.05120693636595128,0.07776964620049759,0.05244300663973167,0.034202283691268404,0.00022234367814141017
0.03605,-3.30672655856023e-05,-1.7293173036857628e-05,0.13287603361701314,-0.04313473494765597,0.10431410613830434,0.03721210718009066,0.04089389669659281,0.00022278056065811946
0.0361,-2.6038562717125975e-05,-1.9225217943270923e-05,0.14768621936576684,-0.03398590730101094,0.12889894583780717,0.023100837901458175,0.04708756446632554,0.00022492132278315843
0.03615,-1.836009258051719e-05,-2.0677612486971225e-05,0.15881254139269005,-0.023988710811674373,0.1490862087836055,0.011509164928122859,0.05216922134642821,0.00022855453867046615
0.0362,-1.0223389107856558e-05,-2.1614098433796528e-05,0.16597733566041198,-0.013392578749548242,0.16287397097900871,0.003587223311257023,0.05563503540254668,0.00023332074392418665
0.036250000000000004,-1.8314227108325982e-06,-2.2011289874186344e-05,0.16900176124768104,-0.002461896765488643,0.1688948798845349,0.00012121871367846884,0.057141373416688145,0.00023874808241201607
0.0363,6.6064630296903266e-06,-2.1859257100563013e-05,0.16781026391266385,0.00853059400596062,0.16655176806594835,0.0014554206818906251,0.05653888245115938,0.0002442990996343324
0.03635,1.487977376938827e-05,-2.1161774796518925e-05,0.162432463495452,0.01931060240301933,0.1560768924869301,0.007457987303349918,0.05388730848990519,0.00024942404532819296
0.0364,2.2782115613081716e-05,-1.993622820474502e-05,0.1530024170309317,0.029609131563094627,0.13850892204909485,0.01753401343841293,0.04944958125037621,0.00025361539620769486
0.03645,3.0116344179069215e-05,-1.821317972758597e-05,0.13975527675789134,0.039169191290973286,0.11558995443701792,0.030684510927777152,0.04366575140251618,0.00025645819383738694
0.036500000000000005,3.6699482971421274e-05,-1.603560665918464e-05,0.12302142563482875,0.047752210955827525,0.08959277248507591,0.04560547302339708,0.037109363283960965,0.00025767120276062796
0.03655,4.2367288449502906e-05,-1.345782915286452e-05,0.10321823719830024,0.05514399294404882,0.06309546978321909,0.06081719915626612,0.030430588854089065,0.0002571348084688768
0.0366,4.697834782439751e-05,-1.054415510521706e-05,0.08083966491615627,0.0611600580519908,0.038725794047491956,0.07481105401845768,0.02429176095028151,0.0002549028865268453
0.03665,5.041760736517933e-05,-7.367275789773001e-06,0.05644392089195101,0.06565024943552297,0.018900560803149453,0.08619910501892769,0.0193016981641528,0.00025119746563822263
0.0367,5.259924323336972e-05,-4.00645227585248e-06,0.03063955127617041,0.06850248028431569,0.0055859791332322556,0.09385179610206118,0.01595533362011933,0.0002463867137896312
0.036750000000000005,5.3468803085920075e-05,-5.455378511053913e-07,0.004070255667695656,0.06964553153906129,0.00010265794057946264,0.09701000126716762,0.014584634152475958,0.0002409484290130418
0.0368,5.300456519303058e-05,2.9291141720368974e-06,-0.022601170722542564,0.06905083005338189,0.002994630825925603,0.09536034262122056,0.015325677229242114,0.00023542265694733575
0.03685,5.121808092861648e-05,6.330805097488963e-06,-0.048709371551161985,0.06673316252568409,0.013975389382629754,0.08906629961358735,0.0181051506958564,0.00023035813211038403
0.0369,4.8153887320674874e-05,9.574654150436205e-06,-0.07360302808720154,0.06275030768417295,0.031956278219571047,0.07875202228916747,0.02264761483058588,0.00022625785665502388
0.036950000000000004,4.388839657568995e-05,1.2579716470977454e-05,-0.0966611078686498,0.05720159553467079,0.05515443738969044,0.06544045063424138,0.02850280714392571,0.000223529211714796
0.037000000000000005,3.8527990526827524e-05,1.527100296588435e-05,-0.11730835835054448,0.050225429996959996,0.08126958949657187,0.05045187636759058,0.03509028333293811,0.00022244355185948396
0.03705,3.220636724927857e-05,1.758135157003997e-05,-0.13502965831812197,0.04199583626953644,0.10771214091917407,0.03527300527955425,0.04175696804295067,0.00022310928731595974
0.0371,2.508120631229926e-05,1.9453103300731818e-05,-0.14938286994686667,0.032718119550185554,0.13185997837242683,0.021409506938004683,0.04784190970782567,0.00022546112742259753
0.03715,1.733023557986423e-05,2.0839541167518927e-05,-0.16000986969334222,0.022623742914802254,0.15131849470046468,0.010236674869501304,0.05274181802898591,0.00022926654887580635
0.037200000000000004,9.146797908546798e-06,2.1706056174882886e-05,-0.1666454841788503,0.01196455263531625,0.16415805890290466,0.0028630103952650607,0.05597088635369665,0.0002341488519130195
0.03725,7.350281484261327e-07,2.203101114172111e-05,-0.16912410655910493,0.0010064945695881615,0.16910537944969703,2.0260626372209172e-05,0.057208965932786786,0.0002396245139432119
0.0373,-7.695239121391546e-06,2.1806280978228627e-05,-0.16738382994359177,-0.009977021227374991,0.16566978457574952,0.0019908190514298235,0.056333315910884973,0.0002451511410348165
0.03735,-1.5933704130111414e-05,2.10374557156843e-05,-0.1614679930230067,-0.02071194238774097,0.15419189400943453,0.008579691149462021,0.05343077921417479,0.00025018125727389287
0.0374,-2.3774848180131554e-05,1.9743701438365657e-05,-0.1515241009490176,-0.030930412231059388,0.13580985576373517,0.019133808015665364,0.048789177539165965,0.00025421660217046674
0.037450000000000004,-3.102306063720073e-05,1.7957282357498366e-05,-0.1378001468053809,-0.04037745330416323,0.11234649334872195,0.03260677470659764,0.04286877712515871,0.0002568575464816997
0.0375,-3.749751897569647e-05,1.5722756182095086e-05,-0.12063842693128021,-0.048817329796070896,0.08612855481785775,0.04766263376836703,0.03625665517016272,0.00025784273051034437
0.03755,-4.303669975101336e-05,1.3095862582169936e-05,-0.10046700271111447,-0.056039429790325355,0.05975598564225863,0.0628083538244961,0.029608490341184582,0.00025707498725445265
0.0376,-4.750240848458489e-05,1.0142132782055908e-05,-0.07778902355278354,-0.0618635210274137,0.03584410656651046,0.07654190467818514,0.023583550072318795,0.0002546309863530302
0.03765,-5.078322731487345e-05,6.935254666652241e-06,-0.053170175773383385,-0.0661442484508245,0.016764262186674646,0.087501232062488,0.01877931999291817,0.00025075363425490623
0.037700000000000004,-5.279729500983241e-05,3.555234443450212e-06,-0.027224571723631366,-0.06877476193502594,0.004408660142856524,0.09459935758438984,0.015672258248728775,0.0002458279908366356
0.03775,-5.3494349416312277e-05,8.640053544725506e-08,-0.0005994303561574002,-0.06968938303580534,2.7209039824658253e-06,0.09713220215822385,0.014570548957237344,0.0002403430845212945
0.0378,-5.2856981873716606e-05,-3.384700364554423e-06,0.02604106818059075,-0.0688652447885474,0.003983547715840762,0.0948484387957311,0.01558354028333202,0.00023484341730271033
0.03785,-5.0901071875735e-05,-6.771462663503262e-06,0.05203235128802046,-0.06632286310219784,0.015956569281606756,0.08797444340145752,0.018610897671338555,0.00022987496499575553
0.0379,-4.767539147101964e-05,-9.989382742277459e-06,0.07672603273631115,-0.062125625930448694,0.03473465590021665,0.07719186794500078,0.023352548390657098,0.00022593103112564873
0.037950000000000005,-4.326038897284059e-05,-1.2958167432882758e-05,0.09950608775313458,-0.056378212543581885,0.058455831133599874,0.06357005699218587,0.02933843154869692,0.00022340332174547694
0.038,-3.7766182550835455e-05,-1.5603737494909712e-05,0.11980422116981257,-0.049223982676553896,0.08476790709897826,0.04846000941083356,0.03597510423183577,0.0002225430957241994
0.03805,-3.1329813555246755e-05,-1.7860076081168057e-05,0.13711404486839063,-0.04084140038058145,0.11106173451219609,0.03336039970093917,0.04260458255548295,0.00022343624178432995
0.0381,-2.411182822598931e-05,-1.9670876092159e-05,0.15100371116224545,-0.03143958201449444,0.13472993770058073,0.019768946344922447,0.04856958352128007,0.00022599475585063662
0.03815,-1.629227297337545e-05,-2.099094529872932e-05,0.1611266867438811,-0.021253079315003597,0.1534254770345414,0.009033867607396676,0.053278698503231074,0.0002299654635921046
0.038200000000000005,-8.066203152014813e-06,-2.1787334162673098e-05,0.1672303983708764,-0.010536027724070947,0.16529439803874027,0.0022201576040478325,0.0562650359191712,0.00023495512360750413
0.03825,3.6118262653391145e-07,-2.2040158240432797e-05,0.16916253483605095,0.0004441939852892988,0.16915968625398378,3.946165931343795e-06,0.057232518309206004,0.0002404694227654025
0.0383,8.779661279214194e-06,-2.1743094594171897e-05,0.1668748475781819,0.011413634671740957,0.16463799471060614,0.002605421128399346,0.05608524267774279,0.00024596199565319417
0.03835,1.6979229441207625e-05,-2.0903539882398034e-05,0.16042435558669024,0.022098605869526326,0.15217766828403104,0.009766967627533268,0.05293699287493966,0.00025088860831636614
0.038400000000000004,2.475534221557303e-05,-1.9542426109282103e-05,0.14997192400667247,0.03223251042010173,0.13301429282044883,0.020778694559639332,0.04809996016447219,0.0002547611313786152
0.038450000000000005,3.1914015838260404e-05,-1.7693698693011608e-05,0.1357782523574437,0.04156249430457322,0.10904817659225609,0.034548818656353626,0.04205379042493638,0.00025719595127748836
0.0385,3.82766668861575e-05,-1.5403469797819585e-05,0.11819737196615208,0.04985575566983694,0.082655912489244,0.04971192746820956,0.035398026599641266,0.00025795201681757943
0.03855,4.368456744150353e-05,-1.2728868134703318e-05,0.0976678153086608,0.056905353738820136,0.056454707294634206,0.06476438568280501,0.028792662146754106,0.0002569547495814463
0.0386,4.8002804849424445e-05,-9.73661381357247e-06,0.07470167695428234,0.06253537245812463,0.03304284760563568,0.07821345616952745,0.02289269950499303,0.0002543034438247113
0.038650000000000004,5.112364757689426e-05,-6.501353922626638e-06,0.04987183957866889,0.06660531033821777,0.0147420395317996,0.08872534730500599,0.018283202861671868,0.0002502614249204084
0.038700000000000005,5.2969232856339415e-05,-3.1038002406352237e-06,0.023797683206493267,0.06901358656672094,0.0033671729706497835,0.0952575026160457,0.015421284844400076,0.00024522993831241374
0.03875,5.349350943231283e-05,3.7128435764103417e-07,-0.002870365502053728,0.06970007633893202,4.634245295885642e-05,0.09716201283305902,0.014590779921189614,0.00023970836172388743
0.0388,5.268338655421009e-05,3.837200643146622e-06,-0.029467058622924022,0.06864761165264721,0.005108972724078041,0.09424989171225331,0.01587409884461168,0.00023424468253717987
0.03885,5.0559060938169334e-05,7.207476106496823e-06,-0.055328922285752424,0.06588241062089138,0.018053143846779838,0.08680984058439484,0.01914405537026489,0.00022938115497180553
0.038900000000000004,4.717351314121336e-05,1.0398022425449316e-05,-0.07981080770970186,0.0614734240340936,0.03759535673676802,0.07557963724950953,0.024076475641976444,0.00022560052268759937
0.03895,4.261118629517997e-05,1.3329233495458707e-05,-0.10230198550507237,0.05553061602234601,0.06179780491931873,0.06167298631642463,0.03018234042402377,0.0002232781436710258
0.039,3.698587976014589e-05,1.592797164606333e-05,-0.1222413810544466,0.048202221097224635,0.08826053194092495,0.046469082374114554,0.036856272840314015,0.00022264476158731503
0.03905,3.0437910646914867e-05,1.812939255691633e-05,-0.1391315719106423,0.03967104665924882,0.11435942003474303,0.03147583886080593,0.04343656443377335,0.00022376362025334522
0.0391,2.3130613580793637e-05,1.9878563216898794e-05,-0.15255119659418845,0.030149912462213466,0.13750640926914498,0.018180344429582697,0.04927078682907487,0.00022652418601606234
0.039150000000000004,1.5246266449526647e-05,2.1131832729067323e-05,-0.16216546703057688,0.019876341600300544,0.15540614377528042,0.00790137910823676,0.05378048426072575,0.00023065310686940055
0.0392,6.981543394065919e-06,2.185792154299499e-05,-0.16773452032683903,0.00910663471340667,0.16628359299469722,0.0016586159160684674,0.05651853100595982,0.00023574131569021353
0.03925,-1.4573912581442286e-06,2.203870216954854e-05,-0.1691194036174573,-0.0018905241253060357,0.16906007725891012,7.148162936728302e-05,0.057213467604253956,0.00024128459609435641
0.0393,-9.860025887041212e-06,2.1669651649718604e-05,-0.16628554063600426,-0.012840770780696283,0.1634602398315755,0.0032977078848476686,0.0557964182319436,0.0002467335825909286
0.03935,-1.80167529600525e-05,2.0759964727019335e-05,-0.15930359541356104,-0.02347090613611051,0.15003935874599372,0.011017668697002202,0.05240792132792542,0.0002515482419153252
0.039400000000000004,-2.572409784682103e-05,1.9332324656869192e-05,-0.14834770980224926,-0.03351571226388603,0.13012828782657854,0.022466059371112002,0.047383994912811526,0.0002552514276885494
0.03945,-3.278979477012612e-05,1.7422337598489522e-05,-0.13369116037562745,-0.042724569599854566,0.10570148782238208,0.03650777694985634,0.04122281926764192,0.0002574762021543243
0.0395,-3.9037583036206675e-05,1.5077644461964996e-05,-0.1156995415287907,-0.05086770992035478,0.0791812325130509,0.0517504782508272,0.03453533955756881,0.00025800222691962406
0.03955,-4.431160419437051e-05,1.2356732592841684e-05,-0.09482164621092172,-0.05774194931687571,0.05319740662679317,0.06668265421825287,0.02798468731303634,0.000256777618626087
0.0396,-4.848029010733273e-05,9.327476735706871e-06,-0.07157827060969726,-0.06317575785526552,0.030326714082212367,0.07982352761174287,0.02222042678871153,0.0002539240970999166
0.039650000000000005,-5.143964523051288e-05,6.0654458271091155e-06,-0.046549222883152566,-0.06703353970191124,0.012837158630672698,0.0898699088993542,0.01781414663695396,0.00024972491888354445
0.0397,-5.311584099265113e-05,2.6520177606734346e-06,-0.02035885952274754,-0.0692190166899454,0.002463135279098594,0.09582544543045879,0.015202783136702756,0.00024459678980548894
0.03975,-5.346705769044782e-05,-8.276507919312916e-07,0.006339489605004427,-0.06967763104430257,0.0002334359938983183,0.09709944535891914,0.014645295060741791,0.0002390485432184195
0.0398,-5.24845278876986e-05,-4.286748875272608e-06,0.032879819100716676,-0.06839790724141735,0.006369225817259211,0.09356547430011064,0.016196986153208304,0.00023363068093335449
0.039850000000000003,-5.01927552855278e-05,-7.638977052570573e-06,0.058600062150750865,-0.06541173900867892,0.02026210702266658,0.08557391200279053,0.019704021368562308,0.00022888078074884195
0.039900000000000005,-4.664890363635256e-05,-1.0800700481371222e-05,0.08285860650685213,-0.0607935943408223,0.04053444700042424,0.07391722225752922,0.0248186806831441,0.00022527018478528968
0.03995,-4.194137087450361e-05,-1.3693035542102804e-05,0.10505030020683656,-0.0546586582529991,0.06517598779675622,0.059751378440362934,0.03103383791314741,0.00022315725494604516
0.04,-3.618758413760154e-05,-1.6243817973983984e-05,0.1246215479934681,-0.0471599597648585,0.09174319082841502,0.044481236100461445,0.037733245863645765,0.00022275183241446834
0.04005,-2.9531070526181716e-05,-1.8389403378837073e-05,0.14108412137813892,-0.0384845545218623,0.11760154871253982,0.029621218734923842,0.04425264142032144,0.00022409442422312574
0.040100000000000004,-2.2137876854617468e-05,-2.0076255230143686e-05,0.1540273385106021,-0.028848858608811867,0.14018683585066694,0.01664513286062437,0.04994561194641288,0.00022705218356685526
0.040150000000000005,-1.4192427525288106e-05,-2.1262280677794087e-05,0.16312830912859405,-0.018493249613088052,0.15725939020751714,0.006840005625039628,0.05424769132206423,0.00023133208007906905
0.0402,-5.892923999467875e-06,-2.1917880927872387e-05,0.1681599900113751,-0.007676069949568121,0.1671262110663691,0.0011784409974132546,0.05673233063086354,0.0002365099571992578
0.04025,2.5535994667409065e-06,-2.2026689863296844e-05,0.1689968489167768,0.0033328182146180295,0.16880884732109044,0.0002221535450337942,0.05715319291935484,0.00024207259237148162
0.0403,1.0936440442746925e-05,-2.158598260540482e-05,0.16561799674796526,0.014258765451493504,0.16214042833017978,0.004066247844014095,0.05546857887022018,0.000247468592074641
0.040350000000000004,1.9046484450066976e-05,-2.0606743684216672e-05,0.158107708797478,0.02482918713263124,0.14778221402428343,0.012329770673344414,0.051845560763377874,0.00025216307179455025
0.040400000000000005,2.6681421537195125e-05,-1.911339324525522e-05,0.14665332299506176,0.03478036406337541,0.1271580236935824,0.024193474487618716,0.04664341546413063,0.0002556907011415329
0.04045,3.365079304983532e-05,-1.7143177983262065e-05,0.13154056668852795,0.04386402198752367,0.10231304473832233,0.038481048498439197,0.04037799864424402,0.00025770185076786777
0.0405,3.978074291148701e-05,-1.4745242152543892e-05,0.11314642948633363,0.05185352595705044,0.07571102330662466,0.053775763083570086,0.033670593473547256,0.0002579972681229736
0.04055,4.4918354535385695e-05,-1.1979401620598545e-05,0.09192975879102044,0.05854953471916373,0.04998994734289016,0.06856096031661119,0.027186305150242077,0.00025654783823151483
0.040600000000000004,4.893546567645137e-05,-8.914651798006311e-06,0.0684198139554152,0.06378497451504768,0.027700450779512383,0.08137045947770565,0.021568110805043103,0.0002534974758390821
0.04065,5.173186544130559e-05,-5.627446401599247e-06,0.04320306328223704,0.06742920756805029,0.011052879153685248,0.09093396066510423,0.01737310345370359,0.00024914885471729166
0.0407,5.323779438366756e-05,-2.1997902341160253e-06,0.016908554299216613,0.06939129199803182,0.0016980997214071031,0.09630302810312229,0.015017252632447457,0.0002439333963882003
0.04075,5.341568461190432e-05,1.2828066420560778e-06,-0.009807778472110451,0.0696222510045875,0.0005637917972040792,0.09694515669891568,0.01473415854195334,0.00023836848715205988
0.0408,5.2261097182494514e-05,4.733462147033116e-06,-0.0362794764213293,0.06811629553521403,0.007762452001935928,0.09279659434881238,0.016551889971133434,0.00023300617249789288
0.040850000000000004,4.980283275224198e-05,8.066089721404179e-06,-0.0618461822686562,0.06491096909522816,0.022580237186154595,0.08426867817763331,0.020290202249060686,0.00022837841079211452
0.0409,4.610221330928534e-05,1.1197546031145088e-05,-0.0858701135151416,0.0600862118647373,0.043547751651863885,0.07220705712508196,0.0255784113589689,0.0002249443206247039
0.04095,4.1251552379326946e-05,1.4049705267696207e-05,-0.10775197246351242,0.05376236671830417,0.06858575904477235,0.057807841503068405,0.031892151365015345,0.00022304464848438806
0.041,3.537185233553439e-05,1.6551408322716484e-05,-0.1269458966717017,0.04609717758910755,0.09521136973086819,0.04249899563363439,0.038605370708609886,0.00022286797678869457
0.04105,2.8609785817999362e-05,1.864023813551015e-05,-0.14297307584437619,0.03728185435232574,0.12078425657146136,0.027798733278960597,0.04505241082464758,0.0002244320189684624
0.041100000000000005,2.1134036964111318e-05,2.0264077024443025e-05,-0.15543369671371382,0.027536303074524895,0.14276848375728793,0.015164959740241783,0.05059401210921781,0.0002275818614191209
0.04115,1.3131093393477276e-05,2.1382407027316192e-05,-0.1640169166544498,0.017103640028220755,0.15898398348872397,0.005850690044299106,0.05468070140431033,0.00023200532262724886
0.0412,4.800594141993236e-06,2.1967320921322626e-05,-0.16850861833680197,0.0062441267613611755,0.1678227434837316,0.0007797823802389361,0.05690727626459183,0.00023726391002718114
0.04125,-3.6496505269665623e-06,2.2004218596785047e-05,-0.1687967510790015,-0.004771322746785316,0.16840826619738783,0.00045531041507981937,0.05705298291191476,0.00024283630228270144
0.0413,-1.200884314410746e-05,2.1492171489602673e-05,-0.164874126321371,-0.015667900707065578,0.16068248742644767,0.004909662251329321,0.05510340439817019,0.0002481700469742954
0.041350000000000005,-2.0068457578501577e-05,2.04439459103105e-05,-0.15683859696977237,-0.026173761384747776,0.1454115344261637,0.013701315700514277,0.05125188835397052,0.00025273634559251016
0.0414,-2.762744093923761e-05,1.8885684739654524e-05,-0.144890616530231,-0.03602680313638629,0.1241097528547856,0.025958610884558656,0.045880373149704695,0.00025608249409092077
0.04145,-3.449722903371683e-05,1.6856255379321642e-05,-0.12932823859281126,-0.04498120741620866,0.09888953609577256,0.0404661804123997,0.03952151365689819,0.00025787677750756146
0.0415,-4.050645030409685e-05,1.4406280262082572e-05,-0.11053968166572642,-0.05281357163219764,0.07225184893584123,0.05578546697098542,0.032805862491168084,0.00025794136728219297
0.041550000000000004,-4.5505200872631183e-05,1.159687408016206e-05,-0.08899364467747246,-0.05932848283137811,0.04683821827752382,0.07039737750146254,0.02639934421117983,0.0002562699582365638
0.041600000000000005,-4.936878403111817e-05,8.498119233539417e-06,-0.06522761476683489,-0.0643633931326076,0.025168784923932715,0.08285292751085196,0.02093722258296903,0.0002530283959257752
0.04165,-5.200082097050606e-05,5.187317553918346e-06,-0.039834459119749,-0.06779267535945149,0.00939239274583765,0.09191693664783963,0.01696110876390185,0.00024853823274169687
0.0417,-5.3335654992886904e-05,1.7470618750821622e-06,-0.013447635194225796,-0.0695307575050498,0.0010734977362049994,0.0966905247845208,0.014865256502312078,0.00024324484174631015
0.04175,-5.333998944623277e-05,-1.736824391820371e-06,0.01327461159280358,-0.06953425808346356,0.0010370283353627462,0.09670026094435433,0.01485746976753274,0.0002376732522035137
0.041800000000000004,-5.201371826824123e-05,-5.177428320445154e-06,0.03966566854762337,-0.06780306876529192,0.009286581517456254,0.09194512267981811,0.01693849892463255,0.00023237608403706841
0.041850000000000005,-4.938992868599133e-05,-8.48891572434548e-06,0.06506718519739352,-0.06438035763270043,0.025004066790611634,0.08289660897828817,0.02090196852576704,0.00022787874678173713
0.0419,-4.553407573440937e-05,-1.1588672523377775e-05,0.08884549652930436,-0.059351492584687485,0.046630833345292264,0.07045199344060427,0.026354843523167908,0.00022462733504313639
0.04195,-4.054234946080921e-05,-1.4399365809364983e-05,0.11040743067455001,-0.052841912151036924,0.07202223539147172,0.055845353595558075,0.03275640453564485,0.00022294439021125777
0.042,-3.453927526378257e-05,-1.6850873154273042e-05,0.12921510608008868,-0.04501399637608817,0.09866030781304017,0.040525197394929574,0.03947186688781658,0.00022299691264054464
0.042050000000000004,-2.7674607517228174e-05,-1.8882032095955017e-05,0.14479934988753748,-0.03606301631556383,0.12390346238677116,0.02601082291553246,0.04583532689303687,0.00022477979987853427
0.042100000000000005,-2.0119593687438364e-05,-2.044216604905475e-05,0.15677140165085868,-0.026212262672083816,0.1452484425065136,0.013741654287806371,0.05121579289432066,0.00022811634974985725
0.04215,-1.206270240550969e-05,-2.1492348713143725e-05,0.16483261181263528,-0.01570747562031056,0.1605785604307539,0.0049344958072530115,0.05507975420503777,0.00023267578280535895
0.0422,-3.704921841591621e-06,-2.200637525547606e-05,0.16878189140565233,-0.004810714281945232,0.16837359913456978,0.00046285943805023653,0.05704408264864637,0.00023800604207342149
0.04225,4.745254174528688e-06,-2.1971416240963314e-05,0.16852072886014358,0.006206180781419492,0.16786056519191353,0.0007703335978332132,0.05691402215078304,0.0002435786223875486
0.042300000000000004,1.3077027284848262e-05,-2.1388337769189848e-05,0.16405564698699407,0.017068369296693288,0.1590903415731182,0.005826584608966042,0.05470249830798734,0.00024884097889074186
0.04235,2.1082553245812182e-05,-2.0271680060812493e-05,0.15549804058926567,0.02750486782381969,0.14293264075159323,0.015130355080115832,0.0506288345162192,0.0002532713224411464
0.0424,2.8562126800150365e-05,-1.8649294789830733e-05,0.1430613970879757,0.03725531015235467,0.12098975710161249,0.02775916269096282,0.045097001077171336,0.0002564303631318001
0.04245,3.532916364042547e-05,-1.6561650453529877e-05,0.12705597113187392,0.046076442945943846,0.09543767306025122,0.04246077189101637,0.03865555538417961,0.0002580048758323114
0.0425,4.121485484155282e-05,-1.4060822829098474e-05,0.10788104432730666,0.053748194362903914,0.06881027447230853,0.05777736794544992,0.031943244642118104,0.00025783876129370574
0.042550000000000004,4.607237812288981e-05,-1.1209196005924996e-05,0.08601496496162284,0.06007916463088192,0.04374807522522223,0.07219012045489226,0.025625666462932246,0.00025594852947836066
0.0426,4.978056033135237e-05,-8.077906097621598e-06,0.06200321455070334,0.06491140109003977,0.022736367896410654,0.08426979982944034,0.02032926720365715,0.00025252166221782963
0.04265,5.224690034699626e-05,-4.745066712386041e-06,0.03644480019983004,0.06812433914172424,0.007858767945542073,0.09281851166993321,0.016579223673701043,0.00024789802417870437
0.0427,5.3409876476516375e-05,-1.2938202578425135e-06,0.00997731137518753,0.06963781020950277,0.0005905909134652324,0.09698849221549456,0.01474736731687908,0.00024253615970847868
0.04275,5.32404812233197e-05,2.1897361749642527e-06,-0.01673898564584951,0.06941404218587748,0.0016525528221488716,0.09636618505165555,0.015015315038652244,0.00023696782223432824
0.042800000000000005,5.174294477968997e-05,5.618698685737067e-06,-0.04303761905521388,0.06745860199713698,0.01093930151537838,0.09101325966816266,0.017356462258107816,0.00023174524180154393
0.04285,4.895462949071283e-05,8.90752456983336e-06,-0.06826253762307762,0.06382025715170599,0.027529866112508582,0.08146050445819758,0.02153862375421381,0.00022738636277819507
0.0429,4.4945097683037214e-05,1.1974166386157945e-05,-0.09178447674518514,0.05858975938856664,0.0497789881545001,0.06865519810420266,0.027147060058405264,0.00022432348015238895
0.04295,3.9814376304291596e-05,1.4742118846368563e-05,-0.11301665634864434,0.051897581037217186,0.07548027736142279,0.05386717835029049,0.03362560597699872,0.0002228603698082789
0.043000000000000003,3.3690461527350094e-05,1.714232745307019e-05,-0.1314294188470881,0.04391066034897534,0.10208501225601162,0.0385629218456615,0.04033182255381585,0.00022314216282345455
0.043050000000000005,2.6726125650787966e-05,1.9114911275876482e-05,-0.14656344210192798,0.034828237107335534,0.12695488792566403,0.02426012200009568,0.046600703421544744,0.0002251409520975534
0.0431,1.9095105933436427e-05,2.061065689315562e-05,-0.15804119782218526,0.02487688238495834,0.1476236468700058,0.01237718554390101,0.05181061824972734,0.00022865855876258976
0.04315,1.098777041124395e-05,2.159224619680323e-05,-0.1655763692795888,0.014304846363214082,0.1620416477157654,0.004092572589503182,0.055444954016046995,0.0002333461834319701
0.0432,2.606368868948368e-06,2.2035187483432094e-05,-0.16898099388816806,0.003375865347659353,0.16877911927504616,0.00022792933691054412,0.057143341991402766,0.00023873899498908735
0.043250000000000004,-5.8400126019608406e-06,2.192842652527266e-05,-0.16817015183563042,-0.007637417662876724,0.16716794352246928,0.0011666029711444271,0.05673739038250964,0.000244302225211643
0.043300000000000005,-1.4140667578191737e-05,2.1274622464284154e-05,-0.1631640845081389,-0.01846025460204154,0.15736790819185043,0.006815619999443918,0.05426737994667478,0.00024948420016953813
0.04335,-2.208852567252116e-05,2.0090081547978953e-05,-0.15408768915173401,-0.02882264654586598,0.1403508584708857,0.016614899078158406,0.04997826675796657,0.00025377104746340475
0.0434,-2.9485318219441798e-05,1.84043504544689e-05,-0.14116740305235448,-0.038466079489712236,0.1178043202678697,0.029592785426177208,0.04429538918301838,0.00025673765614568026
0.04345,-3.614652431489652e-05,1.625947925044745e-05,-0.12472555432303857,-0.04714997361162997,0.09196415199235353,0.044462400231548044,0.0377822878371107,0.00025808983362409236
0.043500000000000004,-4.190597399120687e-05,1.3708972483039243e-05,-0.1051723209149434,-0.054657685251752776,0.0653928209769502,0.05974925114159346,0.0310848218445107,0.0002576934815317993
0.043550000000000005,-4.661999343801556e-05,1.081645443195368e-05,-0.08299549769200505,-0.060801911642309935,0.04072529160309042,0.07393744918718528,0.024867122652365025,0.00025558789382877666
0.0436,-5.017098920033455e-05,7.65408197078667e-06,-0.05874832760964377,-0.06542936388708426,0.02040772519643233,0.08562003317336972,0.01974573696986552,0.00025198186230291557
0.04365,-5.2470381533515465e-05,4.300744481763618e-06,-0.033035699913073216,-0.06842459116867346,0.006454903479145063,0.09363849353200211,0.016228488967293567,0.00024723297119042236
0.0437,-5.3460814203255286e-05,8.4009586659416e-07,-0.006499060166414668,-0.06971286130889666,0.00025043131581980706,0.09719766063746922,0.014664124661713738,0.00024181213876952375
0.043750000000000004,-5.3117585096330794e-05,-2.641532369247377e-06,0.020199591748913177,-0.0692620251969075,0.002409531666507395,0.09594456268754098,0.01520773141677667,0.00023625691729846688
0.0438,-5.1449262489327835e-05,-6.057284804370634e-06,0.0463942163818732,-0.06708331924854857,0.012718038807601213,0.09000343442805375,0.017805361791584207,0.00023111818728503947
0.04385,-4.849747106684225e-05,-9.321948894144758e-06,0.07143135006603143,-0.06323108515699444,0.030153639385898576,0.07996340260262165,0.022199385934905107,0.00022690552735815775
0.0439,-4.433585353911529e-05,-1.2354080785756484e-05,0.09468640675930262,-0.057801414632009815,0.05298725472748221,0.06682007066923037,0.027954041850360774,0.00022403668188713575
0.04395,-3.9068233297453756e-05,-1.5078037112329137e-05,0.11557925908530162,-0.05092975224619879,0.07895451023205914,0.051876793277183815,0.03449864925299213,0.00022279613312204796
0.044000000000000004,-3.2826024386051115e-05,-1.742586213187339e-05,0.13358871079282267,-0.04278751687796555,0.10548028797636333,0.03661543201164374,0.04118420210432339,0.00022330689067231806
0.04405,-2.5764952951937073e-05,-1.9338983023036293e-05,0.1482654982591904,-0.03357782527038043,0.12993409346803653,0.022549406997763973,0.04734772699775657,0.00022551829078930867
0.0441,-1.806117242836556e-05,-2.0769671206249676e-05,0.15924349845238372,-0.023530425220119264,0.14989091369006577,0.011073618220792494,0.052378026331827546,0.0002292110213986932
0.04415,-9.906868946797197e-06,-2.168223303086198e-05,0.16624886174707082,-0.012895963990228673,0.16337169651221004,0.0033261177447454927,0.05577628572610516,0.00023401886835957983
0.0442,-1.5054669239873937e-06,-2.2053900345882074e-05,0.16910684380769173,-0.001939735605815669,0.16903960559095127,7.525148440938161e-05,0.0572055369678595,0.00023946503252522238
0.044250000000000005,6.93344576166955e-06,-2.1875398505889386e-05,0.1677461641566956,0.00906493748409961,0.16633258722696945,0.0016434618318126833,0.05652407045334204,0.0002450094107168661
0.0443,1.519934632309417e-05,-2.115117786687411e-05,0.16220078450134434,0.019843522932458942,0.1555191048060284,0.007875308047420478,0.05379948519281617,0.0002501021569361209
0.04435,2.308602889673959e-05,-1.9899302777225797e-05,0.1526090608294119,0.030127127297687597,0.13767151251543527,0.018152875984221464,0.0493019822921035,0.0002542382077425579
0.0444,3.039674873285105e-05,-1.8151001040669195e-05,0.13921029190205358,0.03965920419916709,0.11455971046977506,0.03145704955422465,0.04347756817604363,0.00025700736902308603
0.04445,3.694913024585096e-05,-1.5949884887734382e-05,0.1223387489194297,0.04820195442897934,0.08847562615325769,0.04646856821546802,0.03690382420666272,0.00025813499293490084
0.044500000000000005,4.2579716712458106e-05,-1.3350863081225401e-05,0.10241533650118827,0.05554225849427987,0.0620059291465955,0.06169884957290809,0.03023262973723946,0.0002575092153757339
0.04455,4.7148047852179694e-05,-1.0418771119890519e-05,0.07993709200041663,0.06149699337287693,0.037775517640581326,0.07563760387807339,0.02412551793667715,0.000255192048859783
0.0446,5.054016383502709e-05,-7.226753855193259e-06,0.05546478590044288,0.06591760108742528,0.018187215147586457,0.08690260266241862,0.01918807534932673,0.0002514132342117621
0.04465,5.26714480851298e-05,-3.854440768326873e-06,0.02960893210950788,0.06869379490220334,0.005183490547821962,0.09437674916131955,0.015909890095528827,0.00024654745808999244
0.044700000000000004,5.3488738099995715e-05,-3.859594845813424e-07,0.0030145574318313512,0.06975631082501699,5.38311113855051e-05,0.09731885799832764,0.014616003812768763,0.00024107719711776506
0.044750000000000005,5.297165157510579e-05,3.092162940298698e-06,-0.02365488993924792,0.06907863570984056,0.003306870526340909,0.0954371582306572,0.015434681370674443,0.00023554487260582952
0.0448,5.113309474389318e-05,6.493158601726484e-06,-0.04973409142669912,0.06667766882954039,0.014619952416061514,0.08891823041083725,0.01828469426170412,0.00023049906045780372
0.04485,4.8018940304496586e-05,9.732183343185473e-06,-0.07457245572313814,0.06261330048057695,0.032871130715544435,0.07840850794142035,0.02288337849637185,0.0002264400908944309
0.0449,4.370688288700645e-05,1.2728433367244909e-05,-0.09755034892423442,0.0569869180076841,0.05625043319285785,0.06495017648029021,0.028774667622523297,0.0002237704319309942
0.044950000000000004,3.830450073784328e-05,1.5407161068467693e-05,-0.11809455248404017,0.04993887670342699,0.08243935422705098,0.049877828128001664,0.035374320872011686,0.00022275477814920274
0.045000000000000005,3.1946571813403406e-05,1.7701539768675386e-05,-0.1356925629413822,0.04164499840350004,0.10884077658796425,0.03468611784055042,0.04202786095128451,0.00022349380089521948
0.04505,2.4791711434383254e-05,1.9554330889267815e-05,-0.1499053773336332,0.03231218546253896,0.13283652169180507,0.02088154658731028,0.048075476295174446,0.0002259141653899775
0.0451,1.7018415187917445e-05,2.091931188579093e-05,-0.16037844448344835,0.022173259159377377,0.15204698710178785,0.009833068434978253,0.05291745117510779,0.00022977580200071862
0.04515,8.820605963358435e-06,2.1762429428167633e-05,-0.16685050997059953,0.011481151647412636,0.16456712446263053,0.0026363368630177176,0.05607363588435092,0.00023469571362923864
0.045200000000000004,4.027960934745967e-07,2.2062648933021756e-05,-0.16916013305763297,0.0005025960460082295,0.1691553557678123,5.052055709262127e-06,0.057231059040508576,0.0002401859553170379
0.045250000000000005,-8.02501464710724e-06,2.181247938843709e-05,-0.1672497140905454,-0.010488527689098701,0.1653566947713203,0.0022001842616998024,0.05627496136599333,0.0002457020227687561
0.0453,-1.6252577910892907e-05,2.1018160236643342e-05,-0.16116693083552974,-0.021218025265196706,0.1535478631617668,0.009004091923090516,0.053300172978352434,0.00025069684831308537
0.04535,-2.4074641866836134e-05,1.9699505794184414e-05,-0.15106354895321955,-0.03141822839483935,0.13489992871792045,0.019742101509405793,0.048601706871094386,0.0002546750526283983
0.0454,-3.1296071552548723e-05,1.788941094224886e-05,-0.137191635297843,-0.040834672326004656,0.11126216988450369,0.03334940927944341,0.042645500983309235,0.0002572420691809368
0.045450000000000004,-3.773671695457137e-05,1.5633030589372e-05,-0.11989726958162088,-0.04923244409414102,0.0849786849020391,0.048476671029654424,0.03602221116070391,0.00025814327356756553
0.0455,-4.323590703284002e-05,1.2986653155026715e-05,-0.09961191000428035,-0.056402042852902304,0.05865593104600272,0.06362380875961256,0.02938863654334358,0.0002572892323646917
0.04555,-4.7656458068126005e-05,1.0016296446107113e-05,-0.07684162973715505,-0.06216460652363943,0.03490424792169697,0.07728876608477828,0.023402587034040807,0.00025476457409903696
0.0456,-5.0888095726355036e-05,6.796060668066842e-06,-0.05215449131159757,-0.066376373772847,0.016078996304427405,0.08811645990465382,0.018657650913641084,0.00025081959520574797
0.04565,-5.2850206152790135e-05,3.4062799238975314e-06,-0.02616637513065244,-0.0689322707239089,0.004046984001142041,0.09503315894308535,0.015624332216418856,0.00024584544094719425
0.045700000000000005,-5.349384676686926e-05,-6.848190664399372e-08,0.00047438524316413544,-0.06976853213057535,1.3410874614142426e-06,0.09735296151310249,0.01460339430968324,0.00024033531528382918
0.04575,-5.280296726912705e-05,-3.5415407437750326e-06,0.02710317721049338,-0.06886429242688624,0.004343202996730474,0.09484581542911404,0.01569603674417392,0.00023483557292945653
0.0458,-5.0794809780798496e-05,-6.92625482525253e-06,0.05305568931976601,-0.06624210617149823,0.016641934296987897,0.08776033260072089,0.018793862228499197,0.00022989153784617455
0.04585,-4.751947869538481e-05,-1.0138186152134548e-05,0.07768448402829277,-0.06196738564584663,0.035677837431204146,0.07679913767562159,0.023589628768827385,0.00022599342629301553
0.0459,-4.305869047956772e-05,-1.30972069632716e-05,0.10037514920894536,-0.05614676893873094,0.059563110688201706,0.06304919324518483,0.02960772014421381,0.00022352773254781397
0.045950000000000005,-3.752373505640549e-05,-1.5729498703080975e-05,0.1205616260796068,-0.04892545988017832,0.08592906017610658,0.047874012489738764,0.03625131323937867,0.00022273890242420374
0.046,-3.1052699230714745e-05,-1.7969393564232074e-05,0.1377403303455298,-0.04048360555661651,0.11216099979878143,0.03277844637727422,0.042861564163982485,0.00022370509127582776
0.04605,-2.3807021779802148e-05,-1.9761012738411802e-05,0.15148271523334,-0.031031802359239267,0.13565754505122568,0.019259455153257755,0.048782944301919026,0.00022633041437643124
0.0461,-1.596746587667078e-05,-2.105966042328836e-05,0.16144596208529716,-0.02080584219836743,0.15408858639258324,0.008657661391667338,0.053428246556044515,0.00023035445488274833
0.046150000000000004,-7.729609499888565e-06,-2.1832938880066625e-05,0.1673815325481969,-0.010060830271027228,0.16562636004133008,0.0020244061148483564,0.05633681579359345,0.00023537808891653173
0.046200000000000005,7.010337564317816e-07,-2.2061556671544575e-05,0.16914136852158343,0.0009351790519660317,0.16912670113769612,1.7491197184721716e-05,0.057220228770285896,0.00024090306528867935
0.04625,9.114141711898815e-06,-2.1739809948857254e-05,0.1666815854768519,0.011907869371544592,0.1642425052030071,0.002835947059395396,0.055990893933063494,0.000246381415663997
0.0463,1.729983057504974e-05,-2.0875724764080798e-05,0.16006356688948967,0.022583505643518895,0.1514581463139027,0.010200294543016995,0.052770735072224816,0.0002512697949498619
0.04635,2.5053890963690587e-05,-1.9490856863144645e-05,0.14945243252715418,0.03269576307044998,0.13204143915073005,0.021380258455180014,0.04787909794484414,0.00025508336324217204
0.046400000000000004,3.2182882346663654e-05,-1.7619753952281824e-05,0.13511291880894008,0.041992371138720445,0.10791790905676102,0.03526718467704083,0.04180107935969859,0.00025744386599392945
0.046450000000000005,3.8508958805106116e-05,-1.530909384748808e-05,0.11740277398777349,0.050241407044144135,0.08147983876501377,0.05048397963550752,0.03513941962537458,0.00025811714430263027
0.0465,4.387430576712464e-05,-1.2616520027882222e-05,0.09676383304407882,0.05723708153978231,0.0553490285743924,0.06552167006383379,0.028554729280339787,0.00025703635604703103
0.04655,4.814507693172269e-05,-9.609203596950828e-06,0.07371099472724574,0.06280487276744769,0.03211679658310789,0.07888904086670584,0.022699977617365974,0.0002543086039129315
0.0466,5.121473334131447e-05,-6.362167593853917e-06,0.04881937605405455,0.0668058801769834,0.014087002945523973,0.08926051252442926,0.01815573983527878,0.0002502043149364664
0.046650000000000004,5.3006701060385126e-05,-2.956415379099344e-06,0.022709964414436602,0.0691402896436899,0.003047581721125294,0.09560759304026666,0.01537262392344995,0.00024513042225503436
0.046700000000000005,5.347628145454969e-05,5.230901373424849e-07,-0.003965874530856294,0.06974986368459624,9.32370951349829e-05,0.09730086968039514,0.014626586773648259,0.00023959001142928306
0.04675,5.2611766097786305e-05,3.989546076338489e-06,-0.03054264677825158,0.0686193942520848,0.005516886577933918,0.09417242535046097,0.01599157034701123,0.0002341324301246835
0.0468,5.043472881542122e-05,7.356475057954427e-06,-0.05635733238805027,0.06577708227899695,0.018780616327076307,0.0865324910627587,0.019332171487208165,0.000229298811553619
0.04685,4.699948727392646e-05,1.0539882556379166e-05,-0.0807659259824559,0.06129383408328959,0.03856902856832412,0.07513868193259665,0.024317071889496587,0.00022556841119241057
0.046900000000000004,4.239174783866782e-05,1.3460352323281237e-05,-0.1031595030421814,0.05528149260112071,0.0629196905127656,0.06112086848415528,0.03045189640844296,0.00022331108108545193
0.046950000000000006,3.672646723644761e-05,1.6045027578194614e-05,-0.12297941067123894,0.04789004715053956,0.08941774791984887,0.045869132321618045,0.03712824074633318,0.00022275059202056874
0.047,3.014498464761521e-05,1.822942859914325e-05,-0.13973120462804536,0.03930389179309901,0.11543540395867209,0.030895918201672715,0.043684006823860276,0.00022394244387573614
0.04705,2.2811495480299323e-05,1.9959061270678713e-05,-0.15299698383944257,0.029737225106897976,0.1383925138526712,0.017686051141166465,0.049469061799108274,0.0002267683608773971
0.0471,1.4908955103772974e-05,2.1190776602357087e-05,-0.16244581611513156,0.01942870671659428,0.15601245349743498,0.007549492893588715,0.05390971028066058,0.00023094802212074515
0.047150000000000004,6.63451445919274e-06,2.1893847120579435e-05,-0.16784199328910923,0.008635503306699339,0.16654788672695806,0.0014914383472003042,0.05656558517460282,0.00023606685909267666
0.0472,-1.8053983733277929e-06,2.2050733492757106e-05,-0.16905091169246808,-0.0023731268354392557,0.16895404394078187,0.00011263461954163871,0.057173316681040524,0.00024161716878313418
0.04725,-1.0200228069582255e-05,2.1657522024745682e-05,-0.16604242935424918,-0.013322551107028912,0.16299232682294135,0.003549807359987946,0.05567264779571985,0.0002470484600263573
0.0473,-1.8340544912178402e-05,2.0724022361110952e-05,-0.1588916180623702,-0.023939613847235416,0.14925396686867048,0.011462102223094912,0.05221240791442049,0.00025182204556395925
0.04735,-2.602326948586531e-05,1.927352270372903e-05,-0.14777688973714195,-0.033959450793278126,0.1291013901197212,0.023064885963621565,0.04713575117531006,0.00025546446093070523
0.047400000000000005,-3.305673904250968e-05,1.734220890775895e-05,-0.1329755455861033,-0.04313209672663542,0.10453310481301956,0.03720755536071668,0.04094612475195118,0.00025761441803011663
0.04745,-3.9265488860865645e-05,1.4978261678046556e-05,-0.11485685737249159,-0.05122872132361135,0.07798550951672678,0.052487637769044644,0.034257341036326446,0.00025805863136513826
0.0475,-4.4494629715725126e-05,1.2240654672880309e-05,-0.0938728551125893,-0.058047337935482224,0.05209127785176519,0.06738986882792147,0.02773270617816659,0.0002567529705350503
0.04755,-4.8613711765954894e-05,9.197683217916494e-06,-0.07054704945408559,-0.06341784245500715,0.02941827926821077,0.08043645483296213,0.02201924059829872,0.00025382683466877807
0.0476,-5.151997899145157e-05,5.925260584296681e-06,-0.045461371388287826,-0.0672062570738412,0.01221492774947491,0.09033361979750462,0.01768351554663336,0.00024957032143972023
0.047650000000000005,-5.314093249191216e-05,2.505024136941778e-06,-0.019241654192549515,-0.06931807253195753,0.002187211164427158,0.0960999035909145,0.015155468050768492,0.00024440545750493525
0.0477,-5.343613912988795e-05,-9.777012635833063e-07,0.007457979646581212,-0.06970060596428103,0.00032951315695179127,0.09716348943575936,0.014685766336181542,0.0002388443478434951
0.04775,-5.2398240054637825e-05,-4.436031883151104e-06,0.03397143727736688,-0.06834431510646936,0.006826004374121686,0.09341890814744752,0.016320953323497273,0.00023343839087402502
0.0478,-5.0053134219281716e-05,-7.783692609816425e-06,0.059637272921042025,-0.06528303641901544,0.02103238171833236,0.08523749688172991,0.01989883317517719,0.00022872359809641242
0.047850000000000004,-4.645933210466131e-05,-1.0937169272181003e-05,0.08381518927333514,-0.06059314090503755,0.041539766207734224,0.0734305744947547,0.025064558080063193,0.0002251674388567436
0.047900000000000005,-4.170649593362549e-05,-1.3817792079464482e-05,0.10590201132347311,-0.054391628904065015,0.06631442251646856,0.05916898589675042,0.03130581988922662,0.00022312248295157247
0.04795,-3.591320269370294e-05,-1.6353698207048595e-05,0.12534673397486495,-0.046833211243319545,0.09289944412230022,0.04386699350722784,0.038003656462415304,0.00022279143728073507
0.048,-2.9223985818345638e-05,-1.8481624563179096e-05,0.14166426808092056,-0.038106449617945515,0.11865840298216564,0.029042030049700397,0.04449383420926092,0.0002242070440757532
0.04805,-2.1805729350340484e-05,-2.014848603049005e-05,0.15444754213948253,-0.02842905253439618,0.14103680132782886,0.016164220560069158,0.05013271962986483,0.0002272288345460157
0.048100000000000004,-1.3843504483518043e-05,-2.1312699767506e-05,0.1633776573419804,-0.018042444034931215,0.1578153973912341,0.0065105957350725,0.054361107197368,0.000231557058705617
0.048150000000000005,-5.535952430650806e-06,-2.1945222599891107e-05,0.1682318432470493,-0.007205740881969902,0.16733028361011054,0.0010384540331618477,0.056759674269573804,0.00023676241169053313
0.0482,2.9096712584818067e-06,-2.203027553271421e-05,0.1688890148581522,0.0038107117285504817,0.16863789191644624,0.000290430477562244,0.05709056325114864,0.00024232860657666096
0.04825,1.12826672652223e-05,-2.1565737412389924e-05,0.16533279329689402,0.01473208450845272,0.1616085636860878,0.004340686279283853,0.05532096802059954,0.00024770357408357326
0.0483,1.9374148952871746e-05,-2.056319780730951e-05,0.1576519138927873,0.02528592031923198,0.14693940460082644,0.012787555327810975,0.05162638520728929,0.0002523542094916182
0.048350000000000004,2.6982253614812274e-05,-1.904766789948848e-05,0.14603801230321578,0.035208931229311444,0.1260851506521546,0.024793376766207652,0.04637320858987956,0.00025581923993826973
0.048400000000000006,3.3917178409843804e-05,-1.7056956483733593e-05,0.1307808431386099,0.04425356678921921,0.10111390077211677,0.03916756347135771,0.04008239238479504,0.0002577549669231958
0.04845,4.0005915528477026e-05,-1.4640726775813055e-05,0.11226105119603245,0.05219418978458705,0.07450202389653471,0.05448466894538983,0.03337778757308491,0.0002579693508265936
0.0485,4.50965681857669e-05,-1.1859257398418992e-05,0.09094067474114437,0.05883270516591942,0.04888857870305032,0.06922574394280004,0.02692427423616923,0.0002564410535836469
0.04855,4.9062140138724314e-05,-8.781938635085734e-06,0.06735161870143458,0.0640035020826708,0.026813600801701518,0.08192896557692891,0.021361825919946204,0.0002533215556766051
0.048600000000000004,5.180370372870076e-05,-5.485541282264826e-06,0.042082384477279786,0.06757758524902546,0.01046621055836609,0.09133460056178608,0.01724204425085511,0.00024892013238417754
0.048650000000000006,5.3252867958747854e-05,-2.0523014649528274e-06,0.015763388159459494,0.06946579318322636,0.001467521825873661,0.09650992845149557,0.01497345808025591,0.0002436731848202815
0.0487,5.337348443183522e-05,1.4321309651633637e-06,-0.01094876708855929,0.0696210223206948,0.000709879866742474,0.09694173497957365,0.014781011248455087,0.000238100961249845
0.04875,5.216254922322984e-05,4.880829138168755e-06,-0.037387671855559565,0.068039402299329,0.00826837103026931,0.09258720530499875,0.016683756809307813,0.00023275596648813986
0.0488,4.965027756369504e-05,8.207757765741402e-06,-0.06289373581936462,0.06476039228072202,0.0233933793657823,0.08387816816706,0.020492969235691057,0.00022816816979846929
0.048850000000000005,4.5899350066069776e-05,1.1329919483209911e-05,-0.08683064313836586,0.059865796715311094,0.044584928132066395,0.07167827232717905,0.02583086202472134,0.0002247924502975317
0.0489,4.100334875682242e-05,1.4169425394298184e-05,-0.10860122680073457,0.053477724322343025,0.06974143342733659,0.057197339973930374,0.032168053921338736,0.0002229634865478965
0.04895,3.508442244281288e-05,1.6655438204880018e-05,-0.1276623667920612,0.045755541982259264,0.09636811831266168,0.041871392441805794,0.03887606865617241,0.0002228625688332364
0.049,2.8290239151389754e-05,1.87259393761894e-05,-0.1435385391254564,0.03689189870745564,0.12182441838426243,0.027220243804823345,0.04528966099926385,0.00022449961980436215
0.04905,2.079030217791639e-05,2.0329276354451975e-05,-0.15583367936663256,0.0271079197500945,0.14358584470783783,0.014696786263551271,0.05077278918941758,0.00022771221241595535
0.049100000000000005,1.2771721207707431e-05,2.142545110364144e-05,-0.1642410628766976,0.016647689933513822,0.1594943341625691,0.005542911602448349,0.054781690210101916,0.00023218167653869522
0.04915,4.4345443383864725e-06,2.1987117981181907e-05,-0.16855095705013362,0.005772164482731908,0.16797226158273423,0.0006663576563142343,0.056918803893479114,0.00023746470232358674
0.0492,-4.013232738440579e-06,2.200026588051627e-05,-0.16865585305217298,-0.0052473412000797574,0.16817888910351095,0.0005506917934010894,0.0569721973065225,0.00024303730166957393
0.04925,-1.2360855791710807e-05,2.146456779443767e-05,-0.1645531479390163,-0.016135920099442796,0.16009373921548795,0.00520735834911204,0.05493658074564637,0.0002483467720896539
0.049300000000000004,-2.040006990083422e-05,2.0393388920243083e-05,-0.15634520904220595,-0.026621931807009003,0.1445186225839673,0.014174545062740752,0.05101383054031327,0.0002528665064238235
0.049350000000000005,-2.7930314974772784e-05,1.881345325113157e-05,-0.1442368200693897,-0.03644377922785096,0.12299812078848732,0.026562980888166828,0.045592967660684026,0.00025614821606422607
0.0494,-3.4763729228951915e-05,1.676417683519867e-05,-0.12853007171862885,-0.045356434706437646,0.09766640899617521,0.041144123385586824,0.039211577179829774,0.00025786638597028204
0.04945,-4.0729835935639424e-05,1.429668446556078e-05,-0.10961682510023359,-0.05313755284050749,0.07103560999396186,0.056471990437554506,0.03250249525574358,0.0002578505557795141
0.0495,-4.56797963416464e-05,1.1472534208248309e-05,-0.08796893525819924,-0.059593017339923664,0.04574666784711857,0.07102655431352885,0.026131050287951825,0.00025610222294108467
0.049550000000000004,-4.9490122853702616e-05,8.362181700063472e-06,-0.06412647932103843,-0.06456178373279203,0.024307447433291454,0.0833644783751962,0.020729082456502568,0.00025279469435486894
0.049600000000000005,-5.206575969072375e-05,5.0432224448485914e-06,-0.038684282521181716,-0.06791989694492204,0.008844031978115764,0.0922622480201766,0.0168322846313837,0.00024825589917200493
0.04965,-5.334245423789332e-05,1.5984560024145209e-06,-0.012277078469438252,-0.06958358361302057,0.0008898823348385027,0.0968375021686045,0.014827078636780162,0.00024293586832035166
0.0497,-5.328835993940938e-05,-1.8861796471865677e-06,0.014436326177727998,-0.06951134198836886,0.0012337667323626816,0.09663653330047944,0.014912295022091427,0.0002373621056339358
0.04975,-5.1904830683468026e-05,-5.3237520377014705e-06,0.04078948757004761,-0.06770497721535447,0.00984154151268333,0.09167927879463336,0.01707945641164914,0.00023208727586186082
0.049800000000000004,-4.922638696392579e-05,-8.628502953700324e-06,0.06612495104373646,-0.06420955629310186,0.025859539595383094,0.08245734238714034,0.02111361965914414,0.00022763439816107003
0.049850000000000005,-4.531985453764527e-05,-1.171798787096807e-05,0.0898106531219857,-0.05911228366563371,0.04769923038816309,0.06988524160332692,0.02661469306889432,0.00022444497897818446
0.0499,-4.028269721896265e-05,-1.4515132732931714e-05,0.1112556901686663,-0.05254032571721787,0.07319475533743713,0.05520971652942691,0.033037114669226576,0.00022283522931854763
0.04995,-3.424058522963674e-05,-1.6950156728407395e-05,0.12992505991503445,-0.04465763816687612,0.09981771608205962,0.039886092932872604,0.03974395632778147,0.00022296470642592893
0.05,-2.734425996943501e-05,-1.8962313150437766e-05,0.14535300869245615,-0.035660875848663995,0.12492791500758645,0.02543396132587654,0.046070088470779945,0.00022482049188084365
0.050050000000000004,-1.9765773220757737e-05,-2.050140482979035e-05,0.1571546505654285,-0.0257744865430044,0.14603518184221959,0.0132864831311103,0.05138814085835041,0.0002282184723740238
0.050100000000000006,-1.1694194797485051e-05,-2.1529036439861152e-05,0.16503556949389483,-0.015245111629035805,0.16104632183590298,0.004648268571635254,0.055170718682093674,0.0002328215991272686
0.05015,-3.330895584550961e-06,-2.201957230923653e-05,0.1687991638842525,-0.004335432921320003,0.1684726950339749,0.0003759195723053059,0.05704270339189127,0.00023817331206193204
0.0502,5.115476269872842e-06,-2.1960775982817163e-05,0.16835155142898398,0.006682380545053221,0.16757784223931985,0.0008930841949781157,0.05681845236633839,0.00024374281716058044
0.05025,1.343420070104828e-05,-2.135411543168917e-05,0.1637039107471682,0.017533462477757486,0.15845051682654576,0.006148446129178594,0.05452020770721041,0.0002489777238261889
0.050300000000000004,2.1417742780489996e-05,-2.0214726448032608e-05,0.15497220251591803,0.027947106538099724,0.1419958811356466,0.015620815277037927,0.05037588939682511,0.00025335882536699987
0.050350000000000006,2.886693023083281e-05,-1.8571034982076723e-05,0.1423742759745854,0.037663519754178004,0.11984573966493112,0.028370814405467137,0.04479649107939489,0.00025645158687756287
0.0504,3.559592241410893e-05,-1.6464048020640107e-05,0.1262244341315695,0.04644030373669904,0.0941967124421267,0.04313403622313725,0.038335320977140444,0.00025794923833325287
0.05045,4.143684652570573e-05,-1.3946330478956368e-05,0.10692559194953961,0.054058501789777225,0.06759239581409666,0.058446432315106954,0.03163312927478494,0.00025770319456063374
0.0505,4.624398577498288e-05,-1.1080693894662126e-05,0.08495922464755623,0.06032806143446878,0.04267111501367471,0.07278949992882079,0.02535456469475097,0.00025573779161955964
0.050550000000000005,4.989741449493829e-05,-7.938629351284463e-06,0.06087335537261231,0.0650925755264712,0.021904282613250184,0.08474086777338714,0.02012226095464877,0.0002522478710508123
0.0506,5.23059901548311e-05,-4.598524002587271e-06,0.03526888326935968,0.06823318437177134,0.007351310651367954,0.0931153489902428,0.01645509060267186,0.00024757945917403413
0.05065,5.340962694125582e-05,-1.1437054532420286e-06,0.008784592017423681,0.069671540728237,0.00045538095438720237,0.09708247174892776,0.01471670887616433,0.00024219545014802038
0.0507,5.318079485650048e-05,2.3396370328043934e-06,-0.017918786522868838,0.06937176451046502,0.0019003272391011528,0.09624883422590827,0.015079490954790534,0.0002366297026287491
0.05075,5.162520632058743e-05,5.764602762097502e-06,-0.044175056240661224,0.0673413376678394,0.011542821603784111,0.0906971151778793,0.017507438464413057,0.00023143409639393014
0.050800000000000005,4.878167370187986e-05,9.04574756003774e-06,-0.06932917708229777,0.06363091763564689,0.02842659032246624,0.08097787358308958,0.021759750627280642,0.00022712380432943956
0.05085,4.4721140843801365e-05,1.2101215387066784e-05,-0.09275360680472194,0.05833307334133977,0.050877248914840786,0.06805494890892248,0.027414705486908296,0.00022412620262749868
0.0509,3.9544913182077325e-05,1.4854780446478752e-05,-0.11386395698375236,0.051579975926671885,0.07666835171365298,0.05320987833192102,0.03391148314978377,0.00022273848970301652
0.05095,3.338213022588961e-05,1.7237748804703533e-05,-0.13213357201054146,0.0435401012107912,0.10324218847037958,0.037914808268918826,0.04060578294486772,0.00022309821292592076
0.051000000000000004,2.6386543788919812e-05,1.9190672138416702e-05,-0.14710666814241952,0.03441402668804739,0.12796343197844248,0.02368650465771276,0.04683371932258481,0.00022516962938827338
0.051050000000000005,1.8732682101496284e-05,2.0664830795761007e-05,-0.1584097041007666,0.024429427503330048,0.1483804821624406,0.011935938562809173,0.05197765949100624,0.00022874725048208284
0.0511,1.0611495651284746e-05,2.1623449220284844e-05,-0.16576070006143412,0.013835396502591392,0.1624685895890998,0.003828363927678362,0.0555274739588652,0.00023347622055657998
0.05115,2.225593312371362e-06,2.2042613389492854e-05,-0.16897627228200707,0.0028962299382849326,0.16883064784145377,0.0001677629571083589,0.05713112563221223,0.00023888750780012803
0.0512,-6.215812363949897e-06,2.191186738567399e-05,-0.16797620792868193,-0.008115166102391744,0.16683574240780377,0.0013171184173881604,0.05662958062280779,0.00024444441768632484
0.051250000000000004,-1.450212459940481e-05,2.123447422894296e-05,-0.16278546606655953,-0.018924084047745017,0.15668171649582133,0.007162419140922349,0.054072578796152355,0.0002495958165290037
0.051300000000000005,-2.242661635692229e-05,2.0027334442049643e-05,-0.1535335547222599,-0.02926086813357593,0.1393755491431688,0.017123968078610385,0.04971370006309791,0.0002538307865350682
0.05135,-2.979158776761606e-05,1.8320564408086478e-05,-0.1404512997689641,-0.038867641655632675,0.1166334918836943,0.03021387135741345,0.04398521591719484,0.0002567292928917819
0.0514,-3.6413298310309816e-05,1.6156745003853086e-05,-0.12386508601260109,-0.04750474033704131,0.0907108673111427,0.04513400708979439,0.03745522012928729,0.00025800383751358835
0.05145,-4.212655078422305e-05,1.3589859310255298e-05,-0.10418871448290742,-0.05495669138191576,0.0641784087505747,0.06040475855294268,0.030771290234143007,0.00025752797002618645
0.051500000000000004,-4.678881255292077e-05,1.0683945817406802e-05,-0.08191307862410732,-0.06103758890647337,0.03966732105933798,0.07451174519031283,0.0245962666779053,0.0002553488265475491
0.051550000000000006,-5.028377148419173e-05,7.511500829586639e-06,-0.05759391746741563,-0.06559573188335933,0.019608345203386123,0.0860560008262713,0.01954251878242766,0.00025168245565370024
0.0516,-5.2524237568435824e-05,4.151669816545374e-06,-0.03183795084304112,-0.0685174085657939,0.005990703124839892,0.09389270553143855,0.01611121605748359,0.000246892391818686
0.05165,-5.345431817166557e-05,6.882729322474733e-07,-0.005287742884034385,-0.06972973337757407,0.0001648284033231128,0.09724471433815135,0.014642627600338015,0.00024145360465234396
0.0517,-5.30508122964427e-05,-2.792286119535815e-06,0.021394328733612952,-0.06920246505599349,0.002708445615504388,0.09577962339652002,0.015282378113401796,0.00023590539566686688
0.051750000000000004,-5.132378942638285e-05,-6.203175648065316e-06,0.0475425978730275,-0.06694876115301482,0.013369279165227056,0.08964273239846852,0.017967007084803078,0.00023079791705059955
0.051800000000000006,-4.831633816829474e-05,-9.459302222580358e-06,0.07250471691201349,-0.06302484960343006,0.031090072954596006,0.07944263335069958,0.022430262951587367,0.00022663761299367236
0.05185,-4.410349128882206e-05,-1.247943355179079e-05,0.09565793161143708,-0.05752862601632519,0.05411343960718523,0.06619085622652415,0.02822950819433537,0.00022383699705577978
0.0519,-3.879035366315281e-05,-1.5188225018529974e-05,0.11642461737558525,-0.05059721123087422,0.08015614110579651,0.05120155568683408,0.03478961641512797,0.00022267374317693622
0.05195,-3.250948014492201e-05,-1.7518099363594823e-05,0.13428669004701466,-0.04240353056270962,0.10663551772327459,0.03596118808365297,0.04146000846011391,0.00022326315043305698
0.052000000000000005,-2.5417568435063645e-05,-1.941093252825399e-05,0.14879853058924314,-0.03315199949161943,0.13092560965539948,0.021981101405846692,0.04757917062191285,0.00022554670808293435
0.05205,-1.7691549829082414e-05,-2.081950374432055e-05,0.15959810275087577,-0.023073424108088575,0.15061757284318472,0.010647658001434461,0.05254025750357337,0.00022929789987467897
0.0521,-9.524175020272893e-06,-2.1708673505968067e-05,0.16641598451216577,-0.012419242844421072,0.16375856229753366,0.0030847518565740796,0.05585127258079291,0.00023414466635637452
0.05215,-1.1192053626076335e-06,-2.205626025879048e-05,0.16908209000198188,-0.001455253768613939,0.16904539463657375,4.235527062130145e-05,0.0571838596094698,0.00023960630337465586
0.0522,7.313670615508406e-06,-2.1853593691288065e-05,0.16752991214370996,0.009545016567324417,0.16595378268208769,0.0018221468254099517,0.05640586494956985,0.0002451411318389968
0.052250000000000005,1.556406855027975e-05,-2.1105731078956225e-05,0.16179818218433997,0.020307136937052793,0.15479032793002445,0.008247596211604279,0.05359444294805438,0.0002502002168950735
0.0523,2.3426156895217473e-05,-1.9831331031099085e-05,0.15202990282657713,0.030562617879021606,0.13666211315604762,0.018681472232381823,0.04902840354177425,0.00025428180391546856
0.05235,3.070379206498482e-05,-1.806218803932792e-05,0.13846878083234898,0.04005560989220641,0.11336691245119039,0.03208903767673248,0.04316056218190407,0.0002569810781166273
0.0524,3.721541174645677e-05,-1.584243919441174e-05,0.12145314648406261,0.04854928621890768,0.08721490512013406,0.04714066384730839,0.036572833158854595,0.0002580303080128715
0.052450000000000004,4.279856460915476e-05,-1.322746310986094e-05,0.10140751312284985,0.05583175118456459,0.060799575476317175,0.062343688806702595,0.029918520756527317,0.0002573253972130148
0.052500000000000005,4.7313962995550455e-05,-1.0282498271040965e-05,0.07883198590919795,0.06172132634565502,0.03674051719373895,0.07619044251733696,0.023857530382376514,0.0002549362055716179
0.05255,5.064895797159158e-05,-7.081015521419244e-06,0.054289785322336095,0.06607108303461963,0.01742364923872448,0.08730776026735204,0.018990925620793485,0.0002510996223042885
0.0526,5.2720349551657574e-05,-3.7028850825299348e-06,0.028393195655457483,0.06877250771844196,0.004764605359636899,0.09459315635766317,0.015801320572707656,0.00024619607238673974
0.05265,5.347646241988334e-05,-2.3238398654927167e-07,0.0017882897176172991,0.06975820920597184,1.876209176722759e-05,0.09732415503248269,0.014605019215100674,0.00024071179070848134
0.052700000000000004,5.2898435017690165e-05,3.243906463038273e-06,-0.024861189497974126,0.06900359975810541,0.0036567444690802395,0.09522993559153611,0.015520647825238773,0.00023519060179314887
0.052750000000000005,5.100069010599857e-05,6.639260695275784e-06,-0.050890387948231,0.06652750849738623,0.015317755469082562,0.08851818773739595,0.018457391331652303,0.00023017998959539137
0.0528,4.783057485978421e-05,9.868972479444712e-06,-0.07564992733581372,0.062391711545827504,0.03384535735749879,0.0778545133923549,0.023124000020681025,0.00022617680371840614
0.05285,4.346717962466813e-05,1.2852468149554988e-05,-0.09852210584522386,0.05669939082111051,0.057402156407589784,0.06429641838970061,0.029057673438810078,0.00022357798767229988
0.0529,3.801936471059737e-05,1.5515316727648343e-05,-0.11893630855852932,0.04959255980589649,0.08365201763230776,0.0491884397620284,0.03566995695136365,0.0002226412145255523
0.052950000000000004,3.1623044488660564e-05,1.7791086794234797e-05,-0.13638324309658995,0.04124852056186216,0.10999173923784257,0.034028808970847306,0.0423050993407142,0.00022345933393766503
0.053000000000000005,2.4437796569880068e-05,1.9623003798261637e-05,-0.1504276454986067,0.03187544042881039,0.13380921178524352,0.020320874050612794,0.0483050841681009,0.00022595116501593435
0.05305,1.6642880592876017e-05,2.09653664215413e-05,-0.16071913897000026,0.02170715862074939,0.1527424601832137,0.009424014707727493,0.053074885468675635,0.00022986954689431733
0.0531,8.432766032722846e-06,2.1784686727299612e-05,-0.16700097519401388,0.010997352478250441,0.16491387987463746,0.0024188352306176225,0.05614147671609593,0.00023482585035356445
0.05315,1.2280526980078586e-08,2.2060525562178354e-05,-0.1691164393772966,1.3208715317270707e-05,0.1691164374917175,3.489403206654036e-09,0.05720074065872015,0.00024032851755143982
0.053200000000000004,-8.408500195685943e-06,2.1786002474072106e-05,-0.16701276007872218,-0.010971242278909258,0.1649333713356521,0.00240736314285052,0.05614762852965321,0.0002458318101889913
0.053250000000000006,-1.661949330191229e-05,2.0967967312497867e-05,-0.16074242542169892,-0.02168196291041562,0.15277952030434344,0.00940215031297277,0.0530865772078468,0.00025078992940780675
0.0533,-2.4415850041955454e-05,1.9626829346623896e-05,-0.15046187368912367,-0.031851745006568996,0.13386018358529933,0.02029067319926986,0.04832115184797409,0.00025471114277521073
0.05335,-3.160306629002943e-05,1.779604804293549e-05,-0.13642759015510486,-0.04122687603016636,0.1100515903069641,0.03399310614413411,0.04232394063267865,0.0002572065480969303
0.0534,-3.80018351059187e-05,1.55212983471502e-05,-0.11898970840268223,-0.04957346867356635,0.08371483383137561,0.049150575926581286,0.03568968780049789,0.00025802864124841075
0.053450000000000004,-4.3452519994124145e-05,1.2859331127068854e-05,-0.09858327479318399,-0.05668329571551846,0.05746172199057396,0.06425992026345827,0.029076312177415593,0.00025709585946042746
0.053500000000000006,-4.781913762578223e-05,9.8765573967928e-06,-0.075717395048946,-0.062378984908548395,0.033895764719258044,0.07782275516441817,0.02313966110065903,0.0002545006708247309
0.05355,-5.099275019489274e-05,6.647391441632601e-06,-0.05096253273416087,-0.06651844382258855,0.015353984553382426,0.08849406737157739,0.018468469591097443,0.0002505004024147765
0.0536,-5.289418334063602e-05,3.2523943803698022e-06,-0.02493627739089986,-0.06899840487046718,0.003675155141170772,0.0952155974933782,0.015525975484238537,0.0002454917226388295
0.05365,-5.347600119779047e-05,-2.2373570575380035e-07,0.001712063290554726,-0.06975700134595764,1.7451057135762456e-05,0.09732078473559871,0.014603980031761539,0.0002399713020738725
0.053700000000000005,-5.2723689963545414e-05,-3.6942767828409227e-06,0.028317662468293456,-0.06877531101419153,0.004743592699554001,0.09460086810197549,0.015793910230632716,0.00023448656036821158
0.05375,-5.065601979734914e-05,-7.072646408424751e-06,0.054216760269985294,-0.0660778279064085,0.017384876243773256,0.08732558681657873,0.01897775221083292,0.00022958137755234683
0.0538,-4.732457665023817e-05,-1.0274561768089839e-05,0.07876322345446296,-0.06173185138786799,0.03668765577056537,0.07621642951547639,0.023839755165196787,0.0002257421592062757
0.05385,-4.281247512716038e-05,-1.3220142337790164e-05,0.10134466499017034,-0.05584580692750012,0.060737667748950876,0.06237508302767241,0.029897744698090575,0.00022334959886697472
0.0539,-3.7232285035374344e-05,-1.583590274077092e-05,0.12139772220454531,-0.048566541271173116,0.08714986885152988,0.04717417862089123,0.036550940706037593,0.00022264092651692982
0.053950000000000005,-3.072322281792681e-05,-1.8056586006182603e-05,0.13842211117313494,-0.040075658657633996,0.11330496033803594,0.03212116833686389,0.04313953697378504,0.0002236863814666045
0.054,-2.34476784559083e-05,-1.9826791613730417e-05,0.15199310820706471,-0.030584990343423973,0.1366091437302812,0.018708832686146752,0.04901013478781098,0.0002263822485454704
0.05405,-1.5587164043180236e-05,-2.110235756202293e-05,0.16177214544545748,-0.02033130967817908,0.1547513468408286,0.008267243064600367,0.05358054054374256,0.00023046114259621034
0.0541,-7.3377854314716445e-06,-2.185146213412688e-05,0.16751525772952638,-0.009570425192853668,0.16593241221949198,0.0018318607674401631,0.05639750225949532,0.00023551852613185438
0.054150000000000004,1.0946502769692381e-06,-2.2055417728734546e-05,0.16907916871099102,0.0014292013595548075,0.1690435184334233,4.08523305230662e-05,0.05718165843357799,0.0002410528265231434
0.054200000000000005,9.499769230609474e-06,-2.1709137084168247e-05,0.16642486545966043,0.012393152523641465,0.163776141200263,0.003071804589484816,0.05585524237495487,0.00024651517738950293
0.05425,1.766787925844215e-05,-2.0821260148314795e-05,0.15961857148496236,0.023047901288823416,0.1506526487810637,0.010624115076386961,0.05254979398725812,0.0002513638488365373
0.0543,2.5395201307572022e-05,-1.9413938533192012e-05,0.1488300946568945,0.03312763499384738,0.13097449828908617,0.02194880400571163,0.04759311475201711,0.0002551179708860095
0.05435,3.248895332098367e-05,-1.7522282837824612e-05,0.13432859059622423,0.042380886759903806,0.1066931697208982,0.03592279125111579,0.04147675919080341,0.00025740522043338145
0.054400000000000004,3.8772159801647495e-05,-1.5193486713605562e-05,0.11647584778685545,0.050576809045402106,0.08021663773272879,0.051160272264301365,0.03480728707497864,0.0002579987444759125
0.054450000000000005,4.4088066983450865e-05,-1.2485649451959744e-05,0.09571726148575084,0.057510932749554766,0.0541705729458464,0.06615014771447622,0.028246110449834633,0.00025683965637527696
0.0545,4.830405353355644e-05,-9.466326521150557e-06,0.07257072192952284,0.06301026824754762,0.031137954693401866,0.07940587809255814,0.022443901076627977,0.00025404287541615304
0.05455,5.1314939202098774e-05,-6.210844190964206e-06,0.04761369390584381,0.06693762108771352,0.013402917618627242,0.08961290233764618,0.017976063045365705,0.0002498857301568518
0.0546,5.304560881401016e-05,-2.800420282668843e-06,0.021468810034469085,0.06919501460850899,0.002724234809583456,0.09575900093343546,0.015285669748607561,0.0002447804553011695
0.054650000000000004,5.345288627853183e-05,6.798620415322339e-07,-0.00521166275281602,0.06972613425670696,0.000160901092866745,0.09723467596768647,0.014639524252451148,0.00023923331087490743
0.054700000000000006,5.2526611671804324e-05,4.1431769357541425e-06,-0.03176209604719578,0.06851773238677797,0.005967113271997457,0.09389359302852245,0.016101700444900946,0.00023379437607428375
0.05475,5.028989474212589e-05,7.5031219892238905e-06,-0.057520106173462954,0.06559995878440182,0.019567062060799494,0.08606709185030437,0.019527189005958557,0.0002290029987143159
0.0548,4.679853828687686e-05,1.0675873783024915e-05,-0.08184307934093621,0.0610456083573362,0.0396120355098325,0.0745313259943455,0.02457627817116538,0.00022533430796539352
0.05485,4.2139646007628594e-05,1.358227910749692e-05,-0.10412420371741415,0.054968305081776456,0.06411417099456306,0.06043029127126503,0.03074824329026088,0.00022315209671438716
0.054900000000000004,3.642944936217391e-05,1.6149829650345885e-05,-0.12380760806520966,0.047519667184001364,0.09064359142397715,0.04516237538556512,0.0374310039374919,0.00022267274405798768
0.054950000000000006,2.9810407847448706e-05,1.8314470935442255e-05,-0.1404022298505146,0.0388855246414046,0.11656937597420539,0.030241680532745688,0.04396182437390531,0.00022394375809264172
0.055,2.244765483187049e-05,2.0022200309391587e-05,-0.15349406601953824,0.029281282968675177,0.13932046782620572,0.01714787064583254,0.04969303720329561,0.00022683906403691257
0.05505,1.452487781734423e-05,2.123041421203353e-05,-0.1627565018321688,0.01894654936233705,0.15664064544247647,0.007179434654789488,0.05405627297550796,0.00023107150811334186
0.0551,6.239735741833362e-06,2.190897099354858e-05,-0.16795845891525885,0.008139154897788,0.1668122710674966,0.0013249168490037275,0.05661882536972795,0.0002362213338200583
0.055150000000000005,-2.2010722333216467e-06,2.2040942909192632e-05,-0.16897016049730762,-0.0028712777740368643,0.16882662843825832,0.00016488472111356184,0.057126562985138823,0.00024177781002654986
0.055200000000000006,-1.0586963482370878e-05,2.1623038369791173e-05,-0.16576636870530553,-0.01381006100078163,0.16248395622642778,0.0038143556969061944,0.055529131342022524,0.00024718987911386263
0.05525,-1.8708725574504448e-05,2.0665684086497172e-05,-0.15842701446078364,-0.024404294994368615,0.14841325818760642,0.011911392283443302,0.05198494666443119,0.00025192080600985054
0.0553,-2.6363735693322416e-05,1.9192764881173052e-05,-0.14713520298316712,-0.03438967610027085,0.12800992426953497,0.0236529964456308,0.046845485380640206,0.00025550140489290197
0.05535,-3.336101575280477e-05,1.7241027845582773e-05,-0.13217264593854053,-0.043517090645172264,0.10329735003604162,0.037874743564402784,0.04062042820345001,0.00025757656911611245
0.055400000000000005,-3.952599684165113e-05,1.485916549903462e-05,-0.11391263285056485,-0.05155882971030873,0.07672627638046843,0.05316625842193229,0.033927114609185016,0.0002579404853355067
0.05545,-4.470487451108083e-05,1.2106601065875517e-05,-0.0928107185680144,-0.05831427008653818,0.05093175023395632,0.06801108191451444,0.02742932124939951,0.0002565570453747988
0.0555,-4.876844573346098e-05,9.052005903535989e-06,-0.0693933576307041,-0.06361487920888709,0.028471807243700034,0.08093705713522589,0.021771434736809484,0.0002535634248806754
0.05555,-5.161533243725448e-05,5.771586347875995e-06,-0.04424477048575387,-0.06732841984305594,0.011573792215830015,0.09066232237125618,0.0175145477863625,0.0002492564813219273
0.055600000000000004,-5.317451051835757e-05,2.3471824637393392e-06,-0.01799236807925335,-0.0693622488933145,0.0019134739064549505,0.09622243143076215,0.015080815332812993,0.0002440633128619018
0.055650000000000005,-5.3407081897335036e-05,-1.1357736675202566e-06,0.008708900787469246,-0.06966562879682214,0.0004488597192492135,0.09706599671313229,0.014711589412821807,0.0002384989045334967
0.0557,-5.230724480264917e-05,-4.590389327757353e-06,0.03519288921049752,-0.06823099309608613,0.007325190625257216,0.09310936837756306,0.016443484158599163,0.00023311505606850763
0.05575,-4.99024386195403e-05,-7.93047894668228e-06,0.060798871341602716,-0.0650941353196467,0.02186053798628078,0.08474492906024951,0.020104744871862947,0.00022844566124074057
0.0558,-4.625265921096361e-05,-1.1072714255072486e-05,0.0848880261401817,-0.06033331580972939,0.04261343055194772,0.07280217993193086,0.025332280953741973,0.0002249537609722452
0.055850000000000004,-4.1448962212769796e-05,-1.3938703155412417e-05,0.10685937488160445,-0.05406730937955033,0.06752580514505706,0.05846547887088022,0.031607673830806586,0.00022298562478255117
0.055900000000000005,-3.5611191276731916e-05,-1.645694542635252e-05,0.12616477424994904,-0.04645244195836469,0.09412710443463668,0.04315658727790481,0.03830858861476693,0.0002227364107870884
0.05595,-2.888498824381887e-05,-1.8564616509774923e-05,0.14232259160397467,-0.037678690635051484,0.11977928172172819,0.02839367455943833,0.044770491345659275,0.00022423081278880158
0.056,-2.1438159615133e-05,-2.0209134835720604e-05,0.1549297206751825,-0.027964944033435517,0.14193841538352822,0.015640761895863612,0.05035255098135968,0.0002273206112807853
0.05605,-1.3456490099202735e-05,-2.134947361568519e-05,0.16367163830677586,-0.017553541478774262,0.15840698894042798,0.00616253636894097,0.05450119082738926,0.00023169937264617513
0.056100000000000004,-5.139107626907411e-06,-2.1957184366341062e-05,0.16833025119906656,-0.006704227107770966,0.16755181813667505,0.000898933222251421,0.05680498692081941,0.00023693283828606098
0.056150000000000005,3.306484519834484e-06,-2.2017106618715704e-05,0.16878933682720001,0.004312330241656767,0.16846601318924936,0.00037192384226215024,0.057035469029471285,0.00024250198982607362
0.0562,1.1669584526984371e-05,-2.1527746136790193e-05,0.1650374430206094,0.015221289662832265,0.16105891469164665,0.004633753179996888,0.055169778174561326,0.00024785452024782967
0.05625,1.974154865667095e-05,-2.0501312168050563e-05,0.15716817355053836,0.025750494906571268,0.14606508397385184,0.013261759758667056,0.05139293351822435,0.0002524596056927495
0.0563,2.732099652472689e-05,-1.8963412845843115e-05,0.1453778529497562,0.03563726412024084,0.12497145670619066,0.0254002918795161,0.046079484038489285,0.0002558605472569172
0.056350000000000004,3.421883513310812e-05,-1.6952416284886373e-05,0.12996062844153117,0.044634943194607216,0.09986988356980406,0.03984556307971626,0.039756364351792875,0.0002577200610809323
0.056400000000000006,4.026297642693691e-05,-1.4518493389244193e-05,0.11130113165545888,0.052519059302082366,0.07324968194267384,0.05516503179951289,0.03305063858549852,0.00025785372713635693
0.05645,4.530263049244188e-05,-1.1722366143794023e-05,0.08986488259726647,0.05909292094670143,0.047750770696304304,0.0698394661202621,0.026627314166480287,0.0002562482770295491
0.0565,4.921206755974512e-05,-8.633792746610994e-06,0.06618667594431844,0.0641925250756919,0.025901870195260943,0.08241360551186666,0.021123392971896443,0.00025306291055388725
0.05655,5.189375462240583e-05,-5.329827244471822e-06,0.04085723880260007,0.0676906484818512,0.00986972969650691,0.09164047783787088,0.01708469960082601,0.00024861350675161806
0.056600000000000004,5.3280788795605525e-05,-1.892897207597958e-06,0.014508493243555565,0.06950002184798215,0.001244251493384016,0.09660506073739993,0.014911751863006584,0.00024334129911241924
0.056650000000000006,5.333856630331269e-05,1.5912526955997717e-06,-0.012202208979527611,0.06957550676456781,0.0008808208087376488,0.09681502283092841,0.014820041232599388,0.00023776911752353028
0.0567,5.2065645879576246e-05,5.035699844387416e-06,-0.0386084861375815,0.06791522194558232,0.008815477598079595,0.09224954743835412,0.016818662519424765,0.0002324495403599073
0.05675,4.9493784612307805e-05,8.354512216704756e-06,-0.06405155140869223,0.06456058997364651,0.024261342602105683,0.08336139555490613,0.020709411808956607,0.00022791009453947993
0.0568,4.568714575686478e-05,1.1464892218931302e-05,-0.0878966484709613,0.059595303993914016,0.04568665210760677,0.07103200516254048,0.02610644239923656,0.00022460094185645246
0.056850000000000005,4.0740697882852886e-05,1.4289242304960826e-05,-0.10954888726888301,0.05314323955131306,0.07096666258355458,0.05648407820016489,0.03247452913372561,0.0002228502357623581
0.056900000000000006,3.477784569256865e-05,1.6757100897044062e-05,-0.12846808568430573,0.045365364291982506,0.09759436116850982,0.04116032554688563,0.039182146910813086,0.00022283157986849856
0.05695,2.7947351179396603e-05,1.8806900214498234e-05,-0.14418224560668433,0.03645572189550095,0.12292908524995515,0.026580393178442144,0.04556409887313881,0.00022454681040789986
0.057,2.0419622411189905e-05,2.0387502306588843e-05,-0.15629932887960288,0.026636591265706798,0.14445839663149504,0.014190159885126554,0.05098748439919751,0.00022782581594179863
0.057050000000000003,1.2382462080765194e-05,2.1459474774670566e-05,-0.164517037360944,0.016152940912475985,0.16004723892092565,0.00521835000243881,0.054914463664410315,0.00023234340584181307
0.057100000000000005,4.036382240825512e-06,2.1996074580291183e-05,-0.168630355189603,0.00526631760543451,0.16814967090155514,0.0005546820224261894,0.05695559568610727,0.00023765156092229642
0.05715,-4.410398119941416e-06,2.198391515769679e-05,-0.16853666303469333,-0.005751678803376126,0.16796217660095325,0.0006616361811441245,0.05690845900091115,0.0002432238620835794
0.0572,-1.2747147743458183e-05,2.1423300428585822e-05,-0.16423829868597617,-0.016626171194637288,0.15950335011921804,0.005528591371867734,0.054777726216308005,0.000248507696390561
0.05725,-2.0765880427043938e-05,2.0328217150994542e-05,-0.15584249831178096,-0.02708586284077595,0.14361205121081577,0.01467287931658655,0.050774700457602885,0.00025297905832209614
0.057300000000000004,-2.8266543920012132e-05,1.8725986018096627e-05,-0.14355872146390083,-0.036869805710646554,0.12186421608844566,0.027187651462816508,0.0452963607361222,0.00025619451623898316
0.057350000000000005,-3.506201078975694e-05,1.665657999945891e-05,-0.12769342513260842,-0.04573391055644252,0.09641657194040427,0.04183181149569369,0.0388859933685482,0.0002578351861438871
0.0574,-4.0982746976579165e-05,1.4171627137786252e-05,-0.1086424185292248,-0.05345703650202531,0.06979275514189458,0.057153095031577325,0.03217931446249509,0.0002577383563837322
0.05745,-4.588104123679923e-05,1.1333122466193112e-05,-0.08688098808928749,-0.05984650794350958,0.04463304269781823,0.07163209026065111,0.025841425721839492,0.00025591362216437197
0.0575,-4.963469036386787e-05,8.211881396676706e-06,-0.06295204022926777,-0.06474292150344937,0.023432516903916657,0.08383291769603615,0.020500856392460118,0.0002525419351287782
0.057550000000000004,-5.2150047835580664e-05,4.885772976514806e-06,-0.03745255671231751,-0.0680241227023006,0.008293628650554087,0.09254562538835295,0.01668723181683166,0.0002479576573280165
0.057600000000000005,-5.33643601789442e-05,1.4377772243849703e-06,-0.0110187011655589,-0.06960825351198177,0.000717698017772429,0.09690617913976644,0.014778750421716747,0.00024261540318375717
0.05765,-5.3247332504803205e-05,-2.0460850691743106e-06,0.015690052011336476,-0.06945579446374044,0.0014560287842495525,0.09648214769178712,0.014964677618004957,0.00023704495503541818
0.0577,-5.180188433467967e-05,-5.478898386807864e-06,0.04200737026657675,-0.06757055058338224,0.010435401847276387,0.09131558612282835,0.017226576231850806,0.00023179872503174668
0.05775,-4.906407674657507e-05,-8.775020855090266e-06,0.06727668660833802,-0.06399955640692528,0.026765336325426027,0.08191886440566423,0.02134013478284269,0.00022739697246340702
0.057800000000000004,-4.5102212727387154e-05,-1.1852220836976824e-05,0.09086757969444463,-0.058831902541371814,0.04882639826418669,0.06922385513274942,0.026897412348964905,0.00022427620995113664
0.057850000000000006,-4.0015133145620406e-05,-1.463372844534347e-05,0.11219150164371049,-0.05219651300474525,0.07443079940448145,0.05448951939709081,0.03334729399170501,0.00022274591475423812
0.0579,-3.392975084771124e-05,-1.7050150790122638e-05,0.13071646112350074,-0.04425892877689576,0.10103935943642718,0.03917705552956663,0.04005014474673836,0.00022295783796689837
0.05795,-2.6997884450374185e-05,-1.9041203196921718e-05,0.1459802956148326,-0.035217177902804576,0.12601331580098638,0.02480499238875574,0.0463412422739012,0.00022489095588189078
0.058,-1.939247072827744e-05,-2.0557213166183964e-05,0.15760220131603625,-0.02529683500642845,0.14687600884975932,0.012798597226849279,0.05159669730334823,0.00022835355455446662
0.058050000000000004,-1.1303250198771713e-05,-2.156035961778773e-05,0.16529223366507892,-0.01474539369526858,0.1615584916005316,0.004348532704569328,0.0552953249256675,0.00023300224269650683
0.058100000000000006,-2.9320334440346617e-06,-2.2025616415867853e-05,0.16885854067156417,-0.0038260920227422444,0.1686047064040588,0.0002927796033298368,0.05707033045596006,0.00023837600515131153
0.05815,5.5123336703312594e-06,-2.194137674152284e-05,0.16821214948547855,0.007188654748578736,0.1673158819903504,0.0010335351418852723,0.05674568474033275,0.0002439419223033537
0.0582,1.3819180291776938e-05,-2.1309742619836483e-05,0.16336918587528143,0.018024050391393896,0.15781983024485427,0.006497327850230129,0.05435358096463903,0.0002491480189354095
0.05825,2.1781266432657465e-05,-2.014647249963931e-05,0.15445047213386018,0.02840977332833485,0.14105827141869792,0.016142304411347327,0.05013124234644674,0.0002534780040408059
0.058300000000000005,2.919995317423161e-05,-1.848058806756959e-05,0.14167851257705,0.038086720596320574,0.11869344389440092,0.029011965715643795,0.0444973967094372,0.00025650247044844857
0.058350000000000006,3.589015838367835e-05,-1.6353650246565445e-05,0.12537194273730665,0.04681347198257503,0.09294326082311004,0.04383002318126675,0.03801075152864301,0.0002579214798137748
0.0584,4.168497407618788e-05,-1.3818722277901834e-05,0.10593757976383208,0.05437231289482006,0.0663613602194709,0.05912696819064431,0.03131458684103322,0.0002575943061898317
0.05845,4.643983056167041e-05,-1.0939045942805156e-05,0.08386027338715879,0.06057466600161271,0.041583861735224326,0.0733858032241387,0.02507296138875883,0.0002555533929982702
0.0585,5.003610303854418e-05,-7.786463743234109e-06,0.05969080960177629,0.0652657956906498,0.021067943358570134,0.08519248174267285,0.019904857763231944,0.0002520011339386178
0.058550000000000005,5.2384071219593874e-05,-4.439626620994132e-06,0.03403216983590443,0.0683286685768715,0.0068481639736663324,0.09337613898975895,0.01632279801594353,0.00024728980325320823
0.058600000000000006,5.342515751157213e-05,-9.82031724420509e-07,0.007524487596260385,0.0696868730249557,0.0003346966937244357,0.09712520543992596,0.014682016643161447,0.00024188661906132094
0.05865,5.3133388586496484e-05,2.5000606505799535e-06,-0.01917092156929899,0.06930652565698897,0.0021734824018444262,0.09606788997285742,0.015145231963561039,0.0002363274110246036
0.0587,5.151604320726892e-05,5.919779106517643e-06,-0.045388058586693716,0.06719711643581705,0.012182171888625344,0.09030904914577509,0.017666509096404544,0.00023116348080483602
0.058750000000000004,4.861347078930292e-05,9.19180840487098e-06,-0.07047285634147825,0.06341127209036129,0.02936820925905004,0.08041978856235665,0.02199581524620676,0.0002269069310211183
0.058800000000000005,4.4498084626617935e-05,1.2234517909304956e-05,-0.09379949721477407,0.058043442956893475,0.052027263200564854,0.06738082540580294,0.027703815166359256,0.0002239798789631152
0.05885,3.9272555459293517e-05,1.4971998121025954e-05,-0.11478602628592184,0.05122754681713594,0.07791224494244957,0.052485231058037096,0.03422444831973025,0.0002226725967664188
0.0589,3.306724990674098e-05,1.7335954441537305e-05,-0.1329088696371249,0.043133627674356405,0.10445615102905177,0.03721019672700009,0.04091106476548653,0.0002231147238750039
0.05895,2.6036978190372784e-05,1.9267411015274858e-05,-0.14771589688033948,0.03396361366898585,0.12902663234458314,0.02307054106912245,0.047100553542694545,0.0002252624121723075
0.059000000000000004,1.835713184263255e-05,2.0718182022774133e-05,-0.15883770060542093,0.023946279209364783,0.1491870430327214,0.011468485759457121,0.052179103131153245,0.00022890267338468104
0.059050000000000005,1.0219308077104234e-05,2.1652073845577807e-05,-0.1659968126627729,0.013331537585713786,0.16293808207759,0.0035545978879859873,0.055643073311597346,0.00023367450195922653
0.0591,1.826529788060536e-06,2.2045787993445394e-05,-0.1690146262459802,0.0023842060597959597,0.16891606318435218,0.00011368877071135551,0.05714894108574347,0.00023910467531150566
0.05915,-6.611819467085635e-06,2.188950236971204e-05,-0.16781585196170778,-0.008622600776174862,0.16652815134274584,0.0014869848829058264,0.05654736807170352,0.00024465468364920573
0.0592,-1.488521917967779e-05,2.118711628857108e-05,-0.16243039603460066,-0.019414284686552125,0.15601115408677935,0.007538288997809847,0.053898010461585905,0.0002497741334551305
0.059250000000000004,-2.2787263974940824e-05,1.9956153203037374e-05,-0.15299261432383102,-0.029721614470561923,0.13840803763616924,0.01766748733473432,0.04946360317549116,0.00025395533012806723
0.059300000000000005,-3.012081301550498e-05,1.8227323509076448e-05,-0.1397379603300733,-0.03928744274161259,0.11546449637842626,0.030870063143509756,0.04368390458594474,0.0002567836255721048
0.05935,-3.6702908292165515e-05,1.6043758383987363e-05,-0.1229971111579178,-0.04787312124327916,0.08945583317222985,0.04583671475147413,0.037132085919107494,0.0002579785388344569
0.0594,-4.2369339073986025e-05,1.3459933740777865e-05,-0.10318771776436034,-0.05526445464351311,0.06296131846978568,0.06108319894089835,0.030457890035969326,0.00025742157121199917
0.05945,-4.697873863125015e-05,1.0540311149575617e-05,-0.08080398536546095,-0.06127704425278994,0.03860840504233179,0.07509752304716752,0.024323196558958385,0.0002551679574581384
0.059500000000000004,-5.0416111105583955e-05,7.357729657456133e-06,-0.05640434404511414,-0.0657608884374393,0.01881216448419108,0.08648988896162675,0.019336383398563216,0.0002514411885188091
0.059550000000000006,-5.259570037767381e-05,3.9915885770137935e-06,-0.03059751696462437,-0.06860412477845973,0.005535785364315025,0.09413051873236945,0.015991993898656368,0.00024661084735415947
0.0596,-5.34631295911122e-05,5.258666424763152e-07,-0.004027333949756157,-0.06973582088613021,9.588445619948215e-05,0.09726169429324871,0.014621692981473023,0.0002411559581328062
0.05965,-5.299675768032199e-05,-2.9529731078414585e-06,0.022643330801772592,-0.06912774390837612,0.003031938187448435,0.09557289955724063,0.0153613757931831,0.00023561748085400576
0.0597,-5.1208219352439636e-05,-6.358140408336549e-06,0.048749096168807196,-0.06679506496521886,0.014052782790679874,0.08923161407415617,0.01813769086567465,0.00023054466517656377
0.059750000000000004,-4.81421347628307e-05,-9.604683014099895e-06,0.07363867399880424,-0.06279598054434202,0.032065488707306695,0.07886670345050763,0.022675314134180474,0.0002264405809091937
0.059800000000000006,-4.3874996397146066e-05,-1.261160609476696e-05,0.09669111757454965,-0.05723026068823705,0.055283745843830875,0.06550605476887142,0.028524252650961483,0.00022371222936325461
0.05985,-3.8513260677220466e-05,-1.5303892883648903e-05,0.11733131287100532,-0.050236759810543534,0.08140501104112241,0.05047464072524484,0.0351044700688542,0.00022263018055496098
0.0599,-3.219069215637906e-05,-1.7614376215366925e-05,0.13504432676103398,-0.04198995265690929,0.10783885040933545,0.035263122482589664,0.04176340875307029,0.00022330174173908928
0.05995,-2.506502629176611e-05,-1.9485414183077972e-05,0.14938825330497674,-0.03269558136226826,0.13196383141290868,0.02138002081233407,0.0478407035728739,0.00022566031489595906
0.060000000000000005,-1.7314034317537128e-05,-2.0870328222979782e-05,0.16000523879398276,-0.022585522701538463,0.15138748957806392,0.010202116714034187,0.05273367039014402,0.00022947200230661566
0.060050000000000006,-9.131088158338203e-06,-2.173456760393125e-05,0.16663040912366092,-0.011912003100974143,0.16418358800771676,0.002837916357552352,0.0559570739430701,0.00023435880106429128
0.0601,-7.203362116717554e-07,-2.2056571446396784e-05,0.16909847831928526,-0.0009413061738884759,0.16908314203804026,1.7721146260011235e-05,0.05719124891173458,0.0002398360906777311
0.06015,7.708389762671839e-06,-2.182830656412154e-05,0.16734787168653206,0.010052870603885041,0.1656002637181825,0.0020212041475691197,0.05631380093815937,0.0002453606915654474
0.060200000000000004,1.5944809542885257e-05,-2.105546792772258e-05,0.16142226241256505,0.020796244066667406,0.1540803477250364,0.008649675345607986,0.05341174490662322,0.00025038473315735414
0.060250000000000005,2.3783440494315305e-05,-1.9757336525740546e-05,0.151469481637598,0.03102078819396706,0.13566581854730952,0.019245786003499323,0.04877287563565017,0.0002544099848701064
0.0603,3.102872400842663e-05,-1.796629839157443e-05,0.1377378307330432,0.04047142084505404,0.11218283724159261,0.032758718104349493,0.04285722774574134,0.00025703726657979074
0.06035,3.7499904233915285e-05,-1.5727036575066442e-05,0.12056988634955265,0.0489123674976,0.08596020163896151,0.04784839388440554,0.036251454071348915,0.0002580060338912817
0.0604,4.303553769798558e-05,-1.3095416448707283e-05,0.10039395417887464,0.056133043451013116,0.05959840081715314,0.06301837134146654,0.029610647772559943,0.0002572202177369933
0.060450000000000004,4.749752085438221e-05,-1.013709190023007e-05,0.07771338321056159,0.061953307339622204,0.03571172543377392,0.07676424580635373,0.023593376731016254,0.0002547577496042146
0.060500000000000005,5.0774535670991836e-05,-6.925867462549506e-06,0.053094008504812995,0.06622795547245909,0.016669009798806568,0.08772284172124048,0.01879637373640438,0.0002508628349621211
0.06055,5.2784826638304935e-05,-3.5418569799667973e-06,0.02715003451479775,0.0688503441830418,0.004358715338354124,0.09480739788246635,0.01569535843067937,0.00024592173375111897
0.0606,5.3478240564221984e-05,-6.948496085950699e-08,0.0005287120202410317,0.06975505054445871,1.6525727887525668e-06,0.09731534152919981,0.014597860302180665,0.00024042445653648463
0.06065,5.283747767417448e-05,3.404619672812208e-06,-0.026105809531101268,0.06891950436375484,0.004029913633599177,0.09499796163491245,0.01561272082778514,0.00023491616910133317
0.060700000000000004,5.087852332775144e-05,6.7937847942658995e-06,-0.05208905126832023,0.06636455140217311,0.016044021656137778,0.08808507365623353,0.01863929957250242,0.00022994312957202848
0.060750000000000005,4.7650249125741466e-05,1.0013457375264893e-05,-0.07677278225828038,0.0621539331647149,0.03485254649276365,0.07726222815687694,0.0233774544148862,0.00022599851531172313
0.0608,4.32331937523791e-05,1.2983312919775193e-05,-0.09954119170553548,0.05639269678771462,0.058590258159035374,0.06360272501982238,0.029357306445289687,0.00022347351550149692
0.06085,3.773755363141878e-05,1.562925939337442e-05,-0.11982625208815914,0.04922457419977537,0.08490310067528622,0.04846117410298382,0.0359858374944377,0.00022261853638076234
0.0609,3.1300433800733374e-05,1.7885285680798505e-05,-0.13712189045423787,0.04082839636491072,0.11118164273209284,0.0333391589946051,0.04260569953267879,0.00022351836910447048
0.060950000000000004,2.408242739163642e-05,1.9695108424693994e-05,-0.1509966138774152,0.031413631748537604,0.13481985378313707,0.019736325192654596,0.04856040358378862,0.00022608378075977944
0.061000000000000006,1.6263609162467783e-05,2.1013576183820457e-05,-0.16110427438920025,0.021215160499147987,0.15347354300243624,0.009001660700092182,0.05325942355795527,0.00023006036367376935
0.06105,8.039042994511035e-06,2.1807795874151162e-05,-0.1671927047397496,0.010487414651861583,0.1652928318023933,0.00219971732160162,0.05623675863462641,0.00023505376503955974
0.0611,-3.8608456541906216e-07,2.2057953373972777e-05,-0.16911000941417995,-0.0005019694678971977,0.1691056055729913,5.039466934019915e-06,0.05719714648816816,0.00024056879454583354
0.06115,-8.801583300751803e-06,2.1757807857411204e-05,-0.16680835424891066,-0.011478828230858747,0.16453375207599405,0.0026352699510711953,0.05604534458712083,0.0002460585325069166
0.061200000000000004,-1.6997503149422405e-05,2.0914847472647475e-05,-0.16034515971280328,-0.022169310555682824,0.1520306587947618,0.009829566610286198,0.05289557547819171,0.0002509785673787822
0.061250000000000006,-2.476937205411379e-05,1.9550102540825007e-05,-0.14988166851578108,-0.03230670995209075,0.13283625103966387,0.02087447015857039,0.04806019963793452,0.00025484098518867716
0.0613,-3.1923297110595355e-05,1.7697620866055626e-05,-0.13567892280869698,-0.0416381183044341,0.10885402919305301,0.034674657918681,0.04201873887685885,0.00025726275529359965
0.06135,-3.8280801861404254e-05,1.5403618337576035e-05,-0.11809125189894036,-0.0499307354632596,0.0824622997520477,0.0498615668780402,0.035370322581824,0.00025800371606615486
0.0614,-4.3683278864717784e-05,1.2725325895497418e-05,-0.09755743226223945,-0.05697767708215704,0.05627831968989267,0.06492911371357128,0.02877427223623857,0.00025699039072674373
0.061450000000000005,-4.79959467278176e-05,9.729561766419266e-06,-0.07458974113876277,-0.06260313605640332,0.03289874443479154,0.0783830528819309,0.02288471689858491,0.00025432327498472345
0.061500000000000006,-5.111121254203153e-05,6.491064444369827e-06,-0.04976117610680091,-0.0666667684468411,0.014642118594981105,0.08888916030289455,0.01828572334049829,0.000250266869856047
0.06155,-5.295135622891979e-05,3.0906281405686184e-06,-0.02369116004118545,-0.06906719490567809,0.00331894689064101,0.0954055482427785,0.0154333743646109,0.00024522345225233533
0.0616,-5.347046939078053e-05,-3.869128984947177e-07,0.002969912294358515,-0.06974452973567322,5.214703119697952e-05,0.09728598856100411,0.014610539042222979,0.00023969318020893054
0.06165,-5.265560076693728e-05,-3.854800820656274e-06,0.029556900300442314,-0.06868187507409401,0.005165690275546814,0.09434399927386913,0.015898820601820945,0.00023422449352842402
0.061700000000000005,-5.0527079227145534e-05,-7.2265186167427614e-06,0.05540651141523693,-0.0659057422852586,0.018152473106010862,0.08687133732341847,0.01917046361292633,0.00022935972409761682
0.061750000000000006,-4.713800673223232e-05,-1.041794854675674e-05,0.07987384905846007,-0.06148539071309091,0.037724606232981885,0.07560906542282891,0.02410102334025166,0.00022558131410751678
0.0618,-4.257293344083426e-05,-1.3349470703594163e-05,0.10234850133374608,-0.055531099617849564,0.061941133701124765,0.06167406049535064,0.03020154052483024,0.00022326397135287316
0.06185,-3.694574848566297e-05,-1.5947949393597516e-05,0.12226976990522094,-0.04819141712367463,0.08840051656331636,0.04644825368776001,0.03686703131851535,0.00022263751093222657
0.061900000000000004,-3.03968385339574e-05,-1.8148557691155944e-05,0.13914065788564803,-0.039649453992255265,0.11447879202710243,0.03144158403767934,0.043436482959353796,0.00022376406297888366
0.061950000000000005,-2.308958555715109e-05,-1.9896394787890913e-05,0.15254026943217425,-0.030118315600235968,0.1375897909063163,0.018142258691908345,0.04925840640066687,0.00022653191292577271
0.062,-1.5206290682959252e-05,-2.1147855605524282e-05,0.1621343097662249,-0.019835785181537776,0.15544160646290275,0.007869167475362274,0.053755443928044676,0.00023066657863412751
0.06205,-6.943626215803383e-06,-2.187171871005144e-05,0.16768342567082573,-0.009058391750465147,0.16626388223505698,0.001641089222097901,0.05648162587272136,0.000235758032083818
0.0621,1.4922709759303763e-06,-2.204992516917116e-05,0.16904917644995532,0.0019449898957183305,0.16898337722214107,7.565971388892804e-05,0.057166597073899594,0.00024130136045264332
0.062150000000000004,9.890942151539434e-06,-2.1678029137294213e-05,0.1661974881738153,0.012899847008342933,0.16333039928049878,0.0033281210567730826,0.05574242830908691,0.00024674683923277014
0.062200000000000005,1.8042857211930027e-05,-2.076530872008787e-05,0.15919950342241873,0.023532877470614166,0.1498655502595903,0.011075926440938797,0.05235035274603025,0.0002515544471795458
0.06225,2.5744642084288946e-05,-1.9334534548244395e-05,0.14822980676014388,0.033578808138566854,0.12992413192562263,0.02255072712013367,0.04732676029231925,0.0002552474209475871
0.0623,3.2804152458555674e-05,-1.7421401650325644e-05,0.13356206894394096,0.04278701286150456,0.10548372467610799,0.03661456939221114,0.04116983793000374,0.00025745953459888407
0.06235,3.904526746734505e-05,-1.5073638974499979e-05,0.11556221966902998,0.05092776515143742,0.07896807224027139,0.051872745266399276,0.034490165019626165,0.00025797141905815316
0.062400000000000004,4.431228348013655e-05,-1.2349818601497985e-05,0.09467931813552806,0.05779796933686496,0.053006720089458205,0.06681210518930364,0.02795016234361261,0.00025673231584082416
0.062450000000000006,4.847379867051377e-05,-9.317894520132861e-06,0.07143435012267742,0.06322622745941094,0.0301742448600398,0.0799511167749834,0.022198400271146036,0.000253865111605184
0.0625,5.142599119136941e-05,-6.053507289151302e-06,0.04640723035394795,0.06707711526506673,0.012734934722882268,0.08998678784566096,0.01780528023509792,0.0002496541510107375
0.06255000000000001,5.30952093487797e-05,-2.638096961546275e-06,0.020222334835431486,0.06925456078855365,0.002418240937514572,0.09592388380030945,0.015206468222439028,0.00024451703858797264
0.0626,5.3439809072428385e-05,8.431286854666383e-07,-0.00646707607553175,0.06970424115554175,0.0002472688359524184,0.09717362470139838,0.014659689851143189,0.00023896322505614296
0.06265,5.245119284716922e-05,4.303319917726786e-06,-0.032995155194543754,0.06841493780956974,0.006437316752416058,0.09361207430974591,0.01621917167908594,0.00023354348518675818
0.0627,5.015402423269874e-05,7.656151771994038e-06,-0.05870008007432082,0.06541881641654756,0.020374524757721488,0.08559243082683907,0.01973026342548921,0.00022879529787230967
0.06275,4.6605612544657065e-05,1.0817977693590294e-05,-0.08294056412699675,0.06079062436110147,0.040676750607605915,0.07391000020425087,0.024844774386046552,0.00022518954436728507
0.06280000000000001,4.1894483131478694e-05,1.370991635376686e-05,-0.10511185547960716,0.05464582597555387,0.06533063591027932,0.05972332593101036,0.031055503214383197,0.00022308381138346539
0.06285,3.613816882743546e-05,1.625981957729537e-05,-0.12466082425848046,0.04713772188846496,0.0918912696802558,0.044439296496685377,0.03774653668411031,0.00022268692907510593
0.0629,2.9480277785961984e-05,1.8404072307590415e-05,-0.14109976220829756,0.03845362453612274,0.1177246489227102,0.029573624799302017,0.04425432951037154,0.0002240382618586878
0.06295,2.2086910713918244e-05,2.0089179658197384e-05,-0.1540185498691667,0.028810185013698177,0.1402688912426416,0.01660053521047038,0.04993350768917253,0.00022700380408975488
0.063,1.4142517030623724e-05,2.1273101528024006e-05,-0.16309488847390718,0.018447988129727214,0.15728829565948552,0.0068065653206911235,0.05422087009073612,0.00023128946997491231
0.06305000000000001,5.84529320804033e-06,2.1926301389398972e-05,-0.16810234043106714,0.007625550229435885,0.16709505585879528,0.0011629803260329937,0.056691240765709736,0.00023647025725426646
0.0631,-2.5977618200026206e-06,2.2032483196832533e-05,-0.16891597875967165,-0.003387130230612271,0.16871663949419355,0.00022945302398255071,0.057099633714273075,0.00024203239516735754
0.06315,-1.0976010859578964e-05,2.158899790858826e-05,-0.16551550355075956,-0.014315308636813164,0.16199223371537344,0.0040985612273443505,0.05540554801542465,0.0002474242942170573
0.0632,-1.9080433445844328e-05,2.0606909606560685e-05,-0.1579857486581302,-0.024886348541734285,0.1475886933446459,0.012386606874813605,0.051776984589361814,0.00025211124771801956
0.06325,-2.6708840454804753e-05,1.911071943608792e-05,-0.14651456507294608,-0.03483652339390553,0.12693440924253163,0.024271667243482543,0.04657378564355148,0.00025562845775217453
0.06330000000000001,-3.367091836163612e-05,1.7137754386154123e-05,-0.1313881346611289,-0.04391759601996013,0.10207765591408673,0.038575104803448355,0.040311949579979134,0.000257627129757521
0.06335,-3.979297711587838e-05,1.4737236014277511e-05,-0.11298383029576993,-0.0519030115921572,0.07548346512637276,0.05387845224671209,0.033612459653613494,0.0002579090614042764
0.0634,-4.492228346456818e-05,1.1969052515085884e-05,-0.09176080143939516,-0.05859354981852894,0.04978917025945554,0.06866408160672866,0.02713970160260951,0.0002564462994876387
0.06345,-4.893087120747954e-05,8.902264571797878e-06,-0.06824851903619633,-0.06382229495077787,0.027542863138000626,0.08146570665568174,0.021535576699620366,0.00025338391050190275
0.0635,-5.171873386280222e-05,5.613382484884906e-06,-0.043033566534586634,-0.06745880017612918,0.010950701175769302,0.09101379442405853,0.01735584486098217,0.00024902559616755125
0.06355000000000001,-5.321631946336351e-05,2.1844573439355157e-06,-0.016745005657338476,-0.06941234180519358,0.0016581236749397175,0.09636146389762049,0.01501501001357167,0.00024380357377742603
0.0636,-5.338626591830776e-05,-1.2989659473619194e-06,0.009961317327273216,-0.06963418285989717,0.0005866743326674185,0.09697838845131194,0.01474521395348606,0.00023823571503040126
0.06365,-5.222433296432891e-05,-4.749982871749035e-06,0.036419133642703334,-0.06811878874832517,0.007842612007263931,0.09280338761077903,0.016573214732187026,0.00023287418740902788
0.0637,-4.975950811399914e-05,-8.082497380553468e-06,0.06196837413947842,-0.06490396555091782,0.022706372871408167,0.08425049488469455,0.02031773301968494,0.0002282506973596492
0.06375,-4.6053283341553664e-05,-1.1213369820759644e-05,0.08597163654118736,-0.06006991662863674,0.043703928930528914,0.07216789767542738,0.02560742923045415,0.00022482375987920356
0.06380000000000001,-4.1198121129099136e-05,-1.4064491114707685e-05,0.10783008758578429,-0.05373724191909623,0.06875296650403036,0.05775382338142946,0.03191772908473024,0.00022293322910848964
0.06385,-3.531514758693915e-05,-1.6564731405557863e-05,0.12699840240502108,-0.04606392899186419,0.09536938789844224,0.042437711083350135,0.03862284508935785,0.00022276659374111292
0.0639,-2.8551130724602362e-05,-1.8651714633773813e-05,0.14299836963058626,-0.03724141176717959,0.12091365817850232,0.027738455008252456,0.04505783568524942,0.00022434038513555036
0.06395,-2.1074818808893892e-05,-2.0273374666120798e-05,0.1554308214987812,-0.02748979447171261,0.1428525662349694,0.015113776001940025,0.05058454694386298,0.0002274985368101242
0.064,-1.307273049227642e-05,-2.1389254270658627e-05,0.16398559256727957,-0.017052360577555648,0.15901044225062727,0.005815660025339481,0.05465489814308455,0.00023192786228876677
0.06405000000000001,-4.744501526534409e-06,-2.197151442078829e-05,0.16844925752728576,-0.0061895033018974175,0.16778491766994041,0.0007661990224839807,0.05686523457636027,0.00023718911304829719
0.0641,3.7020957313170584e-06,-2.200562884299001e-05,0.16871045591012324,0.0048277706510975425,0.16830583154533474,0.0004661473891919758,0.05699635797518207,0.00024276053901420725
0.06415,1.2056335819031259e-05,-2.1490746403770502e-05,0.16476267021343605,0.01572460218442468,0.16052152402780506,0.004945262277168268,0.05503526433329821,0.000248089629955623
0.06420000000000001,2.0109797346515355e-05,-2.043971235677929e-05,0.15670438861229158,0.02622913698945835,0.14520395974537575,0.013759352544235444,0.05117643370233951,0.0002526479079347503
0.06425,2.766156268214083e-05,-1.8878747869695152e-05,0.14473664783313545,0.03607930776951552,0.1238721726203958,0.026034328982548455,0.04580254379932841,0.000255983336026917
0.06430000000000001,3.452323044519008e-05,-1.684679586357494e-05,0.12915801774937463,0.045029372296515165,0.0986416242957351,0.04055288738836335,0.03944652020615005,0.0002577651467244298
0.06435,4.052361575090505e-05,-1.4394549468322079e-05,0.11035715270340332,0.05285604419875267,0.07201441507508777,0.05587522816680992,0.032738686530626046,0.0002578166441091843
0.0644,4.551302090306708e-05,-1.1583187318668762e-05,0.0888030953292324,0.05936406348410272,0.04663115200881639,0.07048184066689156,0.026344255580139208,0.00025613272641130823
0.06445000000000001,4.9366970103913204e-05,-8.482847288229467e-06,0.06503357498829007,0.06439106794180931,0.025009081374791877,0.08292419261373404,0.020897360643575204,0.0002528803925143484
0.0645,5.19893148104171e-05,-5.170876668450339e-06,0.039641592444587107,0.0678116436793801,0.009292454614731386,0.09196838036998423,0.016938168758583123,0.0002483821800798021
0.06455,5.3314632530672085e-05,-1.7299025271404555e-06,0.013260625760795584,0.06954045404439685,0.0010398839906524096,0.0967174949740174,0.014859312637238362,0.00024308418040552368
0.0646,5.330985890793519e-05,1.7542296863278062e-06,-0.013451173701044393,0.06953436850149573,0.001069775677434471,0.09670056805803603,0.014866953356576743,0.00023751179901867285
0.06465,5.197511269635787e-05,5.194597804855704e-06,-0.0398274008432213,0.06779353876105734,0.009379168679073418,0.09191927795493968,0.016960335409094203,0.00023221765217691894
0.06470000000000001,4.9343692732412325e-05,8.505371481698015e-06,-0.0652100222265424,0.06436139489285272,0.025144028262658245,0.08284778305107458,0.020931861455233493,0.00022772676350239519
0.06475,4.548124727126023e-05,1.1603953488905382e-05,-0.08896579276908612,0.05932356193419267,0.046800964866614204,0.07038570001119988,0.026387679567743932,0.00022448449825628711
0.0648,4.048413613376885e-05,1.4413040343680208e-05,-0.11050205377535666,0.05280572360712582,0.07220227436812697,0.0557688889134433,0.03278674111416013,0.00022281239594184576
0.06485,3.4477026813231305e-05,1.6862550896528677e-05,-0.1292815188249688,0.04497048690121693,0.09882892473809149,0.040446893842650475,0.03949445629577909,0.00022287628428605875
0.0649,2.7609784191005815e-05,1.8891374685931098e-05,-0.14483567765405764,0.03601332519493762,0.1240403668035655,0.025939191831926577,0.04584562581780917,0.0002246698330204662
0.06495000000000001,2.0053731801058207e-05,2.0448896563885895e-05,-0.15677648495545402,0.02615770174869253,0.14533639634841652,0.013684507215471044,0.051210408552296055,0.0002280151828799296
0.065,1.1997377592075192e-05,2.149625939314629e-05,-0.1648060408781394,0.01564949459540929,0.16060509768540485,0.004898133621834892,0.05505678226312915,0.0002325805824672574
0.06505,3.6417110886391183e-06,2.2007333513621964e-05,-0.168724023532152,0.004750862502580696,0.1683322817109115,0.00045141389036854615,0.05700330431731164,0.00023791328922332262
0.0651,-4.804810909887255e-06,2.1969368564601675e-05,-0.16843268614023676,-0.006266295458953151,0.167751646904739,0.0007853291755779377,0.056856938897167704,0.00024348446632600524
0.06515,-1.313146490236064e-05,2.1383311644585174e-05,-0.16393929611551897,-0.017127123192036773,0.15892077366023397,0.0058667669767040785,0.05463220066820924,0.0002487416284947089
0.06520000000000001,-2.1130517785561415e-05,2.026378362297146e-05,-0.15535595333865249,-0.0275606647102493,0.14271541383318045,0.015191804785415623,0.05054971519333548,0.0002531634304343643
0.06525,-2.860240941505851e-05,1.8638714436851706e-05,-0.1428967938992149,-0.037306623951688,0.12074264345878655,0.02783568381345322,0.04501433998536738,0.00025631136959755856
0.0653,-3.536073116169629e-05,1.6548646240109848e-05,-0.1268726475068819,-0.04612185860666071,0.09518148974004742,0.04254451682665605,0.038575014894809426,0.0002578732710723272
0.06535,-4.123687653467368e-05,1.4045722022590442e-05,-0.10768328330504767,-0.05378644612029629,0.06856683854055087,0.057859635725030716,0.03187032436546493,0.0002576942473324096
0.0654,-4.608424743056842e-05,1.1192384674419418e-05,-0.08580743606824638,-0.06010917018629536,0.043538050911455274,0.07226224680970036,0.025565169190667435,0.0002557920565684873
0.06545000000000001,-4.978191162026163e-05,8.059819230922094e-06,-0.061790863103592476,-0.06493229137302974,0.022577219367911506,0.08432404925904063,0.020284828915029907,0.00025235534349158083
0.0655,-5.2237619619514024e-05,4.726176896179089e-06,-0.03623272849389829,-0.06813548224725557,0.007763019949538849,0.09284887882132159,0.016552953051423337,0.00024772492996552847
0.06555,-5.339010626057601e-05,1.2746253635294748e-06,-0.009770655310322077,-0.06963882945629493,0.0005645710398809442,0.09699133136085862,0.014739631114515041,0.00024236001717256996
0.0656,-5.3210619030986316e-05,-2.208726074123389e-06,0.01693518182872271,-0.06940482727395443,0.0016957415467444917,0.09634060097854898,0.015024690913926147,0.0002367926458445226
0.06565,-5.170363548711986e-05,-5.636974765967033e-06,0.04321852677293673,-0.06743931341486836,0.011044356763224482,0.09096121987737688,0.017379865094452628,0.00023157493487406303
0.06570000000000001,-4.890675147964681e-05,-8.92459275555938e-06,0.06842366353013521,-0.06379132329472152,0.027683322491550054,0.08138665855383362,0.021571594244845352,0.00022722432726959244
0.06575,-4.488974328296991e-05,-1.1989560532451689e-05,0.09192177511929674,-0.05855186678931651,0.04996256431107352,0.06856642209027732,0.027184188795706717,0.00022417227615303416
0.0658,-3.9752826774436465e-05,-1.4755413250981575e-05,0.11312663119246265,-0.051851657646025534,0.07567266436967025,0.05377188801281276,0.03366105257183284,0.00022272145725323693
0.06585,-3.3624157295130685e-05,-1.7153148381038684e-05,0.13150921337780444,-0.043857852499492554,0.10226396805128042,0.0384702245173449,0.04035988008409953,0.0002230157530524158
0.0659,-2.6656632419968208e-05,-1.9122947179214795e-05,0.14661091316656105,-0.03476988061808803,0.1270994317175525,0.02417889196392187,0.04661635351365409,0.00022502598377972864
0.06595000000000001,-1.9024077486148482e-05,-2.0615667047814186e-05,0.15805497328154833,-0.024814468555480643,0.14771613684429943,0.012315156993818752,0.05181002270713472,0.00022855280117059203
0.066,-1.091690901193093e-05,-2.159406755091951e-05,0.16555588706679591,-0.014239983790681006,0.16206953636416993,0.004055542767177156,0.05542583490002394,0.00023324645783217053
0.06605,-2.5373841903176137e-06,-2.203373947840332e-05,0.16892652121857377,-0.003310238439492743,0.16873621126000035,0.00021915357052590704,0.05710521217759739,0.00023864149124050313
0.0661,5.9054450109585896e-06,-2.1923713823546882e-05,0.16808278451828654,0.007702092307276696,0.16705503047136963,0.001186444518196217,0.05668161158057092,0.00024420288374240066
0.06615,1.4200947265076989e-05,-2.1266735421491933e-05,0.16304572562390515,0.01852227289518622,0.15719271491525538,0.006861491864075002,0.05419704106806278,0.0002493791196172255
0.06620000000000001,2.214216671898176e-05,-2.0079194491790225e-05,0.1539410081004255,0.028880361502584197,0.14012730415289074,0.016681505610398946,0.04989789379151037,0.0002536568790156998
0.06625,2.9530986096859695e-05,-1.8390717713538467e-05,0.14099577523833437,0.03851794453724622,0.1175511647659725,0.029672641027487515,0.044210513424240934,0.00025661194315108817
0.0663,3.618306936472649e-05,-1.624342913026185e-05,0.12453298348594224,0.047194583566611,0.09170315960241944,0.04454657436051658,0.037698914105897416,0.0002579512645424448
0.06635,4.19324604784589e-05,-1.3690899205802396e-05,0.10496334516601814,0.05469381372099657,0.0651466209386035,0.059828265186941454,0.031008847434922545,0.0002575420275748374
0.0664,4.663572373478927e-05,-1.0796808387808566e-05,0.08277508224486997,0.06082854414122851,0.04051514645984816,0.07400223564682772,0.024803763828314132,0.0002554248207684204
0.06645000000000001,5.017552210459144e-05,-7.633358373170338e-06,0.05852174604103479,0.06544572541637907,0.02025142675604802,0.0856628595055217,0.019699018445211,0.0002518096106049116
0.0665,5.246354466746197e-05,-4.279470854193472e-06,0.03280840737784719,0.06843016798956822,0.006365005104344903,0.09365375782161053,0.016200846862583135,0.00024705492039209037
0.06655,5.344270967146493e-05,-8.188185537443424e-07,0.006276561237927157,0.06970741576031687,0.00023299207765828685,0.09718247623963347,0.014656161877891921,0.00024163227455198833
0.0666,5.3088588741547895e-05,2.662262218266374e-06,-0.020411877202882477,0.06924560378432741,0.0024634981681183952,0.09589907286912117,0.015218150392259282,0.0002360794389922155
0.06665,5.1410016192223246e-05,6.076925496508278e-06,-0.04659108596590692,0.06705625306896058,0.012835327670685449,0.08993082151296972,0.017831081809910512,0.00023094708995877498
0.06670000000000001,4.844886876079428e-05,9.339982286406786e-06,-0.07160794726705429,0.06319398332764964,0.030319914408396743,0.0798695905763052,0.022235834810048233,0.00022674420489025892
0.06675,4.427902075014355e-05,1.2370025853908416e-05,-0.09483834129926064,0.05775515014878772,0.05318332387005804,0.06671314737418028,0.027995594066917137,0.00022388758620620785
0.0668,3.9004501156271804e-05,1.509146267788921e-05,-0.11570271704038047,0.050875441335113215,0.0791582065181652,0.051766210620850926,0.034539169054180335,0.00022266052856828442
0.06685,3.275689821409894e-05,1.7436398325754576e-05,-0.13368055046953056,0.04272649152487161,0.10566864926025892,0.036511061560498506,0.04121763838174819,0.00022318472305496965
0.0669,2.5692076682360105e-05,1.934633132573086e-05,-0.14832333106086065,0.033511600497630016,0.13008562753224684,0.022460547358255128,0.04736870317771761,0.00022540819076384024
0.06695000000000001,1.7986289232953645e-05,2.077361261328361e-05,-0.159265750727325,0.023460661054488078,0.14998772381748227,0.011008052342271472,0.052382366560817566,0.00022911043594968486
0.067,9.831779382854681e-06,2.168263433160407e-05,-0.16623481799058368,0.012824423813353792,0.16340125865583613,0.0032893169228903163,0.055761426963158514,0.00023392431381262922
0.06705,1.431985372385194e-06,2.2050718127489454e-05,-0.1690566681512848,0.0018682413796620757,0.16899601901865735,6.980651705363312e-05,0.05717078507038532,0.00023937243885321238
0.0671,-7.003535185296789e-06,2.1868680979278217e-05,-0.16766090124636515,-0.009134551595922679,0.16621717522739382,0.0016688006571714711,0.05647067571206254,0.00024491452795932344
0.06715,-1.5264333333700897e-05,2.1141064252283378e-05,-0.16208233807071243,-0.019909457603138815,0.15534030290445786,0.00792773004102364,0.05373052813509097,0.000250000979077428
0.06720000000000001,-2.3144319062948182e-05,1.9886020443496823e-05,-0.15246015177222821,-0.030187664419166635,0.13744405470224588,0.018225901661684384,0.049222081006074385,0.00025412737581093645
0.06725,-3.0446902802601035e-05,1.8134860276594366e-05,-0.13903439552735886,-0.039712751423165465,0.1143031908163178,0.03154205251196261,0.04339243415611052,0.0002568845093406689
0.0673,-3.6989899975466426e-05,1.5931271600691563e-05,-0.12214001394479355,-0.04824708680421944,0.0882125773388306,0.04655562770187771,0.03681971016815038,0.0002579989602719895
0.06735000000000001,-4.261007608081188e-05,1.333022943472938e-05,-0.10219848670104457,-0.055577755955481506,0.06175960560870706,0.0617777391409412,0.03015572223910835,0.0002573602127566636
0.0674,-4.716721910514539e-05,1.0396624476845557e-05,-0.07970731363041107,-0.06152187330371067,0.03756760224350223,0.07569881789595656,0.024061334376746915,0.00025503161488663636
0.06745000000000001,-5.054763751149091e-05,7.203644203450199e-06,-0.05522760307309747,-0.06593114492320794,0.01803567529485358,0.08693831741770096,0.019140923895054354,0.00025124409629125483
0.0675,-5.266699660674784e-05,3.830946989974947e-06,-0.029370073385111165,-0.06869556816386035,0.005100796050371636,0.09438162170711169,0.015882445677360385,0.0002463732669417182
0.06755,-5.3472422549418096e-05,3.6267480080351917e-07,-0.0027798167766143606,-0.06974617603103876,4.5710635982504305e-05,0.09729058141905292,0.01460904197548103,0.0002409021683637214
0.06760000000000001,-5.2943821410683515e-05,-3.114645988005971e-06,0.02387979441317465,-0.06905675772912895,0.003371730722637728,0.09537671576119221,0.015446996526609807,0.00023537337033947148
0.06765,-5.1094380523907335e-05,-6.514263242804831e-06,0.04994365751673235,-0.06664451263011813,0.014749018628791829,0.08882982127411948,0.018313211043415233,0.00023033516493776193
0.06770000000000001,-4.7970239449715654e-05,-9.751363364434907e-06,0.07476153245047722,-0.062569621128795,0.033049297014668216,0.07829914976401897,0.022923445933290362,0.0002262871922906358
0.06775,-4.364933893308065e-05,-1.2745187218416084e-05,0.09771426393892503,-0.05693374332844625,0.056457739409487125,0.06482902258778796,0.028820508142420004,0.0002236308919167799
0.0678,-3.823947640088169e-05,-1.5421044905318423e-05,0.11822922806717444,-0.04987748275893728,0.08265294536902341,0.04975526572736172,0.03541959059782415,0.00022262969168564142
0.06785000000000001,-3.1875616693767046e-05,-1.7712179138518292e-05,0.13579461825755923,-0.04157687869909539,0.10903715245618906,0.03457273684718584,0.042066267222510355,0.000223382884419304
0.0679,-2.471652491900268e-05,-1.9561430682370763e-05,0.14997221357136942,-0.03223901425501654,0.13299385466248873,0.020787080802703195,0.048101391807398364,0.0002258157802984574
0.06795,-1.6940805633367876e-05,-2.0922664388775238e-05,0.16040831169787506,-0.0220968501510617,0.15214727999709285,0.009765415731969509,0.052926465283320706,0.00022968711456150661
0.068,-8.742446997775222e-06,-2.176192014527741e-05,0.1668425528356163,-0.011403412757618712,0.1645979942308313,0.002600756450412424,0.056062988340972696,0.0002346129728047131
0.06805,-3.2598118688752967e-07,-2.2058260147635836e-05,0.1691144154301816,-0.0004254816541149828,0.16911126700638854,3.6206927597684368e-06,0.05719991411649806,0.0002401048643154503
0.06810000000000001,8.098618269640237e-06,-2.1804291220100603e-05,0.16716722058653646,0.010563066019914111,0.16523951915289423,0.0022315672748212828,0.05622449436847867,0.00024561816464628214
0.06815,1.6321174908006737e-05,-2.100634929987281e-05,0.16104954637760188,0.021288088223891555,0.15336670921403234,0.009063654004563805,0.05323346087754725,0.0002506061265023737
0.0682,2.4136552778558452e-05,-1.9684341333020052e-05,0.15091401568042384,0.03148201730814835,0.13467025635697097,0.01982234827581104,0.048523432498954085,0.0002545740996254221
0.06825,3.1349774203726316e-05,-1.7871248673047458e-05,0.13701348878297956,0.0408905353026529,0.11100427669809346,0.033440717546750064,0.04256149984897984,0.0002571285857472399
0.0683,3.7780884015596186e-05,-1.561230422681007e-05,0.11969475482955867,0.04927891859236233,0.08471571156332643,0.04856823635265348,0.035938904120314336,0.0002580162607628209
0.06835000000000001,4.3269439166781996e-05,-1.2963864035840484e-05,0.09938988041478547,0.05643789388856141,0.05841158293867558,0.06370471733153034,0.029312404257460265,0.0002571490979875405
0.0684,4.767851131998994e-05,-9.99200124718157e-06,0.07660543010889348,0.06218885903845146,0.0347004564112619,0.07734908377008773,0.023339146409850284,0.0002546130961340524
0.06845,5.089810309589733e-05,-6.770857785490777e-06,0.051909829001229646,0.06638833896577413,0.01593375141620796,0.08814823101269048,0.018611495345777378,0.00025065975268583984
0.0685,5.284789211015726e-05,-3.380794609248827e-06,0.02591918145583349,0.0689315648874322,0.0039725521829501,0.09503121275660552,0.015598289848171671,0.00024568112127068965
0.06855,5.3479235031315035e-05,9.361308956575002e-08,-0.0007180993062702659,0.06975508829936608,3.045095898694841e-06,0.09731544687304716,0.014598348364184407,0.00024017093362340499
0.06860000000000001,5.277638096740821e-05,3.5656858940698644e-06,-0.027337467817676077,0.06883836367847396,0.0044188851819963555,0.09477440627859685,0.01571083523515448,0.0002346756349368481
0.06865,5.0756864577457336e-05,6.948802621157176e-06,-0.053274825458811806,0.06620426126479151,0.01678215749691485,0.08766008419233545,0.018825426684184042,0.00022974019460041307
0.0687,4.74710684784369e-05,1.0158561350065925e-05,-0.07788308823922863,0.06191849629915177,0.03586680478715939,0.07667800367896144,0.02363325141920316,0.00022585406057947012
0.06875,4.3000966439095304e-05,1.3114885084956132e-05,-0.1005483304107501,0.056087989764125705,0.05978021485514127,0.0629172519156134,0.029657521284120757,0.000223402622370057
0.0688,3.7458078180591313e-05,1.574401949916669e-05,-0.12070510040623815,0.04885820073112517,0.08615090964179249,0.047742475573658405,0.03630081386420883,0.00022262899086649549
0.06885000000000001,3.098068729877749e-05,1.7980372979479598e-05,-0.13785052799371547,0.04040949763337931,0.11236372343585643,0.03265854997964176,0.042904318633238535,0.0002236098903376777
0.0689,2.373039129203474e-05,1.9768152978219323e-05,-0.15155686957096295,0.03095265829774299,0.1358191471330597,0.01916134111393676,0.04881317059539027,0.0002262480486728795
0.06895,1.5888070092218743e-05,2.1062757951528366e-05,-0.1614821797572837,0.02072361157318367,0.15419112023219525,0.008589361532723843,0.053441392988235956,0.00023028184458839644
0.069,7.64937345235693e-06,2.1831890056858933e-05,-0.1673788420393694,0.009977551321866134,0.1656577047727558,0.0019910306076094527,0.05633000811602176,0.0002353112518615197
0.06905,-7.801600988712594e-07,2.2056360937008194e-05,-0.1690997464457679,-0.0010174301130490577,0.16908176603457128,2.0703280698780363e-05,0.0571925539881508,0.00024083751008895207
0.06910000000000001,-9.190231024946532e-06,2.173057041962589e-05,-0.1666019595496396,-0.011987030283445237,0.16412374149904266,0.002873777900324664,0.0559434925366082,0.0002463125861994904
0.06915,-1.7371025324873102e-05,2.0862646241430094e-05,-0.15994779564917608,-0.022657579918840796,0.1512753152057831,0.010267318555573154,0.05270669244939716,0.0002511935227898975
0.0692,-2.5118448959334874e-05,1.9474241272324226e-05,-0.14930326211437372,-0.03276287042126991,0.13181065775836875,0.021468113564818453,0.04780314519070954,0.00025499628277783854
0.06925,-3.2239219577845544e-05,1.7599993323519344e-05,-0.13493391786552159,-0.04205079522813442,0.1076600676488987,0.035365387586369854,0.04171913251903413,0.0002573437511345574
0.0693,-3.8555688530185435e-05,1.528666101206934e-05,-0.11719824826334528,-0.050289639371359975,0.08121854476005738,0.05058095656202879,0.035058002276297746,0.0002580031333437864
0.06935000000000001,-4.3910272806416236e-05,1.2591957215028902e-05,-0.09653872156601635,-0.05727386026886955,0.055108279600622305,0.06560590140195988,0.028480334733495642,0.0002569090411562045
0.0694,-4.8169386465196175e-05,9.583109273243192e-06,-0.07347075036129753,-0.06282921565277698,0.03191861228822593,0.07895020679086312,0.022638433335933673,0.0002541699777302427
0.06945,-5.122677325890262e-05,6.335181782513187e-06,-0.048569832984736355,-0.06681711048411777,0.01394924912924419,0.08929052506893602,0.01811163611267077,0.0002500575767094192
0.0695,-5.300615759334147e-05,2.929203907053103e-06,-0.022457196089801724,-0.06913805471797321,0.0029822021001656624,0.09560141220370916,0.015348863142987983,0.00024497966528732164
0.06955,-5.346314736448429e-05,-5.498521497928995e-07,0.004215703708631065,-0.06973414527583845,0.00010506769916627134,0.09725702034703482,0.014624097367573155,0.0002394398194344115
0.06960000000000001,-5.258634153604111e-05,-4.015191017997425e-06,0.03078343235316682,-0.06859051072348941,0.00560317058633371,0.09409316322618233,0.016009213898811346,0.00023398742531207474
0.06965,-5.039761449702536e-05,-7.380359534013329e-06,0.056583179507603894,-0.06573568218059687,0.018931268039226873,0.08642359823496883,0.01936685214162477,0.00022916319625607823
0.0697,-4.6951570414449356e-05,-1.0561403572329509e-05,0.08097129440534825,-0.061240881635903695,0.03876762131185926,0.07500891167085533,0.024364037785983464,0.0002254455511921644
0.06975,-4.2334180899061225e-05,-1.3478962522223407e-05,0.10333934346742528,-0.05521824499093879,0.06314507158734625,0.06098109159758673,0.030505203556194994,0.00022320316933944066
0.0698,-3.666064028360425e-05,-1.6060249193258942e-05,0.12312928972571822,-0.047818024652725805,0.08964612204525833,0.04573126963377386,0.0371813344217858,0.00022265842947094837
0.06985000000000001,-3.0072491656283227e-05,-1.824086567784889e-05,0.1398474143504242,-0.039224840860948545,0.11564267937919091,0.03077176281133477,0.04373036302269868,0.00022386535545202574
0.0699,-2.273409575627517e-05,-1.996640999112045e-05,0.15307663436385976,-0.029653075983083595,0.13855668055787435,0.017586098305170585,0.04950282672210921,0.00022670426011540325
0.06995,-1.4828530425017388e-05,-2.1193833238695633e-05,0.1624869075164395,-0.019341525935448783,0.15611575745879083,0.007481892510232758,0.053926274105046836,0.00023089361307202357
0.07,-6.5530232540415695e-06,-2.1892513659757347e-05,0.16784346669132524,-0.008547442863106464,0.1665785867492593,0.0014611755899613926,0.05656203496041822,0.00023601796137723486
0.07005,1.885968873716536e-06,-2.204502051601315e-05,0.16901267635151557,0.0024598828903384697,0.16890757547380444,0.00012102047668359887,0.05714872260650684,0.00024156912832653605
0.07010000000000001,1.027791045035489e-05,-2.1647549018584834e-05,0.16596536697260122,0.013405840952458406,0.16287175905312942,0.0035943314328522177,0.05562815578362822,0.00024699661040803876
0.07015,1.841343975676332e-05,-2.071001518869511e-05,0.1587775623135358,0.02401735193173609,0.14906970551712834,0.011536663876257347,0.05215112816989608,0.00025176216913323714
0.0702,2.608959204371502e-05,-1.9255808533741198e-05,0.14762858319302388,0.034029680186449494,0.12887015630402238,0.023160382671840663,0.04706245455193525,0.0002553932090750443
0.07025,3.31148630278765e-05,-1.7321208470342055e-05,0.13279657343880347,0.043193038413597215,0.10427628867065457,0.037312771347969696,0.0408667755363705,0.0002575296436689772
0.0703,3.9313986623806506e-05,-1.4954479291466607e-05,0.11465156114999536,0.05127881940651285,0.0777270621347044,0.05259034639451517,0.03417851290743953,0.0002579596062504495
0.07035000000000001,4.4532307350108465e-05,-1.2214666002063544e-05,0.09364622687281743,0.05808529923086487,0.05185534799332047,0.06747803973478222,0.02766093757524772,0.00025664045910622497
0.0704,4.863963879863122e-05,-9.170121330645411e-06,0.07030461048407459,0.06344266995649969,0.02922682927150138,0.08049944742418698,0.02196039362426295,0.0002537030234656756
0.07045,5.1533511405210466e-05,-5.896800423204019e-06,0.04520903725831356,0.0672172759019066,0.012085563281701269,0.09036324359346067,0.01764220063866627,0.00024943860476830113
0.07050000000000001,5.314172894773547e-05,-2.476365946239671e-06,0.018985590163288192,0.06931494817903246,0.0021314398190228068,0.0960912408212391,0.015134591390882557,0.0002442701050230992
0.07055,5.342416962645081e-05,1.0058492464792842e-06,-0.0077115096725389465,0.06968335393536682,0.00035160402846353545,0.09711539631363203,0.014686244209904128,0.0002387100832022358
0.07060000000000001,5.23737870728517e-05,4.462970986083458e-06,-0.03421622442617732,0.06831330202118675,0.00692256176772767,0.09333414466075757,0.0163416217270787,0.00023330992553306467
0.07065,5.001678610626288e-05,7.80875112564051e-06,-0.05986731584378165,0.06523897224315431,0.021192675581853972,0.08512246998686115,0.019936561510707395,0.0002286051644971638
0.0707,4.6411969008328364e-05,1.0959719255505181e-05,-0.08402484180832684,0.06053706269381641,0.04174678717586096,0.07329471919190117,0.025114555960613877,0.00022506237064070665
0.07075000000000001,4.164926850470497e-05,1.3837265118966965e-05,-0.10608612154895893,0.05432487625885427,0.06654655779199452,0.059023843610796566,0.03136210691222046,0.0002230328828028785
0.0708,3.584750414478988e-05,1.6369599780193893e-05,-0.1255007713203666,0.04675739417612652,0.09313260905580727,0.043725078202833396,0.03805964893443892,0.0002227179661740464
0.07085000000000001,2.9151417994469108e-05,1.8493546612779725e-05,-0.1417844353495245,0.03802340956681894,0.11886841808110071,0.02891559350172116,0.04454299124002516,0.00022414885289037738
0.0709,2.1728063614301024e-05,2.0156117424188345e-05,-0.15453086947910255,0.028340817421577073,0.1412017798630965,0.016064038642463332,0.050169185040304355,0.00022718364462347547
0.07095,1.376263842844613e-05,2.1315834415132633e-05,-0.1634220762281975,0.017951178595342822,0.1579179080460003,0.006444896259237885,0.054380284436355265,0.00023152138481080718
0.07100000000000001,5.453863417569261e-06,2.1943764950466397e-05,-0.16823623803851367,0.007113693323106706,0.16735907388360743,0.0010120926539042587,0.05675867747678851,0.00023673190394008243
0.07105,-2.990974555110951e-06,2.2024243391703504e-05,-0.16885325133961585,-0.0039012652655077713,0.16858900240874064,0.00030439741343714843,0.057068500587934536,0.00024229847966135757
0.0711,-1.1361194123712366e-05,2.155526190067991e-05,-0.1652577227153128,-0.014818896425572011,0.16148572213680035,0.004391993825436619,0.055279028907917915,0.0002476690793572394
0.07115,-1.9447975498516385e-05,2.0548520556721495e-05,-0.1575393531149428,-0.025366827506115165,0.14675366110448174,0.01286951875450002,0.05156772337292428,0.00025231110540509423
0.0712,-2.7049570070330213e-05,1.9029135439245485e-05,-0.14589069983327416,-0.035281909088674235,0.12585378902037206,0.024896262178829474,0.04630263192250942,0.0002557642120557588
0.07125000000000001,-3.3976333658907586e-05,1.703501206186953e-05,-0.13060237277662423,-0.044316780050869795,0.10085873393634473,0.03927953988154342,0.040005890532000155,0.000257685958276034
0.0713,-4.005545769303547e-05,1.4615899675996965e-05,-0.1120557841625106,-0.05224603867901502,0.0742472407959036,0.054592971152982665,0.03330194320149772,0.0002578857666927335
0.07135,-4.5135280507711345e-05,1.1832150166588321e-05,-0.09071363326196225,-0.05887186605733107,0.04865835590878781,0.06931793226144661,0.026855616358388554,0.0002563438239987204
0.0714,-4.908907089670497e-05,8.753212358659802e-06,-0.06710836282735401,-0.06402896114916816,0.026629714144333475,0.08199415731683371,0.021306188320260634,0.0002532130447866887
0.07145,-5.181818990693778e-05,5.45589944643541e-06,-0.04182887587738917,-0.06758866484745463,0.010345883244214319,0.09136455231723098,0.017203992561916705,0.00024880390823642527
0.07150000000000001,-5.3254551555492355e-05,2.0224726303323865e-06,-0.015505843682593251,-0.06946216961271319,0.0014217214520233967,0.09649986014610672,0.01495584139853404,0.00024355366689617568
0.07155,-5.336232156926057e-05,-1.4614111060736181e-06,0.01120402814649555,-0.06960273521029968,0.0007422329692695172,0.09689081497510181,0.014784682739680201,0.00023798298584278097
0.0716,-5.2138811241648735e-05,-4.9088359810254104e-06,0.03763438309975088,-0.06800685460886569,0.008374802574594793,0.09249864547582792,0.016707490403971816,0.00023264430739538042
0.07165,-4.9614544643943894e-05,-8.233795776540267e-06,0.06312583807601965,-0.06471434165976894,0.023562513103029918,0.08375892032914611,0.020533580914971622,0.00022806706692396256
0.0717,-4.5852496982887184e-05,-1.1353339517430108e-05,0.08704243348535878,-0.05980733763661062,0.044799208419995185,0.07153835270359082,0.02588352335964484,0.00022470518783223507
0.07175000000000001,-4.0946523637860744e-05,-1.4189640942172799e-05,0.10878749939376339,-0.05340826219461474,0.06997885812353948,0.057048849412974285,0.032226767460642285,0.00022289206757621053
0.0718,-3.50190185146811e-05,-1.667194008424556e-05,0.12781854085479524,-0.04567675901403083,0.09660441116543783,0.04172732628051693,0.03893425771457546,0.00022280751326842678
0.07185,-2.8217860708908572e-05,-1.873830862651052e-05,0.143660772485504,-0.03680571325690339,0.1220354271945586,0.027093210566987883,0.045340816687311665,0.00022445991191338648
0.0719,-2.071272511219315e-05,-2.0337194841704567e-05,0.1559189629182889,-0.027016439268667314,0.14374992716343574,0.014597759815151785,0.05081110996730227,0.00022768539710973373
0.07195,-1.2690849454115445e-05,-2.14287097527288e-05,0.1642872954780069,-0.016553159405202716,0.15959449688103386,0.005480141725881023,0.054802652169838054,0.00023216410095906948
0.07200000000000001,-4.352363055422624e-06,-2.19856222339341e-05,0.16855699726324852,-0.005676911065850759,0.16799783949637348,0.0006445463849915759,0.05691960461055427,0.0002374518739789964
0.07205,4.094705965031682e-06,-2.1994038418790816e-05,0.16862154797458517,0.005340965578519717,0.16812660044091315,0.0005705182662186491,0.05695203062262346,0.0002430243321639848
0.0721,1.2439620567716743e-05,-2.1453748282177434e-05,0.16447933705751874,0.01622559701346727,0.15996801042448416,0.00526539996886876,0.05489671463309203,0.00024832885894813
0.07215,2.047419226251854e-05,-2.0378230920423666e-05,0.15623370416624288,0.02670543389501382,0.1443311520454351,0.01426360399041906,0.050957481233573056,0.0002528394086836497
0.0722,2.799797495918697e-05,-1.8794318240062852e-05,0.1440903608080076,0.03651902565032292,0.12276672331968345,0.02667278468897886,0.04552498185891046,0.00025610867353733854
0.07225000000000001,3.4823265722473615e-05,-1.6741525591149675e-05,0.1283522584774919,0.04542154315648175,0.0974132560704489,0.041262331654322686,0.039137954260694184,0.0002578124434814132
0.0723,4.077978753579069e-05,-1.4271065911898946e-05,0.10941203046592406,0.05319088669870736,0.0707850388267425,0.05658540855589447,0.03242979610473676,0.00025778175738280567
0.07235,4.5718937392782325e-05,-1.1444572090346744e-05,0.08774219657885797,0.05963322693054584,0.045522776394418735,0.07112243508299955,0.026065751383415842,0.00025601965922781536
0.0724,4.951749363304007e-05,-8.332559344769738e-06,0.06388337469909385,0.0645878405198939,0.024131712662807468,0.08343178286046497,0.02067693855495939,0.00025270089615773224
0.07245,5.208069005144685e-05,-5.012666009320231e-06,0.038430793470148966,0.06793111984824501,0.008733187020890454,0.09229274087673255,0.01679776290500037,0.0002481545887376529
0.07250000000000001,5.3344580158158015e-05,-1.5677166249154465e-06,0.012019442581403032,0.06957965681579051,0.0008542623672981603,0.09682657285206364,0.014812919927744837,0.00024283159261740978
0.07255,5.3277632464194256e-05,1.916344372042212e-06,-0.014691768929386465,0.06949232364438883,0.001276287157135332,0.09658366090992965,0.014919245285038418,0.0002372597869971934
0.0726,5.1881517181830436e-05,5.352596781455204e-06,-0.04103645112249673,0.0676712990062756,0.00995740952371909,0.09158809418393513,0.017106194769048396,0.000231991725640777
0.07265,4.9191064503144136e-05,8.65531312384614e-06,-0.06635735817826992,0.06416201359897888,0.0260367276901767,0.08233527978151103,0.021156889936025065,0.00022754983995201664
0.0727,4.527339571011466e-05,1.1742097367359425e-05,-0.09002278540468499,0.05905201682117822,0.047919665108482064,0.06974281381297431,0.026669625855982072,0.00022437463023218502
0.07275000000000001,4.022624858066452e-05,1.4535940533216766e-05,-0.11144232885259632,0.05246879250798898,0.07343610363278325,0.05505948374492801,0.033097707881919645,0.0002227809809385708
0.0728,3.4175539096199875e-05,1.696714192822019e-05,-0.13008161487743203,0.04457657858117288,0.10005559296946642,0.03974142716006961,0.03980366713225154,0.00022292693449129102
0.07285,2.727222003164373e-05,1.8975048012160664e-05,-0.14547563141666528,0.03557226953357672,0.1251382938090614,0.025307727195388614,0.04612247775146319,0.0002247980174472932
0.0729,1.9688515047941432e-05,2.0509565610326438e-05,-0.15724032938000634,0.025680504425125844,0.14619676936384257,0.013189766150578163,0.051427507289652494,0.00022820867668939588
0.07295,1.1613622023437156e-05,2.1532411600579235e-05,-0.16508220356676354,0.015148062502231427,0.1611426627748664,0.004589275951430197,0.05519265926163124,0.00023282067970333077
0.07300000000000001,3.248992981557641e-06,2.2018068041243018e-05,-0.16880561536517893,0.004237706641380928,0.16849379855341481,0.00035916315156808053,0.05704454603036868,0.0002381766578371175
0.07305,-5.196691735025243e-06,2.1954418746636507e-05,-0.1683176731763747,-0.006778372108680118,0.1675211687349122,0.0009189265688746511,0.05679951719234897,0.000243745462300166
0.0731,-1.3512729617122475e-05,2.1343051610239464e-05,-0.16363055022879797,-0.0176253450975662,0.15832122852224145,0.006213055796166016,0.054481872305783254,0.00024897483887866543
0.07315,-2.149165256312085e-05,2.0199218943271303e-05,-0.15486118054663944,-0.028032602502785765,0.14180633055821862,0.015716536061583814,0.050321450889835286,0.00025334619369354335
0.0732,-2.893440281910963e-05,1.855145700620361e-05,-0.14222834198291362,-0.037740504500180856,0.11961424772913397,0.02848691359856343,0.044730839566201774,0.000256426022792114
0.07325000000000001,-3.56552990026598e-05,1.6440874042300293e-05,-0.12604719788171384,-0.04650685870795253,0.09394575592564205,0.04325775813762919,0.03826445590830824,0.00025790890147745377
0.0733,-4.1486668574683194e-05,1.3920124769922317e-05,-0.10672143472351932,-0.054112962482138885,0.0673463846424917,0.05856425417186741,0.0315635673846729,0.0002576477744921222
0.07335,-4.6283030778615114e-05,1.1052096683388279e-05,-0.08473319059591189,-0.060369058961237405,0.04245397800448101,0.07288846559730716,0.025292697016722338,0.00025566853759980204
0.0734,-4.9924726259458116e-05,7.908341211631091e-06,-0.06063102719016539,-0.06511907129109562,0.021737101540100306,0.08480986891629587,0.02007372325371353,0.00025216747150112284
0.07345,-5.232090214258213e-05,4.567288596017698e-06,-0.03501624405162646,-0.06824449622961173,0.007250235807834187,0.0931462253126698,0.016424208491866602,0.0002474917749300997
0.07350000000000001,-5.341177879729419e-05,1.1122912623873145e-06,-0.008527877542845418,-0.06966736076387003,0.00043003483048691896,0.09707082311606435,0.014706072858181188,0.00024210513484200665
0.07355,-5.3170141059324656e-05,-2.370455682897193e-06,0.018173241866366298,-0.06935216718396638,0.001952853914797691,0.09619446186225647,0.015089702719205367,0.00023654174137969098
0.0736,-5.1602017334275086e-05,-5.794064825720044e-06,0.04442097598151323,-0.06730677886581962,0.01166767589914436,0.09060404962584687,0.01753705365817738,0.0002313533138286935
0.07365000000000001,-4.874652907640844e-05,-9.073124115825432e-06,0.0695604975890284,-0.06358222392586073,0.028611087426689448,0.08085398398716594,0.02180542324774134,0.00022705438580312366
0.0737,-4.467491489890698e-05,-1.2125827723795734e-05,0.09296462718393345,-0.05827142233651677,0.05110282012496944,0.0679111732224141,0.027471519798257592,0.00022407128025934102
0.07375000000000001,-3.948875321894719e-05,-1.4876016920881554e-05,0.11404947963970072,-0.05150686761555501,0.07691238178629994,0.05305914823132619,0.03397343984687194,0.00022269983033890018
0.0738,-3.331742816937322e-05,-1.725508009979289e-05,0.13228903116136664,-0.04345732152411941,0.1034802530989996,0.03777077588101384,0.04066639191337815,0.00022307604266631867
0.07385,-2.6314901658492226e-05,-1.9203664473577624e-05,0.14722824226528725,-0.034323603684484914,0.12817171355786372,0.023562195397791728,0.04688663995072099,0.00022516260879194643
0.07390000000000001,-1.8655872387108174e-05,-2.0673156827805188e-05,0.15849441029712075,-0.024333581636668992,0.1485381253197743,0.011842463905368687,0.05201732577666941,0.00022875260573837578
0.07395,-1.0531417444948083e-05,-2.1626896304856486e-05,0.16580646744371919,-0.01373648595304274,0.16255976308542003,0.0037738209267628104,0.05554964243134464,0.00023349001595088633
0.07400000000000001,-2.1442253407988573e-06,-2.204108902924781e-05,0.1689819928965955,-0.0027966924737491345,0.16884610916907652,0.00015642977585450106,0.05713329231298827,0.00023890503362383243
0.07405,6.296460664735835e-06,-2.1905401710249437e-05,0.16794176382458909,0.008212873341020844,0.16677375028381178,0.0013490257703130176,0.05661122593857507,0.00024446065492036837
0.0741,1.4580062749467002e-05,-2.122321944037952e-05,0.16271173184592663,0.019017545339884857,0.15654820109551468,0.007233340615091524,0.054035216452865194,0.0002496059324015489
0.07415000000000001,2.2499922015680712e-05,-2.0011561244190834e-05,0.1534223755828906,0.029347769040205376,0.13918352344094753,0.017225830952744745,0.0496607253019068,0.0002538306121544372
0.0742,2.98584542017289e-05,-1.830065548592562e-05,0.14030544546798016,0.03894582645912963,0.1164017623778602,0.030335547971692835,0.04392156825169063,0.0002567157353116801
0.07425000000000001,3.647207901881323e-05,-1.613318574327561e-05,0.12368818209751342,0.04757226566162068,0.0904621720098884,0.04526240920359628,0.03738689416171472,0.000257975186173506
0.0743,4.217580007167532e-05,-1.356322592345914e-05,0.10398515215950863,0.055011874569618605,0.06393716648445831,0.060526126873269,0.030704742770262673,0.0002574840657390098
0.07435,4.682732123488087e-05,-1.0654891253985625e-05,0.08168790595995133,0.06107905011854143,0.039457215248691724,0.07461300726766593,0.024537779050393595,0.000255291078503483
0.07440000000000001,5.031059657660209e-05,-7.480738712669276e-06,0.057352714132145294,0.06562242859736676,0.0194499808311964,0.08612606270032998,0.019497577041696655,0.0002516137016880796
0.07445,5.253872555051911e-05,-4.119956904038491e-06,0.03158668990938194,0.06852866196175231,0.005899569002776104,0.09392355020536236,0.016083970489667254,0.0002468166189902571
0.0745,5.3456120898807836e-05,-6.563904465827956e-07,0.005032642848549325,0.06972524553059205,0.0001497661293817679,0.09723219728602692,0.014635484580986149,0.00024137555429215184
0.07455,5.303989552669516e-05,2.8235517655456732e-06,-0.021646957952747434,0.06918232694320824,0.002770776666806153,0.09572388722553912,0.015295764661046898,0.0002358300951900207
0.0746,5.130043340602929e-05,6.233052295014142e-06,-0.04778651106388473,0.06691345080468077,0.013502676318358666,0.08954819797180866,0.017999330975088854,0.00023073018166329932
0.07465000000000001,4.828113059384159e-05,9.487051077524936e-06,-0.07273388819499736,0.06297522088867782,0.03128118859879778,0.07931756891955527,0.022478072321858042,0.00022658156955434282
0.0747,4.4057312507936516e-05,1.250436749032527e-05,-0.09586670332088536,0.057465887866574555,0.05434322848641116,0.06604656536587442,0.028287834416110467,0.0002237956742621388
0.07475,3.8734354810609914e-05,1.5209725659433447e-05,-0.11660784017788892,0.050522898315592146,0.0804017466614534,0.05105126508415328,0.03485246654452716,0.00022264877193934539
0.0748,3.244505438504486e-05,1.7535632410830057e-05,-0.13443984978609325,0.04231946551281629,0.10687253469291641,0.03581874322580895,0.041520957904885976,0.00022325460003060985
0.07485,2.5346316440925063e-05,1.9424061127735898e-05,-0.14891786017965247,0.03306024832760314,0.13113049978434635,0.021859600389655724,0.047631998219421406,0.00022555307947320414
0.07490000000000001,1.7615239949552456e-05,2.082789934513874e-05,-0.1596806745486259,0.02297624520573059,0.15076999334903612,0.01055815687507716,0.05257955917986993,0.00022931627114772257
0.07495,9.444699463068523e-06,2.1712124168603342e-05,-0.16645978289013807,0.012319031399625171,0.16384337822608186,0.0030351706924990176,0.05587299424353866,0.00023417098199501754
0.075,1.038533242133198e-06,2.205467596213368e-05,-0.16908606025945427,0.0013544825517812081,0.169054174270988,3.669245966159466e-05,0.05718569541707684,0.0002396357728985623
0.07505,-7.393542073282623e-06,2.184700875443448e-05,-0.16749398658706885,-0.009643858270051112,0.1658856300003217,0.0018600800466566643,0.0563874830926569,0.00024516870408673464
0.0751,-1.5641163458310182e-05,2.1094303382337107e-05,-0.1617232808115973,-0.020401604963946992,0.15465196808932738,0.008324509702098932,0.05355751556824834,0.00025022107770390236
0.07515000000000001,-2.349856965811012e-05,1.9815338298697916e-05,-0.15191791038441071,-0.030650373748914883,0.13646722447565507,0.01878890821896341,0.0489764392239762,0.00025429185307132324
0.0752,-3.076973446012308e-05,1.804202103181733e-05,-0.13832249920073328,-0.04013447877569945,0.11313476968972778,0.03221552773194139,0.04309855673006493,0.00025697733340257836
0.07525,-3.727325722521569e-05,1.581859221887508e-05,-0.1212762251020489,-0.04861731102037985,0.08696846995456414,0.047272858617046956,0.03650677434256272,0.00025801120152381857
0.0753,-4.284688835899776e-05,1.320052182906905e-05,-0.10120435771569342,-0.0558872411098035,0.06056322208534652,0.0624676743773062,0.029854795197887998,0.00025729092891796227
0.07535,-4.735157721212668e-05,1.0253125357399814e-05,-0.07860764914992659,-0.061762899140320036,0.0365376192960375,0.07629311420434691,0.023802292140407945,0.00025488794478976116
0.07540000000000001,-5.067494102327052e-05,7.0499342990510465e-06,-0.05404984106203915,-0.06609769939964864,0.017274266673825263,0.08737811731852625,0.018949488235442326,0.0002510405514638216
0.07545,-5.273406869977157e-05,3.6708617108003285e-06,-0.028143600552063677,-0.06878349744947569,0.004683499663398042,0.09462339042764058,0.015777633068214326,0.00024613029273976234
0.0755,-5.3477589241087784e-05,2.0020853308759648e-07,-0.0015352353317504008,-0.0697532880641144,1.3937181697605906e-05,0.09731042391510651,0.014601277482313685,0.00024064411603302074
0.07555,-5.2886953360071085e-05,-3.275439541531819e-06,0.025111430319193363,-0.06898287690064521,0.0037286568121573643,0.09517274610979141,0.01553707978182012,0.00023512608227720854
0.0756,-5.0976896240802704e-05,-6.669372205567871e-06,0.05113161661309587,-0.06649148408845247,0.015459271678199835,0.08842234912569856,0.018492236803792025,0.0002301234116362606
0.07565000000000001,-4.77950699276902e-05,-9.896917781416786e-06,0.07587617315066128,-0.062341264730899584,0.03404246317289963,0.0777286657649621,0.023173687168722576,0.00022613221601751343
0.0757,-4.342085450569949e-05,-1.2877555606865761e-05,0.09872777390093582,-0.05663575826664004,0.057635346615974505,0.06415218228874571,0.02911717402218046,0.00022354829995718667
0.07575,-3.7963377718993136e-05,-1.5536924858587777e-05,0.11911631819039448,-0.0495173053561072,0.08389822906501826,0.04903927059459925,0.03573328510766049,0.00022262790879261655
0.0758,-3.1558792478620946e-05,-1.780867970965852e-05,0.1365331536276625,-0.04116349681343729,0.11022663538250903,0.03388866939819724,0.04236590448875936,0.00022346231722860288
0.07585,-2.4366880095865218e-05,-1.9636144509546622e-05,0.1505437658051403,-0.03178274302328905,0.1340095924570957,0.020202855081688578,0.04835727910783916,0.00022596877724889752
0.07590000000000001,-1.6567064094667723e-05,-2.097372774566888e-05,0.1607986187293383,-0.021609074592029685,0.15288855805505694,0.009339042094478058,0.053113247884697914,0.00022989872472727025
0.07595,-8.353933937946921e-06,-2.1788059433319515e-05,0.16704187480718852,-0.010896303703213681,0.1649913159156312,0.0023745886878533636,0.056162164181378885,0.00023486242877214736
0.076,6.760956898345097e-08,-2.2058823657889537e-05,0.16911777770520775,8.830792877285651e-05,0.16911764256880543,1.55965805683038e-07,0.05720166886676698,0.00024036764175421377
0.07605,8.48746613519435e-06,-2.1779265384961168e-05,0.1669745379156778,0.011070716724054215,0.1648583325782978,0.002451215375685074,0.056128674930661,0.00024586841457615574
0.0761,1.6695577567503672e-05,-2.095635901566413e-05,0.1606656250183079,0.021776934048322184,0.15263577940862477,0.00948469713089948,0.053049590694681965,0.00025081923875739363
0.07615000000000001,2.448716827290923e-05,-1.961063436107989e-05,0.15034843352609187,0.0319398616697469,0.13366208670189222,0.02040309526965134,0.04826976721794703,0.00025472914360574126
0.0762,3.166785402050016e-05,-1.777566449316105e-05,0.1362803563858455,0.04130595532912482,0.10981886480036211,0.034123638913033105,0.042263216910261095,0.000257210386083502
0.07625,3.805849138146879e-05,-1.549722813456894e-05,0.11881236337083192,0.04964155011189249,0.08347063235464461,0.04928566995023066,0.035625605872059804,0.000258016902352242
0.0763,4.3499647067463994e-05,-1.2832167612247498e-05,0.09838024530696615,0.056738689981667007,0.05723032851674214,0.0643855788167144,0.02901518215582483,0.0002570687107418446
0.07635,4.7855575364502294e-05,-9.84697071491201e-06,0.07549374177201289,0.062420315757125616,0.03370018909532224,0.07792591638438529,0.02308749755113652,0.00025445984234081484
0.07640000000000001,5.101760482953331e-05,-6.616112000459077e-06,0.05072382431208762,0.06654468250761839,0.015213684433062933,0.08856389540079465,0.01843039701580626,0.0002504490172459173
0.07645,5.2906849284013366e-05,-3.220194769963368e-06,0.024688451734585698,0.0690088956413085,0.0036041104155781854,0.09524455355266012,0.015505722331000954,0.0002454339860951726
0.0765,5.3476176010083056e-05,2.560597870377822e-07,-0.001962846622727634,0.06975147809702577,2.2781614192186833e-05,0.09730537393439731,0.014603511623888305,0.00023991208676505676
0.07655,5.2711381463823796e-05,3.7259262371368216e-06,-0.02856517533263269,0.06875390387757795,0.004824856074367721,0.09454198596814456,0.01581323637878978,0.00023443092227602106
0.0766,5.063154577157041e-05,7.102838510732196e-06,-0.05445486071832993,0.0660410604354443,0.017534114520063402,0.08722843326876013,0.019014928702019443,0.00022953405664775445
0.07665000000000001,4.728855657775136e-05,1.0302549552410503e-05,-0.07898600802421551,0.06168062758187727,0.03689018673817655,0.07608999637788479,0.023891078383885593,0.00022570710867686385
0.0767,4.276581469279e-05,1.3245233119876584e-05,-0.10154661538128906,0.05578138922319823,0.060973541856252804,0.06223126767339871,0.02995812034180071,0.00022332959471660745
0.07675,3.7176153274528524e-05,1.5857475266809795e-05,-0.12157384170376731,0.04849051920698506,0.08739584700885561,0.04702660905925973,0.036614389332114305,0.00022263729085577138
0.07680000000000001,3.065902300300365e-05,1.807410590179565e-05,-0.1385680488063997,0.039989909857498604,0.11353681716841965,0.03198385780821728,0.04319978697125813,0.00022369885262038915
0.07685,2.3377012954039927e-05,1.983982460749401e-05,-0.15210526590976714,0.030491633925493096,0.13680406703260534,0.01859479478892563,0.049061243053300785,0.00022640900494144174
0.07690000000000001,1.5511794423888883e-05,2.111058031959418e-05,-0.1618477672958578,0.020232653982979017,0.15489019673226076,0.008187205743899133,0.05361748041889314,0.00023049898361478233
0.07695,7.2595885437050765e-06,2.1854670264794802e-05,-0.1675524974596179,0.009468910563480277,0.16600161501769933,0.0017932053451837676,0.05641665961168808,0.00023556318729833737
0.077,-1.173729007470782e-06,2.205353092394637e-05,-0.16907713520719794,-0.0015310629458019686,0.16903640899313055,4.6883074880156036e-05,0.05718118776097821,0.0002410994017661806
0.07705000000000001,-9.577764188651532e-06,2.170220111389876e-05,-0.16638364396471525,-0.012492839713926361,0.16369361988433453,0.0031214208823571138,0.05583524709030782,0.0002465586033427458
0.0771,-1.7742853505709716e-05,2.0809445796004966e-05,-0.1595392209812622,-0.023142945829479667,0.15050308919236555,0.010711918833324605,0.052512313887614716,0.00025139940603003243
0.07715000000000001,-2.546529466759448e-05,1.93975373746053e-05,-0.14871462065990793,-0.03321568292023311,0.13077291437128172,0.022065631837149307,0.04754192157161302,0.00025514174974879036
0.0772,-3.255242857067265e-05,1.75017000769444e-05,-0.1341798947814588,-0.0424597567963423,0.10645972571881264,0.03605661894409072,0.04141698116874032,0.0002574145082691465
0.07725,-3.882744571773324e-05,1.5169231155201442e-05,-0.11629765510452011,-0.0506445467054965,0.07997464830510881,0.05129740222010432,0.034744899498635476,0.0002579922930273586
0.07730000000000001,-4.413379727492941e-05,1.2458320933032255e-05,-0.09551402703913055,-0.0575658588659292,0.05394419214790092,0.0662765621394416,0.02818734304337976,0.00025681780513566805
0.07735,-4.833910064446865e-05,9.436601072595272e-06,-0.07234751970102644,-0.06305102068607413,0.030949782674732845,0.07950862419111496,0.02239462084244806,0.00025400751762579845
0.07740000000000001,-5.133844211720465e-05,6.179457297049925e-06,-0.0473760901491719,-0.06696318856776796,0.01327176222337656,0.089681372463249,0.017941193705132277,0.00024984012467544036
0.07745,-5.305699429570122e-05,2.768148681178893e-06,-0.021222724565860055,-0.06920476192322396,0.0026632498085859043,0.09578598145700218,0.015268705294547049,0.0002447289040587475
0.0775,-5.3451882830698974e-05,-7.122196067830158e-07,0.005460103992623741,-0.0697198180439224,0.00017628530679835827,0.09721706056155294,0.014642184555453474,0.0002391807321300002
0.07755000000000001,-5.251325610749716e-05,-4.174819496937847e-06,0.032006713474732246,-0.06849550733636282,0.006057499277588067,0.09383269050531468,0.016123762990704414,0.00023374581772670036
0.0776,-5.02645309631054e-05,-7.533266204905843e-06,0.057754820203844245,-0.06556237381144198,0.019723654764392123,0.08596849719582506,0.019566513092930508,0.00022896313773471008
0.07765,-4.676180854192391e-05,-1.070377335577518e-05,0.08206206157311263,-0.06099359315939506,0.039819486604909936,0.07440436812987608,0.02462901911874007,0.00022530698760172567
0.0777,-4.209247462303496e-05,-1.3607243276329529e-05,0.10432202155600331,-0.054903147068231906,0.06435210228002773,0.06028711115991804,0.030809235037050145,0.00022313994510252572
0.07775,-3.637301959444069e-05,-1.6171240334551524e-05,0.12397935973845889,-0.04744297973216184,0.09088861603665865,0.04501672651732638,0.03749427225991536,0.0002226769144817266
0.07780000000000001,-2.9746132183504982e-05,-1.8331798038475395e-05,0.14054366567471235,-0.03879920702842397,0.11679741665410215,0.030107569320690072,0.044021179320674154,0.00022396381364259398
0.07785,-2.2377139728031265e-05,-2.0035014899834236e-05,0.15360169392977335,-0.029187473430136914,0.13950914304738282,0.017038172104698966,0.04974268657189639,0.0002268730214416877
0.0779,-1.4449883542838063e-05,-2.1238399127420895e-05,0.16282767335231402,-0.018847572001219712,0.15677148607287533,0.007104619406823224,0.05409139532967923,0.00023111603278077174
0.07795,-6.162132494203087e-06,-2.1911928756351964e-05,0.16799143479129106,-0.008037462153711171,0.16687254907685514,0.0012920159574467884,0.05663604672009021,0.00023627207058427632
0.078,2.279350951733755e-06,-2.2038800583336456e-05,0.16896415292929887,0.002973165995456061,0.1688106153274733,0.00017679432073072461,0.0571242890983406,0.0002418298128866022
0.07805000000000001,1.0663969027798547e-05,-2.16158494270792e-05,0.16572156062643933,0.013909619783396578,0.16239348807561252,0.0038695504503731496,0.055507703880481186,0.0002472381014894852
0.0781,1.8782542633120296e-05,-2.0653627038265393e-05,0.15834455393772012,0.02449905705188257,0.1482575501979651,0.012004075928627941,0.0519466069127653,0.00025196059887503357
0.07815,2.6432529959062833e-05,-1.9176138907665532e-05,0.14701717427835403,0.034477292999415515,0.12780465479501524,0.023773674651350923,0.04679415026328649,0.00025552897757898785
0.0782,3.342307943381315e-05,-1.7220245324526157e-05,0.13202201662581703,0.043595391019191326,0.10306310388378308,0.038011162362323755,0.040561300102243576,0.0002575893627952175
0.07825,3.957979118084504e-05,-1.4834741853319862e-05,0.11373317973063671,0.051625873240856615,0.07648650314789066,0.0533046157576199,0.03386616470692561,0.00025793742744287967
0.07830000000000001,4.474906779367786e-05,-1.2079141905464605e-05,0.09260693268407685,0.05836839550605007,0.0507104388989708,0.06813739187901373,0.02737269674415834,0.00025653865325992755
0.07835,4.8801946443575695e-05,-9.022192078707943e-06,0.06917033233119403,0.0636547457102869,0.028291108762554334,0.08103853302882576,0.021724849703939515,0.00025353175596368107
0.0784,5.1637316073561645e-05,-5.740157007635101e-06,0.044008073990971695,0.06735304017476633,0.011451824819424404,0.09072864041567374,0.01748271721514074,0.0002492149270827378
0.07845,5.318444006372832e-05,-2.314916762387965e-06,0.01774790467420016,0.06937101404926,0.0018625291091093254,0.09624675180445255,0.015066989011316874,0.00024401626400754407
0.0785,5.340472083173531e-05,1.1680759220155358e-06,-0.008955038003105376,0.06965832296903013,0.00047418639318827326,0.0970456391771542,0.014717231287847254,0.00023845131454477639
0.07855000000000001,5.2292662877503505e-05,4.6219274985697755e-06,-0.03543457015672751,0.06820779919184813,0.007424477545528931,0.0930460774119096,0.016468129136170524,0.00023307195138718995
0.0786,4.987600978618377e-05,7.960471433461362e-06,-0.061030081519140376,0.0650556302857919,0.02202414582731623,0.08464470063763287,0.02014604679611077,0.00022841164232810046
0.07865,4.621505216559292e-05,1.1100417883390435e-05,-0.08510301639823042,0.06028045644338516,0.04282535012216024,0.0726746685804571,0.025386247087223517,0.0002249325473318644
0.0787,4.1401123445797074e-05,1.3963431602507057e-05,-0.10705280422360618,0.054001408460921156,0.06776524649974383,0.058323042315264945,0.03166906213156524,0.0002229796857049407
0.07875,3.555432135861013e-05,1.647808625642552e-05,-0.1263318426984191,0.04637513576883443,0.09437055936003066,0.04301306435155653,0.03837142861188969,0.00022274672137665433
0.07880000000000001,2.882051169142403e-05,1.8581646350047134e-05,-0.14245915919998697,0.037591898260254525,0.1200028546981791,0.028263016296186542,0.044828676524362454,0.0002242567567627802
0.07885,2.1367689269924845e-05,2.0221632362090004e-05,-0.15503241019448724,0.0278708197600974,0.14212019219798122,0.015535651881996713,0.050400444203723006,0.00022736004216535158
0.0789,1.338178681202177e-05,2.1357129994901547e-05,-0.16373791881446248,0.01745442130177887,0.15852920796865785,0.00609313645959984,0.054534182584322986,0.00023174882613180976
0.07895,5.06203629077311e-06,2.1959810903664598e-05,-0.16835850046636183,0.006602570730451338,0.16760262920120614,0.0008718788050122543,0.05681995117931575,0.00023698787503461294
0.079,-3.384001497446244e-06,2.201463943457385e-05,-0.16877888117110776,-0.004414000464778418,0.16844064991215277,0.00038966800206128183,0.05703107165905102,0.00024255763502231272
0.07905000000000001,-1.1745615149934792e-05,2.1520247726423817e-05,-0.16498857335792272,-0.015320451354508026,0.1609601641273026,0.004694324594116936,0.05514660736648284,0.00024790575572791816
0.0791,-1.9814199481187384e-05,2.0488969845191628e-05,-0.15708213757194334,-0.025844688284562503,0.14590300750157495,0.013358958250524047,0.05135343962592047,0.00025250186673068633
0.07915,-2.738845978807836e-05,1.894653406389491e-05,-0.14525682330979828,-0.035724153055872225,0.12476238981230885,0.025524302231187696,0.04602773477078607,0.00025589017387146984
0.0792,-3.4279433756746614e-05,1.6931421007172688e-05,-0.12980764812260653,-0.04471237322377085,0.09963481424351425,0.03998392638603561,0.03969763998015022,0.00025773466037070617
0.07925,-4.031520565586358e-05,1.4493903620717511e-05,-0.11112003742979465,-0.05258511105622327,0.07301216825346075,0.0553038780959067,0.03299090715118393,0.0002578524090014122
0.07930000000000001,-4.534519533541639e-05,1.1694792988862531e-05,-0.08966020906770658,-0.059145957857459554,0.04753460459158068,0.06996488661752763,0.02657263917275885,0.0002562317425197037
0.07935,-4.924391482154079e-05,8.603921193959857e-06,-0.06596354197395143,-0.06423123388837482,0.025728718743648186,0.08251302813646219,0.021079331959967834,0.0002530333808930445
0.0794,-5.1914099068772084e-05,5.298399175124413e-06,-0.04062121967756883,-0.06771407193606202,0.009756987950079725,0.09170391076324363,0.017055753590673156,0.0002485745036477485
0.07945,-5.328913243486986e-05,1.8606929462857324e-06,-0.014265481415967951,-0.06950758228469439,0.0012033195300377984,0.09662607990127123,0.014900919905249338,0.0002432972945025978
0.0795,-5.333471069394707e-05,-1.623433746615404e-06,0.012446150929224891,-0.06956702054998538,0.0009159757096498248,0.09679140696404176,0.014828524390512356,0.0002377250910827037
0.07955000000000001,-5.204969676914805e-05,-5.0670590655414965e-06,0.038847276633482086,-0.06789090384375233,0.008923451946231375,0.09218349649443251,0.016845746277841446,0.0002324104850388281
0.0796,-4.9466149183741814e-05,-8.384271598886347e-06,0.06427924153681974,-0.06452104788689052,0.02443165107373306,0.08325931240844839,0.020752538646364883,0.0002278805226093905
0.07965,-4.564852217945763e-05,-1.149231367217077e-05,0.08810756999406885,-0.05954152366399022,0.0459026334551439,0.07090386080459016,0.026161466901208005,0.00022458443693088766
0.07970000000000001,-4.0692057813448374e-05,-1.4313645995310238e-05,0.10973779395543282,-0.05307656018032755,0.07120713368307603,0.05634242481151865,0.03253613056613785,0.00022284909883821144
0.07975,-3.472040974937774e-05,-1.6777882086199448e-05,0.12863028342390895,-0.045287445014625984,0.09783571849086653,0.04101905351905544,0.03924435765528861,0.00022284660004221976
0.07980000000000001,-2.78825584675429e-05,-1.882354430556129e-05,0.14431370952744324,-0.036368500728718424,0.12314764608907382,0.026453356905095853,0.0456208970509069,0.0002245771883220967
0.07985,-2.0349094397158406e-05,-2.03995975499861e-05,0.15639680272146944,-0.026542236711996674,0.14463274669974438,0.01408980659351328,0.05103339079202345,0.00022786924140400937
0.0799,-1.2307962120059276e-05,-2.1466722530342198e-05,0.1645781146931854,-0.01605379820888035,0.16016035509265295,0.005154488738629,0.054945084982720924,0.0002323962882061793
0.07995000000000001,-3.95977147929815e-06,-2.1998296646618533e-05,0.16865353835373198,-0.005164850302704752,0.16819060699716243,0.0005335135729869874,0.056968059034415534,0.000237709383312239
0.08,4.487207199410299e-06,-2.1981058229592028e-05,0.16852140039363867,0.0058529499920803845,0.16792714702366043,0.0006851404721958755,0.056901695852095535,0.00024328163001372435
0.08005000000000001,1.2822239029121142e-05,-2.1415437331145718e-05,0.16418499735839678,0.016724731080046445,0.15939610232350723,0.00559433259399743,0.05475257660425314,0.000248560431069315
0.0801,2.0837381987615456e-05,-2.0315545053997455e-05,0.1557525138247675,0.02717926424164993,0.14344349196493025,0.01477424809434861,0.05073382833962108,0.0002530222906697445
0.08015,2.833267460410411e-05,-1.8708821451476608e-05,0.14343432303204223,0.036955730230388895,0.12165132731799741,0.02731451993722559,0.04524398803790432,0.0002562247280305272
0.08020000000000001,3.512112465757096e-05,-1.663535101340557e-05,0.12753773886794098,0.045810226220213024,0.09618072520300544,0.041971536526941855,0.038827480150135485,0.0002578501592406166
0.08025,4.1033374161662385e-05,-1.4146862579172628e-05,0.10845934865407039,0.053521850613205066,0.06955759083019496,0.05729176986124479,0.03212062610011712,0.0002577373905037249
0.08030000000000001,4.59219245911333e-05,-1.1305438861070698e-05,0.08667511939330352,0.05989821416320987,0.044422125434550604,0.0717559211988351,0.025788540823512104,0.000255897604876146
0.08035,4.966481659537305e-05,-8.181967572245915e-06,0.06272852317911386,0.06478023962242543,0.023266998862586707,0.08392958891077716,0.020459173577081824,0.00025251325234331074
0.0804,5.2168672684379234e-05,-4.854372942460914e-06,0.03721697876694407,0.06804613044674677,0.008190152970476174,0.09260551737551358,0.016661034623405367,0.0002479199569096314
0.08045000000000001,5.337102677986253e-05,-1.405671659056341e-06,0.010776947157142232,0.06961440934067224,0.0006867498942801239,0.0969233197570135,0.014770783143607696,0.00024257323267912794
0.0805,5.3241882623578934e-05,2.0780982273056307e-06,-0.01593194679671678,0.069445950958282,0.0015008976778032076,0.09645480209000218,0.014975874170967155,0.00023700331085953896
0.08055000000000001,5.1784462126730015e-05,5.5100237761621725e-06,-0.042243370688604474,0.06754495800674364,0.010551857508642912,0.09124642704265523,0.01725596879066798,0.00023176255707116542
0.0806,4.903512497858995e-05,8.804485458128585e-06,-0.06750090818414528,0.0639588563823718,0.026942050553917428,0.08181470619481723,0.021384951140591406,0.0002273706934663274
0.08065,4.506246156068678e-05,1.1879293187729583e-05,-0.09107443529086129,0.058777112013134014,0.049046070370123485,0.06909497793209006,0.026953352216912068,0.0002242632583193912
0.08070000000000001,3.9965581732258814e-05,1.4657736794324974e-05,-0.11237584060768563,0.05212899882774174,0.0746718735316856,0.05434865037565399,0.033408956660916034,0.0002227484136933948
0.08075,3.3871642278019406e-05,1.7070499793317566e-05,-0.13087369761790107,0.04418037369817148,0.10127816341775923,0.03903810840220165,0.04011156571669386,0.00022297638560828616
0.08080000000000001,2.6932674561594133e-05,1.9057388674851304e-05,-0.14610652252205458,0.035129538569465824,0.12622640906633023,0.02468168960207174,0.04639648528728605,0.00022492456563784994
0.08085,1.9321791693827327e-05,2.056883463171489e-05,-0.15769428753827858,0.0252022933140177,0.1470425069695676,0.012703111765715626,0.05164044340926791,0.00022839975364563733
0.0809,1.1228869681961759e-05,2.1567130171485965e-05,-0.16534790156673296,0.01464630241116363,0.16166213632395984,0.0042902834863851515,0.05532339962800179,0.00023305731662429018
0.08095000000000001,2.8558104288994067e-06,2.2027369872784447e-05,-0.16887642268164998,0.0037249162830706294,0.16863547678473356,0.00027750002631769425,0.05708011727945026,0.00023843536646783438
0.081,-5.588495312091748e-06,2.1938071691923193e-05,-0.1681918214879451,-0.007289398800374866,0.16727098609130056,0.0010627066974181307,0.056736383635478296,0.00024400056446459927
0.08105,-1.3893379343553647e-05,2.1301463448858776e-05,-0.16331117751087817,-0.018121858177000315,0.15770398013950634,0.006568034875746264,0.054326286631341064,0.0002492010128602147
0.0811,-2.1851651747108944e-05,2.013342721653493e-05,-0.15435625288143354,-0.02850221411319845,0.1408832135603219,0.016247524187092174,0.050088834235257944,0.0002535209856136387
0.08115,-2.9264769878560482e-05,1.84631031253848e-05,-0.14155045481035305,-0.038171497945153884,0.11847679242569926,0.029141265107537742,0.04444425228016627,0.00025653207328338757
0.08120000000000001,-3.5947791550745935e-05,1.633216234198922e-05,-0.12521326182988995,-0.046888480779300704,0.0927067489132436,0.04397059259581704,0.03795231076553371,0.00025793566736990515
0.08125,-4.173398904986947e-05,1.3793767505259993e-05,-0.10575225370974367,-0.054435691738100596,0.06612868382380088,0.05926489070011026,0.03125681193439653,0.0002575925742727838
0.0813,-4.647900852990717e-05,1.0911246369962643e-05,-0.08365294287879721,-0.06062484329555897,0.04137832885546082,0.07350743249222162,0.02502174457839986,0.0002555368175787202
0.08135,-5.006447149353812e-05,7.756511966875532e-06,-0.05946666215314604,-0.06530152882108727,0.02091016275734031,0.08528579332742581,0.019865436814386697,0.00025197226559789165
0.0814,-5.2400927928701454e-05,4.408268466339641e-06,-0.03379680989176361,-0.06834907452351327,0.006754001924855463,0.09343191976441541,0.016299236682382333,0.00024725241215627606
0.08145000000000001,-5.343008807654668e-05,9.500477142190096e-07,-0.007283796576690458,-0.06969145043004109,0.00031370472473861444,0.09713796526085748,0.014676802174269837,0.00024184532249314663
0.0815,-5.312627647069065e-05,-2.5318747497838376e-06,0.01941093217635447,-0.06929516696380952,0.002227951627419332,0.09603640329084477,0.01515902906953678,0.0002362872139041005
0.08155,-5.1497072649336056e-05,-5.950632070042868e-06,0.04562139736429882,-0.06717011065425285,0.012306907645819674,0.09023647530609144,0.017698095090856222,0.00023112928084511724
0.0816,-4.858312191186952e-05,-9.220933234824183e-06,0.07069370131539532,-0.06336929728179777,0.0295510481604512,0.08031335675977724,0.022042202325307236,0.000226883031943707
0.08165,-4.4457121434432766e-05,-1.226119091405164e-05,0.09400234126177905,-0.05798754943626123,0.05225028126743169,0.0672511177924568,0.027760547994260455,0.00022396956521077103
0.08170000000000001,-3.9222006503164176e-05,-1.4995556884747901e-05,0.11496581413227172,-0.051159130701276756,0.07815353655558789,0.05234513308220636,0.03428604680052305,0.00022267780680702652
0.08175,-3.3008382603577855e-05,-1.7355814313440357e-05,0.13306112418009666,-0.04305439624228448,0.10469200266932123,0.0370736207157528,0.04097156864350513,0.0002231358596631605
0.0818,-2.5971266968430272e-05,-1.9283079591149296e-05,0.14783683026432295,-0.03387554259692252,0.12923387464852068,0.022951047724718246,0.04715411392391221,0.00022529829821568378
0.08185,-1.828622130608629e-05,-2.0729271400114697e-05,0.1589243087980096,-0.023851563457791273,0.14934534884297332,0.01137794158762088,0.05222056309199335,0.00022895067455208323
0.0819,-1.014497183280034e-05,-2.1658310203923158e-05,0.16604694977990433,-0.013232536619788406,0.16303198155833806,0.0035020005078808232,0.05566847913860227,0.00023373078398551892
0.08195000000000001,-1.750626127088123e-06,-2.20470183955406e-05,0.1690270579667154,-0.0022833851330016754,0.16893647718835636,0.00010427695331226157,0.05715593419276358,0.0002391645855825238
0.082,6.687394002610913e-06,-2.188569849764082e-05,0.16779028573922342,0.008722732036834564,0.16647329020511098,0.0015217210837284011,0.05653541813945974,0.0002447132118018764
0.08205,1.4958577166819696e-05,-2.117837512473354e-05,0.16236748814601598,0.019511234740649197,0.15588669358410287,0.007613765622094322,0.053868467257007425,0.00024982640831029847
0.0821,2.28565742127587e-05,-1.9942694550219028e-05,0.15289395294254848,0.029812971868491904,0.1382265541963081,0.017776265832629794,0.04941956156769093,0.0002539971018402715
0.08215,3.0184346234062394e-05,-1.820948449175841e-05,0.13960602559501314,0.03937093612516545,0.115244218239534,0.03100141222743716,0.0436298965989865,0.0002568116868587887
0.08220000000000001,3.675908026768519e-05,-1.6021985002824972e-05,0.12283521281774323,0.04794667582447867,0.08921883109319388,0.04597767445235294,0.03707363018381348,0.00025799104217111963
0.08225,4.241675011863938e-05,-1.3434769733531588e-05,0.10299991222985973,0.055326243781779125,0.06273131580946932,0.06121986502001706,0.030400943591720173,0.00025741821146736226
0.0823,4.701620848087784e-05,-1.0512384427657215e-05,0.08059497417099708,0.06132553486293251,0.0384084243979134,0.07521642452449502,0.024273563401921626,0.0002551500017943537
0.08235,5.044270825207792e-05,-7.327736631446323e-06,0.05617935617034146,0.0657948790065186,0.018662244287920418,0.08657932206964844,0.019299138429875434,0.00025141134981207465
0.0824,5.26107652811457e-05,-3.960276810362611e-06,0.0303621781316905,0.06862277523443717,0.005450992991362773,0.09418170561752168,0.01597097956442926,0.0002465730153550305
0.08245000000000001,5.346629096726803e-05,-4.940162100487586e-07,0.0037875260076185684,0.06973867330513883,8.482276070879672e-05,0.09726965108721766,0.014619138369599424,0.00024111481286313624
0.0825,5.2987941722702666e-05,2.9845690428769344e-06,-0.022881616830636192,0.06911473387875947,0.0030958935379905173,0.09553692878263484,0.015377676094963332,0.00023557802902742615
0.08255,5.118765138718766e-05,6.3886953496764035e-06,-0.04897990964662541,0.06676652296469657,0.014185598957940523,0.08915537177590709,0.018171368864369243,0.0002305117431151826
0.0826,4.811033356606316e-05,9.633436711797215e-06,-0.07385625329766936,0.06275262367180984,0.03225417899524178,0.07875783555391577,0.02272316763542636,0.00022641837567070137
0.08265,4.3832761059463195e-05,1.2637843456242822e-05,-0.09689003371395288,0.05717317457624852,0.055509782524072813,0.06537543782252381,0.028581672939560425,0.00022370386310099867
0.08270000000000001,3.84616506121175e-05,1.532696177676136e-05,-0.11750660513345612,0.050167371589090876,0.08164616427406277,0.050335303443158445,0.03516590001645372,0.000222637401973091
0.08275,3.213100047191723e-05,1.763370365804362e-05,-0.13519162609904675,0.04190999517171155,0.10807139376007498,0.03512895390585771,0.04182289462048758,0.00022332475205743678
0.0828,2.4998747477722107e-05,1.950052061410955e-05,-0.14950389153418234,0.03260705005254776,0.13216489577861298,0.0212643942625871,0.047892486307117184,0.0002256977491760008
0.08285000000000001,1.724282679294865e-05,2.08808393664372e-05,-0.16008633953903292,0.02249062569745139,0.15153733110826442,0.010116564885257215,0.05277275694680165,0.00022952106391471946
0.0829,9.0567328374512e-06,2.1740223799334494e-05,-0.16667495977274407,0.011813106272918372,0.1642675462838803,0.0027909895963052675,0.0559797328699375,0.00023441554028752343
0.08295000000000001,6.446919634535477e-07,2.2057234016922518e-05,-0.16910537952807866,0.0008408740753721687,0.16909309290961266,1.4141384212659994e-05,0.05719537997830295,0.0002398957952037807
0.083,-7.783432563965963e-06,2.1823961282312896e-05,-0.16731696494365073,-0.01015233608940747,0.16553542437300847,0.0020613985614457075,0.056299143300126545,0.00024541835487019135
0.08305,-1.6017376217481545e-05,2.104622526571876e-05,-0.16135433326194137,-0.02089226607471757,0.153947352620786,0.008729735634735893,0.05337990207002167,0.0002504355495669084
0.08310000000000001,-2.3851718908745833e-05,1.9743428912554525e-05,-0.15136624011670458,-0.03111097656074474,0.13547806037048707,0.019357857251264172,0.04872715588182536,0.00025444982692179006
0.08315,-3.1091009744744255e-05,1.7948074321042062e-05,-0.13760186800416974,-0.040553531570680604,0.11195913694020403,0.03289177845708377,0.04280231492503647,0.0002570630926572627
0.08320000000000001,-3.755464322441767e-05,1.570495195008438e-05,-0.12040461010034857,-0.04898435867263093,0.08572294091880084,0.047989347891379056,0.03619294245054078,0.000258016190916002
0.08325,-4.308136484170851e-05,1.3070023108014453e-05,-0.1002035028443562,-0.056193125914245474,0.059371301087477214,0.06315334800028492,0.02955448616460054,0.0002572146027088498
0.0833,-4.753329421025181e-05,1.0109023909942042e-05,-0.07750252276876735,-0.06199998932101281,0.035517494833068645,0.07687997351611406,0.02354527809846371,0.0002547378212520498
0.08335000000000001,-5.0799364747973835e-05,6.895825233803044e-06,-0.052868013011902956,-0.06626007948067565,0.016527090683348195,0.08780796265570909,0.018761247998009843,0.0002508314669582203
0.0834,-5.2798094695219756e-05,3.510589836816696e-06,-0.026914554394658854,-0.06886711588912145,0.004283356312806694,0.09485359301771369,0.015676825429183153,0.0002458829307915738
0.08345000000000001,-5.347961980546796e-05,3.777242944912961e-08,-0.0002896327902854809,-0.06975605829683613,4.958975782427622e-07,0.09731815338223203,0.01459789078164122,0.00024038295582156488
0.0835,-5.2826937448820365e-05,-3.435987280209929e-06,0.026342514302297327,-0.0689047294472923,0.004103238188863351,0.094957234804091,0.01563144134014713,0.00023487697136907287
0.08355,-5.0856330716808684e-05,-6.824026079006376e-06,0.05231746911091756,-0.06633436825264902,0.01618471640246508,0.088004968229561,0.018674980382777776,0.00022991100239853223
0.08360000000000001,-4.761696225507531e-05,-1.0041819316318513e-05,0.07698720950797777,-0.06210910001433655,0.03504681698674574,0.07715080609181721,0.023426681769423106,0.00022597752110185734
0.08365,-4.3189647703027e-05,-1.3009089619904356e-05,0.09973627577066714,-0.056334336550107604,0.058818995861962126,0.0634711494908158,0.029415321832827503,0.0002234666082205912
0.08370000000000001,-3.7684839549204476e-05,-1.5651809656901297e-05,0.11999712512413746,-0.049154146447626335,0.0851437792658975,0.04832260225989393,0.036047010415099896,0.00022262726936488352
0.08375,-3.1239871538591286e-05,-1.7904048959461976e-05,0.13726429070725554,-0.04074766080171324,0.11141055308112062,0.03320743721622956,0.04266408658916636,0.0002235427409752249
0.0838,-2.401553248888395e-05,-1.9709618757373528e-05,0.15110699196769578,-0.03132460427958802,0.13501445598842923,0.019624616665455678,0.048610338542868906,0.0002261222359397153
0.08385000000000001,-1.6192054937710722e-05,-2.1023473777127514e-05,0.1611798817911899,-0.021120062923858204,0.15361470213981865,0.008921141158154598,0.05329607976216708,0.0002301099469796002
0.0839,-7.964618700788688e-06,-2.1812836019087255e-05,0.1672316621179528,-0.01038861921348294,0.16536671550109497,0.002158468183254938,0.05625662785695449,0.00023511041467394253
0.08395000000000001,4.615184604459834e-07,-2.2058012516936453e-05,0.16911135344101944,0.0006019992245641544,0.1691050555351307,7.248061327516863e-06,0.05719838693450592,0.00024062774528943562
0.084,8.876141602008252e-06,-2.1752886618183115e-05,0.16677206129285177,0.011577598893464512,0.16445899314678558,0.0026808159227590138,0.05602796324414727,0.0002461147878905983
0.08405,1.70693230378888e-05,-2.0905070602088646e-05,0.16027214631124587,0.02226436098307589,0.15188927581345604,0.009914035399694238,0.05286142707638094,0.0002510273954030313
0.08410000000000001,2.4836659595588273e-05,-1.9535715749482048e-05,0.14977376812736,0.03239567259271437,0.1326424353808157,0.020989592054686902,0.04801280204633944,0.00025487838697798963
0.08415,3.1984372077404915e-05,-1.7678984679724534e-05,0.1355388399304834,0.04171877818735027,0.10862717030070804,0.03480912906890666,0.041962923619738406,0.00025728586183438543
0.08420000000000001,3.8334139621420514e-05,-1.5381199040749046e-05,0.1179224941386811,0.05000108530482841,0.08222506095630044,0.05000217063321456,0.03531175484275674,0.0002580110716309659
0.08425,4.372754850157574e-05,-1.2699683908098197e-05,0.09736422272642466,0.0570359673168581,0.05605438979030294,0.06506203135539412,0.02871888843755077,0.0002569820977377698
0.0843,4.8030044148241255e-05,-9.701337607796192e-06,0.07437691263376481,0.06264791826171752,0.032710487577096395,0.07849523325053678,0.022838135253441885,0.00025430098246509555
0.08435000000000001,5.1134288100675805e-05,-6.460962770533791e-06,0.049534050411964764,0.06669693145905681,0.014508356007832129,0.08896961332108244,0.0182526862985925,0.0002502336105303971
0.0844,5.2962835786100415e-05,-3.059400132906148e-06,0.023455414820338062,0.06908199227702977,0.003253090220579185,0.09544643313927201,0.015417277939679069,0.00024518334047757924
0.08445,5.347006870403061e-05,4.184882540728489e-07,-0.0032083853553851356,0.06974359836609317,6.086854958538374e-05,0.09728339026101829,0.014613096012330042,0.0002396510047695197
0.0845,5.264333241104976e-05,3.885936174216039e-06,-0.02979214265377597,0.06866524398523083,0.0052482617429599095,0.09429831463102557,0.015919890722459713,0.00023418524157507752
0.08455,5.050325232683816e-05,7.256437878185711e-06,-0.05563264656623822,0.06587383192832516,0.01830083883031728,0.08678723465842463,0.01920806792669165,0.00022932808756475552
0.08460000000000001,4.7103219069239636e-05,1.0445906226130784e-05,-0.08008522917429838,0.06143900220624589,0.0379241829385241,0.07549501984198174,0.024151540840097047,0.0002255612234969615
0.08465,4.252805657107256e-05,1.3374770497688348e-05,-0.10253984847555711,0.05547139482857367,0.06217225795074497,0.06154151288455019,0.03026006798346295,0.0002232582072089363
0.0847,3.689190578726488e-05,1.596996150125214e-05,-0.12243630742846226,0.04811988938603199,0.08864039570714331,0.04631047509047908,0.03692787001700571,0.00022264742696430473
0.08475,3.0335377225142846e-05,1.816673453252084e-05,-0.13927823009413487,0.039567891005177915,0.11470376581762701,0.03131235997195279,0.04349370475210247,0.000223789453664053
0.0848,2.30220428841076e-05,1.9910284577403527e-05,-0.15264544473033992,0.030028754553778944,0.13777767830764073,0.018034522001021996,0.04930644189399982,0.00022657103252348186
0.08485000000000001,1.5134355565712579e-05,2.115711363989103e-05,-0.16220446674397634,0.019740462067789455,0.15557390627375797,0.007793716852996686,0.05378963559134496,0.00023071631607625225
0.0849,6.869096980084157e-06,2.1876115868857808e-05,-0.16771681792540488,0.008959685428107472,0.166327607626289,0.0016055192594128273,0.05649868991895875,0.00023581421831331398
0.08495,-1.5675315192466792e-06,2.2049353646207067e-05,-0.16904497649405476,-0.0020446169655494503,0.16897234393933347,8.360917071625284e-05,0.05716494953135849,0.0002413591832370284
0.085,-9.965053248957605e-06,2.167250503390743e-05,-0.1661558075222619,-0.01299791023151443,0.16324583811253005,0.0033789134077301507,0.055722341757909404,0.0002468013192881389
0.08505,-1.8113967172761554e-05,2.07549716549049e-05,-0.15912139000335335,-0.02362693205334232,0.14971598464422534,0.011164638365065096,0.052313929267958324,0.00025160093297356466
0.08510000000000001,-2.581097449128621e-05,1.9319644086204428e-05,-0.14811721824616475,-0.033666510022535456,0.12972453148034452,0.022668677941949607,0.04727772237325644,0.0002552820488176575
0.08515,-3.286405058839316e-05,1.7402330841534036e-05,-0.13341782400889343,-0.042866177174957894,0.10525401995150697,0.036750182911897626,0.04111315896332077,0.0002574796127724902
0.0852,-3.9097235579834105e-05,1.5050864966158062e-05,-0.11538992715323924,-0.050996420577985216,0.07873117695324006,0.052012698235335074,0.03443157531215998,0.00025797569318935045
0.08525,-4.4355024230919894e-05,1.23239107479485e-05,-0.09448328700713164,-0.05785440727496428,0.05278625802638713,0.0669426488227488,0.02789558037075634,0.0002567210940936273
0.0853,-4.850624542879009e-05,9.289500129242875e-06,-0.07121948160486313,-0.0632690444903445,0.029992206242359026,0.08005943981442384,0.02215334509229445,0.00025384023307560474
0.08535000000000001,-5.144733467983485e-05,6.02333546812061e-06,-0.046178895475150764,-0.06710524809275133,0.01260949494592687,0.0900622864317941,0.017774323739378914,0.0002496188033960971
0.0854,-5.310491781018568e-05,2.6069009105308793e-06,-0.019986240190245523,-0.06926731264362573,0.002361957852729729,0.09595921201739588,0.015192781396493752,0.00024447544169838595
0.08545,-5.3437641504076886e-05,-8.745704712149869e-07,0.00670503090223262,-0.06970129905473846,0.00026583743242425753,0.09716542179836168,0.01466472814855404,0.0002389202120808341
0.0855,-5.2437204995255084e-05,-4.33422306873083e-06,0.033229025014519416,-0.06839638027224343,0.006529004714061043,0.0935612966869066,0.016242530709867104,0.00023350402341870143
0.08555,-5.012856713623769e-05,-7.685745609050643e-06,0.058924022573445624,-0.06538511136496843,0.02053034483526783,0.08550425576418647,0.019769719237099827,0.00022876399588127886
0.08560000000000001,-4.656932374816154e-05,-1.0845524444920839e-05,0.0831489858029522,-0.06074261737423877,0.04088135266792795,0.07379331130946348,0.024896504376538613,0.0002251701952358362
0.08565,-4.1848270690072384e-05,-1.3734729540938308e-05,0.10529955124225487,-0.054584719046540095,0.0655638300719155,0.05958983106779434,0.031114465643809673,0.0002230790163660632
0.0857,-3.6083188628905315e-05,-1.6281281131422228e-05,0.12482310750717295,-0.04706504341782028,0.0921300295420798,0.044302366238426164,0.037806971271258434,0.00022269784029158458
0.08575,-2.9417904599375837e-05,-1.842164794709664e-05,0.1412325816305789,-0.038371191039287926,0.11794539585229445,0.0294469660354706,0.04431032913339685,0.0002240644676617578
0.0858,-2.2018703861546923e-05,-2.010243221395682e-05,0.15411859077483622,-0.028720055821025756,0.14044983358673457,0.016496832127256708,0.04997960486393137,0.00022704337081950134
0.08585000000000001,-1.407018138420718e-05,-2.12817017897749e-05,0.16315965523361864,-0.01835241388615713,0.15741159016691206,0.006736221908976259,0.05425257947825304,0.00023133913324463869
0.0859,-5.770636601044102e-06,-2.1930036317863086e-05,0.1681302189695586,-0.0075269167659647584,0.16714857773897124,0.0011330895200352277,0.05670550448950873,0.00023652574660133625
0.08595,2.6728737657263247e-06,-2.2031261170272566e-05,0.16890627650312823,0.0034863614775160583,0.16869518463493294,0.00024309432703815907,0.05709512463335814,0.00024208885700385507
0.08600000000000001,1.1049701352192775e-05,-2.1582851007290794e-05,0.16546846686193023,0.014412662017781507,0.16189803479108256,0.004154496528776034,0.05538280153059181,0.0002474767739386241
0.08605,1.915086138394522e-05,-2.0595992744063216e-05,0.15790255634752937,0.024979395948626103,0.14743119772217372,0.012479404439164763,0.051738345268044085,0.0002521551803835589
0.08610000000000001,2.6774246448150344e-05,-1.9095306494147888e-05,0.14639729906859678,0.03492294482716925,0.12672934163974123,0.024392241508030144,0.04652317457536485,0.00025566012143999245
0.08615,3.372966861088366e-05,-1.7118231309071816e-05,0.13123972767506625,0.04399523738212893,0.10184545798946226,0.0387116182461975,0.04025447497738073,0.00025764401362659564
0.0862,3.9843604308078375e-05,-1.4714091203475897e-05,0.11280799277828053,0.051969938462356605,0.07524726768807354,0.05401749007562265,0.033553909980672585,0.0002579101157789707
0.08625000000000001,4.496352327266155e-05,-1.1942864553639527e-05,0.09156192850074492,0.05864809551397941,0.049572498331463315,0.06879198214833704,0.027085970823801608,0.00025643203809055693
0.0863,4.8961694014146744e-05,-8.87368782983125e-06,0.06803158090362717,0.06386310220252049,0.027367302476557314,0.08156991645859155,0.02149207946928227,0.0002533563610495732
0.08635000000000001,5.173837028318665e-05,-5.5831307192801275e-06,0.04280398413985963,0.0674848547094074,0.010833756939151272,0.09108411230299653,0.01732697896194019,0.0002489880972499304
0.0864,5.3224279715271274e-05,-2.1532859198490998e-06,0.01650851533463641,0.06942299776375019,0.0016114841695829378,0.09639105237011328,0.015003720012624842,0.0002437604452433567
0.08645,5.3382351864263086e-05,1.330278942719573e-06,-0.010198807180734036,0.06962917861191228,0.0006150517669061182,0.09696445028339165,0.014752698878328334,0.00023819182786358152
0.08650000000000001,5.220864319205717e-05,4.780656028450029e-06,-0.03665169018432083,0.06809825352418636,0.007943275339206083,0.0927474426608872,0.01659880918586796,0.00023283448196718693
0.08655,4.973243530938174e-05,8.111765468789368e-06,-0.062190188153917414,0.06486841592639672,0.022869419006419287,0.084158227696,0.0203589731596393,0.00022821969212819137
0.08660000000000001,4.601550458479466e-05,1.1240502881492305e-05,-0.08617716768654801,0.06002024373102441,0.043913265420532116,0.07204859315063149,0.025660297433545552,0.00022480510459265093
0.08665,4.115058083896165e-05,1.4088812648070833e-05,-0.10801420249703005,0.05367468891434952,0.06898790803276403,0.0576194446010439,0.03197705257229541,0.00022292934168999603
0.0867,3.525903402886171e-05,1.6585635259864607e-05,-0.12715650318415805,0.04599006017923499,0.09560670857188404,0.04230171270579311,0.03868280950991457,0.00022277842194211978
0.08675000000000001,2.848784621622231e-05,1.866868008119726e-05,-0.1431265083039268,0.03715807330734476,0.12112989539276402,0.027614448238280145,0.04511256199429009,0.0002243673115680803
0.0868,2.100594474451617e-05,2.0285979403204133e-05,-0.15552579886601245,0.027399068385340966,0.1430263483611966,0.015014178967691815,0.050628675070976493,0.00022753844133573242
0.08685000000000001,1.2999987795770983e-05,2.1397184904980245e-05,-0.16404503781476934,0.016956512670175304,0.15912460842900594,0.005750466438676312,0.054684118829099654,0.00023197733181645787
0.0869,4.669707675149832e-06,2.1974574284301442e-05,-0.1684716875551832,0.006090926636105309,0.16782822017685137,0.0007419877457283427,0.0568767171772418,0.00023724378070053042
0.08695,-3.77707211332002e-06,2.20037428546598e-05,-0.16869531218746864,-0.004926615511649834,0.16827405127496367,0.00048543080799257516,0.0569890313292539,0.00024281551701368573
0.08700000000000001,-1.2129621637739325e-05,2.1483962926560405e-05,-0.1647103327626076,-0.0158212485701494,0.16041788893114695,0.005006238126369088,0.055009923156493216,0.0002481399947300416
0.08705,-2.017956181698482e-05,2.042820195061526e-05,-0.15661616638573375,-0.026321173670031027,0.14503882436977245,0.013856083667358693,0.05113565969683148,0.0002526891882223978
0.08710000000000001,-2.7726063060862296e-05,1.886279901572481e-05,-0.1446147460266066,-0.03616443910414645,0.12366199085063329,0.026157333114350333,0.045750449503832405,0.00025601195646904383
0.08715,-3.458085555084281e-05,1.6826807734430354e-05,-0.12900548265251482,-0.04510547548374661,0.09840731700611466,0.04069007837229733,0.039388340864661205,0.00025777878228720437
0.0872,-4.057292619043497e-05,1.4371021938358069e-05,-0.11017779555832365,-0.05292122219450727,0.0717792947259274,0.05601311517120817,0.03268026054386475,0.0002578144504338741
0.08725000000000001,-4.555278504372422e-05,1.1556708479185979e-05,-0.08860139716336918,-0.05941669231440002,0.04641861010274678,0.07060686651168165,0.026291445135354415,0.0002561154237063977
0.0873,-4.9396194775871944e-05,8.454078735603773e-06,-0.06481457460197906,-0.06442983710912606,0.0248402680415477,0.08302407819817034,0.02085546989139657,0.00025285019342440783
0.08735000000000001,-5.2007270169075505e-05,5.14053699679052e-06,-0.03941076060848278,-0.06783558887159197,0.009184180658652603,0.09203334235111305,0.01691141745614523,0.000248342570716105
0.0874,-5.332087020070206e-05,1.6987493682850307e-06,-0.013023728540227335,-0.06954898103088643,0.0010029533723980501,0.096741215248692,0.014850417297482866,0.00024303957375298231
0.08745,-5.3304223248647674e-05,-1.785418566349042e-06,0.013688218963108276,-0.06952726798294886,0.0011079139026670686,0.09668081986345572,0.014876857656282353,0.0002374670978496901
0.08750000000000001,-5.195774460525386e-05,-5.225043924802519e-06,0.040058673266063494,-0.06777099141113159,0.009488653352516314,0.09185814553695343,0.016988116438217474,0.0002321777620770349
0.08755,-4.931502618641535e-05,-8.534315071581197e-06,0.0654297453327426,-0.06432396687022451,0.02531405846187777,0.08275145427843482,0.02097482129038033,0.00022769610697318606
0.0876,-4.544199841073316e-05,-1.1630672440421268e-05,0.08916847861194493,-0.05927219057171708,0.04701473262034592,0.07026385150339894,0.026441612881447602,0.00022446657548274023
0.08765,-4.0435285444182195e-05,-1.4436868236447531e-05,0.11068264017067837,-0.05274169407067899,0.07243863211101631,0.055633725868901904,0.032846352550639016,0.00022280943854714448
0.0877,-3.4419794549022005e-05,-1.688289359367132e-05,0.12943549547838307,-0.044895399908845515,0.09906448297514829,0.04031193865950332,0.03955388577839455,0.00022288903317136107
0.08775000000000001,-2.7545599977384592e-05,-1.8907725180863737e-05,0.14495919913487337,-0.035929057165909335,0.12425181452464902,0.02581794297662362,0.045899030274141286,0.0002246974661971373
0.0878,-1.9984198851663614e-05,-2.0460847570998643e-05,0.15686646628559325,-0.026066357775186337,0.14550281307789797,0.013589100153280345,0.051252541512850386,0.0002280553959304076
0.08785,-1.1924232723077496e-05,-2.1503513545262874e-05,0.1648602350175998,-0.015553356003000384,0.16071002908795137,0.004838137659121362,0.05508351482898468,0.00023262981859147784
0.0879,-3.5667813064867314e-06,-2.2009710702634475e-05,0.1687410769871159,-0.004652329780015976,0.16836537133446183,0.00043288344764046995,0.05701203464268963,0.00023796709083590966
0.08795,4.879654027453332e-06,-2.1966810475245486e-05,0.16841217322089297,0.006364762509165874,0.167709663920396,0.0008102040359616693,0.056846850783362365,0.00024353791860194543
0.08800000000000001,1.32043519343817e-05,-2.1375883124564082e-05,0.16388172909468193,0.017223066890355868,0.15880793288388148,0.005932680662193451,0.054604344361454456,0.0002487898456357769
0.08805,2.1199628187932253e-05,-2.0251671100453363e-05,0.15526277005208974,0.027651690820931427,0.14254295801345765,0.015292320105127665,0.05050690354426534,0.0002532020415043296
0.0881,2.8666016928193547e-05,-1.862222118594638e-05,0.14277032144432977,0.03739046139508584,0.1205277276834708,0.027960932066748087,0.044960869180646706,0.00025633695077635497
0.08815,3.541724701338256e-05,-1.652818485679177e-05,0.1267160445160768,0.046196416181412805,0.0949454800874795,0.04268217736012597,0.03851623847961961,0.00025788368666951306
0.0882,4.128488898411156e-05,-1.4021804031052342e-05,0.10750046063251231,0.053849864543060115,0.06833319233320276,0.05799615822611846,0.031812121806322424,0.0002576888597158301
0.08825000000000001,4.612255717377583e-05,-1.116560781571105e-05,0.08560295950575958,0.06015986859684235,0.0433299901748615,0.07238419579178676,0.025513362721057444,0.00025577179114987685
0.0883,4.9809561594946406e-05,-8.030852471519005e-06,0.06156983908925248,0.06496900658535368,0.022415427162774525,0.08441943633375458,0.020244605621016074,0.0002523225952027818
0.08835,5.225391903106391e-05,-4.6957437587813476e-06,0.036000676754259914,0.06815730036266031,0.0076635888292878275,0.0929083518545179,0.016528350231707106,0.00024768332689961475
0.0884,5.339464772940745e-05,-1.2434858345160642e-06,0.009533370953410135,0.0696452084863859,0.0005374067287234163,0.09700910130224318,0.014733135518807124,0.00024231405964530894
0.08845,5.320328885073048e-05,2.239794504884652e-06,-0.017171773006989074,0.06939561071276827,0.0017435803533196869,0.09631501572396158,0.015036991935001352,0.00023674726075199168
0.08850000000000001,5.1684616397219835e-05,5.6671965202345136e-06,-0.04344851623477906,0.06741473398947342,0.01116249413460471,0.09089492717742927,0.01740978620262211,0.00023153498638601362
0.08855,4.8876518160040744e-05,8.953213522429652e-06,-0.06864130758267585,0.0637519971737384,0.0278600796575968,0.08128634287280698,0.021616209644240075,0.0002271941349131502
0.0886,4.4849050457550726e-05,1.2015866089898517e-05,-0.09212163827016771,0.05849877807656149,0.05018044669521038,0.06844214072901582,0.02723911358451163,0.00022415518602253768
0.08865,3.9702690398961864e-05,1.4778747289383971e-05,-0.11330372193440282,0.051786133811356896,0.07591009692660523,0.053636073102555235,0.03372087777376023,0.00022271951054172407
0.0887,3.356582917435622e-05,1.7172928872462766e-05,-0.13165910879082962,0.04378153117007367,0.10249743532740746,0.038336449431922645,0.04041870926997941,0.00022302948356368692
0.08875000000000001,2.6591568952938795e-05,1.91386808911632e-05,-0.14672986934408797,0.03468466865911209,0.12730581039281713,0.024060524799847854,0.04666838783544343,0.00022505436510642998
0.0888,1.895390331030443e-05,2.062696184846402e-05,-0.15814001889079854,0.02472249446022186,0.14787498946892366,0.012224034646714014,0.05185013634657134,0.00022859334885213964
0.08885,1.0843376426161557e-05,2.160064216684905e-05,-0.16560489742257814,0.01414354449355012,0.16216513852610828,0.004000797016820639,0.055450083653208346,0.0002332954755834189
0.0889,2.4623294082416857e-06,2.2035430517233078e-05,-0.16893827149346693,0.003211741994090158,0.168759111518975,0.00020630573273204447,0.05711122501031049,0.000238694438107536
0.08895,-5.980147709642745e-06,2.192047981297109e-05,-0.16805698016923928,-0.0078001868662274515,0.1670029877854298,0.0012168583029613445,0.05666882591265237,0.00024425482414709547
0.08900000000000001,-1.4273432343235039e-05,2.1258657848862897e-05,-0.16298300991703626,-0.018617516921422946,0.1570709211787922,0.006932238726389393,0.054166758852191896,0.00024942521341942716
0.08905,-2.2210623947557093e-05,2.0066475729801422e-05,-0.15384294590938277,-0.02897037784967877,0.1399478691548983,0.016785655855063166,0.049853152390414025,0.0002536928611528888
0.0891,-2.9593705787448267e-05,1.8373675977373342e-05,-0.14086481414475405,-0.038600486896309336,0.11733191524599387,0.029799951772642976,0.04415578449396865,0.00025663454722646406
0.08915000000000001,-3.623848500915254e-05,1.6222490485270033e-05,-0.12437239249041261,-0.04726759247053825,0.09146587091145472,0.04468450595921769,0.037639659921461135,0.0002579585460134959
0.0892,-4.197918794353412e-05,1.3666586956519581e-05,-0.10477713328689969,-0.054755467992116294,0.06491485734826699,0.05996322550071344,0.0309509791447485,0.000257533557531757
0.08925000000000001,-4.6672595732713434e-05,1.0769729963497794e-05,-0.08256789824879153,-0.060877306216400515,0.04031192369923695,0.07412092824330793,0.02475305487894177,0.0002554017273442282
0.0893,-5.020161745399649e-05,7.604190190540014e-06,-0.05829876253286173,-0.06548037980750898,0.02009692915954376,0.08575360279471259,0.019660531844932896,0.0002517744681385575
0.08935,-5.2478211177640195e-05,4.248941391696769e-06,-0.032575191560285814,-0.06844985143341605,0.006274583427331766,0.09370764322513457,0.016178432694148818,0.0002470114928294959
0.08940000000000001,-5.344558056798598e-05,7.876901882356235e-07,-0.006038935974258346,-0.06971163888606868,0.00021564080833947854,0.09719425192363287,0.014652075283947312,0.00024158514331280214
0.08945,-5.307959169502227e-05,-2.6932122654866617e-06,0.02064797875500371,-0.06923426310147908,0.0025209632595240626,0.09586766374409654,0.015232827614948652,0.00023603354728342634
0.08950000000000001,-5.138937526775452e-05,-6.106924551049091e-06,0.046819768554108424,-0.06702963368600681,0.012961933252692372,0.08985943584160519,0.017863096831161336,0.00023090725368751628
0.08955,-4.841709870836574e-05,-9.36828150923023e-06,0.07182350060260517,-0.06315275160990375,0.03050312563163136,0.079765400718044,0.022282040585331453,0.00022671463388619441
0.0896,-4.4236914280432255e-05,-1.2395918939035223e-05,0.09503538282641628,-0.05770033721996713,0.05340499018387276,0.06658657830595849,0.028051434723820774,0.00022387146786137928
0.08965000000000001,-3.895310903226728e-05,-1.5114303455877513e-05,0.11587632601801684,-0.05080841709376205,0.0793963617715662,0.051629904951473835,0.03459913160558853,0.0002226597104530493
0.0897,-3.269750316133421e-05,-1.745561692259043e-05,0.13382639126597726,-0.04264893064512156,0.10589969069125954,0.036378625703447784,0.041275799854066035,0.00022319953133996938
0.08975000000000001,-2.5626161247627963e-05,-1.9361448331643735e-05,0.1484377609150856,-0.03342544036913056,0.13028665654526492,0.02234520127740606,0.047419317922579134,0.00022543739634109668
0.0898,-1.791549886960377e-05,-2.0784251092257358e-05,0.15934591121738215,-0.02336805358132499,0.15013881767553028,0.010921318563593515,0.05242043662793469,0.00022915137797874306
0.08985,-9.757881317323246e-06,-2.1688529164842627e-05,0.16627870594512809,-0.012727681541707284,0.16348744625914935,0.0032398775485423265,0.055783197733854095,0.00023397316241015803
0.08990000000000001,-1.3568245164244227e-06,-2.2051722671598185e-05,0.16906318611565496,-0.0017697798522784908,0.1690087663667555,6.264241451061754e-05,0.05717411816132977,0.00023942457624617905
0.08995,7.0780822972938735e-06,-2.186477066396833e-05,0.16762988452619032,0.009232274199321194,0.1661552316740571,0.0017046977378290357,0.05645526103320216,0.00024496500553093686
0.09000000000000001,1.5336405406487105e-05,-2.1132337227655492e-05,0.16201455921292296,0.02000400180052788,0.15520982570260594,0.008003201760710454,0.05369791505802201,0.00025004500922839735
0.09005,2.3212116480611825e-05,-1.987269507286929e-05,0.15235730100812256,0.03027667031518242,0.13725799816219336,0.01833353530748497,0.04917552463708207,0.0002541608059454083
0.0901,3.0508732603873128e-05,-1.8117269716089984e-05,0.1388990388804215,0.03979399762683314,0.11408002181476225,0.031671244942488026,0.043336572745182884,0.0002569042346705847
0.09015000000000001,3.704421806741461e-05,-1.590985543073008e-05,0.12197552895840152,0.0483185458195576,0.08797444355700204,0.046693637402333746,0.03676010493971376,0.0002580032308569215
0.0902,4.2655525852961534e-05,-1.3305522711009927e-05,0.10200897834297987,0.055637644821600885,0.061530139019460035,0.06191095042589224,0.03009830588904091,0.0002573488078680418
0.09025000000000001,4.7202665261020615e-05,-1.0369244342419163e-05,0.07949751172197146,0.06156869803136908,0.0373695750762903,0.07581409154555821,0.024011822471803713,0.0002550058643096055
0.0903,5.057219444123726e-05,-7.174274484872397e-06,0.05500274428569529,0.06596373777877365,0.017888741353429823,0.0870242940349362,0.019104247863155604,0.00025120674864022145
0.09035,5.268005051064533e-05,-3.80032112070819e-06,0.02913577052348585,0.06871311679041646,0.005019541243289609,0.09442984838106824,0.01586226350515469,0.00024632821702363884
0.09040000000000001,5.3473646754368656e-05,-3.3155750523441344e-07,0.002541918676793111,0.06974824366834725,3.8206134452675264e-05,0.09729634989638286,0.014607375185576288,0.00024085407067534777
0.09045,5.2933184568516554e-05,3.1454777830963028e-06,-0.024115348890006924,0.06904329412060364,0.00343873225727016,0.09533952926048363,0.015464029493246063,0.00023532717766723866
0.09050000000000001,5.1072147374804134e-05,6.5440398055339965e-06,-0.05017098771134827,0.06661585519727241,0.014883891352642205,0.0887534432732793,0.018347272506856416,0.000230295636824459
0.09055,4.7936964262548406e-05,9.779341371834116e-06,-0.0749749627510948,0.06252648656620663,0.03323867341530424,0.07819123044628036,0.02297117464599816,0.00022625842330896152
0.0906,4.3605851642450226e-05,1.2770668304984257e-05,-0.09790846538824374,0.05687720961901367,0.0566828449782402,0.06470033948090442,0.028877186111497512,0.00022361590519057466
0.09065000000000001,3.818686195416877e-05,1.5443393103112813e-05,-0.11839935154579309,0.049808962322125325,0.08289146069873445,0.049618654552138,0.03547961107574929,0.00022263013966692562
0.0907,3.181518792370269e-05,1.7730836728787068e-05,-0.13593641534268122,0.04149808300771172,0.1092654267895053,0.034441817866298644,0.042123690712380674,0.00022339888435601103
0.09075000000000001,2.4649789833635548e-05,1.957593213703529e-05,-0.15008214286805158,0.03215191119124501,0.13318925184495756,0.020674907864994124,0.04815053539548161,0.00022584590346655167
0.0908,1.6869429744451437e-05,2.0932647953554793e-05,-0.16048362699576565,0.022003614781155017,0.15229042346403526,0.00968318126874927,0.05296246625774448,0.00022972852728067876
0.09085,8.668211775766524e-06,2.176713689594346e-05,-0.16688137197837238,0.011306373091484433,0.16467468920882913,0.0025566814496768646,0.056082286844219315,0.000234661718354603
0.09090000000000001,2.5073958903574174e-07,2.2058580159018873e-05,-0.16911576705089212,0.0003270604762301739,0.16911390830480458,2.139371102238163e-06,0.05720060623608855,0.0002401562546906789
0.09095,-8.172988055253604e-06,2.179970683881691e-05,-0.167131068678323,-0.010660411601966941,0.1651678459414144,0.0022728875104670275,0.0562065213616867,0.0002456672463882593
0.091,-1.6392816326293934e-05,2.0996975288769335e-05,-0.1609767909690564,-0.02138192812500403,0.1532278308489152,0.009143737006856768,0.05319861501241907,0.0002506481712940341
0.09105,-2.420367728291233e-05,1.967041203468185e-05,-0.15080647065549446,-0.031570009128875594,0.13447794769536664,0.019933309527945767,0.04847517961232489,0.00025460507407524033
0.0911,-3.1410705852308635e-05,1.7853112111419042e-05,-0.13687383640073303,-0.040970482756065296,0.11077761182711707,0.03357160914530088,0.042504635553904394,0.00025714555058220447
0.09115000000000001,-3.783410140307087e-05,1.5590413466228386e-05,-0.11952647911801594,-0.0493488263934966,0.08447717237933768,0.04870613332830934,0.0358790784199454,0.00025801766364080294
0.0912,-4.331361327521935e-05,1.2938765796922912e-05,-0.09919717988473767,-0.05649601741903801,0.05818482914007686,0.06383599968424492,0.029255560946806744,0.00025713492579501997
0.09125,-4.7712538866363125e-05,9.964322322984599e-06,-0.07639311333166601,-0.06223374804404059,0.034507979134490246,0.07746078791218251,0.02329093371583691,0.000254584878161831
0.0913,-5.0921133908131304e-05,6.741289329225296e-06,-0.051683194350456346,-0.06641887354399485,0.015794642306951212,0.08822933525706358,0.018576705445093624,0.0002506204070866941
0.09135,-5.285935053799311e-05,3.3500749259624313e-06,-0.025683885049526213,-0.06894698362710837,0.00390060982575158,0.09507373102553499,0.015580383556304799,0.00024563466735452613
0.09140000000000001,-5.347883416418566e-05,-1.247170100750373e-07,0.0009561848390519309,-0.06975500705809581,5.406249004482486e-06,0.09731522019349993,0.014599111607917855,0.00024012209164468536
0.09145,-5.276412996531791e-05,-3.5963975031899873e-06,0.02757239991640025,-0.0688227853490387,0.004495316755384599,0.09473151566399711,0.015730201823899385,0.00023462935931677203
0.0915,-5.073306832184944e-05,-6.9783552067435445e-06,0.05350073987653925,-0.06617357549208507,0.01692507944874717,0.08757884186813363,0.018861484614894276,0.00022970118130328062
0.09155,-4.743632010294218e-05,-1.0186217174639505e-05,0.07809434555415545,-0.06187346991128542,0.03606204174753838,0.07656652557725485,0.023682432451651907,0.00022582628250647832
0.0916,-4.29561324275268e-05,-1.3139953790482103e-05,0.10073965659619608,-0.05602974743701465,0.06000840180732196,0.062786651957113,0.02971495461580597,0.00022338893424454317
0.09165000000000001,-3.740427686101831e-05,-1.5765875355525057e-05,0.1208717187399016,-0.04878819706659399,0.08638941255164953,0.04760576346017621,0.03636080930130219,0.00022263084723486086
0.0917,-3.091926085763796e-05,-1.7998470477521057e-05,0.13798827803233063,-0.040329480684798885,0.11258888388460767,0.03252934024611133,0.042960930785572254,0.00022362720034202217
0.09175,-2.3662872347349035e-05,-1.9782040466328047e-05,0.1516623112653673,-0.03086462603193594,0.13600862893312754,0.019052502801825154,0.04886078873698009,0.00022627918592119193
0.0918,-1.5816143418918586e-05,-2.107208888639548e-05,0.16155267917032579,-0.0206297619217589,0.15432612467260468,0.008511741538969069,0.05347529752506579,0.00023032380798682228
0.09185,-7.574833955493905e-06,-2.183643166279518e-05,0.16741263724536154,-0.009880227343387967,0.16572483531128712,0.0019523778471406252,0.056346838895965125,0.0002353599636714047
0.09190000000000001,8.554521813363752e-07,-2.2056000002783154e-05,0.16909599148127238,0.0011157987390613602,0.1690743570904505,2.4900136521818426e-05,0.057190643690547355,0.00024088822024020176
0.09195,9.264396546671298e-06,-2.1725316124511594e-05,0.16656074561405276,0.012083987901671698,0.16404251980148982,0.0029204552721549593,0.05592303224984164,0.0002463603435850733
0.092,1.744221312953535e-05,-2.085262991774052e-05,0.15987014885551334,0.022750706194697955,0.1511283279300074,0.010351892647149356,0.05266971288724039,0.00025123366632036874
0.09205,2.518488208517611e-05,-1.9459713124125883e-05,0.14919111794133041,0.032849840752940986,0.13161247464849066,0.021582240749871646,0.047753315457648673,0.00025502490376803596
0.0921,3.229923961651464e-05,-1.7581316178739203e-05,0.13479007291273926,0.04212943876960487,0.10743033620463174,0.035497792220837716,0.041661396344768786,0.00025735808107613985
0.09215000000000001,3.860779700566325e-05,-1.526430125147368e-05,0.11702629044621746,0.050357993195565116,0.08098004171627822,0.05071854957369165,0.03499808774725864,0.0002580018182863556
0.0922,4.395316862300463e-05,-1.2566473144778454e-05,0.0963429407025122,0.057330218393637646,0.054884652102848035,0.06573507882124377,0.02842418626960213,0.00025689227649056514
0.09225,4.820199833077295e-05,-9.555137162525701e-06,0.07325603104424962,0.06287217154872204,0.031732032537916816,0.07905819910503868,0.022591622034467927,0.00025413948817212454
0.09230000000000001,5.124828651184564e-05,-6.30542000157628e-06,0.048341532792739506,0.06684559225812184,0.013818215364588608,0.08936666408678157,0.01807880719852025,0.00025001644602039405
0.09235,5.3016034466474713e-05,-2.8983954734158865e-06,0.022221011853607718,0.06915135175524388,0.0029197038160126776,0.09563818899154941,0.015333275084328763,0.00024493202964326436
0.09240000000000001,5.34611405072008e-05,5.809381057735294e-07,-0.0044538780572783675,0.06973192607268343,0.00011729720064536481,0.09725083027612373,0.014627298600916772,0.00023939045797166986
0.09245,5.2572500124643926e-05,4.045778460536534e-06,-0.03101765283143236,0.06857283104085996,0.005688908634132195,0.09404466313916654,0.016030889045217506,0.00023394128541247384
0.0925,5.037228309951265e-05,7.409684890844915e-06,-0.05680760049095158,0.06570298374509559,0.019082004554649815,0.0863376414601659,0.01940485316610401,0.00022912490354209453
0.09255000000000001,4.691538033971392e-05,1.0588734790628948e-05,-0.08118031441149681,0.06119398099805151,0.0389683991495772,0.07489406620779779,0.024414596827068622,0.00022541895010926217
0.0926,4.228803453272161e-05,1.3503617352079032e-05,-0.10352774513432965,0.05515831325113312,0.0633759698382495,0.06084879041420256,0.030563306587327817,0.00022319094263859442
0.09265000000000001,3.660568849691694e-05,1.608161219420522e-05,-0.12329236977030722,0.047746558071785634,0.08988423147460245,0.045594676154047956,0.03724121831026352,0.00022266183116242854
0.0927,3.0010105196231462e-05,1.825840361349037e-05,-0.13998110134185712,0.039143623678111736,0.11586437467043714,0.030644465493072596,0.04378608728971944,0.0002238840876956167
0.09275,2.2665830960487343e-05,1.997968509219213e-05,-0.15317758991921093,0.029564135698589563,0.1387399630923507,0.017480762392092355,0.04954886246572976,0.00022673650142942094
0.09280000000000001,1.4756090464581493e-05,2.1202514182504894e-05,-0.1625526101456125,0.019247082855261444,0.15624243755094389,0.00740900396874598,0.053958052725614866,0.00023093620044887844
0.09285,6.478215591518301e-06,2.1896383777778276e-05,-0.1678722742575376,0.008449854547994674,0.16663608733909002,0.0014280008376453253,0.05657640105444263,0.000236066702630543
0.09290000000000001,-1.9612775638835183e-06,2.204398326306188e-05,-0.16900386760096545,-0.002558180380354583,0.1688901801382219,0.0001308857371686224,0.05714424738874461,0.00024161921929705452
0.09295,-1.0351840857377909e-05,2.164163031702247e-05,-0.1659191591098905,-0.013502393919309272,0.16278117871115072,0.0036462928310440007,0.055605278644122916,0.0002470431101774538
0.093,-1.8484146858504654e-05,2.0699362840614284e-05,-0.1586951060661759,-0.024109750261777148,0.1489149094021669,0.011625601153705265,0.05211211355176543,0.0002518004913813636
0.09305000000000001,-2.6155311101868546e-05,1.9240688469396515e-05,-0.14751193374651833,-0.03411561749278698,0.1286664822704182,0.023277507138283058,0.04701116726601689,0.0002554195757454718
0.0931,-3.3173953711725406e-05,1.7301998173233287e-05,-0.1326486395977113,-0.04327036965224096,0.10404392259338423,0.037446497796831506,0.04080829784377173,0.00025754146114092717
0.09315000000000001,-3.936497383860357e-05,1.4931658303014107e-05,-0.11447603238331625,-0.05134561431926268,0.07748903574167583,0.052727442196449446,0.034118640309919554,0.00025795572097153056
0.0932,-4.457391819033227e-05,1.2188804019924112e-05,-0.09344748166128433,-0.05813989064367482,0.05163525503715605,0.06760493768116935,0.027605604309847542,0.00025662127374863667
0.09325,-4.867083419742309e-05,9.141863932512168e-06,-0.0700876068206362,-0.06348369525649057,0.02904648540772645,0.08060359126837927,0.02191508394994507,0.00025367045554133957
0.09330000000000001,-5.155351218434421e-05,5.866852989068787e-06,-0.04497918911585101,-0.06724371116073738,0.011962842516935175,0.09043433381337354,0.017611404979045012,0.00024939589761055784
0.09335,-5.315003519432085e-05,2.4454760290058224e-06,-0.018748632341034396,-0.06932613360649817,0.0020785016755724135,0.0961222560165207,0.015121360831796667,0.00024422150532122375
0.09340000000000001,-5.342057324650973e-05,-1.036910568320427e-06,0.007949664615745545,-0.06967901042027841,0.0003736874505842889,0.09710328986298535,0.014691887814453478,0.00023866042041432919
0.09345,-5.2358376955409435e-05,-4.493428360679527e-06,0.03444963369830124,-0.06829353803182366,0.007017465335103638,0.09328014673808288,0.016365576534606695,0.00023326413249709588
0.0935,-4.998994595802729e-05,-7.837844278840797e-06,0.06009015473885571,-0.06520428116457636,0.02135097562014187,0.08503196564378254,0.019976448239646626,0.00022856778852423082
0.09355000000000001,-4.6374367769560296e-05,-1.0986721966698892e-05,0.08423154902961302,-0.06048831047019415,0.04195277213773732,0.07317671407077199,0.025166414814472002,0.00022503712227917708
0.0936,-4.160184368934154e-05,-1.3861503348312299e-05,0.10627153802230192,-0.05426327980029199,0.06677978628251703,0.058890070693695534,0.03142079019130546,0.00022302226798696364
0.09365000000000001,-3.57914384595353e-05,-1.6390468492790617e-05,0.12566026895720353,-0.0466844909800472,0.09336993698995204,0.04358883396132217,0.038119331482991785,0.0002227230376880247
0.0937,-2.9088109830969782e-05,-1.8510524874757678e-05,0.14191403250993398,-0.03794101932130922,0.11908629389449853,0.028790418942799195,0.04459774808788107,0.00022416910581541185
0.09375,-2.1659092184966766e-05,-2.0168781416479206e-05,0.15462733047349067,-0.028250996624011124,0.14137858032631193,0.01596237620499776,0.05021357908946586,0.00022721706675721671
0.09380000000000001,-1.3689724352526843e-05,-2.132386799336225e-05,0.16348299193779045,-0.017856169177976614,0.15803608268210903,0.006376855554250441,0.05440990563900088,0.00023156465581569593
0.09385,-5.378825806669613e-06,-2.1946967558404842e-05,0.16826008626287536,-0.007015866737223838,0.1674068858325813,0.0009844477214896773,0.05677058041660397,0.00023678072519505827
0.09390000000000001,3.0662634859028187e-06,-2.2022535041058e-05,0.16883943462787435,0.00399946726851388,0.1685616924203929,0.00031991476863827757,0.057061496586216245,0.00024234800008839983
0.09395,1.1434855777032686e-05,-2.154868519421158e-05,0.16520658351794115,0.01491502272021672,0.1613859809669816,0.004449158054891619,0.05525380418357467,0.00024771437713526595
0.094,1.9518171753484985e-05,-2.0537239598469232e-05,0.15745216510683518,0.025458478771858667,0.14659136270832798,0.012962682827543568,0.051526771017791705,0.00025234767561547414
0.09405000000000001,2.7114549179407494e-05,-1.90134317663965e-05,0.14576963635767087,0.0353667977063189,0.1256450116887123,0.02501620759999367,0.04625000490769425,0.00025578841410879636
0.0941,3.4034473913559925e-05,-1.7015277584418788e-05,0.13045045246406675,0.04439278715995135,0.1006241657492146,0.039414391036574827,0.0399467997516457,0.000257695376274048
0.09415,4.010530797232212e-05,-1.4592626936541805e-05,0.11187679587739754,0.05231126712844068,0.07401012822086371,0.054729373371661574,0.03324224091733499,0.000257879450074033
0.0942,4.5175596398140346e-05,-1.1805920003304726e-05,0.09051204138179952,0.058924687656752045,0.048442198262031576,0.06944237630891574,0.02680121571653854,0.00025632238070848103
0.09425,4.911884587196675e-05,-8.724679451113096e-06,0.06688919606830278,0.064068057432558,0.026455933203327273,0.08209431966363101,0.021262477050872353,0.0002531785822775515
0.09430000000000001,5.1836680321027516e-05,-5.4257759363845e-06,0.04159760170152175,0.06761305982381574,0.0102316986286797,0.09143051717477772,0.01717529851085355,0.00024875982314607656
0.09435,5.3261295358833207e-05,-1.991510381755321e-06,0.015268231985304838,0.06947125430291498,0.0013784428162093932,0.09652510348840568,0.014945003339175022,0.00024350430959438335
0.0944,5.335714970337702e-05,1.4924392975430735e-06,-0.011442049012034702,0.0695962826548942,0.0007741382025767909,0.09687285118759856,0.014792768649327393,0.0002379332276187889
0.09445,5.212185202020719e-05,4.939155659978163e-06,-0.03786687428494279,0.06798502572984098,0.008478713360129314,0.09243927446974282,0.016733691506684745,0.00023259905867010735
0.0945,4.958622043025316e-05,8.262650162674796e-06,-0.06334699830821547,0.06467768105261967,0.02372810990060927,0.08366404852688795,0.0205752916683553,0.0002280307890135672
0.09455000000000001,4.58135137970973e-05,1.1380008398528607e-05,-0.08724674401027982,0.05975676017244413,0.045010053747297975,0.0714174077261401,0.02593659983971161,0.0002246814517071274
0.0946,4.089785342296263e-05,1.4213458631982236e-05,-0.10896986140609065,0.053345029978462785,0.07021402642951928,0.056913844468061865,0.03228593805993449,0.0002228831983589252
0.09465,3.496187503957974e-05,1.6692312068587076e-05,-0.1279744031370229,0.045602450120662906,0.09684056417544797,0.04159166914015097,0.03899364608757716,0.00022281436117738314
0.0947,2.8153669168104137e-05,1.8754726359566326e-05,-0.14378624452916058,0.03672218212059583,0.12224912808223803,0.026970373193964163,0.045394524210693746,0.00022448176634464818
0.09475,2.0643086674978723e-05,2.034924848648533e-05,-0.15601091249745247,0.026925770590992784,0.14391996519175018,0.014499942438375437,0.05085380100233186,0.00022772005857750005
0.09480000000000001,1.2617501261003345e-05,2.143609836322177e-05,-0.1643434264100668,0.01645761599151464,0.15970399064675317,0.005417062482483167,0.05483008298077456,0.00023220809800684336
0.09485,4.277134915362784e-06,2.1988161312310393e-05,-0.16857590711888043,0.005578877444942149,0.1680359115594711,0.000622477470913685,0.056929044542543855,0.00023750080853116956
0.0949,-4.169937235334313e-06,2.1991664479682073e-05,-0.16860276278668607,-0.005439042720264017,0.16808945592822694,0.0005916637142571398,0.05694253279574563,0.0002430733148441422
0.09495,-1.251297797483825e-05,2.1446520476951774e-05,-0.16442332347465008,-0.016321269864830727,0.15985931384171911,0.005327677000012633,0.054869210154900726,0.00024837299481936774
0.095,-2.054384544918356e-05,2.0366329526959716e-05,-0.1561418576082727,-0.026796314616762233,0.14416166382189347,0.014360849540810107,0.05091468682584574,0.00025287428202371075
0.09505000000000001,-2.8062185904429055e-05,1.877804019820589e-05,-0.14396497091023627,-0.0366028459795732,0.12255323306634053,0.026795366676087163,0.045471130699783424,0.0002561307865158805
0.0951,-3.4880432070898345e-05,1.672127706250897e-05,-0.12819645181654532,-0.04549621098904181,0.09717691750707286,0.041398104287188174,0.03907837615978188,0.0002578195624314889
0.09515,-4.082848262716666e-05,1.4247352171892213e-05,-0.10922969274586432,-0.05325453834005616,0.07054927217118656,0.05672091707625024,0.03237038911614938,0.0002577731350074783
0.0952,-4.575794583314841e-05,1.1417984901296359e-05,-0.08753787561676149,-0.05968427357891398,0.04531094571272759,0.071244250252853,0.02601239687291916,0.0002559961083255277
0.09525,-4.9545841638932146e-05,8.303762194628743e-06,-0.06366216702287505,-0.06462500792904483,0.02396480884082073,0.08352783299658215,0.0206349179695842,0.000252664709195221
0.09530000000000001,-5.209766977144482e-05,4.982377556847602e-06,-0.038198217187988374,-0.06795348014822065,0.008627746001462813,0.09235350928509238,0.01677123398544532,0.0002481093106514617
0.09535,-5.3349767316321064e-05,1.5366927591208006e-06,-0.011781299715094581,-0.06958665163568277,0.0008207251383867209,0.09684604171731742,0.01480450430355139,0.00024278166899193823
0.0954,-5.327089700022321e-05,-1.9473293899007837e-06,0.01492953719529623,-0.06948377810445898,0.0013179641541180382,0.09655990839339386,0.014929768420740546,0.00023721012355965558
0.09545000000000001,-5.186302646578993e-05,-5.382769644342393e-06,0.041267912642427226,-0.0676474260265957,0.010070152152215317,0.09152348496047473,0.01713460397179722,0.00023194720134491002
0.0955,-4.91612792192448e-05,-8.683920777273988e-06,0.0665767378995723,-0.06412340865557357,0.026209339575081664,0.08223623075219375,0.021200358671525758,0.0002275148235218893
0.09555000000000001,-4.5233058328844696e-05,-1.1768425799769951e-05,0.0902246093769426,-0.058999643017123744,0.048135012257513626,0.06961915752296077,0.02672383390288787,0.00022435254642524455
0.0956,-4.017636490472314e-05,-1.4559332605805486e-05,0.11162156095671935,-0.05240395663572219,0.07367281355962417,0.05492349342157304,0.03315726975406518,0.0002227739714868511
0.09565,-3.4117353116560486e-05,-1.698701375775779e-05,0.1302337822842815,-0.04450089840661364,0.10029017401301712,0.03960659917991497,0.03986266597312652,0.00022293564494189208
0.09570000000000001,-2.7207182960130016e-05,-1.8990903569297006e-05,0.1455969364677943,-0.035487633538019425,0.12534746495161367,0.025187442682575223,0.04617505222000015,0.00022482153395669477
0.09575,-1.961824907473107e-05,-2.0521009068702395e-05,0.1573277440737,-0.025589024582717775,0.14635976882096904,0.013095963581898691,0.0514684326479241,0.00022824461580402312
0.09580000000000001,-1.1539879884579831e-05,-2.1539157253467502e-05,0.16513354545136635,-0.015052021660580778,0.16124330728644387,0.004531267121411858,0.05521786573488874,0.0002328654256044837
0.09585,-3.1736142195305344e-06,-2.201994739320774e-05,0.1688196016991243,-0.0041395014897808655,0.16852208810646932,0.0003427094516779601,0.05705152225345363,0.00023822572006336717
0.0959,5.27182666079756e-06,-2.1951384764561873e-05,0.16829395330249924,0.006876290802414385,0.1674742787338803,0.0009456675039873733,0.0567875595619657,0.0002437939220179368
0.09595000000000001,1.3585746229253083e-05,-2.133517985492732e-05,0.1635697140408896,0.017720533669935666,0.15820378976321287,0.006280346270946473,0.054452154643478766,0.00024901783582187095
0.096,2.1560729161597116e-05,-2.0186705729929424e-05,0.15476474410823424,0.0281226853757795,0.14162997044926823,0.015817708654901643,0.05027690833600969,0.0002533794091111347
0.09605000000000001,2.8997815882315813e-05,-1.8534614462101876e-05,0.14209870945315833,0.037823233438529794,0.11939643708527696,0.028611939754910366,0.04467587741974278,0.0002564461068220434
0.0961,3.5711466277810576e-05,-1.642012237732119e-05,0.1258876019060371,0.04658016899450139,0.09370807680552182,0.04339424287112617,0.038204513057974676,0.0002579138067154786
0.09615,4.15341884274488e-05,-1.3895981720401778e-05,0.10653585542146528,0.05417502432790849,0.06711238982192289,0.05869866521858953,0.031504576763555135,0.0002576369573593527
0.09620000000000001,4.632071733417051e-05,-1.1025164670304087e-05,0.0845262566832214,0.06041832333445362,0.042246855573553475,0.07300747589093165,0.02524049752139541,0.000255643014274005
0.09625,4.9951638819915386e-05,-7.879292241276086e-06,0.06040790021325715,0.06515430838859305,0.021577375125745243,0.08490167803191775,0.020033480521137327,0.00025212971523604826
0.09630000000000001,5.233636883995747e-05,-4.536847544507283e-06,0.034782489839771384,0.06826482637133091,0.007153729300246818,0.09320173039015914,0.01639990275743147,0.0002474454725724758
0.09635,5.341541320604945e-05,-1.0812177501187338e-06,0.008289327262652794,0.0696722761561627,0.0004063029783195401,0.09708452129561194,0.01470010408727651,0.00024205481968581029
0.0964,5.316185199347614e-05,2.4013862228351006e-06,-0.018410637161300994,0.06934154478418274,0.0020042346639116875,0.0961649966611364,0.015102652620540615,0.00023649234492794229
0.09645000000000001,5.158201100681011e-05,5.824080510547906e-06,-0.044651293766915186,0.06728088328791969,0.011789058381770889,0.09053434512005341,0.01756762783812673,0.00023130967557559364
0.0965,4.8715304079023304e-05,9.101475872067805e-06,-0.06977799172966695,0.063541701003813,0.028790418670090558,0.0807509553291594,0.02185057955902485,0.00022702077430243936
0.09655000000000001,4.4633249676454036e-05,1.2151807975880669e-05,-0.09316387114978192,0.05821728286820205,0.05132230015713253,0.06778504049112503,0.02752676984889509,0.00022405096886028974
0.0966,3.943768674776605e-05,1.4898977261522833e-05,-0.11422550209013516,0.05144046228493747,0.07715022882090773,0.052922423201761486,0.034033294135751166,0.00022269477343236287
0.09665,3.325823397330982e-05,1.7274447454766508e-05,-0.13243743977509356,0.0433803070789827,0.10371286343546486,0.03763702084533673,0.04072490403516358,0.0002230866810223197
0.09670000000000001,2.6249056099485018e-05,1.921895542182538e-05,-0.1473453335325112,0.034237901693200366,0.12837600243596645,0.023444678247065052,0.0469379963646737,0.0002251878264897039
0.09675,1.858501781306303e-05,2.0683989653904797e-05,-0.15857726181110954,0.024241330489759426,0.148693816146748,0.0117528420782748,0.05205642223875958,0.0002287898404168097
0.09680000000000001,1.045732123449563e-05,2.1633000534362e-05,-0.16585301090424176,0.013639987528795427,0.1626513983650665,0.0037209851957138956,0.05557259023136216,0.00023353551311869848
0.09685,2.0687358130672277e-06,2.204231217877068e-05,-0.1689910657226753,0.0026983546950161974,0.16886458349507388,0.00014562236120231912,0.057137803942351476,0.0002389542189552942
0.0969,-6.371460356961075e-06,2.190171309378723e-05,-0.1679131381780351,-0.008310596592504077,0.16671721342886675,0.0013813203144668075,0.05659684199276185,0.000244508587882914
0.09695000000000001,-1.4652701600026168e-05,2.1214710941956944e-05,-0.16264612037681553,-0.01911221545382113,0.15642224166508265,0.007305535591065584,0.05400335128591897,0.0002496477963244509
0.097,-2.256838783853544e-05,1.9998445023173237e-05,-0.15332141364987834,-0.029437023530715117,0.1390006147654213,0.01733076708695751,0.04961452683023782,0.0002538621918395691
0.09705000000000001,-2.9921038852950537e-05,1.8283258694222996e-05,-0.14017165042366359,-0.0390274379250887,0.11618002571940413,0.030462818219933033,0.04386560589797745,0.00025673383528766703
0.0971,-3.652722098769053e-05,1.611194234881343e-05,-0.12352489042677899,-0.0476441973498901,0.09022357952229089,0.0453993908223055,0.03732670573324133,0.0002579779472728718
0.09715,-4.2222123490422556e-05,1.3538665908194717e-05,-0.10379643639813718,-0.05507233124894208,0.06370536242687862,0.06065923338386404,0.030646285425484678,0.000257471150128728
0.09720000000000001,-4.686367013938789e-05,1.0627627362892752e-05,-0.08147847298444388,-0.06112652281023792,0.039255171141374605,0.07472903581741074,0.024486838492365114,0.00025526370244864454
0.09725,-5.0336063835839156e-05,7.451451193157313e-06,-0.057127787866127405,-0.06565573232889362,0.01929771745232191,0.08621350375286652,0.019459193855884484,0.0002515745158323784
0.09730000000000001,-5.2552675416103195e-05,4.089376510573915e-06,-0.03135188094959828,-0.06854696523654728,0.005812170859977667,0.09397372886280843,0.016061940207576834,0.00024676944465741634
0.09735,-5.345820496499211e-05,6.25280224059208e-07,-0.00479380852920934,-0.06972809119879539,0.00013588547412383563,0.09724013404455055,0.014631981307112022,0.00024132500537624223
0.0974,-5.303006134333838e-05,-2.8544155321200993e-06,0.021883859655373088,-0.06916964350019197,0.00283177534778958,0.095688791638873,0.015311125372663081,0.00023578111980355543
0.09745000000000001,-5.127892588138955e-05,-6.262899446083904e-06,0.04801557022524288,-0.06688555430155244,0.013632490608928514,0.0894735474845184,0.01803202209078822,0.00023068757218773682
0.0975,-4.824848581613731e-05,-9.51513679590402e-06,0.07294939028084696,-0.06293280693981262,0.03146693038600607,0.07921076378647457,0.022524841652665842,0.00022654948663989992
0.09755,-4.4014344460927754e-05,-1.2529990895990303e-05,0.09606327191381735,-0.05741001442520713,0.054566463310375145,0.06591819512604982,0.028344033690483487,0.00022377723498805536
0.0976,-3.868213498228872e-05,-1.5232247279919003e-05,0.11678057085600763,-0.050454959127425314,0.08064032162040898,0.05091405801100318,0.034912512160560516,0.00022264573964874668
0.09765,-3.2384885154975304e-05,-1.755449017247382e-05,0.13458443286394356,-0.0422411555371727,0.10710277547645075,0.03568630442231231,0.04157888480196551,0.00022326721075253787
0.09770000000000001,-2.527969849069762e-05,-1.9438784337756726e-05,0.14903068777599793,-0.03297352125145826,0.13132955807894484,0.021745062074407392,0.047682051109135065,0.00022558001701283056
0.09775,-1.7543834919395937e-05,-2.083812049410212e-05,0.15975893112895945,-0.02288326488124838,0.15091811308620437,0.010472876232507509,0.05261676358581134,0.0002293547991246328
0.0978,-9.370288444184147e-06,-2.171758804266463e-05,0.1665015150010081,-0.012222117708412437,0.1639258543607855,0.0029876032255657776,0.05589364947909672,0.0002342172137233449
0.09785,-9.629723794666387e-07,-2.2055246077765574e-05,0.16909022580197444,-0.0012560536298582056,0.1690628116084796,3.155341442159948e-05,0.05718774193568865,0.00023968505824789832
0.0979,7.468367887858376e-06,-2.1842670703798644e-05,0.16746048035596717,0.009741346437164584,0.1658195555406435,0.0018978766081771828,0.0563707064533291,0.0002452160893148143
0.09795000000000001,1.5713387625606455e-05,-2.1085165257661663e-05,0.16165293759059984,0.020495719789516476,0.1545177181438206,0.008401490593807546,0.05352356805241187,0.0002502617980103954
0.098,2.3566390397415e-05,-1.9801627939396016e-05,0.1518124837466182,0.030738766744317896,0.1362780961987899,0.018897435619231677,0.04892867578551919,0.0002543218039343288
0.09805,3.08314598227018e-05,-1.802408040194367e-05,0.13818461816455235,0.04021494418576537,0.11290950287341643,0.032344834717284485,0.043041702602158935,0.0002569934789312462
0.0981,3.732734721365712e-05,-1.5796868814451368e-05,0.12110932819731637,0.048687840793973515,0.0867293883927434,0.047410116823586236,0.036446456276348516,0.0002580118741440638
0.09815,4.28919934631725e-05,-1.3175557578474948e-05,0.10101260757674774,0.055946075112393856,0.06033402009883152,0.0625992664096323,0.029796983740352914,0.0002572759963122483
0.09820000000000001,4.7386571966709384e-05,-1.022554304894277e-05,0.07839582841896788,0.06180856896659713,0.03634101182944261,0.07640598395397187,0.023752709420088284,0.00025485882169099775
0.09825,5.0698952183372197e-05,-7.020422078841692e-06,0.05382323325823729,0.06612906512033649,0.017129736791764865,0.08746106507379409,0.018913040637810356,0.00025100006041462087
0.0983,5.274649696372424e-05,-3.6401558935547976e-06,0.027907858199802196,0.06879977598339955,0.00460536636355825,0.09466818350731923,0.015757924624698418,0.00024608238351387404
0.09835,5.347812425540764e-05,-1.6907524172783092e-07,0.0012962389873349706,0.06975407278426189,9.935351380089544e-06,0.09731261339984211,0.01460025248100089,0.00024059347440472264
0.0984,5.287558143849517e-05,3.306223495912202e-06,-0.025347718764578177,0.06896814774921288,0.003799170083256003,0.09513210807914516,0.015554829905008071,0.00023507766505733422
0.09845000000000001,5.095390073380513e-05,6.6990387045377765e-06,-0.051359302669439444,0.06646160811464212,0.015597294286708566,0.08834290706368526,0.018526992000934966,0.00023008195528847033
0.0985,4.776102414903075e-05,9.924726565321547e-06,-0.07608957676643177,0.06229698692374029,0.034234294608163025,0.07761829159553338,0.023221991124319434,0.0002261017668189477
0.09855,4.337660744101698e-05,1.2902812745808413e-05,-0.09892157116497315,0.05657818297970512,0.05786195018189742,0.06402181578569989,0.029174226851348677,0.0002235318127376825
0.09860000000000001,3.7910032864489546e-05,1.5559000071381545e-05,-0.11928567419199015,0.04944786878001738,0.08413711966522164,0.04890183453771636,0.035793419315532704,0.00022262695401414423
0.09865,3.149768029587413e-05,1.7827022083274453e-05,-0.1366738429873084,0.04108393110577511,0.11045410921476963,0.03375778790208151,0.04242314689915108,0.0002234769249114882
0.09870000000000001,2.4299524857289993e-05,1.965029626296022e-05,-0.15065227825272903,0.03169503315567011,0.1342030777662923,0.020091502534780557,0.04840594326569247,0.0002259974344448009
0.09875,1.649514583643796e-05,2.098333563241731e-05,-0.1608722464887554,0.02151540876664354,0.15302885337885044,0.009258256287915234,0.05314849782386503,0.0002299385249731708
0.0988,8.279246571665429e-06,2.179288358524367e-05,-0.16707878039116575,0.010799018813747861,0.16506449448955465,0.0023323761467936056,0.056180494136017826,0.00023490936093504208
0.09885000000000001,-1.432030112382139e-07,2.205874354340939e-05,-0.16911703953988405,-0.00018678464164225935,0.16911643326023684,6.977700470685449e-07,0.057201250790976474,0.00024041698717850124
0.0989,-8.562079979822116e-06,2.1774282850419734e-05,-0.16693617357848156,-0.011167928208926972,0.16478284124433676,0.0024944524095949364,0.05610953995948909,0.00024591521566977206
0.09895000000000001,-1.6767350523204372e-05,2.094659821272357e-05,-0.1605905906122062,-0.02187045475590052,0.1524934782826314,0.009566335824597833,0.0530136259600441,0.00025085879004456163
0.099,-2.455430988945816e-05,1.9596338681424106e-05,-0.15023860003900188,-0.03202735808196817,0.13346707365574748,0.020515033314212235,0.04822052888049019,0.0002547574589969491
0.09905,-3.172868930989529e-05,1.7757190465620106e-05,-0.13613846283613742,-0.04138524415344612,0.10959046518385504,0.034254768672806926,0.042205577427693784,0.00025722459347183907
0.09910000000000001,-3.811150267711785e-05,1.547503657452894e-05,-0.11864194873248442,-0.04971065282209106,0.08323148280398458,0.049422980079969404,0.03556527101007833,0.000258015529457907
0.09915,-4.354351178784202e-05,1.2806812078918306e-05,-0.09818555999428562,-0.056795882093106945,0.05700413197479109,0.06451544445468212,0.028958125050985238,0.00025705182994352515
0.09920000000000001,-4.7889199133642994e-05,9.819083750759556e-06,-0.07527964184906469,-0.06246416998957961,0.03350936441677008,0.07803545064974196,0.0230393665513082,0.0002544290648939749
0.09925,-5.1040148637743883e-05,6.586389304441466e-06,-0.050495650177099234,-0.06657410424182093,0.015077143035958956,0.0886422271120168,0.018395955440418485,0.0002504073320440845
0.0993,-5.291775058020544e-05,3.1893778818362397e-06,-0.02445189503578647,-0.06902315042532595,0.0035353809113869753,0.09528390589274348,0.015488376225593759,0.0002453854648127381
0.09935000000000001,-5.347516257969423e-05,-2.87202018682672e-07,0.0022018850197108933,-0.06975020977814093,2.866812653145959e-05,0.09730183528189335,0.014604971887564055,0.00023986147859014057
0.0994,-5.269847838274052e-05,-3.7566168163854307e-06,0.028800732565652357,-0.06873714370474611,0.004904763431905075,0.09449589849373835,0.015833349166697208,0.00023438318436966633
0.09945000000000001,-5.060707463867465e-05,-7.132311690495748e-06,0.054681060586505334,-0.06600922608507533,0.01768010719362532,0.08714435856701178,0.019051690558781902,0.0002294938612131539
0.0995,-4.725312763528521e-05,-1.033006994107372e-05,0.0791972077391702,-0.06163451294513856,0.03708777575347571,0.07597626371968906,0.02394083498531592,0.000225678380874562
0.09955,-4.272031147554325e-05,-1.3270114017939069e-05,0.10173754609277208,-0.05572214440208324,0.06120312147597834,0.062099147535332334,0.030015928700257696,0.00022331512209493404
0.09960000000000001,-3.712171070939831e-05,-1.5879095826684442e-05,0.12173974028747092,-0.048419622047484796,0.08763463910574308,0.046889195984425515,0.03667450812818557,0.00022263844832631327
0.09965,-3.0596998974894305e-05,-1.8091926583320826e-05,0.13870477627585132,-0.0399091288653824,0.11376112979480528,0.03185477133587397,0.04325624562384903,0.00022371546458537116
0.09970000000000001,-2.330895453704023e-05,-1.98534006835046e-05,0.1522094111086805,-0.030402984335161806,0.13699164417878262,0.018486829129681883,0.0491084340295549,0.00022643936407558076
0.09975,-1.5439399225973934e-05,-2.1119572932495407e-05,0.16191673161652642,-0.020138347347282037,0.15502242510605543,0.008111060677595629,0.05365071505639584,0.00023054001900974484
0.0998,-7.184662397274799e-06,-2.1858854922691196e-05,0.16758456001580957,-0.009371299669875603,0.16606537019563158,0.0017564251500522116,0.056432633283892794,0.00023561076992705034
0.09985000000000001,1.2493171062262375e-06,-2.2052803069524046e-05,0.1690714954975908,0.0016295428290708514,0.16902535672452973,5.3108196635524677e-05,0.05717830740907905,0.00024114875318109733
0.0999,9.65212870270208e-06,-2.1696578767647327e-05,0.16634044209403717,0.012589731566108892,0.16360884452605778,0.0031700268181335733,0.0558137893747995,0.0002466047702108089
0.09995000000000001,1.781413938138354e-05,-2.079906908110347e-05,0.15945953397826446,0.023235832189898865,0.15035298604157418,0.010798077951142805,0.05247439764580197,0.00025143775077483534
0.1,2.5531723631244888e-05,-1.9382665050399532e-05,0.14860043580082152,0.03330224620873506,0.13057235735408182,0.02218079205094417,0.04749129784802978,0.00025516841102151674
0.10005,3.261234346346133e-05,-1.748270306214206e-05,0.13403405988061656,0.04253783712276317,0.10622859229647236,0.03618935174165457,0.0413586611774096,0.00025742678338711586
0.10010000000000001,3.887935186261457e-05,-1.5146583294911184e-05,0.11612380759653117,0.05071219578237197,0.0797358484162132,0.0514345360213925,0.034684657784641255,0.00025798890643724884
0.10015,4.417639975202157e-05,-1.2432587170020812e-05,0.09531650319713983,0.05762138861173342,0.05372139626656194,0.06640448851088805,0.028131144840093943,0.0002567990347355954
0.10020000000000001,4.8371336586821845e-05,-9.408423352692989e-06,0.07213124647350139,0.06309304533657652,0.030765074483402145,0.079614647396866,0.022348030545171912,0.00025397516715426047
0.10025,5.135950726072058e-05,-6.14953856383092e-06,0.04714646229070662,0.06699065929449843,0.013143448636783388,0.08975496865423138,0.01790882311119275,0.0002497973451764586
0.1003,5.306636299717641e-05,-2.7372353282964912e-06,0.0209854700397121,0.06921699295007001,0.0026040454856384866,0.09581984226100085,0.015253756244725436,0.00024467988095621665
0.10035000000000001,5.3449321242044605e-05,7.43356346935266e-07,-0.005699066893904325,0.06971650383866146,0.00019205173797344125,0.09720781814972196,0.014646131449380685,0.00023913027070354074
0.1004,5.2498827952599226e-05,4.205402800728648e-06,-0.032241423740928705,0.06847673016060056,0.006146663467080235,0.09378125146975405,0.01614620653014735,0.00023369886603656715
0.10045000000000001,5.0238596011293e-05,7.562533036238278e-06,-0.057979422861507646,0.06552860176004349,0.01987736517479815,0.0858799529725275,0.019605219896586153,0.00022892429646052272
0.1005,4.6725013580157544e-05,1.0730993501208497e-05,-0.08227095365959264,0.060945668405161135,0.040022490869479115,0.07428748994703713,0.024680143124173246,0.00022528005325188073
0.10055,4.204573738620982e-05,1.3631737572887296e-05,-0.10450999203222998,0.05484226495593766,0.06458425975155446,0.06015348050994535,0.030867698945645353,0.0002231275341308253
0.10060000000000001,3.6317505808446456e-05,1.6192397598721142e-05,-0.12414171928253309,0.04737065884924774,0.09112689494255563,0.04487958639623626,0.03755427089228194,0.00022268020303541777
0.10065,2.9683226553117575e-05,1.8349090341018313e-05,-0.14067636393129626,0.03871725144313797,0.11701817823889875,0.02998051118622339,0.04407675541579453,0.0002239824217663283
0.10070000000000001,2.2308411342543473e-05,2.0048010706870234e-05,-0.15370142024974803,0.029097927575821535,0.13969048553562657,0.016933787784155108,0.04978832134120258,0.00022690504982588196
0.10075,1.437704677880952e-05,2.1246774108158078e-05,-0.16289193973489327,0.018752669775552188,0.15689541689959408,0.00703325247421817,0.05412255593232493,0.00023115825206697902
0.1008,6.087004223440453e-06,2.1915473832242827e-05,-0.16801863758636912,0.007939571104047829,0.16692676885364383,0.001260735786324625,0.05664963552070799,0.00023632024058760934
0.10085000000000001,-2.354896674081951e-06,2.2037427196411224e-05,-0.1689536132378213,-0.0030716036735439992,0.16878973793132743,0.00018869498254657984,0.0571189510996126,0.00024187910413506767
0.1009,-1.0738047703862451e-05,2.1609591700801985e-05,-0.1656735408677497,-0.014006148214149024,0.16229957444983786,0.003923443755934198,0.055483960850706,0.0002472835730994889
0.10095,-1.8853306358249903e-05,2.0642640979705646e-05,-0.15826025166800176,-0.024591267937806263,0.1480999043578877,0.012094609175779567,0.05190680589240544,0.0002519976895791992
0.101,-2.6498213472982356e-05,1.9160698466826175e-05,-0.14689869199224465,-0.03456288569059653,0.1275989008955838,0.023891861345224853,0.04674223061984845,0.00025555395699897914
0.10105,-3.348204423534518e-05,1.7200735621232553e-05,-0.131872309674397,-0.04367222996877619,0.10282963716889193,0.038145273408913466,0.04050240312905714,0.0002575997026982438
0.10110000000000001,-3.963056628135773e-05,1.4811649499158538e-05,-0.11355598219751642,-0.05169204118420262,0.07624846709408892,0.05344134243578599,0.03380612355105323,0.0002579320507916382
0.10115,-4.479038657131463e-05,1.205304294448056e-05,-0.09240666466068785,-0.05842224144885928,0.050491430473929316,0.06826316591817623,0.02731745823515207,0.00025651804301430036
0.1012,-4.883277807064553e-05,8.993737546653268e-06,-0.06895198931552451,-0.06369492594686715,0.028112838143777102,0.08114087182753782,0.021679884435267083,0.00025349790525686544
0.10125,-5.16568913982359e-05,5.71005674625277e-06,-0.0437771025070157,-0.06737855200203594,0.011331962584704276,0.09079738539782123,0.017452477217492705,0.0002491711433062145
0.1013,-5.319227065071172e-05,2.2839216725665313e-06,-0.01751006628347733,-0.06938122061250197,0.0018129538126932254,0.09627507547361337,0.015054466163545544,0.0002439668393853448
0.10135000000000001,-5.340061127943396e-05,-1.1991925885715546e-06,0.009193810385641644,-0.06965296932208638,0.0004998065970902788,0.09703072270767013,0.014723660704964784,0.0002384011017002307
0.1014,-5.227671558250609e-05,-4.652389444023688e-06,0.03566832024049306,-0.06818701851588921,0.007522745014192769,0.09298938988172437,0.01649286661981539,0.00023302588110009305
0.10145,-4.984862248830674e-05,-7.989518676099116e-06,0.061252978292317586,-0.06501994070930463,0.02218530820679405,0.08455185379682978,0.020186632768882728,0.00022837423542895432
0.1015,-4.6176907945103846e-05,-1.1127325716527938e-05,0.08530949948214808,-0.06023074800078293,0.043033417996888534,0.07255486009467634,0.025438650417990698,0.00022490746559687344
0.10155,-4.135317375794829e-05,-1.3987528683185758e-05,0.10723772272215144,-0.05393892100645229,0.06799957904585388,0.058188143986806,0.03172807994728697,0.00022296936942084732
0.10160000000000001,-3.5497762241318664e-05,-1.6498771343745177e-05,0.12649058354128662,-0.046301427953245114,0.09460791114462755,0.04287644461019097,0.03843120214075906,0.0002227521466891614
0.10165,-2.8756753972122238e-05,-1.8598403317809025e-05,0.1425877623533725,-0.037508808720635535,0.12021968092752092,0.028138214632824485,0.04488327214080734,0.00022427733933052174
0.1017,-2.129832335402229e-05,-2.0234043070442086e-05,0.1551276673842842,-0.02778042122080774,0.14229498354569733,0.0154350360641101,0.05044444178579475,0.000227393694855671
0.10175000000000001,-1.3308543014619794e-05,-2.136488472451051e-05,0.16379745357046693,-0.01735896887317741,0.15864462360247397,0.006026676006798845,0.054563212993358375,0.00023179216601046257
0.1018,-4.986741674836793e-06,-2.196271609008232e-05,0.16838082745465263,-0.006504445658723618,0.1676472164801889,0.0008461562665457705,0.05683112954860887,0.00023703655894895403
0.10185000000000001,3.45946869825234e-06,-2.2012622490211997e-05,0.16876344318046274,0.004512350214321319,0.16840998006354121,0.0004072260891337131,0.05702328342162061,0.00024260679009980177
0.1019,1.1819372387868823e-05,-2.151335886553855e-05,0.1649357552925106,0.015416572160751128,0.1608572715412955,0.004753413943752934,0.05512061883938481,0.00024795046285101753
0.10195,1.9884406848697904e-05,-2.047738082117639e-05,0.15699325677013393,0.025936182086741064,0.14573808875920374,0.013453710824731763,0.05131182196629617,0.00025253764810846354
0.10200000000000001,2.745336593000883e-05,-1.8930533900546244e-05,0.14513409677740655,0.035808737187815555,0.12455179262361586,0.025645313179720894,0.04597460907174535,0.0002559134373984629
0.10205,3.4337419530224376e-05,-1.691140877050402e-05,0.12965413711658377,0.044787937342379645,0.09939941620499862,0.0401191866276985,0.03963826853704659,0.00025774305541334937
0.10210000000000001,4.036482457410846e-05,-1.447037849326043e-05,0.1109395712505498,0.05264976984043992,0.07277530661128775,0.05543996528502594,0.03293117173126552,0.00025784506020149096
0.10215,4.538520957902274e-05,-1.166834178555304e-05,0.08945728937798378,0.05919809797450185,0.04731976183592359,0.0700882960759744,0.02651845765710882,0.0002562093357651373
0.1022,4.9273326205287595e-05,-8.57520375486343e-06,0.06574323063742663,0.06426955434295893,0.025557194002969116,0.08261151230885103,0.021036071595619394,0.0002529980962386005
0.10225000000000001,5.193217384851112e-05,-5.268131878753904e-06,0.040389012399485794,0.06773761642258294,0.00964578475594897,0.09176769357225957,0.017027698681050567,0.0002485297982040863
0.1023,5.3295419712386743e-05,-1.829630859337569e-06,0.014027170692153007,0.06951576317440947,0.0011634596343580233,0.09664882659441167,0.014890847024415342,0.00024324756054233497
0.10235000000000001,5.332905356408762e-05,1.6545157210224605e-06,-0.012684620306566384,0.0695596334246068,0.0009514060664918917,0.09677085204331352,0.014837426991140542,0.00023767521954524544
0.1024,5.203223633607072e-05,5.097385510905376e-06,-0.03907995592344678,0.06786813273883376,0.009030653289532065,0.09212166882911917,0.016872736234324958,0.0002323653814118846
0.10245,4.943732094623836e-05,8.413085932253667e-06,-0.06450032635126543,0.06448346056980435,0.024599986882642966,0.08316233374115024,0.020794934260012027,0.00022784461958298078
0.10250000000000001,4.5609045262950265e-05,1.1518897025542291e-05,-0.0883115452489193,0.059490057618667914,0.04611540477912823,0.07078133910944856,0.026215058914921124,0.00022456125571185444
0.10255,4.064291692712117e-05,1.4337335133557053e-05,-0.10991957120277272,0.0530124990562781,0.07144323501111328,0.056206501123837724,0.0325955994353785,0.00022284089886051388
0.10260000000000001,3.4662830743506546e-05,1.679808598497828e-05,-0.1287853281610682,0.04521238681332757,0.09807173092414989,0.04088319842715914,0.03930380126318192,0.0002228541562662245
0.10265,2.781797763203992e-05,1.883975885300227e-05,-0.14443815384283468,0.036284317720891114,0.12336015941807603,0.02633103424941146,0.04567441570846447,0.0002245997127865754
0.1027,2.0279122736054427e-05,2.0411418178643197e-05,-0.15648754231226947,0.02645102893538323,0.14480068132253093,0.013993138634809617,0.05107567259309009,0.00022790446296018187
0.10275000000000001,1.2234345091617283e-05,2.147385425250113e-05,-0.1646328857773999,0.01595784091694832,0.16026705198835978,0.0050930537346126,0.054971932218980696,0.0002324406762113542
0.1028,3.884345495827691e-06,2.2000561476527394e-05,-0.16867097465484004,0.005066537324708822,0.16822548021813077,0.0005133960092533525,0.05697680478341539,0.0002377584991513106
0.10285000000000001,-4.5625605957137655e-06,2.1978399565146705e-05,-0.16850106675440013,-0.005951166049041376,0.16788673304023247,0.0007083275468652548,0.056891468126771406,0.00024333056596533362
0.1029,-1.2895640112902389e-05,2.140792142632412e-05,-0.16412740102922582,-0.016820399974567593,0.15928440391729942,0.00565851710608867,0.054724385103129936,0.0002486042982006321
0.10295,-2.090699971213052e-05,2.0303359312770488e-05,-0.1556590914297974,-0.0272699992372374,0.14327158092201286,0.014873057167978567,0.05069046406469683,0.00025305670253025173
0.10300000000000001,-2.8396772327454937e-05,1.8692269807468447e-05,-0.14330740507904674,-0.037039267658906326,0.12143624680212772,0.027438146974162084,0.0451897467471043,0.0002562462367711952
0.10305,-3.517810339159319e-05,1.6614846294192223e-05,-0.12738049128064763,-0.04588448190479888,0.09594379933831301,0.04210771359343632,0.03876773615681374,0.0002578565963169135
0.10310000000000001,-4.1081812556383535e-05,1.4122916266004956e-05,-0.10827569412040244,-0.05358497194910769,0.06932231031448195,0.05742698437573316,0.03206129953086988,0.00025772808307585277
0.10315,-4.596061429423297e-05,1.1278648281028041e-05,-0.086469639249826,-0.05994862624574245,0.044211817826995965,0.07187675577503441,0.02573551039024526,0.0002558734413145756
0.1032,-4.969279247485197e-05,8.153001030513517e-06,-0.06250634328619721,-0.06481668462324826,0.02310251536009198,0.08402405211099254,0.020417693718672743,0.00025247659504340015
0.10325000000000001,-5.2185236851799325e-05,4.823953033052174e-06,-0.036983641564089016,-0.06806769893800596,0.008087800598698063,0.09266423277430035,0.01663521440282708,0.0002478744074667904
0.1033,-5.337576603151793e-05,1.3745572469174812e-06,-0.010538273429641996,-0.06962056302545874,0.0006566743914890393,0.09694045591963746,0.014763178801701414,0.00024252327504006852
0.10335000000000001,-5.32346787341111e-05,-2.109130940416149e-06,0.016170003130631654,-0.0694365360864091,0.0015460773593660982,0.09642865087358385,0.014987235633526852,0.00023695386652307986
0.1034,-5.176549480286288e-05,-5.540200615066188e-06,0.042474871103159034,-0.06752020922118944,0.010667807909906938,0.0911795730654639,0.017285165310279536,0.00023171849707132584
0.10345,-4.900486737880311e-05,-8.833053587907368e-06,0.06772007769389052,-0.06391939087399577,0.02711726913976059,0.08171377059405308,0.021429083434841095,0.00022733635533805913
0.10350000000000001,-4.5021668482860004e-05,-1.190553989433437e-05,0.09127580649518738,-0.05872391411397561,0.04926317720019097,0.06896996177731167,0.027008039969290534,0.00022424201585426933
0.10355,-3.991527080594918e-05,-1.4681007269749722e-05,0.11255439014088028,-0.05206339549447962,0.07490933481320942,0.05421194300829202,0.03346877293121478,0.00022274234258908742
0.10360000000000001,-3.3813068545174795e-05,-1.7090213462004397e-05,0.13102497134617122,-0.04410400135305051,0.10151242688684532,0.03890325870699762,0.040170575038579626,0.00022298605720512746
0.10365,-2.6867299206950136e-05,-1.907305369565922e-05,0.14622674683457954,-0.03504430235331288,0.12643423972702908,0.02456206254860821,0.04644883236193966,0.00022494899080238137
0.1037,-1.9251245559921304e-05,-2.0580060145519302e-05,0.15778046326456927,-0.025110319487220832,0.14720329108203595,0.012610562895006044,0.05168093361021509,0.00022843648020972923
0.10375000000000001,-1.115491261009144e-05,-2.1573636081906603e-05,0.16539787904053702,-0.01454988537570453,0.16175992582516074,0.004233983288922811,0.05534801427555465,0.00023310267322603737
0.1038,-2.780287346821004e-06,-2.2028993804097968e-05,0.16888895511792862,-0.0036264612971643713,0.16866057059344808,0.0002630244307966219,0.05708641198627091,0.00023848482594790606
0.10385000000000001,5.663700415776642e-06,-2.1934773073486568e-05,0.16816659632775605,0.007387435595847232,0.16722089236908538,0.001091484093655815,0.05672373085497328,0.0002440491934722542
0.1039,1.3966390404300186e-05,-2.1293324497298207e-05,0.1632488239958075,0.018217031044970765,0.15758366318352,0.006637204401868572,0.054295937732308557,0.0002492439604420134
0.10395,2.1920647449679312e-05,-2.0120650917075056e-05,0.1542583265624321,0.028592148739621612,0.1407046017026529,0.016350219390972913,0.05004379553632983,0.00025355396490839245
0.10400000000000001,2.932802905009738e-05,-1.844600813528551e-05,0.14141939853255409,0.038253950646994724,0.11825759493157223,0.029267294802054162,0.04438898678292685,0.0002565517859081486
0.10405,3.600373616681721e-05,-1.6311175085463428e-05,0.12505234503960647,0.04696139453681301,0.09246870000798332,0.04410745153684421,0.03789229573033621,0.0002579401315080617
0.1041,4.178122349675634e-05,-1.376941148348821e-05,0.10556549060999404,0.0544972474181918,0.0658953871306028,0.059398999523192254,0.03119799554393632,0.0002575813199082415
0.10415,4.6516354555619734e-05,-1.0884129161079973e-05,0.08344499257899504,0.06067350517476791,0.04117291688689121,0.07362548460385177,0.024969956263594842,0.00025551093467976536
0.1042,5.009099744049366e-05,-7.727310012134218e-06,0.05924271218887779,0.06533608272658331,0.020753002757123117,0.08537607412109877,0.019825809013153235,0.00025193429432603196
0.10425000000000001,5.2415972147639365e-05,-4.3777102456500955e-06,0.03356244699714775,0.06836865832720389,0.006660676194175295,0.09348546882923892,0.01627569602125854,0.00024720609269361855
0.1043,5.3433275257761755e-05,-9.188955343865502e-07,0.00704486721908007,0.06969557534670057,0.0002934653168615218,0.09714946445815233,0.014671679976991786,0.00024179522249025918
0.10435,5.3117527174191284e-05,2.562843745486972e-06,-0.019648467633542947,0.0692837299654857,0.002282802859808366,0.09600470475860681,0.01517283027448379,0.00023623827705086863
0.1044,5.1476605130305876e-05,5.980645303819375e-06,-0.04585161328541174,0.06714339683348104,0.012431407331521507,0.09016471476676624,0.017729448096764827,0.00023108633520939884
0.10445,4.855144681662274e-05,9.249241964365398e-06,-0.07091085474754565,0.06332797294372021,0.029732847325515795,0.08020864314321119,0.02208799511353671,0.0002268503124581857
0.10450000000000001,4.4415028933201085e-05,1.228708890464703e-05,-0.09420101500236408,0.057932645287727735,0.05247134871208898,0.06712382780067365,0.027816236625052292,0.00022395029248141864
0.10455,3.917054670210015e-05,1.5018398047280162e-05,-0.11514105215275353,0.05109201633967045,0.07839194710077264,0.05220788267306305,0.03434610618264567,0.00022267386900179273
0.1046,3.2948839227669295e-05,1.737502879288427e-05,-0.13320855489728742,0.04297674578760342,0.10492411122641387,0.03694001356984576,0.04103004023112414,0.00022314762389055116
0.10465,2.590512543683677e-05,1.929818801948594e-05,-0.14795277597871417,0.03378929310964574,0.12943666130207307,0.02283432657699106,0.04720519682616382,0.00022532457539623592
0.1047,1.821513160948642e-05,2.073989682041126e-05,-0.15900587709525585,0.023758866486402734,0.14949870142788854,0.011289674734374219,0.05225918911181935,0.00022898883627696018
0.10475000000000001,1.0070707408830832e-05,2.1664187507594295e-05,-0.1660921059699624,0.013135704612390497,0.16312069037287166,0.0034509347132795397,0.055690815538066374,0.00023377702397210672
0.1048,1.6750396026470725e-06,2.2048000909237783e-05,-0.1690346756129541,0.002184833698966382,0.16895174309706346,9.546996584278245e-05,0.057159763614029656,0.00023921429649927862
0.10485,-6.762417024706441e-06,2.188176166734885e-05,-0.16776017494104345,-0.008820544361167615,0.16641359739629033,0.001556040056546516,0.05652035860098098,0.00024476144266724164
0.10490000000000001,-1.503116514118391e-05,2.1169617108619583e-05,-0.16230040012468647,-0.019605867836605256,0.15575795973607842,0.007687801072528649,0.053836009922145954,0.00024986835503990247
0.10495,-2.292491635213911e-05,1.992933378986246e-05,-0.15279156142722014,-0.029902064909317835,0.1380415437482594,0.01788266971682114,0.04937292294425914,0.00025402858404501884
0.10500000000000001,-3.0246737666385486e-05,1.8191854247749916e-05,-0.13947088496463655,-0.039452266465215144,0.11502127646335075,0.03112962658484679,0.04357369949336479,0.0002568295620694663
0.10505,-3.681396457777746e-05,1.6000525052003055e-05,-0.12267069443943766,-0.04801821445669997,0.0889800648823988,0.04611497839219261,0.037013445307336655,0.00025799351768754586
0.1051,-4.246275817737225e-05,1.3410015397867752e-05,-0.1028101203434314,-0.05538620596061909,0.0625004013663735,0.06135263621424236,0.03034273712219805,0.0002574050221356383
0.10515000000000001,-4.705219257649895e-05,1.0484953212354389e-05,-0.08038464346732327,-0.061372424606214886,0.038208259290591864,0.07533149004091061,0.024223105316873945,0.0002551224360656906
0.1052,-5.046777076579308e-05,7.298312834660663e-06,-0.055953733728768995,-0.06582752646839411,0.018512676776151236,0.08666526481894254,0.019261430359221343,0.00025137212242394693
0.10525000000000001,-5.262428101866104e-05,3.929594437388014e-06,-0.030126892477779804,-0.06864036582079475,0.005366853694714259,0.09422999640025055,0.015949758760772995,0.0002465259975392653
0.1053,-5.346792282310459e-05,4.62840675403811e-07,-0.0035484467170852074,-0.06974076808437556,7.445395229262927e-05,0.09727549465997312,0.014616507147203955,0.00024106464907819617
0.10535,-5.297764901829875e-05,-3.0154600187146313e-06,0.02311852554183447,-0.0691012804412803,0.0031603218636192944,0.09549973917248936,0.01539389332233031,0.0002355296757382618
0.10540000000000001,-5.116569095294098e-05,-6.418531137943799e-06,0.04920873775911734,-0.06673785682798405,0.014318433638948561,0.08907883067984997,0.018204824345668655,0.00023046997788166065
0.10545,-4.8077253269555706e-05,-9.661472999244833e-06,0.07407129234039768,-0.06270945981945886,0.032442245582588534,0.07864952701696651,0.022770541750498287,0.00022638732276974072
0.10550000000000001,-4.37893862028329e-05,-1.2663380821168237e-05,0.09708591930467791,-0.05711658972683069,0.05573442943879891,0.06524609644046202,0.028638265920538166,0.00022368658517853064
0.10555,-3.840906327075804e-05,-1.534936312216895e-05,0.11767845059858159,-0.05009877721762587,0.08188511235899237,0.05019774957402619,0.03522609790666954,0.00022263559552897376
0.1056,-3.207051257338723e-05,-1.765241013034453e-05,0.1353351446516964,-0.04183110243177896,0.10830094582546447,0.03499682261315967,0.041880726147765134,0.00022333858012497088
0.10565000000000001,-2.4931868004920997e-05,-1.9515065511697635e-05,0.14961550287964204,-0.0325198269578153,0.1323622863766562,0.021150782907325017,0.0479422148399551,0.00022572582412131874
0.1057,-1.7171224196835642e-05,-2.0890859825700573e-05,0.16016325957827593,-0.022397248153052666,0.15168298444293318,0.010032734496588421,0.052809449611964654,0.0002295605861532638
0.10575000000000001,-8.98219337247854e-06,-2.1745469797555468e-05,0.16671526962683256,-0.011715903683919865,0.16434701713104247,0.0027452479826177412,0.05599974945088762,0.0002344625747239043
0.1058,-5.690751478852806e-07,-2.2057574665921497e-05,0.16910807385112284,-0.0007422713228344164,0.1690984995227601,1.1019334334047088e-05,0.057196734183423734,0.00023994566267621716
0.10585,7.858240337298027e-06,-2.181938803640877e-05,0.16728197656070018,0.010249879199392953,0.16546622967007582,0.002101200472042967,0.05628169943491573,0.0002454660949548773
0.10590000000000001,1.608950876117499e-05,-2.1036852193560402e-05,0.16128253525621122,0.020986316148209845,0.15381041783360785,0.008808509309452265,0.053345388753759874,0.00025047641367656004
0.10595,2.3919376755570737e-05,-1.9729489796189264e-05,0.1512594236683766,0.031199187319209714,0.13528696425262293,0.019467785787582723,0.04867899436511631,0.00025447974805084024
0.10600000000000001,3.115250510491691e-05,-1.7929916882989357e-05,0.13746269806983935,0.04063370242274448,0.11173282951191188,0.03302195545160301,0.04274528003902008,0.0002570790899593694
0.10605,3.760844198389402e-05,-1.5683029110708993e-05,0.12023655852903792,0.049054489527782213,0.08548386387525779,0.0481268588566259,0.03613268884230741,0.00025801666373508276
0.1061,4.312612497824022e-05,-1.3044881764917539e-05,0.10001076218692227,0.056251467213833645,0.05914316262395116,0.06328455127418002,0.029496987797545247,0.0002571994912048655
0.10615000000000001,4.756789910996963e-05,-1.0081291222428924e-05,0.07728990131778785,0.0620450855236956,0.03532291827764306,0.07699185275285403,0.02349623560435487,0.0002547086104226583
0.1062,5.0822951215734694e-05,-6.86619303426817e-06,0.05264081510144246,0.06629080554438596,0.01638537114335577,0.08788941799447185,0.018725523528259284,0.00025079104105057016
0.10625000000000001,5.281007434995257e-05,-3.4797973326335266e-06,0.026678447929104197,0.0688827051789399,0.004208547141410984,0.09489654145537506,0.015657960386118108,0.0002458352859025178
0.1063,5.3479693875137964e-05,-6.587787520094668e-09,5.050790555592016e-05,0.0697561218578957,1.5084600397671117e-08,0.09731833073307189,0.01459775471205783,0.0002403328047238711
0.10635,5.2815104123669344e-05,3.4667861110880386e-06,-0.026578692178103276,0.06888926558084953,0.00417713273604339,0.09491461824537639,0.015650046492603195,0.0002348292752498295
0.10640000000000001,5.08328852769314e-05,6.853670769115547e-06,-0.05254480812139016,0.06630376267517216,0.016325657681319685,0.08792377889771105,0.018710480555684077,0.0002298704796189695
0.10645,4.758248963227115e-05,1.0069570322800516e-05,-0.07720003827518993,0.062064116135057724,0.035240827503845926,0.07703909023251865,0.023475555354259377,0.00022594817863497027
0.10650000000000001,4.3145007946713086e-05,1.3034254640588162e-05,-0.09992928497644166,0.056276096518086606,0.05904683542769038,0.06333998078625999,0.029472721109744776,0.00022345134485005715
0.10655,3.763114632467409e-05,1.5673760894519216e-05,-0.12016549985937991,0.04908410308762746,0.08538285297857888,0.048184983518336784,0.03610724224065978,0.00022262758775375128
0.1066,3.1178464370133545e-05,1.7922238789220255e-05,-0.13740383065789702,0.04066756141565584,0.11163715206610018,0.03307701102992279,0.042721177013416496,0.00022355859892871435
0.10665000000000001,2.394794333410406e-05,1.9723593388112397e-05,-0.15121421618567527,0.031236447046753137,0.1352061085688089,0.019514312482092254,0.04865862522561011,0.00022615205052012376
0.1067,1.6119969965120806e-05,2.103288456676359e-05,-0.16125211548112683,0.021026047041134067,0.15375240226826264,0.008841893083519653,0.05333077345680528,0.0002301507513460276
0.10675000000000001,7.889836231328818e-06,2.18174481842595e-05,-0.1672671034602215,0.010291090055297691,0.16543680763857047,0.002118130690524941,0.05627428740352363,0.00023515815255782245
0.1068,-5.371328200106635e-07,2.2057710974717893e-05,-0.16910911841272153,-0.0007006086375005928,0.16910058871993133,9.81704925880874e-06,0.05719726041804456,0.000240677672900173
0.10685,-8.950701503258478e-06,2.174767887599365e-05,-0.1667322058558575,-0.011674828575051942,0.16438041042792859,0.002726032445136987,0.056008161805890626,0.00024616194472554915
0.10690000000000001,-1.7140968440575226e-05,2.0895086552146634e-05,-0.16019566488018555,-0.022357785357552427,0.15174437016976705,0.009997411321887714,0.05282491379109259,0.00025106709578409566
0.10695,-2.4903603186309215e-05,1.9521204447863748e-05,-0.14966256888393092,-0.032482961009762945,0.1324455770072085,0.021102855119235594,0.047963197317760074,0.0002549066851150721
0.10700000000000001,-3.2044943826414274e-05,1.7660308110341867e-05,-0.13539569707530888,-0.04179775304441265,0.10839788139604542,0.03494104319123414,0.04190514605170274,0.0002572999426050114
0.10705,-3.838682849843004e-05,1.5358823116807184e-05,-0.11775097885581752,-0.05006977641838813,0.08198607987409522,0.05013965021174752,0.0352515335747685,0.00025800953048740304
0.1071,-4.377104009408579e-05,1.267416681306312e-05,-0.0971686139035342,-0.057092660999543625,0.055829415957571654,0.0651914388001762,0.02866219487589463,0.00025696507906699016
0.10715000000000001,-4.806325354422818e-05,9.673315906290917e-06,-0.074162090275148,-0.06269120017287677,0.03252183136866552,0.0786037315823141,0.02279059100530552,0.0002542701662796632
0.1072,-5.1156386850828155e-05,6.4311354971646366e-06,-0.04930537377707442,-0.06672572177308812,0.014374726190572507,0.08904643892279132,0.018219005605012734,0.0002501920448351353
0.10725000000000001,-5.297327267982513e-05,3.0285113794938107e-06,-0.023218588792479716,-0.06909557275587319,0.0031877386758148987,0.09548396348924332,0.015400800254415026,0.00024513514004611316
0.1073,-5.346858340316817e-05,-4.496679213228137e-07,0.0034474526097048597,-0.06974163013043563,7.027610182375321e-05,0.09727789946500975,0.014615454778743785,0.0002396009420230667
0.10735,-5.26299620616812e-05,-3.9166289242927035e-06,0.030027487110334237,-0.06864777612760732,0.005331495483844064,0.09425034334532187,0.01594085146612086,0.00023413827437447518
0.10740000000000001,-5.047833051666347e-05,-7.285878025727769e-06,0.055858397042522726,-0.0658413001296636,0.018449644639414193,0.0867015360552888,0.019245551448613542,0.00022928886651140586
0.10745,-4.706736761369436e-05,-1.0473359335329761e-05,0.08029575394164469,-0.061392218029030075,0.03812380408181003,0.07538008869047931,0.024201829505686195,0.00022553363175491272
0.1075,-4.248216988765619e-05,-1.3399551691451845e-05,0.10272989552848444,-0.05541152529711615,0.06240289841146462,0.061408742715058855,0.030318174277845486,0.00022324497430154747
0.10755,-3.683712870602766e-05,-1.5991452573579476e-05,0.12260113584999052,-0.04804842808085472,0.08887918351573892,0.046173028820821374,0.03698803134653887,0.00022264985945163307
0.1076,-3.0273076296635452e-05,-1.8184399330289756e-05,0.13941372786950684,-0.03948662057426407,0.1149270209588686,0.031183864087517887,0.0435499546500735,0.00022380730397798573
0.10765000000000001,-2.2953772400778335e-05,-1.992368242676045e-05,0.15274823184093378,-0.029939702456417857,0.13796326139871554,0.01792771566357667,0.04935320201059981,0.00022660252513986774
0.1077,-1.5061818703895112e-05,-2.116591028416954e-05,0.16227197897209283,-0.019645849822776985,0.15570341368324317,0.0077191883051821305,0.05382226856481599,0.00023075832207974012
0.10775,-6.794103359290835e-06,-2.188009186467376e-05,0.16774737130868073,-0.008861873321490984,0.16638819695256463,0.001570655975323073,0.05651395955824327,0.00023586256704068208
0.1078,1.6431110029427361e-06,-2.204840978219845e-05,0.16903780888552364,0.002143188847759308,0.16895800714814796,9.186516874319741e-05,0.05716134144094911,0.00024140907464654507
0.10785,1.0039333098949954e-05,-2.1666664859700066e-05,0.16611109800302992,0.013094782826606203,0.16315799771635145,0.0034294667455196147,0.05570021377137237,0.00024684780108679295
0.10790000000000001,1.8185094308881755e-05,-2.0744380843275017e-05,0.15904025405285294,0.023719688687308428,0.149563352269232,0.011252472628456547,0.05227547571266049,0.00025163939068440215
0.10795,2.5877174517509398e-05,-1.9304566847791572e-05,0.14800168023318047,0.03375283670743942,0.12952224423725847,0.0227850797159814,0.047226756661086416,0.0002553086643978686
0.108,3.2923672001152535e-05,-1.738314328503446e-05,0.13327076638217555,0.04294392030063275,0.10502213901624621,0.03688360581574195,0.04105473521654612,0.0002574917421815467
0.10805000000000001,3.914879104131172e-05,-1.502804576388722e-05,0.1152150188096697,0.051063640697816125,0.0784926983555985,0.05214990802631326,0.03437148732257207,0.00025797212968945544
0.1081,4.439722760020041e-05,-1.229802915465243e-05,0.09428489153964348,0.05790942742271774,0.0525648319796437,0.06707003568854028,0.02783978689856571,0.00025670218694970944
0.10815000000000001,4.853804390161102e-05,-9.26120180638789e-06,0.07100254857011315,0.0633104920712964,0.029809791876106415,0.08016436812619368,0.022107379025831604,0.0002538078535777844
0.1082,5.1467935023008117e-05,-5.993326365285604e-06,0.04594883685825284,0.06713208909488552,0.012484182612988125,0.09013434772487296,0.01774274337598361,0.0002495761589581232
0.10825,5.311380615631657e-05,-2.575929657022025e-06,0.01974879540368578,0.0692788774414908,0.0023061751485529973,0.09599125719106207,0.015178718418452593,0.00024442675785983604
0.10830000000000001,5.3434596179211254e-05,9.057312412890811e-07,-0.006943938207289141,0.06969729912727367,0.00028511677657025767,0.09715427011273327,0.014669577072563288,0.00023887031354486062
0.10835,5.242230202892307e-05,4.364795993211297e-06,-0.033463434719235595,0.06837691537602508,0.0066214347211282516,0.0935080511268019,0.01626581059543737,0.00023345785542393195
0.10840000000000001,5.010217838619299e-05,7.71496798947334e-06,-0.05914808680018672,0.06535066707804991,0.020686759883065634,0.08541419375092235,0.019809121406883196,0.00022872613399300151
0.10845,4.6532107597504895e-05,1.0872667272766144e-05,-0.08335711476785514,0.06069405294640142,0.04108624184643763,0.07367536126121157,0.024948121354024484,0.0002251443913599247
0.1085,4.180115565308239e-05,1.3759115688931682e-05,-0.10548655277847964,0.054523246015283564,0.06579687542792238,0.0594556871208627,0.031173178702303347,0.00022306782700590413
0.10855000000000001,3.602735014303048e-05,1.6302302235155608e-05,-0.12498431646170778,0.04699219531144693,0.09236812092470766,0.0441653284037835,0.037866957983368164,0.00022270237253037414
0.1086,2.935473574725307e-05,1.8438779599968974e-05,-0.14136397643822132,0.03828878520715875,0.1181649228483739,0.029320621452798772,0.0443656408867718,0.00022408427000210928
0.10865000000000001,2.1949780574513784e-05,2.0115247025014623e-05,-0.15421689354676457,0.028630148010624534,0.14062902676601402,0.016393707502205358,0.05002475663575903,0.00022707647725326522
0.1087,1.3997223156361449e-05,2.128988007554056e-05,-0.16322241378972335,0.018257247032555973,0.15753268013908164,0.006666541384155477,0.05428309393431066,0.00023138225894207555
0.10875,5.695463575237488e-06,2.1933374045058763e-05,-0.16815586774445837,0.007428864980345862,0.16719955707954884,0.0011037606979241825,0.05671835581847218,0.00023657461293793796
0.10880000000000001,-2.7483862036240903e-06,2.202967507989419e-05,-0.1688941758602246,-0.0035848520966328228,0.16867099887837975,0.00025702329109465494,0.05708903877267314,0.00024213861657129755
0.10885,-1.112366934950379e-05,2.157638065775247e-05,-0.16541891880071427,-0.014509134427430629,0.16180108342382635,0.004210299636665055,0.05535838233989436,0.00024752249055931243
0.10890000000000001,-1.9221439640449687e-05,2.0584799557830102e-05,-0.15781679719367023,-0.025071443455385936,0.14727109643215927,0.012571545538732286,0.05169801478374592,0.0002521923193023071
0.10895,-2.683967421531061e-05,1.907966969648285e-05,-0.14627746840882383,-0.035008271109668504,0.1265219685162987,0.024511580921761006,0.04647093266645306,0.0002556849983006872
0.109,-3.378831367908945e-05,1.7098541003728098e-05,-0.131088815219746,-0.04407171382470311,0.10161137911341298,0.03884631918893054,0.040195502829773,0.0002576541607725276
0.10905000000000001,-3.9894003625840426e-05,1.469083858608588e-05,-0.11262976347229939,-0.05203565716866189,0.07500969735819987,0.05415419233949027,0.03349405609057575,0.0002579045256531313
0.1091,-4.500441958430804e-05,1.1916629723005479e-05,-0.0913608289290473,-0.05870141703964717,0.04935499717220419,0.06891712724925159,0.027031171212593033,0.0002564112648194864
0.10915000000000001,-4.89920670593314e-05,8.845125251254254e-06,-0.0678126280534937,-0.06390269628071411,0.027191440750392683,0.08167109183890386,0.02144776882287854,0.00025332246365938595
0.1092,-5.175746242545448e-05,5.552952953893102e-06,-0.042572640463108484,-0.06750973363702105,0.010716975580118377,0.09115128271483061,0.017297551839226797,0.00024894443728625015
0.10925,-5.323161466578182e-05,2.122245804356575e-06,-0.01627055233826983,-0.06943254083044913,0.0015653651269108117,0.0964175545234397,0.01499209492530071,0.00024371135170621992
0.10930000000000001,-5.337774673078864e-05,-1.3614070464466758e-06,0.010437452878318543,-0.0696231477979311,0.0006441694703465298,0.09694765418585119,0.014760028973051918,0.00023814216945767722
0.10935,-5.219221288547872e-05,-4.811095569633064e-06,0.03688506492065835,-0.06807679923221649,0.008044743064191387,0.09268901187407023,0.0166243678095129,0.00023278918287744847
0.10940000000000001,-4.970458981524161e-05,-8.140757073413105e-06,0.06241246985599229,-0.06483207342456188,0.02303317517866439,0.08406395489055564,0.020400226020633638,0.00022818324495398163
0.10945,-4.597693860794577e-05,-1.1267323293137169e-05,0.08638281094940521,-0.05996991961406862,0.04412307138190114,0.07192782517035703,0.025713153830594918,0.00022478112364829604
0.1095,-4.110225659101863e-05,-1.4112792785158584e-05,0.10819807716853856,-0.053611638673938825,0.0692229585237356,0.057484156026099464,0.03203627120985297,0.00022292020576888223
0.10955000000000001,-3.5202157108322086e-05,-1.6606176883548305e-05,0.12731402204071102,-0.045915856695161385,0.09584369481914104,0.04216531792101193,0.03874251810451709,0.00022278503717949584
0.1096,-2.8423835624488108e-05,-1.8685270748523978e-05,0.1432537418110436,-0.03707456777227443,0.12134531682012817,0.027490471510019394,0.0451668398122332,0.00022438902271565393
0.10965000000000001,-2.0936397422255584e-05,-2.0298205223051156e-05,0.15561957292785808,-0.027308344006030286,0.14319884292139937,0.014914913047033806,0.05067213991355295,0.00022757309585007387
0.1097,-1.2926638816060415e-05,-2.140474088727003e-05,0.16410301317392137,-0.016860832768869398,0.1592370712251755,0.005685753633195602,0.05471246091049976,0.00023202149395529532
0.10975,-4.59438694178635e-06,-2.197727192992235e-05,0.16849241799152695,-0.005992678147421392,0.16786949959354822,0.0007182438275716379,0.056887126415398614,0.00023729307180171016
0.10980000000000001,3.852485513476834e-06,-2.2001514872146835e-05,0.16867828070562443,0.005024981568426132,0.16824005496381667,0.0005050087952604471,0.05698047608289993,0.0002428650500243434
0.10985,1.2203246312416918e-05,-2.1476864899862015e-05,0.16465596440623262,0.015917278245170904,0.16031198955360706,0.005067194934683819,0.054983252469295654,0.0002481848586214203
0.10990000000000001,2.024956100982981e-05,-2.0416410961565528e-05,0.15652581769308457,0.026412471301126575,0.14487152517863694,0.0139523728046567,0.051093519129675996,0.0002527249351950599
0.10995,2.779069046818314e-05,-1.8846609219145436e-05,0.14449067113788747,0.03624872707973388,0.1234498840321005,0.026279404298020646,0.04569701873645739,0.0002560350428850948
0.11,3.463849888776639e-05,-1.6806623021798643e-05,0.12885077708567286,0.04518065106229872,0.09817143825054198,0.04082582460826389,0.0393289192024031,0.00025778692012127423
0.11005000000000001,4.062214742604584e-05,-1.4347345867542573e-05,0.1099963190088051,0.05298540997398561,0.07154303714813029,0.056149073402226676,0.032620741401307635,0.0002578068343183416
0.1101,4.559235624383608e-05,-1.1530131698897396e-05,0.08839767714880589,0.05946829098604261,0.04620540431865241,0.07072955265601273,0.026237731549010948,0.0002560928104360883
0.11015000000000001,4.942512878926449e-05,-8.425264268359096e-06,0.06459369358357187,0.06446755946340121,0.02467125862094567,0.08312132446334343,0.02081288917103826,0.00025281482745347094
0.1102,5.202484518538429e-05,-5.110203679477542e-06,0.03917822913054034,0.06785849383092486,0.009076129205236493,0.09209550370003336,0.016884192830615243,0.0002482979609056522
0.11025,5.3326647832846345e-05,-1.6676539350088553e-06,0.012785347784634905,0.0695564972206021,0.000966576315035244,0.09676212611199256,0.014841249152747022,0.00024299014610861295
0.11030000000000001,5.32980593910189e-05,1.8165003738158357e-06,-0.013926501897617946,0.06951920788445339,0.0011468197633192662,0.09665840529763692,0.014886655704854248,0.000237417755895631
0.11035,5.1939793101980796e-05,5.255336703814437e-06,-0.040290913773724325,0.06774755614156695,0.009598984907798364,0.09179462726309533,0.017015909554907678,0.00023213340124598293
0.11040000000000001,4.928573492277539e-05,8.563063103176927e-06,-0.06565014952689423,0.06428574106477093,0.02548487526303084,0.08265313008493551,0.02101785377854747,0.0002276611284951072
0.11045,4.54020982069946e-05,1.1657158548144062e-05,-0.08937154799268897,0.05922012790376035,0.04722909599871917,0.0701404709787547,0.02649561782803222,0.00022444445058574273
0.1105,4.038577174736915e-05,1.446043166400943e-05,-0.11086330860612983,0.05267709333747796,0.07267528489906638,0.0554975232497073,0.03290597487765206,0.00022280236342318434
0.11055000000000001,3.4361902681004806e-05,1.6902946513219587e-05,-0.12958925587246578,0.0448198727749149,0.09929995772656248,0.040176419911191155,0.039613213461837486,0.00022289771217418345
0.1106,2.7480774230495495e-05,1.8923767322392103e-05,-0.1450822155022813,0.03584448779782019,0.12446276052562318,0.025696546109761614,0.04595218042656502,0.00022472104082503714
0.11065000000000001,1.991405653163185e-05,2.0472478748013777e-05,-0.15695566987905007,0.02597485599115415,0.14566831234349428,0.013493862875223932,0.05129424404564628,0.0002280915312396469
0.1107,1.1850523742607867e-05,2.1510443584462045e-05,-0.1649134004107144,0.015457204501633359,0.160813670382077,0.004778503420106291,0.05510963478306517,0.00023267493341837535
0.11075,3.4913445630852377e-06,2.2011766742282096e-05,-0.16875687808031076,0.004553927302203088,0.16839687809111353,0.0004147650774750139,0.05701998256044699,0.0002380167142772024
0.11080000000000001,-4.954936538378577e-06,2.1963941215376047e-05,-0.16839021584032804,-0.006462961098656229,0.16766591289719363,0.0008353973232548746,0.056835839179992756,0.00024358713206759414
0.11085,-1.3277602084516312e-05,2.136816016864985e-05,-0.163822561276756,-0.017318611803044077,0.15869326431684802,0.005998686295690752,0.05457546611090657,0.00024883377189642314
0.1109,-2.1269018537298713e-05,2.0239287109438434e-05,-0.15516786795653825,-0.027742198470058425,0.14236874478752687,0.01539259151904224,0.05046302322021172,0.000253236327133663
0.11095000000000001,-2.8729816373113037e-05,1.8605485130779816e-05,-0.1426420529052811,-0.037473673884535694,0.12031124783688497,0.02808552468809065,0.04490633921727962,0.00025635819912360876
0.111,-3.5473863880450455e-05,1.6507514243764633e-05,-0.12655760956918194,-0.04627025756548636,0.09470820299996575,0.042818734703528954,0.03845646728526033,0.0002578897932098262
0.11105000000000001,-4.133291086968852e-05,1.3997714561695833e-05,-0.10731581210244721,-0.05391249273064989,0.06809864996217721,0.05813113744864754,0.03175303767171264,0.00025767922254248034
0.1111,-4.616078603037753e-05,1.1138700448878289e-05,-0.08539670401019084,-0.06020972116182282,0.043121443118954,0.0725042104476891,0.02546082567876165,0.00025574736882156987
0.11115,-4.983704376192252e-05,8.001798487646605e-06,-0.06134712237983457,-0.06500483989546266,0.022253558105200053,0.08451258419669468,0.020203826478077,0.00025228581327694187
0.11120000000000001,-5.2269968902381765e-05,4.66526797434043e-06,-0.03576705518440596,-0.06817822046439129,0.00756445136569432,0.09296539491382286,0.01650337371020211,0.0002476378361250971
0.11125,-5.3398864958196626e-05,1.2123485439833805e-06,-0.009294672928672483,-0.06965069352893247,0.0005108333860112361,0.0970243821812255,0.014726439216885821,0.0002422643748919061
0.11130000000000001,-5.319556825477158e-05,-2.2708165102204093e-06,0.017409592449726972,-0.06938552386218766,0.001792207505638885,0.09628701843260426,0.015049240583421821,0.00023669831252389877
0.11135,-5.166515064763894e-05,-5.697329324608201e-06,0.043679524015948226,-0.06738932693047664,0.01128150057126389,0.09082642768285328,0.017439765788947587,0.00023149163246068667
0.1114,-4.8845792919962644e-05,-8.981705394276687e-06,0.06885974054988933,-0.06371190375427671,0.02803766470373966,0.08118413359988438,0.0216609477771788,0.00022716067811240711
0.11145000000000001,-4.480783230761287e-05,-1.2042006237395523e-05,0.09232204703671018,-0.05844499855813442,0.050399000504314485,0.06831635712920668,0.027294174307478054,0.000224134947906268
0.1115,-3.9652007682673846e-05,-1.4801883589586873e-05,0.11348110677352954,-0.05172000986957401,0.07614794682712571,0.053499188418176656,0.03378080145181692,0.00022271450172716884
0.11155000000000001,-3.3506946355339546e-05,-1.7192484141781953e-05,0.1318090443928065,-0.04370471244310278,0.10273099510201884,0.03820203779468607,0.04047755403669258,0.00022304020446171178
0.1116,-2.6525955070114006e-05,-1.915416728729678e-05,0.14684861524245754,-0.034599071599027476,0.12751191933484207,0.023941915110292592,0.04672031886379856,0.00022507975635748916
0.11165,-1.888319531683086e-05,-2.0637993031296572e-05,0.1582246126911551,-0.024630254496101327,0.1480332091430851,0.012132988730854392,0.051890004432160235,0.00022863089614344223
0.11170000000000001,-1.0769338362749892e-05,-2.1606942951985825e-05,0.16565322883921516,-0.014046962791968112,0.16225977974554048,0.0039463432735787314,0.055473935940751576,0.00023334145935688792
0.11175,-2.386808386312902e-06,-2.203684372095824e-05,0.16894913483266472,-0.003113228019322566,0.1687807900767085,0.00019384377400590217,0.05711669688751273,0.00023874430198636743
0.11180000000000001,6.055267590464368e-06,-2.1916970196083328e-05,0.1680301045782261,0.00789817543985013,0.16694955523355,0.0012476235055730361,0.056655375614975155,0.00024430362725863395
0.11185,1.4346276990658938e-05,-2.125031297227361e-05,0.16291906597133637,0.01871253553337097,0.156947677715372,0.007003179721753424,0.05413572107220832,0.0002494681198983249
0.1119,2.2279376049020266e-05,-2.005350379333291e-05,0.1537435290380685,0.029060056040353804,0.1397670381464988,0.01688973714137007,0.04980760601336434,0.0002537256201903576
0.11195000000000001,2.9656650116161018e-05,-1.835640059869166e-05,0.14073240465851428,0.038682587425108675,0.11711143087877307,0.029926851398023518,0.04410024715163915,0.000256653914036658
0.112,3.629405126972871e-05,-1.6201342660469887e-05,0.12421029389679653,0.04734006717318401,0.09122759983101764,0.04482163919923148,0.03757964009974186,0.00025796260439777725
0.11205000000000001,4.202598986862861e-05,-1.3642094267916636e-05,0.10458938966192655,0.05481650880374672,0.06468242998117414,0.06009699274862484,0.030892429772002343,0.0002575219089202894
0.1121,4.6709465764175806e-05,-1.0742503457560272e-05,0.08235919353356372,0.06092539037802824,0.04010839097416871,0.0742380638543027,0.024701783097143416,0.00025537553140942803
0.11215,5.022763575783581e-05,-7.574909096463974e-06,0.058074303525211673,0.0655143077292408,0.01994247646514547,0.08584249034483321,0.019621623011601808,0.0002517363266264913
0.11220000000000001,5.249272871830336e-05,-4.218336209819841e-06,0.03234057812281156,0.06846877677090128,0.006184528900873646,0.09375946785007022,0.01615574616414589,0.0002469651927795416
0.11225,5.3448235162215846e-05,-7.565244377649486e-07,0.005800021273339721,0.06971508948322444,0.00019891622498562677,0.09720387403307981,0.014647861598504359,0.00024153528021592566
0.11230000000000001,5.3070317187924904e-05,2.724161074091767e-06,-0.020885234281641796,0.06922215295307678,0.0025792282909986356,0.09583412918918313,0.0152475054003756,0.0002359850706313317
0.11235,5.136840304504766e-05,6.136884324380788e-06,-0.047049445827697114,0.06700226489524126,0.013089410881630638,0.08978607002184158,0.01789521120866305,0.0002308649748998328
0.1124,4.8384952050157124e-05,9.396504830687724e-06,-0.0720398697015549,0.06311080703319748,0.030687175089467906,0.07965947928762976,0.02232840754637848,0.00022668275032584797
0.11245000000000001,4.4194395185798294e-05,1.2421701706494114e-05,-0.09523304573505012,0.05764486324895283,0.05362736047133361,0.06645860517980945,0.028107456776919712,0.00022385314543409482
0.1125,3.890127833695027e-05,1.5137002469259398e-05,-0.11605035160627451,0.05074079775506456,0.07963500175468158,0.05149257113640729,0.034659253886340974,0.00022265677097864947
0.11255000000000001,3.263765393559393e-05,1.747466589348895e-05,-0.13397243787965116,0.04257085283944651,0.1061309356569628,0.03624555022955622,0.04133406075726741,0.00022321227031288425
0.1126,2.5559786659005884e-05,1.9376372057666718e-05,-0.14855218518401814,0.03333885201069982,0.1304875753511829,0.022229581067826867,0.04746994060606766,0.00022546455525553305
0.11265,1.784425484005814e-05,2.0794677259938036e-05,-0.15942585845262885,0.023275114819437445,0.15028948643920018,0.010834619397159932,0.05245840159628929,0.000229190267640775
0.11270000000000001,9.683545267660402e-06,2.169419769066814e-05,-0.16632218181930117,0.012630711003917518,0.16357292458565445,0.0031906972092896617,0.0558047409116588,0.00023401993093455074
0.11275,1.281250994967203e-06,2.2052492139017172e-05,-0.16906910599704103,0.0016711967096186796,0.16902057859347558,5.585796884480602e-05,0.05717710390060411,0.00023947458989500507
0.11280000000000001,-7.15300787725548e-06,2.186062189965393e-05,-0.16759810090737215,-0.009330010530475427,0.16609220774166011,0.0017409819299756472,0.05643939414501174,0.0002450133092603543
0.11285,-1.5408813790934907e-05,2.11233737341803e-05,-0.1619458650605075,-0.020098453040231456,0.1550782168621034,0.00807895629220778,0.05366476986422338,0.00025008681714008005
0.1129,-2.3280201237429648e-05,1.985914048923822e-05,-0.15225341026913738,-0.030365480148476422,0.1370708573127329,0.018441247692950316,0.04912838903110709,0.0002541919767840788
0.11295000000000001,-3.057079514698688e-05,1.8099462197023097e-05,-0.13876254345744923,-0.03987495046647332,0.11385590880046054,0.031800233494074015,0.04328012195767208,0.00025692168162912485
0.113,-3.70987100867261e-05,1.5888239249127675e-05,-0.12180983427705705,-0.048389622119592614,0.08773558479527177,0.04683111057753934,0.036699938039839106,0.0002580052285563627
0.11305000000000001,-4.2701087885860254e-05,1.3280637141833591e-05,-0.10181821820896642,-0.05569707141084838,0.061300223163211404,0.06204327527490287,0.03004039040973283,0.00025733516269308484
0.1131,-4.7238160648869666e-05,1.0341710229650804e-05,-0.07928644530052219,-0.061614992389118856,0.037171403906932375,0.0759281457422235,0.023961902678118915,0.00025497793412467657
0.11315,-5.059673766976784e-05,7.144778744803236e-06,-0.054776637325335484,-0.06599574500290994,0.017741968508711396,0.08710876716978226,0.01906727506881001,0.0002511673079238617
0.11320000000000001,-5.2693029295006815e-05,3.769599604497024e-06,-0.028900263990515863,-0.06873003840100136,0.004938723184713504,0.09447636357206245,0.01584190505325238,0.0002462811816771388
0.11325,-5.3474737335975875e-05,3.0037664483060146e-07,-0.002302888024789007,-0.06974965755513848,3.135859735817085e-05,0.09730029458118172,0.014605650773686692,0.00024080410988413847
0.11330000000000001,-5.292235975975865e-05,-3.1763400995521743e-06,0.024351940293010386,-0.06902916503121204,0.0035065353410459396,0.09530051249812613,0.015481110866787605,0.00023527925057501925
0.11335,-5.1049677271972715e-05,-6.57381363785936e-06,0.050399237381865865,-0.06658653566471923,0.015019622086267321,0.0886753346365785,0.018381466452834106,0.00023025450105542956
0.1134,-4.790340947043197e-05,-9.807283935653809e-06,0.07518917629971657,-0.062482708060425454,0.033428872469206145,0.07808177613128713,0.023019090884952787,0.00022622816282181948
0.11345000000000001,-4.3562049329676615e-05,-1.2796082506949743e-05,0.09810329866735176,-0.05682006436327361,0.05690865145890879,0.06457039428493111,0.028934073561570912,0.00022359952569341607
0.1135,-3.8133904914580764e-05,-1.5465644920476416e-05,0.11856994382821205,-0.049739875956843205,0.08313048250713188,0.049481105204042974,0.03553982893945717,0.00022262926996946032
0.11355000000000001,-3.175439736995588e-05,-1.7749371045675378e-05,0.1360785107982809,-0.04141877912591713,0.10949396136507024,0.034310305285630165,0.04218126799500023,0.00022341361556327117
0.1136,-2.458268238397922e-05,-1.9590286567171726e-05,0.15019219647986992,-0.03206436823802218,0.13338463656019328,0.020562474210069712,0.04819976289840616,0.00022587477916044709
0.11365,-1.679767962331775e-05,-2.0942464406360397e-05,0.16055889327809478,-0.02191001678167031,0.15243328328311617,0.009600976707461493,0.05299846292749248,0.00022976868874110184
0.11370000000000001,-8.59360902211833e-06,-2.1772170475606218e-05,0.16691997318320304,-0.011209055096707384,0.16475085785029678,0.0025128583232204354,0.056101483643445506,0.0002347091872771957
0.11375,-1.7514540632837349e-07,-2.2058705310853468e-05,0.16911674030255092,-0.00022845035795265693,0.16911583336649103,1.0437913209739417e-06,0.05720110026981905,0.00024020632849843236
0.11380000000000001,8.247687726994653e-06,-2.179492044251818e-05,0.16709438970586885,0.010757853751980854,0.16509533758671974,0.0023146283469801707,0.05618826439440056,0.0002457149637858009
0.11385,1.6464757879801648e-05,-2.0987396774791798e-05,0.1609033749821161,0.02147577135671511,0.15308808088899284,0.009224175107318103,0.053163418427368644,0.00025068880506394736
0.1139,2.427106590503338e-05,-1.9656280366688354e-05,0.15069814926037134,0.03165791227214426,0.13428481613385562,0.020044468188615647,0.048426534609294664,0.0002546345990867947
0.11395000000000001,3.147186035519099e-05,-1.7834779866330496e-05,0.13673331215840578,0.04105025286359798,0.11055025259629181,0.033702465203306685,0.04244736708811208,0.000257161043876212
0.114,3.7887496073207237e-05,-1.5568337982662898e-05,0.11935725780630052,0.04941847337027336,0.08423813358416007,0.048843710204968346,0.03581886651282462,0.00025801759300286484
0.11405,4.335791607316192e-05,-1.2913497834456962e-05,0.09900348340139176,0.05655380379868926,0.057957817255421505,0.06396665448201279,0.029198377623521225,0.0002571193034115409
0.11410000000000001,4.774664449261296e-05,-9.936492251020633e-06,0.07617977401734347,0.06227823216502757,0.034315507798594616,0.07757156403202149,0.02324245054347026,0.00025455525750240043
0.11415,5.094419155528171e-05,-6.711591462425658e-06,0.05145553469712125,0.06644894571064189,0.01565579981912304,0.08830924772111667,0.018541731260100797,0.0002505797307235159
0.11420000000000001,5.2870784940382204e-05,-3.3192501540569112e-06,0.025447584745529196,0.06896189358692409,0.0038291660839959367,0.09511485534188484,0.015562387440044505,0.00024558697341023415
0.11425,5.347836011482267e-05,1.55899671564164e-07,-0.0011952305341879667,0.06975438292397136,8.447235116029924e-06,0.09731347874208054,0.014599878963371792,0.00024007211488718887
0.1143,5.275175927923276e-05,3.6271601195061518e-06,-0.027808227238273003,0.06880664267820866,0.004572541817354909,0.0946870815329337,0.01574965723421091,0.00023458206023752916
0.11435000000000001,5.070910967652067e-05,7.007930321536341e-06,-0.05372746541691882,0.06614231708372438,0.01706883113273241,0.08749612218407876,0.01889769940786423,0.00022966125541114957
0.1144,4.740137121545202e-05,1.0213866956350885e-05,-0.07830631290485593,0.06182787558141199,0.03625806516018125,0.07645372397821122,0.023731815878238097,0.00022579769356307708
0.11445000000000001,4.291106525392975e-05,1.3164988448730355e-05,-0.10093157766050548,0.055970954733892395,0.06023725834201569,0.06265495547646863,0.029772610059547594,0.00022337452226068398
0.1145,3.73502157397854e-05,1.5787670332205318e-05,-0.12103880541267942,0.04871767272567101,0.08662840749433884,0.04746823271611179,0.03642101973887371,0.0002226320457612557
0.11455,3.085755454306512e-05,1.8016482050235183e-05,-0.13812636191462474,0.040248984179255334,0.11281431719089705,0.032399614549238925,0.043017725893925635,0.00022364389527397018
0.11460000000000001,2.3595060304234093e-05,1.979581929128631e-05,-0.15176794743227834,0.030776165575545633,0.13619814540286188,0.018943447350668004,0.048908536838213806,0.0002263097260726673
0.11465,1.5743917445241283e-05,2.1081291225362978e-05,-0.161623232274335,0.020535544427027895,0.15446093102469777,0.00843417169828873,0.053509264176350595,0.00023036516932372042
0.11470000000000001,7.499995962476261e-06,2.184082794695305e-05,-0.167446347163144,0.00978260333514265,0.16579156382028865,0.0019139865602548823,0.05636365634059851,0.0002354080489225478
0.11475,-9.310351196126514e-07,2.205548056626732e-05,-0.16909201727643344,-0.0012143937528188166,0.16906639130041384,2.949504373770738e-05,0.05718864486978799,0.00024093826536659882
0.1148,-9.338838774054747e-06,2.1719893937097492e-05,-0.16651918649319047,-0.012181094193482768,0.1639606506509248,0.0029675811150099924,0.055902416107959395,0.0002464073901640091
0.11485000000000001,-1.7513657451777207e-05,2.084244026231259e-05,-0.1597920417000127,-0.022843901182573012,0.15098067531703765,0.010436876424783213,0.052632524645034685,0.0002512730532936696
0.1149,-2.5251546103896234e-05,1.944501022152279e-05,-0.14907841143858275,-0.03293679943814226,0.1314136821788222,0.02169665514456817,0.04770324378578794,0.0002550527296790383
0.11495000000000001,-3.235946018913028e-05,1.7562466840803498e-05,-0.13464557891269982,-0.042207991734632966,0.10720011896474813,0.035630291325416896,0.04160340754028469,0.00025737159086811344
0.115,-3.8660071759981765e-05,1.5241775742000084e-05,-0.11685361387748966,-0.050426180745295784,0.08074123118761584,0.05085599409114479,0.03493793326613061,0.0002579996768129053
0.11505,-4.3996193394992495e-05,1.2540833427418836e-05,-0.09614638953488337,-0.05738633940312019,0.05466093189570851,0.06586383900180211,0.028367832291457375,0.0002568747004048022
0.11510000000000001,-4.823469976489978e-05,9.527022904930218e-06,-0.07304050891965548,-0.062914825970083,0.031545589770180044,0.07916550653691659,0.022544657867022033,0.0002541082251321813
0.11515,-5.126984876038967e-05,6.2755325933149195e-06,-0.04811241660046915,-0.06687371595861538,0.013687540323090747,0.08944187772227138,0.01804589092061491,0.00024997460058503703
0.11520000000000001,-5.3025919627687676e-05,2.8674805472683052e-06,-0.021984017635658368,-0.06916424316713396,0.0028577563117645464,0.09567385065764875,0.015317671661457187,0.0002448837561951952
0.11525,-5.3459101959688e-05,-6.121092896477106e-07,0.004692837716808507,-0.06972926358632059,0.00013022134552735025,0.0972434040058115,0.014630556052544326,0.00023934054795393396
0.1153,-5.255858876116102e-05,-4.076428247926043e-06,0.0312526163490799,-0.06855468113743296,0.005775423537861492,0.09399488611710213,0.01605268497489087,0.00023389469289519088
0.11535000000000001,-5.034684598127237e-05,-7.439048636556355e-06,0.057032705943156896,-0.0656697992301171,0.019233531347810983,0.08625045061847778,0.019443026687168876,0.00022908625324446683
0.1154,-4.6879052108380656e-05,-1.0616079938243418e-05,0.08138994588806958,-0.061146589810615624,0.03916991177740422,0.07477810890935366,0.02446536291972884,0.00022539207943993845
0.11545000000000001,-4.224172150187564e-05,-1.352826169811286e-05,0.10371667267004664,-0.0550978976876416,0.06360748512298972,0.06071556659195644,0.030621631368284663,0.0002231785203694805
0.1155,-3.655054613056448e-05,-1.6102940930150976e-05,0.12345588009758512,-0.04767462544227486,0.09012279098624472,0.045457398221224035,0.037301318394522234,0.0002226650937897867
0.11555,-2.9947509182214177e-05,-1.827588462884923e-05,0.1401151150976586,-0.0390619685224592,0.11608632126978918,0.03051674769699187,0.04384200311220901,0.0002239027155490876
0.11560000000000001,-2.2597342981683464e-05,-1.9992882295359657e-05,0.15327876387070283,-0.02947479519550779,0.13892328732735537,0.01737527103634258,0.04959504956291273,0.0002267686517730803
0.11565,-1.4683419165297539e-05,-2.1211098325265455e-05,0.16261842009900881,-0.019152285839682308,0.15636895992198188,0.007336201057697909,0.05398993126965011,0.00023097868879359235
0.11570000000000001,-6.403173997014456e-06,-2.1900140729689397e-05,0.16790107854254893,-0.008351966034271647,0.16669326159941547,0.0013951067327525454,0.05659081036141525,0.00023611531995403583
0.11575,2.036817299450027e-06,-2.204281929025137e-05,0.16899494752619892,0.002656718292400547,0.16887233703182844,0.00014116304170351358,0.057139759035020984,0.0002416691480819681
0.1158,1.042599416245993e-05,-2.163557448351709e-05,0.1658727373634082,0.013599122914203418,0.16269008863981227,0.003698722880712249,0.05558233843296724,0.00024708940347356996
0.11585000000000001,1.8555063733798584e-05,-2.068856622204264e-05,0.15861234072824112,0.02420225715928516,0.14875960643416034,0.011714985032083396,0.052072997017395824,0.00025183856213839995
0.1159,2.6221222323820546e-05,-1.922542044362911e-05,0.14739488979301577,0.03420159446410206,0.1284623686089871,0.023394981277737932,0.046959754265851215,0.00025544565295818316
0.11595000000000001,3.3233214892305155e-05,-1.7282639635708984e-05,0.1325002369871231,0.04334767174414668,0.10381124078546533,0.03758041291276584,0.040749687540202445,0.00025755296241726565
0.116,3.941610656098698e-05,-1.49086922342386e-05,0.11429997361335352,0.051412313057827466,0.07725086157270011,0.052864518679121134,0.034058645737894785,0.0002579515102453244
0.11605,4.4615646762764254e-05,-1.2162803368300901e-05,0.09324815903230926,0.05819432202409654,0.051415208827756305,0.06773158231688495,0.02755017567336242,0.0002566017722742784
0.11610000000000001,4.8702117602860334e-05,-9.113477373803206e-06,0.06986999312058961,0.06352450138262854,0.028866389783582587,0.0807072455182315,0.0218697187050772,0.0002536376015540736
0.11615,5.157356994946555e-05,-5.836788707701808e-06,0.04474871340409813,0.0672698740080163,0.011840558173370827,0.09050471898108774,0.017580602549807384,0.0002493529530261337
0.11620000000000001,5.315836693883938e-05,-2.4144840713061616e-06,0.018511044575046726,0.06933700051169352,0.002026156179182205,0.09615239279917173,0.015108176462394495,0.00024417273302331736
0.11625,5.3416971108766404e-05,1.0680570175971483e-06,-0.008188437053217652,0.06967431029092681,0.00039647254492396786,0.097090190290327,0.014697629546298068,0.00023861066096537563
0.1163,5.2342930819969654e-05,4.523952262423086e-06,-0.03468363388242947,0.06827338816469423,0.007113122083090865,0.09322511062974022,0.01638967551304185,0.00023321832448488356
0.11635000000000001,4.996304118133432e-05,7.866984126663082e-06,-0.0603135447947123,0.06516918427451354,0.021510018422310616,0.08494045158011006,0.020016515108424043,0.00022853047851792093
0.1164,4.6336675589366885e-05,1.1013750785325763e-05,-0.08443875580445638,0.060439142182445824,0.04215942942417469,0.07305779815499804,0.025218476686858938,0.00022501201416666222
0.11645000000000001,4.1554304465227256e-05,1.3885746829241494e-05,-0.10645739210606757,0.054201266785378455,0.06701356457210216,0.058755546422795395,0.03147968463146934,0.000223011855541069
0.1165,3.57352382123627e-05,1.6411321815655104e-05,-0.12582013363808991,0.04661118034870132,0.09360765321185541,0.043452042669983204,0.038179218457911085,0.00022272835724412388
0.11655,2.902465066576831e-05,1.8527467802112267e-05,-0.14204391951239295,0.03785824005088408,0.11930437448965273,0.028664926795007276,0.044652689160137427,0.0002241896336843728
0.11660000000000001,2.1589957291532407e-05,2.01813912598475e-05,-0.15472399933730602,0.028160813887588194,0.14155539893516478,0.0158606287762276,0.05025812625829549,0.00022725077081215685
0.11665,1.3616638526768318e-05,2.1331830177260872e-05,-0.16354403102848675,0.017760832869713465,0.1581541049608147,0.006308943684517885,0.05443964172277096,0.00023160819748467557
0.11670000000000001,5.303612407822985e-06,2.1950083444496997e-05,-0.16828397274203563,0.0069177552998103235,0.16745440815156812,0.0009571067677610764,0.05678255697884854,0.00023682979001674091
0.11675,-3.1417280222609617e-06,2.2020726910063513e-05,-0.16882557264880288,-0.004097906150374963,0.16853400269809554,0.0003358566963456189,0.05705452646484428,0.0002423977261326331
0.1168,-1.150868874491125e-05,2.154199815729734e-05,-0.16515531889125712,-0.015011333201428171,0.16128582577091108,0.004506802489685995,0.055228579089598565,0.0002477598365988073
0.11685000000000001,-1.95885311638541e-05,2.0525840498681217e-05,-0.15736477685769812,-0.025550258112611326,0.14642867505576068,0.013056313792421217,0.05148579305980942,0.0002523843640627544
0.1169,-2.7179679684400046e-05,1.8997604987596777e-05,-0.14564830463436737,-0.035451756201082485,0.12543592581959448,0.025136540354819808,0.04619733833895393,0.0002558126965704248
0.11695000000000001,-3.409275065010012e-05,1.699541799087615e-05,-0.13029820434979852,-0.0444688052993309,0.10038941727899515,0.039549492894996,0.03988766804781311,0.0002577048485005706
0.117,-4.015527702169646e-05,1.4569229979669285e-05,-0.11169742964072307,-0.05237644840664807,0.0737729976062873,0.05486584695388534,0.03318250861977136,0.0002578731759523624
0.11705,-4.521601115910426e-05,1.177956940596829e-05,-0.09031003194074859,-0.05897740598535235,0.0482262022570359,0.0695666883352215,0.026746806988561286,0.00025630098627089253
0.11710000000000001,-4.914869804047677e-05,8.696032601135688e-06,-0.06666958315696289,-0.06410699757718336,0.02628249258438716,0.08219414276721985,0.02121878805172936,0.00025314419233028274
0.11715,-5.1855225183947034e-05,5.395547526705034e-06,-0.041365864287503176,-0.06763725037583389,0.010118013989513357,0.09149595276806483,0.017146662371713983,0.0002487158519352846
0.11720000000000001,-5.326807022291537e-05,1.960454545411756e-06,-0.015030151487274497,-0.06948009173115788,0.0013357887480783233,0.09654966293940227,0.01493426034837118,0.00024345512078885874
0.11725000000000001,-5.33519855919017e-05,-1.523547775446694e-06,0.011680532937346787,-0.0695895465581371,0.0008067452155583334,0.09685409980334261,0.014800984669902277,0.00023788370297458082
0.1173,-5.210487773887534e-05,-4.969540687737078e-06,0.03809981187820689,-0.06796288413441479,0.008583348340588007,0.09237907239735778,0.01676005218991318,0.000232554112561039
0.11735000000000001,-4.955785949320897e-05,-8.291553697958532e-06,0.06356857825659065,-0.06464068641618781,0.02389439675715625,0.08356836680711854,0.02061718330419636,0.00022799488233857658
0.1174,-4.577447372947848e-05,-1.140670935500614e-05,0.08745143824194934,-0.05970583540575103,0.04522150235241943,0.07129573562997266,0.025989868445666857,0.00022465814827234265
0.11745,-4.084910824389601e-05,-1.4237290886647798e-05,0.1091525632921586,-0.053281445632377175,0.07044966806191615,0.056778248973519296,0.03234530149252527,0.00022287481281398698
0.11750000000000001,-3.490464082186833e-05,-1.6712681048656888e-05,0.12813055449557373,-0.04552779245435581,0.09707703076892037,0.04145559771533795,0.03905321764798707,0.00022282172792765473
0.11755,-2.8089373827036243e-05,-1.8771123917586757e-05,0.14391194980333302,-0.03663831375287109,0.12246296991917204,0.026847320693076458,0.04544839669635556,0.00022450415839064477
0.11760000000000001,-2.0573334248553227e-05,-2.0361265531014626e-05,0.15610303548321192,-0.02683478384739935,0.14408997606875498,0.0144021124827329,0.05089663224655577,0.0002277552581827843
0.11765,-1.2544031952696413e-05,-2.1443435110879446e-05,0.16439966891489644,-0.016361780837503413,0.15981331122395434,0.005354157443489878,0.05485762589517861,0.00023225261783490966
0.1177,-4.201781647629842e-06,-2.1990634723150647e-05,0.16859486593365602,-0.005480584766654081,0.1680737009719919,0.0006007361876896153,0.05693856806652834,0.00023755023647783634
0.11775000000000001,4.245294538968369e-06,-2.1989212863446862e-05,0.16858396500508246,0.005537340710480072,0.16805196716158025,0.000613242842878799,0.056933092940101564,0.00024312275244164867
0.1178,1.2586459284532218e-05,-2.1439204995386306e-05,0.16436723802173528,0.016417120833142302,0.15975026506091863,0.005390437128999901,0.054841743439137544,0.00024841754225920565
0.11785000000000001,2.0613617550133088e-05,-2.035433270156526e-05,0.1560498837755183,0.02688732728211617,0.14399186986770313,0.01445856736751257,0.050871917557832415,0.00025290952476186157
0.1179,2.8126508103964686e-05,-1.8761661325229393e-05,0.1438394032411634,0.036686749760727985,0.1223395327571315,0.0269183521601255,0.04541730067356684,0.0002561532324039598
0.11795,3.4937699662065434e-05,-1.670092477474835e-05,0.12804042303760688,0.04557091267604083,0.09694050389785624,0.04153416164254679,0.039018824109680675,0.00025782698866273876
0.11800000000000001,4.08772668832998e-05,-1.4223534219272773e-05,0.10904709546857108,0.05331817428127527,0.07031359072585973,0.05685655417376887,0.03231102118632864,0.00025776480797739816
0.11805,4.579702968059729e-05,-1.1391295499461543e-05,0.08733326531360008,0.05973525620179063,0.0450993692991164,0.07136601666987133,0.025959100961152025,0.0002559728567663762
0.11810000000000001,4.957425001532071e-05,-8.274867195933622e-06,0.06344064834807059,0.06466206534215183,0.023798319828491697,0.08362365388625426,0.020592979808585238,0.0002526288418980102
0.11815,5.2114693934074126e-05,-4.951997834833727e-06,0.03796531661876692,0.06797568785114969,0.008522855447527303,0.09241388277673879,0.016744812948437257,0.0002480643873448477
0.1182,5.33549825575275e-05,-1.5055862307837696e-06,0.011542827686797333,0.0695934556246027,0.0007878353984727867,0.09686498131547092,0.014796220939334826,0.0002427321476350854
0.11825000000000001,5.3264173199705314e-05,1.9783866788874895e-06,-0.015167631244627475,0.06947500863686001,0.0013603372837673684,0.09653553650183547,0.014940444550421319,0.00023716091785718702
0.1183,5.184453138352887e-05,5.413002876469794e-06,-0.041499688724675604,0.06762330191920961,0.010183586413027981,0.09145821924913156,0.017163181215859667,0.00023190319387683006
0.11835000000000001,4.9131474263285315e-05,8.712575694032958e-06,-0.06679641361796225,0.06408453175775843,0.026382586112015126,0.08213654421222295,0.02124400337627723,0.00022748038111296257
0.1184,4.519268709354366e-05,1.1794787522564402e-05,-0.09042670427244814,0.05894698327116698,0.04835089067170602,0.0694949367354248,0.026778218201467304,0.0002243310875685
0.11845,4.0126434561834415e-05,1.45827434604158e-05,-0.11180103308928838,0.0523388277844237,0.07390991561641173,0.05478705787695124,0.033217000681207,0.0002227676267238882
0.11850000000000001,3.405910935111447e-05,1.7006889700150673e-05,-0.13038615423202987,0.044424925327552794,0.10052498680652115,0.03947147980717283,0.039921820401913284,0.00022294504633192896
0.11855,2.714207883478293e-05,1.9006748730542586e-05,-0.14571840676651535,0.035402711595411696,0.12555670249684017,0.025067039766157956,0.046227764106066944,0.00022484575156719758
0.11860000000000001,1.9547908824876806e-05,2.0532428157908487e-05,-0.1574152823537986,0.025497272441314237,0.14652268154063156,0.013002218038932048,0.051509474942892076,0.00022828125079297855
0.11865,1.1466058364125585e-05,2.154586538198289e-05,-0.1651849677181099,0.01495572834404955,0.16134373946789415,0.0044734762060201425,0.055243168550969037,0.0002329108472272297
0.1187,3.0981531379585474e-06,2.2021777223610945e-05,-0.1688336251552337,0.004041069341139583,0.16855008036053795,0.0003266048283979661,0.05705857669037562,0.00023827542664516503
0.11875000000000001,-5.34704468692482e-06,2.194829064041908e-05,-0.16827022801004748,-0.006974406101397931,0.16742705533990312,0.0009728468093443336,0.056775666290508384,0.00024384298644832198
0.1188,-1.3658844658480936e-05,2.1327238985431228e-05,-0.16350883198109065,-0.017815884338277202,0.15808603425439638,0.006348114695097418,0.05442249347590567,0.000249061395109351
0.11885000000000001,-2.1629884313932413e-05,2.0174116218955528e-05,-0.15466822410906805,-0.028212892601918886,0.14145336085517918,0.01591934617934819,0.05023242102500803,0.0002534131457266585
0.1189,-2.9061302487492118e-05,1.8517690412378058e-05,-0.14196895959162786,-0.037906046753896465,0.11917848810100562,0.028737367610171694,0.044620976116584284,0.00025646667786267626
0.11895,-3.576770043013041e-05,1.6399285996162282e-05,-0.12572785909258316,-0.04665352234948017,0.09347040257125844,0.04353102295226892,0.03814464254684923,0.00025791917410443796
0.11900000000000001,-4.1581767233342715e-05,1.3871752858787037e-05,-0.10635010504282347,-0.054237087754485595,0.06687856077806882,0.05883323376175542,0.03144567474950248,0.00025762659170202045
0.11905,-4.635845374640771e-05,1.099814777700035e-05,-0.08431913278277348,-0.06046754843684615,0.042040060701690425,0.07312648827924671,0.025188405548364975,0.00025561794537536596
0.11910000000000001,-4.997859142954082e-05,7.850161350604821e-06,-0.06018457019158409,-0.06518946716197754,0.021418122509853192,0.08499333257725097,0.01999336486487907,0.00025209243191962006
0.11915,-5.235186518995062e-05,4.5063294079156045e-06,-0.03454852533515699,-0.06828504163990337,0.007057812235986517,0.09325693823526675,0.01637574194095798,0.0002473996741126292
0.1192,-5.3419066726989004e-05,1.050073742155398e-06,-0.008050565250059578,-0.06967704365031002,0.0003832338071148895,0.09709780823694417,0.014694294437232558,0.00024200505047210373
0.11925000000000001,-5.315357150508529e-05,-2.4323791228127824e-06,0.018648240008875223,-0.06933074553748876,0.00205630142373321,0.09613504553568035,0.015115770541209283,0.00023644354249122124
0.1193,-5.156200311847181e-05,-5.854149090172767e-06,0.044881809734196795,-0.06725478677459347,0.0119110979102506,0.09046412688192065,0.017598372722321384,0.00023126668206926895
0.11935000000000001,-4.868406792510417e-05,-9.129869979148322e-06,0.06999566984405324,-0.06350095825919036,0.028970328615479757,0.08064743399670872,0.021895902693341716,0.00022698785530806192
0.1194,-4.459156456084087e-05,-1.2177819238018842e-05,0.09336328080232237,-0.058162910391425494,0.05154223920727075,0.06765848290401984,0.027582176839949568,0.00022403139128737573
0.11945,-3.9386592615949266e-05,-1.4921956746671578e-05,0.11440166833322805,-0.05137381654342457,0.07738838593904294,0.05278538052474888,0.03409329051356416,0.0002226904806728845
0.11950000000000001,-3.3199005539112475e-05,-1.7293821877274163e-05,0.13258596764184585,-0.04330305078612027,0.10394562096064194,0.03750308414770622,0.040783540253205124,0.0002230981010182423
0.11955,-2.618317099403775e-05,-1.9234241428437798e-05,0.14746251750607647,-0.03415196223995247,0.1285802781267462,0.023327130496782787,0.04698945771297724,0.00022521382868454233
0.11960000000000001,-1.8514119746072683e-05,-2.0694805894039228e-05,0.1586601783847636,-0.024148851907247745,0.14884935231747584,0.01166334096876366,0.052095605555484564,0.00022882784823700326
0.11965,-1.0383178977646631e-05,-2.1639077168201927e-05,0.16589959146534103,-0.013543276980746725,0.1627427707923483,0.0036684070275444826,0.05559560995086578,0.00023358175933712796
0.1197,-1.9931990748245583e-06,-2.2043497609638135e-05,0.1690001481652015,-0.0025998249213581314,0.16888273103353135,0.00013518179243429627,0.05714237742858527,0.00023900411930181378
0.11975000000000001,6.446507078985884e-06,-2.189797775340801e-05,0.16788449592036198,0.00840848746591041,0.16666033662608187,0.0014140532292874495,0.056582515925261194,0.00024455719573417996
0.1198,1.4725386031551274e-05,-2.1206148022705218e-05,0.1625804679756164,0.019207025243637446,0.156295981174981,0.007378196374194522,0.053971546590470036,0.00024969029314872394
0.11985000000000001,2.2636896643119797e-05,-1.998526815945697e-05,0.15322038901739907,0.02952638692348205,0.13881749200952959,0.017436150495103435,0.04956839779555173,0.0002538943651830468
0.1199,2.998366285874249e-05,-1.8265796622603602e-05,0.14003777390270591,0.03910912547974287,0.11595820108666101,0.030590473915805463,0.043809727326621584,0.0002567524963013268
0.11995,3.658239785713146e-05,-1.6090630724311402e-05,0.12336150201419474,0.047716171141284264,0.08998505149720458,0.04553665976768658,0.037266619323549334,0.00025798124736084666
0.12000000000000001,4.226847664557512e-05,-1.3514036409550655e-05,0.10360761228193457,0.05513279566147827,0.0634737859020108,0.06079250314900635,0.030587950117878314,0.000257458763626174
0.12005,4.690004317776762e-05,-1.0600294457874847e-05,0.08126892399129032,0.06117396940962352,0.03905351167328394,0.07484509066659108,0.024436039613392906,0.0002552368597332441
0.12010000000000001,5.036154929478949e-05,-7.422096780745987e-06,0.05690274182297575,0.06568897739891937,0.019145973705565384,0.0863008350343148,0.019420969309091686,0.0002515358804269415
0.12015,5.256663750283633e-05,-4.058732931767894e-06,0.03111695232732448,0.06856517941809924,0.005725391386464324,0.0940236765727228,0.016040080930190388,0.0002467228499612434
0.1202,5.3460295327238636e-05,-5.941119745827972e-07,0.0045548583513864635,0.06973082006540482,0.00012267634111978376,0.09724774533987728,0.014628655270183982,0.0002412750736687022
0.12025000000000001,5.302022785008446e-05,2.8853308636791874e-06,-0.022120870056381983,0.06915681901423726,0.002893446680102761,0.09565331232335937,0.015326662632606578,0.00023573280466515956
0.1203,5.12574138368875e-05,6.292790582573618e-06,-0.04824472786935367,0.06685749639096701,0.013762926659824263,0.08939849647336334,0.01806488200538048,0.00023064566647660055
0.12035000000000001,4.821583192118707e-05,9.543258014446957e-06,-0.0731649781593271,0.06289021563481514,0.03165319605169299,0.07910358445187095,0.022571765725890265,0.00022651814793574443
0.12040000000000001,4.397136334127063e-05,1.2555640623420222e-05,-0.0962599114555292,0.057353952265959206,0.05479008684144431,0.06578951681051855,0.028400368628430428,0.00022375957247481042
0.12045,3.862989896243795e-05,1.5254785615938623e-05,-0.1169533563784049,0.05038682481653846,0.08087912658581242,0.050776642301850715,0.03497267148162597,0.00022264350683414482
0.12050000000000001,3.232469739322833e-05,1.757335482017921e-05,-0.1347290535762739,0.042162648848136815,0.1073330797643182,0.03555377915782586,0.04163690262879085,0.00022328063022425577
0.12055,2.52130605767892e-05,1.9453504677655926e-05,-0.14914353579663567,0.03288660082552656,0.13152852276402746,0.021630570277150485,0.047732174081417264,0.00022560775987556575
0.1206,1.7472409324705452e-05,2.084832926988004e-05,-0.15983719097750068,0.022790099181101572,0.15106600695390668,0.01038777241368893,0.05265402110120939,0.00022939411525553136
0.12065000000000001,9.295857106471502e-06,2.1723030584201565e-05,-0.16654323436683202,0.012125031066163854,0.16400801109347712,0.0029403275671087714,0.055914346961797395,0.00023426420598189287
0.1207,8.873922159470425e-07,2.2055786591600473e-05,-0.16909436373945816,0.001157468152531805,0.16907108377124674,2.679465048250779e-05,0.05718982689447674,0.00023973506755243108
0.12075000000000001,-7.5432113026397595e-06,2.1838295723602033e-05,-0.16742693373350465,-0.00983897122638712,0.16575312301569475,0.001936107095873473,0.05635397234318774,0.00024526415800358133
0.1208,-1.5785627082434087e-05,2.10759839193944e-05,-0.1615825432259875,-0.02058994834410693,0.15438316903795624,0.008478919456259835,0.05348967446919521,0.000250303160241546
0.12085,-2.3634223675237977e-05,1.978786931676107e-05,-0.15170699792559295,-0.03082724825641485,0.13608877388465723,0.019006384701252647,0.04888098414437962,0.00025435235951709676
0.12090000000000001,-3.089319458828985e-05,1.8006087733166604e-05,-0.13804667245565896,-0.040295471201269493,0.11268418239150849,0.03247449998664678,0.042984942550157,0.00025701019869454666
0.12095,-3.738144333168407e-05,1.577509100049836e-05,-0.12094236416226056,-0.048758404353386624,0.08649041485520902,0.04754763990176703,0.03638625688357875,0.0002580131017261816
0.12100000000000001,-4.293710130902514e-05,1.3150537922410669e-05,-0.10082079057081449,-0.05600491477047367,0.06010509246213886,0.0627310095689604,0.029739315057992127,0.00025726161094543796
0.12105,-4.742156620603668e-05,1.0197905752330862e-05,-0.07818394393527449,-0.061854216819860294,0.03614483287332024,0.07651888276796576,0.023703290593743154,0.00025483025149270985
0.1211,-5.0722959758788584e-05,6.990856635451909e-06,-0.053596567383326035,-0.06616038233320837,0.01698576159205108,0.08754392380952619,0.018876772641979747,0.0002509601397894612
0.12115000000000001,-5.275891893966416e-05,3.609399906902216e-06,-0.027672065809763054,-0.06881598127354809,0.004527872982390714,0.09471278557282642,0.015738404288283676,0.0002460350727131127
0.1212,-5.347865071773276e-05,1.3789601358645155e-07,-0.0010572026431143328,-0.06975476186124432,6.608874846525216e-06,0.09731453604637812,0.014599415761813932,0.00024054346638092524
0.12125000000000001,-5.2864199253249256e-05,-3.337048103992141e-06,0.02558403557255455,-0.06895330343559128,0.0038703404969476635,0.09509116109361448,0.015572759916397646,0.00023502992031471266
0.1213,-5.093089385821658e-05,-6.728739678681978e-06,0.05158700429164561,-0.06643160075133225,0.015735903749589813,0.08826315156768816,0.01856191075872575,0.0002300412097999799
0.12135,-4.772696655710116e-05,-9.952562924607484e-06,0.07630298248769181,-0.062252565144482075,0.034426597375386524,0.0775076373413597,0.02327043587423796,0.0002260720624506317
0.12140000000000001,-4.333234880349592e-05,-1.2928090028862141e-05,0.09911535693301284,-0.05652045503386921,0.058088875768673595,0.06389123674471263,0.029231393471623963,0.0002235160964206752
0.12145,-3.785667733833118e-05,-1.5581087658175242e-05,0.11945500539766002,-0.0493782748610618,0.0843761640306746,0.048764280565091356,0.035853638713873676,0.00022262678534497446
0.12150000000000001,-3.143655900341682e-05,-1.7845368937193644e-05,0.13681449518164912,-0.041004207468185935,0.1106815665433921,0.033626900601880706,0.04248044727390109,0.00022349232182535428
0.12155,-2.4232162646250934e-05,-1.9664444661642786e-05,0.15076074237650977,-0.03160716873654707,0.13439639124541297,0.019980262310811174,0.04845464223045438,0.00022602687094684881
0.1216,-1.6423223265767587e-05,-2.099293260980537e-05,0.160945816623442,-0.021421595629291357,0.1531688523125239,0.009177695186097491,0.05318376605508787,0.00022997908305705868
0.12165000000000001,-8.204557966486584e-06,-2.1797689709842083e-05,0.16711562103556515,-0.01070159740502329,0.16513729524750162,0.0022904837403840243,0.056198834149262855,0.00023495701933024101
0.1217,2.1879431799349252e-07,-2.20586389217462e-05,0.16911623163940667,0.0002853838406193885,0.16911481633001926,1.6288787297334507e-06,0.05720084393963637,0.0002404670207810606
0.12175000000000001,8.636688128404567e-06,-2.17692700871162e-05,0.16689773722504112,0.011265245342181781,0.16470696696902737,0.0025381150523909666,0.056090426639536395,0.0002459626634937992
0.1218,1.6839114191558935e-05,-2.09368023754993e-05,0.16051548475250244,0.02196406195371021,0.15235087116355064,0.009648400350128409,0.05297770174318094,0.00025089894781164465
0.12185,2.4621438702807894e-05,-1.9582004151599125e-05,0.15012869836008425,0.03211492002243868,0.133271875969595,0.02062736176095266,0.04817135640672922,0.00025478634504859463
0.12190000000000001,3.178950855247253e-05,-1.773867487463912e-05,0.13599650722155032,0.0414645763558414,0.10936203468362694,0.034386221847388036,0.042148033230030586,0.00025723934436515795
0.12195,3.8164494999969984e-05,-1.545280183946218e-05,0.11847148062206445,0.04977977608231209,0.08299247282018343,0.049560522136102625,0.03550506176198378,0.0002580146829406164
0.12200000000000001,4.358735516451127e-05,-1.2781412926882962e-05,0.09799083228279185,0.05685307195776113,0.056778245092084484,0.06464543582068731,0.028901221796051577,0.00025703547118834243
0.12205,4.7922799716933144e-05,-9.791153830115738e-06,0.07506551255453373,0.06250799964600068,0.03331900174016247,0.07814500039488842,0.02299141240938298,0.00025439881666728206
0.1221,5.106266819553523e-05,-6.556625423786414e-06,0.05026746143375117,0.06660348027868154,0.014941182797134954,0.08872047170465443,0.01836170611368549,0.00025036619528034416
0.12215000000000001,5.2928627248529164e-05,-3.1585225847328217e-06,0.024215339687628505,0.06903733992163472,0.003467306256634742,0.09532308606910678,0.01547122826274049,0.00024533751946638157
0.1222,5.347412504295682e-05,3.1837894696677107e-07,-0.002440905388695125,0.06974885879196271,3.52300265264738e-05,0.09729806605562309,0.014606625946576586,0.00023981148054162736
0.12225000000000001,5.2685552483855494e-05,3.7873375745276366e-06,-0.02903625484326737,0.06872028589438964,0.004985311181750468,0.09444955386813295,0.01585364127086628,0.00023433609234949407
0.1223,5.058258288310274e-05,7.161809855671504e-06,-0.05490720899259234,0.0659772820744085,0.017826652953733715,0.08706003499852133,0.019088608448490627,0.00022945434638649065
0.12235,4.7217681007262754e-05,1.0357609588879306e-05,-0.07940834025226617,0.06158827962926387,0.03728578666074771,0.075862323753848,0.02399071756631655,0.00022565036233319948
0.12240000000000001,4.26747943296756e-05,1.329500809480013e-05,-0.10192839545464846,0.055662775273050934,0.061432960951721384,0.061966891021963406,0.030073829253212912,0.00022330137951352097
0.12245,3.706725857213154e-05,1.590072326511586e-05,-0.12190554506570969,0.04834859819561086,0.08787351403439693,0.046751738949612515,0.03673468467797743,0.0002226403448632769
0.12250000000000001,3.053497034199681e-05,1.8109747832503732e-05,-0.13884140006851095,0.03982822224731137,0.11398535115412615,0.031725745747624566,0.04331273060811231,0.0002237328131960825
0.12255,2.3240896882814298e-05,1.98669711287221e-05,-0.15231344531643945,0.03031421338344151,0.13717897597613776,0.018379030661136487,0.049155625847498455,0.0002264704446962632
0.1226,1.5367010460962334e-05,2.1128554028254163e-05,-0.1619855808610808,0.020043926746821168,0.1551542898087044,0.00803517998863866,0.053683933812099294,0.00023058175026302238
0.12265000000000001,7.109748473949363e-06,2.1863022600981627e-05,-0.1676165065660655,0.009273585018894866,0.16612869077770503,0.0017199875820534255,0.05644858468413177,0.0002356590137948291
0.1227,-1.3248872343979664e-06,2.205205336364138e-05,-0.1690657423940633,-0.001728113733742295,0.16901385375856268,5.972754153497472e-05,0.05717540963374179,0.00024119872611159433
0.12275000000000001,-9.726469707330798e-06,2.169093037578456e-05,-0.16629713280545594,-0.012686699575399675,0.16352365869541474,0.0032190469223289256,0.05579232979698024,0.00024665151687317346
0.1228,-1.7885396605617846e-05,2.0788662927142412e-05,-0.15937974901549382,-0.023328778143460592,0.15020256520754163,0.010884637793336092,0.05243650446148402,0.00025147663603725513
0.12285,-2.5598119340309503e-05,1.936776074303313e-05,-0.1484861655937172,-0.03338885128404064,0.13037161862714453,0.02229630780135565,0.04744072891565295,0.0002551955790951292
0.12290000000000001,-3.2672221220540816e-05,1.7463672440310213e-05,-0.13388815525998565,-0.04261594070001852,0.105997442843466,0.036322368034949905,0.04130043144308653,0.0002574395406792313
0.12295,-3.8931217830294916e-05,1.5123901134397527e-05,-0.11594990857198709,-0.050779849329347204,0.07949721118873765,0.05157186195822407,0.03462454188943794,0.000257985988300696
0.12300000000000001,-4.421895997032105e-05,1.2406819346083142e-05,-0.09511894819160863,-0.05767690430354955,0.05349893678436955,0.06653250580081624,0.028075104480278286,0.00025678073104322234
0.12305,-4.840352926838009e-05,9.380212725754934e-06,-0.0719149640961314,-0.06313503817875853,0.030580853936974687,0.07972066091666594,0.02230162325939563,0.00025394329367073456
0.1231,-5.138052924468386e-05,6.119588931348059e-06,-0.04691684834434327,-0.06701808163487329,0.013015736072298171,0.08982846532037081,0.017876651115187832,0.00024975506314130403
0.12315000000000001,-5.307568983780143e-05,2.7062938780807145e-06,-0.020748252934801096,-0.06922916067755032,0.0025455060864328,0.09585353376236158,0.015239010064047202,0.0002446313840690317
0.1232,-5.344672023282105e-05,-7.745176875695552e-07,0.005937969057027799,-0.06971311337401162,0.00020849081812413073,0.09719836352595596,0.014650273481937834,0.00023908036869025895
0.12325000000000001,-5.2484363994313946e-05,-4.2360066165716905e-06,0.03247605084115992,-0.06845786611383164,0.006236450762130832,0.09372958865718597,0.016168826055053105,0.00023365250823271337
0.1233,-5.0212629932615564e-05,-7.591815821436419e-06,0.05820392139642849,-0.06549473473433032,0.020031596507006748,0.08579120555840589,0.019644073765604134,0.00022888608044175583
0.12335,-4.6688193193912214e-05,-1.0758224709748087e-05,0.08247972286616953,-0.060897643342981866,0.04022587119176793,0.07417045929458048,0.02473137826234733,0.00022525376944327555
0.12340000000000001,-4.199898126589231e-05,-1.3656237835255845e-05,0.10469782347368989,-0.054781279960410524,0.06481661989181826,0.06001977268201751,0.030926234382558485,0.00022311578927703695
0.12345,-3.6261980439554966e-05,-1.6213555687906177e-05,0.12430392699775572,-0.047298235409436645,0.09136519187760084,0.04474246145692973,0.037614301752666224,0.00022268416246677512
0.12350000000000001,-2.9620317166212582e-05,-1.8366378396289417e-05,0.14080890107304767,-0.03863519635538844,0.11723878009290127,0.0298535679483884,0.044132328435056906,0.0002240016929612427
0.12355000000000001,-2.2239687410343574e-05,-2.0060997435686492e-05,0.15380098035969544,-0.029008287981713572,0.1398715153695232,0.01682961543260056,0.049833925434096926,0.00022693772226859964
0.1236,-1.4304222817364945e-05,-2.1255135506029817e-05,0.16295603887948298,-0.01865768198623378,0.15701892194795625,0.006962181941988651,0.054153668505881436,0.00023120108572137634
0.12365000000000001,-6.011897046749114e-06,-2.1919001311965322e-05,0.16804567670714643,-0.007841604895729746,0.16698050122881156,0.0012298153468146542,0.05666317122194775,0.00023636898825093268
0.1237,2.430413290226341e-06,-2.2036032741616368e-05,0.16894291765254904,0.0031701042459376487,0.16876836887453012,0.00020099121860223817,0.05711356753270227,0.00024192893156107956
0.12375000000000001,1.0812089777146032e-05,-2.1603310113873294e-05,0.1656253774874672,0.014102725751462644,0.16220522315287725,0.003977737472419352,0.05546019195659491,0.00024732953948300337
0.12380000000000001,1.8924026675091888e-05,-2.0631628962082292e-05,0.1581758219793265,0.02468351301696889,0.1479419274573285,0.012185516297177451,0.05186700876224779,0.0002520352364795308
0.12385,2.6563847719724613e-05,-1.914523076139196e-05,0.14678010242128936,0.03464849699123029,0.12739296490221352,0.02401036687502589,0.04669035196486227,0.00025557936148562217
0.12390000000000001,3.35409549357709e-05,-1.7181198098699154e-05,0.13172251867679716,0.04374907163185658,0.10259616450634082,0.03827962537298636,0.040443587659066305,0.0002576104452426609
0.12395,3.968128376999573e-05,-1.4788529603657805e-05,0.11337872686022893,0.051758196201434944,0.07601061115893272,0.053578217480524694,0.0337462040309715,0.00025792706682185754
0.124,4.4831645501150055e-05,-1.2026917454191285e-05,0.09220636705316218,0.05847605933815436,0.050272779207482216,0.068388990314387,0.02726237679744299,0.000256497826520594
0.12405000000000001,4.8863549151422994e-05,-8.965258255034145e-06,0.06873364651069419,0.06373506410510843,0.027935075063860382,0.08124316792964562,0.02163510351476097,0.00025346446174210994
0.1241,5.167640691227706e-05,-5.679934146637384e-06,0.043546161686422294,0.06740400901823206,0.011212716306167297,0.09086600863459816,0.01742243769042979,0.0002491277891979506
0.12415000000000001,5.3200043752616986e-05,-2.25290727067813e-06,0.017272288963051784,0.06939136142571858,0.001764049887586682,0.0963032208102941,0.015042147053590438,0.00024391787457673657
0.1242,5.339644801406457e-05,1.2303250473749643e-06,-0.009432492132958992,0.06964754090360006,0.0005260947594262179,0.09701559907837289,0.014730283677432598,0.00023835138194297972
0.12425,5.2260719834080504e-05,4.682863264832332e-06,-0.03590195180059429,0.06816615632805195,0.007621618239056097,0.09293249737080833,0.016517774891805642,0.00023298033745974082
0.12430000000000001,4.982119329413514e-05,8.018573596403238e-06,-0.06147573099727057,0.06498416519391878,0.02234696123673074,0.08445883451901051,0.020227356181149122,0.0002283373844183896
0.12435,4.6138729621955346e-05,1.1154236875076188e-05,-0.08551581612843565,0.06018095171467756,0.0432418197495387,0.07243493898568704,0.025491150464077884,0.00022488296203190608
0.12440000000000001,4.130519875944464e-05,1.4011624696287275e-05,-0.10742245607652687,0.053876346244828836,0.06823406235543457,0.05805321369385365,0.031787150193104734,0.00022295964328105655
0.12445,3.544118745413014e-05,1.6519451066285437e-05,-0.12664912490327165,0.04622763585141128,0.09484522238634568,0.042739886328213704,0.038490984626761066,0.00022275816275547057
0.1245,2.869299081695341e-05,1.8615150829885315e-05,-0.14271615641010033,0.03742564024013082,0.12043628599739085,0.02801357094767399,0.04493783824309554,0.00022429850105622375
0.12455000000000001,2.1228962591268925e-05,2.0246440554486947e-05,-0.15522271095034584,0.027689951251717523,0.14246940176346262,0.015334668006449857,0.05048838019051671,0.00022742790374254886
0.1246,1.3235315054796326e-05,2.1372622889293867e-05,-0.16385677550177735,0.017263454466059088,0.15875955794505575,0.00596053720203391,0.054592166335984814,0.0002318360297063222
0.12465000000000001,4.911473406801938e-06,2.196560188103056e-05,-0.16840294775586948,0.0064062697066555475,0.16769126887389538,0.0008208058310882511,0.05684222650039544,0.00023708572753773177
0.1247,-3.53489948394914e-06,2.2010583915716138e-05,-0.16874781000572167,-0.004610738412611249,0.1683787817996655,0.00042517817419057794,0.05701542348958287,0.00024265638769197607
0.12475,-1.1893083842869797e-05,2.1506446780772782e-05,-0.16488275862324706,-0.015512718014426111,0.16075391643294007,0.004812888403902008,0.05509458144300921,0.00024799557087137
0.12480000000000001,-1.9954560022819065e-05,2.046576767224645e-05,-0.15690421877563399,-0.026027686947461492,0.14557282641726285,0.013548809756701148,0.05127018920268919,0.00025257379333383387
0.12485,-2.7518210634421e-05,1.8914509407712128e-05,-0.1450112387357099,-0.035893318184942236,0.12434101192132135,0.0257666058065101,0.04592150959030662,0.0002559370352547399
0.12490000000000001,-3.439533803199033e-05,1.6891372720962073e-05,-0.1295005241203836,-0.04486348435912065,0.09916402011014988,0.04025464457682127,0.03957896818143129,0.00025775176592564617
0.12495,-4.0414371901447555e-05,1.444683073822964e-05,-0.11075903558181772,-0.0527143981088827,0.07253863912165372,0.05557615535963552,0.03287155122997405,0.0002578380193473919
0.125,-4.5425149645678945e-05,1.1641869803065942e-05,-0.08925433506401902,-0.059250195171716896,0.04710529309094215,0.07021171255773088,0.02646442953909998,0.0002561872420326506
0.12505,-4.930266255977513e-05,8.5464679619678e-06,-0.06552292094993778,-0.06430782071886958,0.02538619267205701,0.08270991611220543,0.020992993756454404,0.0002529631404206812
0.12510000000000002,-5.1950174629209174e-05,5.237849181910967e-06,-0.0401568436259547,-0.06776109733761163,0.009535208887861383,0.09183132624794554,0.01699984311719059,0.00024848544707782664
0.12515,-5.3301635805956024e-05,1.798556748162683e-06,-0.013788934972765045,-0.06952387279191616,0.0011242749134250404,0.09667137775973081,0.014880976119325906,0.00024319821213590506
0.1252,-5.3323329913264396e-05,-1.6856060065422281e-06,0.012922979485442784,-0.06955216946055208,0.0009874983565384176,0.09675008553338707,0.014846519627570411,0.0002376257679237728
0.12525,-5.201471570574186e-05,-5.127716330030632e-06,0.03931249195668712,-0.06784528136903573,0.00913844327058717,0.09205964408087253,0.016899890659820057,0.0002323207304154473
0.1253,-4.940844045968768e-05,-8.441900592145112e-06,0.0647212379680145,-0.06444579192490972,0.02476878502345945,0.08306520193657518,0.020837457578711,0.00022780919740596645
0.12535000000000002,-4.556952540003616e-05,-1.1545476653141062e-05,0.08851532108522418,-0.059438511414520674,0.04632847136479577,0.07065873278348209,0.02626873405116298,0.00022453857483840364
0.1254,-4.059374365737151e-05,-1.4361016627339402e-05,0.1101011275535775,-0.05294836132283884,0.07167944032220396,0.05607057933547792,0.032655103477459965,0.0002228332088472105
0.12545,-3.460523080478289e-05,-1.6818278526788802e-05,0.12894013543095162,-0.045137257601093383,0.09830765045107669,0.04074744047494924,0.03936323312114668,0.00022286221924905359
0.1255,-2.77533880501316e-05,-1.885595869245835e-05,0.14456235002960904,-0.036200071406587334,0.12357239716822367,0.026208903396840438,0.04572788160169248,0.0002246227295013272
0.12555,-2.020915487019861e-05,-2.042322114645618e-05,0.1565780288284914,-0.026359767256580634,0.14496818959647167,0.01389674659642201,0.051117870213095065,0.0002279401503910564
0.12560000000000002,-1.2160744506845417e-05,-2.1480965903001206e-05,0.16468740528434897,-0.015861840701047576,0.1603732191071769,0.00503195980850819,0.05499867688985906,0.00023248549551391624
0.12565,-3.8089483736926672e-06,-2.2002804372680795e-05,0.16868816687285162,-0.004968193567572807,0.16825977744352705,0.0004936589464974363,0.05698544412782069,0.00023780800520252761
0.1257,4.637873252927399e-06,-2.197571776526286e-05,0.16848050286754485,0.00604939985547934,0.16784575914501748,0.0007319047722294692,0.056881145408835994,0.0002433798494690363
0.12575,1.2968989399206752e-05,-2.1400381821961962e-05,0.1640695939590321,0.016916073093951673,0.1591722220744104,0.005723070578398314,0.054696123910523066,0.00024864847134651333
0.1258,2.0976555722234967e-05,-2.0291150014404886e-05,0.155565483417263,0.027360724819055684,0.14309931612859605,0.014972185252481795,0.05064706704956573,0.00025309138483590283
0.12585000000000002,2.8460799760994885e-05,-1.8675695399351848e-05,0.1431803313644729,0.03712278226703896,0.1212209823005101,0.027562019264919645,0.04513551746901847,0.00025626798839326504
0.1259,3.523500491733984e-05,-1.6594320289461834e-05,0.1272231221699926,0.04595870203702341,0.0957068827710185,0.04224404585855799,0.03870805250814542,0.00025786326037415094
0.12595,4.113016856898495e-05,-1.4098950734815639e-05,0.10809195557837935,0.05364804593545944,0.06908723643024871,0.05756225665386332,0.03200208021959616,0.0002577189982422302
0.126,4.599921842521229e-05,-1.1251841122998601e-05,0.08626411520859091,0.05999898053456919,0.04400189871453369,0.07199755330375225,0.02568262814100493,0.0002558495085930137
0.12605,4.9720681614140176e-05,-8.124021027008557e-06,0.0622841611325934,0.0648530629600216,0.02293856849373228,0.08411839550593053,0.020376392781871297,0.0002524401875541077
0.12610000000000002,5.2201715225132026e-05,-4.793523179060872e-06,0.036750344292837536,0.06808919376240588,0.007986084423591116,0.09272276614428904,0.016609590532927546,0.00024782913562859774
0.12615,5.338042253086431e-05,-1.343436706382424e-06,0.010299681330935881,0.0696266380798193,0.0006272759683098659,0.09695737460596285,0.014755773061932084,0.00024247362825214803
0.1262,5.322739718566485e-05,2.1401657718104097e-06,-0.01640793766857613,0.06942703980900622,0.001591912037965127,0.09640227713282669,0.01499878240699576,0.00023690476806459816
0.12625,5.174645686400576e-05,5.570375479764081e-06,-0.042706212097005036,0.0674953785255445,0.010784330214649857,0.09111252244613069,0.017314519470268363,0.00023167481584789577
0.1263,4.8974548001701006e-05,8.861615682723654e-06,-0.06793905364941029,0.06387984523195446,0.0272929235392762,0.08161269253716909,0.021473333902130264,0.00022730242299427158
0.12635000000000002,4.4980824076624884e-05,1.1931776652472204e-05,-0.09147695441712447,0.05867064011847716,0.04948054407162354,0.06884488023823723,0.027062798414600922,0.0002242211973176862
0.1264,3.98649203429278e-05,1.47042641333259e-05,-0.11273269176057361,0.05199772220803858,0.07514685790363398,0.05407526229648698,0.03352860892764205,0.00022273670212253905
0.12645,3.375446817486482e-05,1.71099102225563e-05,-0.13117597844011744,0.04402756721222221,0.10174655110739358,0.03876853349253488,0.04022955466332454,0.00022299615412212721
0.1265,2.6801910878160133e-05,1.9088698951577193e-05,-0.14634669201762504,0.03495901421754415,0.12664174697494204,0.024442653501249086,0.046501106554190555,0.0002249738234317837
0.12655,1.918070058276999e-05,2.059126358561572e-05,-0.1578663542026723,0.025018305141384777,0.1473636029389262,0.012518311842948798,0.051721318354929505,0.00022847358587892004
0.12660000000000002,1.1080970934131992e-05,2.1580118194141333e-05,-0.16544757285666295,0.014453440381846868,0.16185714409982685,0.004178038777432035,0.05537250454493639,0.00023314837180319676
0.12665,2.704793664960414e-06,2.2030592880219363e-05,-0.16890121210393172,0.003527991772872838,0.1686850541644333,0.0002489345189891686,0.05709257907820304,0.00023853458547897795
0.1267,-5.738862686659493e-06,2.1931449211087765e-05,-0.16814111063014806,-0.007485473035335546,0.16717021306064322,0.0011206461312547112,0.05671096308756758,0.00024409807894673423
0.12675,-1.4039346124291626e-05,2.128516062704827e-05,-0.1631862314715014,-0.018312190561695196,0.15746284678508304,0.006706726463356773,0.05426550125324439,0.00024928712383969436
0.1268,-2.1989576511903143e-05,2.010785070263729e-05,-0.1541601887083298,-0.02868205628731382,0.1405256293651508,0.016453207057372764,0.04999870862378161,0.00025358712533425003
0.12685000000000002,-2.9391211830559773e-05,1.8428890926571596e-05,-0.14128816374069747,-0.038336363224632186,0.11803821520049547,0.02939353490581862,0.044333720662309076,0.0002565716548655598
0.1269,-3.605959635599027e-05,1.6290167908393523e-05,-0.12489128726861749,-0.04703425608997934,0.09223066849606334,0.044244424918755174,0.03783233100903795,0.00025794473802779304
0.12695,-4.1828367529640876e-05,1.3745038440065785e-05,-0.10537862799207637,-0.054558740230591346,0.06566230925499646,0.05953312271098293,0.031139278881632284,0.00025757020732338544
0.127,-4.655360624107172e-05,1.085699829475489e-05,-0.08323698688355824,-0.06072209507735094,0.04096790672209986,0.07374345661165695,0.024918310462655836,0.00025548520433031174
0.12705,-5.011742746631262e-05,7.698098196306297e-06,-0.05901875277587726,-0.06537055754784481,0.020596390986233365,0.0854661958823218,0.01978635574078851,0.0002518964980626851
0.12710000000000002,-5.243092109156917e-05,4.3471462468012225e-06,-0.033328121170080854,-0.06838815793335526,0.006567993827041171,0.09353880291035083,0.01625234775800781,0.0002471599780803265
0.12715,-5.343637021335819e-05,8.877418697065442e-07,-0.006806020929631413,-0.06969961331429722,0.0002739035335202727,0.09716072192325118,0.014666752130276836,0.00024174536281313676
0.1272,-5.310869088640332e-05,-2.593809857873285e-06,0.01988587564071846,-0.0692722055003142,0.0023383015108917535,0.09597276909755521,0.01518681146462952,0.00023618961625487025
0.12725,-5.1456058078588735e-05,-6.010651320378021e-06,0.04608166019738584,-0.06711659749607218,0.012556462571943174,0.09009275318899526,0.017760951791443956,0.00023104369901186304
0.1273,-4.8519701573720526e-05,-9.277539293064708e-06,0.07112780131272597,-0.06328656727512763,0.02991505740237393,0.0801037919493851,0.022133897031573015,0.0002268179285055858
0.12735000000000002,-4.437287750617136e-05,-1.2312971588107013e-05,0.09439944891345387,-0.05787766632403209,0.052692643902608416,0.06699648518231996,0.027871984687675568,0.0002239313723167732
0.1274,-3.911904064882856e-05,-1.504122035593555e-05,0.11531602278809219,-0.0510248356408842,0.07863038154677808,0.05207067704358492,0.03440617177986533,0.00022267028829673236
0.12745,-3.288926354217672e-05,-1.739422136449022e-05,0.13335569718887805,-0.04289903942197905,0.10515603949436696,0.03680655166657025,0.041088466695449015,0.00022315973779039075
0.1275,-2.5838966393500365e-05,-1.93132720283795e-05,0.14806841893637646,-0.03370299966341952,0.1296390830419994,0.022717843726249125,0.04725618993157394,0.00022535118203977254
0.12755,-1.8144039748066527e-05,-2.075049595790432e-05,0.15908713572389063,-0.02366613882681015,0.14965154255428303,0.011201722539397019,0.052297691886572746,0.00022902729700352307
0.12760000000000002,-9.99645632142782e-06,-2.1670037339138916e-05,0.1661369529714905,-0.01303885609678656,0.16320879357397985,0.0034002353662541604,0.055713009590240614,0.0002338235242182945
0.12765,-1.5994817019415683e-06,-2.2048955498048382e-05,0.16904199218018917,-0.002086280509326492,0.16896637117233965,8.705132727191212e-05,0.05716344793958506,0.0002392642246846037
0.1277,6.837396722298078e-06,-2.187779719280375e-05,0.16772977849800316,0.00891834352273355,0.1663532995580294,0.001590737023789669,0.05650516774354686,0.00024480984704844226
0.12775,1.5103696048282206e-05,-2.1160832480019026e-05,0.1622330490217428,0.019700473077020893,0.15562871561949282,0.007762172789168501,0.053803450308157676,0.00024991043517242245
0.1278,2.2993188966312333e-05,-1.991594816146342e-05,0.15268893590423077,0.02999111601483369,0.1378561703016231,0.01798934079630428,0.04932622341457823,0.0002540601664828386
0.12785000000000002,3.0309048727442858e-05,-1.8174201565740464e-05,0.1393355453251683,0.03953354179069221,0.11479815698667388,0.03125801853032815,0.04351749116167327,0.00025684751454632047
0.1279,3.686875955178033e-05,-1.5979045715012183e-05,0.12250601712489018,0.048089686345486354,0.0887413259177529,0.04625235865614513,0.036953302262029544,0.00025799605956891634
0.12795,4.250867003319128e-05,-1.3385245268950101e-05,0.10262021369756923,0.055446091324055057,0.062269718425841135,0.06148538086230907,0.03028462364801591,0.0002573919009616183
0.128,4.7088075917932335e-05,-1.0457510260193246e-05,0.08017424528431782,0.06141922943696767,0.0380085089958956,0.07544643489261751,0.024172784447712543,0.0002550949528763844
0.12805,5.049273035825685e-05,-7.268881701212233e-06,0.055728092996230175,0.06586008305858258,0.01836366816215474,0.08675101080966793,0.01922389231944315,0.00025133300224375993
0.12810000000000002,5.263769418713348e-05,-3.898909373488969e-06,0.02989163847237349,0.06865786196954299,0.005283363783216495,0.09427804020457635,0.01592872613181261,0.0002464791197496762
0.12815000000000001,5.3469454915440176e-05,-4.316672093658863e-07,0.0033094485480218293,0.06974276727115837,6.47623118038015e-05,0.09728107173277918,0.014614065659300884,0.0002410146620445237
0.1282,5.296726182704933e-05,3.046344170570037e-06,-0.02335530537278926,0.069087732812746,0.0032253895309819185,0.09546229650410759,0.015410285053728618,0.0002354815364911958
0.12825,5.114364359896935e-05,6.448355477737819e-06,-0.049437392058525806,0.06670910034486917,0.014451807809273224,0.08900208137643648,0.018238423673562255,0.00023042845990369008
0.1283,4.804409580276962e-05,9.689493471149097e-06,-0.07428611668138146,0.06266621192098988,0.03263069954677684,0.07854108233052828,0.022818016612778887,0.00022635654321707233
0.12835000000000002,4.374594581276751e-05,1.2688898366347785e-05,-0.0972815542035849,0.057059929327294326,0.05595927421978079,0.06511671069671646,0.028694908181037523,0.00022366959591790415
0.12840000000000001,3.8356423723680136e-05,1.537174113496474e-05,-0.11785001543137968,0.050030117912850176,0.08212405018578492,0.050060253967473836,0.035286290369473935,0.00022263408129676458
0.12845,3.200998709881646e-05,1.7671090315141034e-05,-0.13547835913635414,0.04175215709755467,0.10853028122636992,0.034864852445977694,0.04193849945545456,0.00022335269050392656
0.1285,2.4864966603323036e-05,1.9529581845865395e-05,-0.14972679420386018,0.03243256515335129,0.1325592762843611,0.021037425648527522,0.04799183965240932,0.00022575415976078516
0.12855,1.7099615908824708e-05,2.0900850142188465e-05,-0.16023985113420347,0.02230384685468969,0.15182809329684605,0.009949231690349024,0.05284600453657573,0.0002296003363934713
0.12860000000000002,8.907664682920914e-06,2.175068487162555e-05,-0.16675525072040479,0.01161869308774564,0.16442585458622075,0.0026998805813445662,0.0560196093728518,0.00023450979754091847
0.12865000000000001,4.934853943475662e-07,2.2057884376210267e-05,-0.16911044691611107,0.0006436766222778778,0.16910324711574448,8.286391881341156e-06,0.05719792947111584,0.00023999567437150073
0.1287,-7.933005350938226e-06,2.181478467023323e-05,-0.1672466824929612,-0.010347398258293988,0.1653964165986191,0.002141373014314909,0.056264111561949985,0.0002455139358688504
0.12875,-1.6161583790817673e-05,2.1027450580775968e-05,-0.16121045446905594,-0.02108032666038846,0.15367296724022184,0.00888760344217369,0.05331076177656517,0.00025051733883337977
0.1288,-2.398696369176999e-05,1.9715524501136974e-05,-0.15115235451056797,-0.031287343919566335,0.13509550702830175,0.019577957790824493,0.04863076221680051,0.0002545096988892407
0.12885,-3.121391776523323e-05,1.7911736293877863e-05,-0.13732331159249947,-0.04071380575985001,0.11150635218961354,0.03315227958901591,0.04268822575181379,0.00025709509555112
0.12890000000000001,-3.7662148285645366e-05,1.566108681660341e-05,-0.12006833224684693,-0.04912454121858,0.0852448260880305,0.04826441099871931,0.036072470466886344,0.0002580171369808694
0.12895,-4.317078501648398e-05,1.3019725162539082e-05,-0.09981789290162602,-0.056309719566718236,0.05891526946441129,0.06341569035364901,0.029439577039688313,0.0002571843843499298
0.129,-4.760239874502291e-05,1.0053547931385211e-05,-0.07707720077866705,-0.06209008530005471,0.035128769738510854,0.0771035738513614,0.023447325837454118,0.0002546794216795867
0.12905,-5.084642971703801e-05,6.83655518393291e-06,-0.05241358971473308,-0.06632143004902108,0.01624422073193945,0.08797064167494392,0.018689965024810334,0.00025075066438559336
0.1291,-5.282194600327473e-05,3.449004333120617e-06,-0.026442366512751017,-0.06889819042500094,0.004134392594315082,0.09493921287679381,0.015639279425108385,0.00024578772537723714
0.12915000000000001,-5.34796624814645e-05,-2.459214138743194e-08,0.00018853979259681602,-0.06975608148639492,2.1019242677793935e-07,0.09731821808673137,0.01459780380751649,0.0002402827763428426
0.1292,-5.2803170483893755e-05,-3.497575091694294e-06,0.026814742419483603,-0.06887370062369179,0.004251658078569653,0.09487173275203846,0.015668820734852273,0.00023478174014401743
0.12925,-5.080934709217485e-05,-6.883300678351887e-06,0.05277197191681562,-0.06627306142000394,0.016467122547433318,0.08784237339959229,0.018746118049917198,0.0002298301513336194
0.1293,-4.75479341443232e-05,-1.0097301955145327e-05,0.07741264837648583,-0.06201904453566773,0.035435202838887715,0.07692723770234275,0.02352452191267428,0.00022591905630811525
0.12935,-4.310029723138899e-05,-1.3059396145598397e-05,0.10012203716918638,-0.05621777900015534,0.059274845056051406,0.06320877351420615,0.0295301606809468,0.00022343631608211576
0.12940000000000002,-3.757739582693785e-05,-1.5695685043399663e-05,0.12033358538547315,-0.049013994563398,0.0856218852500772,0.048047433261216174,0.03616745853262834,0.00022262814267323593
0.12945,-3.1117015052421075e-05,-1.7940398618086087e-05,0.137543056123475,-0.040587410948474,0.11186350221160204,0.032946758550006144,0.04277819835807171,0.00022357468216675064
0.1295,-2.388032822770668e-05,-1.9737535843514706e-05,0.15132110818050087,-0.031148254222701725,0.13539732948330147,0.019404274822441118,0.048706796785315865,0.00022618206673466956
0.12955,-1.6047875929546226e-05,-2.104226181510687e-05,0.16132400729183408,-0.02093201209859858,0.1538895306290727,0.008762982609917548,0.0533653180488791,0.00023019172358772135
0.1296,-7.815061863115652e-06,-2.18220262770599e-05,0.16730220149433975,-0.010193558969284769,0.16550624439382589,0.002078172889205719,0.05629177918308617,0.00023520601720715262
0.12965000000000002,6.127220549128887e-07,-2.205737570191232e-05,0.1691065470777051,0.000799202659829322,0.16909544782253755,1.2774497829565259e-05,0.057195964703762606,0.00024072768301409836
0.1297,9.025219806167627e-06,-2.1742438596118774e-05,0.16669202926073387,0.011772025813732734,0.16430120158450562,0.002771611835183797,0.05598820701340028,0.0002462091403933742
0.12975,1.7212556736307586e-05,-2.088507200328347e-05,0.16011888537348667,0.022451160938334727,0.15159894842687227,0.010081092549580142,0.05278827878893255,0.0002511067963966771
0.1298,2.497047548634252e-05,-1.9506665466472857e-05,0.1495511019183476,0.03257018539546361,0.1322483636482449,0.021216339533897417,0.047913515100068596,0.00025493495313046535
0.12985,3.210543181744446e-05,-1.7641607422224718e-05,0.13525232356574673,0.0418766501736257,0.10816843392198476,0.035073076595284504,0.041847343549159574,0.00025731397455955774
0.12990000000000002,3.84394231084453e-05,-1.5336427255991332e-05,0.11757927562324477,0.05013837794698493,0.08174715234701287,0.0502771388630941,0.03519134294163804,0.00025800793426448846
0.12995,4.381442921843241e-05,-1.2648634519477035e-05,0.09697286462897628,0.057149255481962154,0.05560470264077031,0.06532074804285162,0.02860558515512726,0.0002569480128894101
0.13,4.809635468629834e-05,-9.645284150583942e-06,0.07394717846847168,0.06273437566005598,0.03233361686623472,0.07871203778914049,0.022743176075267074,0.00025423932200011913
0.13005,5.117837423136273e-05,-6.4013036209588904e-06,0.04907666106153292,0.0667544011554255,0.014241675567648417,0.08912300147238947,0.01818548754275558,0.00025015048119455456
0.1301,5.298359772746002e-05,-2.9976236221709323e-06,0.02298178107404595,0.06910904050055515,0.003123046418260949,0.09552118957814744,0.01538450295939287,0.0002450869782851925
0.13015000000000002,5.3466988558063756e-05,4.808409694056161e-07,-0.0036864474735449626,0.0697395502826646,8.035763923195883e-05,0.09727209747256607,0.014617994410835325,0.00023955095826158282
0.1302,5.2616487081057344e-05,3.9473095602730735e-06,-0.030262706666228885,0.06863020053199798,0.005415350970579174,0.0942020885012451,0.015961976104719194,0.00023409142488412156
0.13025,5.045331159941099e-05,7.315300830271306e-06,-0.056083973079585916,0.06580866729937905,0.018598958118341908,0.08661561383440723,0.019283166147944522,0.00022924979725553698
0.1303,4.703142890155221e-05,1.0500790265835536e-05,-0.08050605874519022,0.0613453420420749,0.03832376813755367,0.07526501980518326,0.024252203960145526,0.00022550621661555543
0.13035,4.243620800881274e-05,1.3424306408112322e-05,-0.10291968251088732,0.05535157566585531,0.06263368270235978,0.061275938573858116,0.030376312882362404,0.000223231932048684
0.13040000000000002,3.678229027865818e-05,1.6012913485253625e-05,-0.1227656700924553,0.047976900363858224,0.08911790115791,0.04603565937047159,0.037048168412069885,0.00022265248273475248
0.13045,3.0210729455350636e-05,1.820203104322018e-05,-0.13954890470941256,0.03940529929694313,0.1151499984879455,0.03105555225363333,0.043606126449238405,0.00022382533274260163
0.1305,2.2885472550250522e-05,1.9937045050666796e-05,-0.15285067876055627,0.029850616375431002,0.13814838609016572,0.01782118595986299,0.049399837889104986,0.000226634170787337
0.13055,1.4989269796457356e-05,2.117467046231233e-05,-0.16233914024923754,0.019551221485591005,0.15583232686715232,0.007645005231572707,0.053854743698459134,0.00023080044634455488
0.1306,6.719115335907955e-06,2.188403103375059e-05,-0.16777757129331852,0.008764063491990725,0.16644811421191336,0.0015361761778328934,0.056529053284844095,0.00023591099186330935
0.13065000000000002,-1.7186673461958104e-06,2.2047429680435547e-05,-0.16903029424544253,-0.0022417400012582425,0.16894298655108467,0.0001005079646648261,0.05715755694010149,0.00024145899771936666
0.1307,-1.0113572781165628e-05,2.1660789925426163e-05,-0.16606605612133338,-0.013191616657071019,0.16306952869410712,0.003480375000542271,0.05567792624146903,0.00024689427099400973
0.13075,-1.8256165211616634e-05,2.073375765507875e-05,-0.15895880870585202,-0.023812389388765343,0.149410208252161,0.011340597768043687,0.052236895395573864,0.00025167779895459536
0.1308,-2.5943303553394442e-05,1.9289460420114297e-05,-0.14788586323821404,-0.0338390915760444,0.12931961229732136,0.022901682373838383,0.04717570944749925,0.0002553352015321676
0.13085,-3.298320940521869e-05,1.73639305042405e-05,-0.13312346720387996,-0.04302157746707265,0.1047901140441673,0.03701712255510666,0.04099628342403101,0.00025750377647265437
0.13090000000000002,-3.920025145808072e-05,1.5005205939093259e-05,-0.11503991220176378,-0.05113076275454424,0.07825429002870517,0.052287097997229776,0.03431142749836351,0.0002579684671422112
0.13095,-4.443932721013155e-05,1.2272132098212167e-05,-0.0940863460782612,-0.0579643398224186,0.05234368307480127,0.06719729382097646,0.027784075109863145,0.00025668319061460896
0.131,-4.8569732399181235e-05,9.23289359472956e-06,-0.07078551754529501,-0.06335182485269134,0.029627833538540743,0.0802690742433216,0.022061540124808772,0.00025377540693573123
0.13105,-5.148842184462694e-05,5.963313230609477e-06,-0.04571873474818838,-0.06715881108743962,0.012359459490133696,0.09020611813356808,0.017711323133985626,0.0002495334794185604
0.1311,-5.3122580200450385e-05,2.5449603664341906e-06,-0.019511362782514953,-0.0692903219881765,0.0022510559049619024,0.09602297442450351,0.015164832718937347,0.00024437807765255215
0.13115000000000002,-5.343143854460538e-05,-9.368840676828579e-07,0.0071827778815345585,-0.06969318069999351,0.00030506750088780504,0.09714278872163896,0.014674602904436769,0.00023882045990019182
0.1312,-5.2407291497711346e-05,-4.39535515537366e-06,0.03369772289275279,-0.06835733672834114,0.00671447685752819,0.09345450969183634,0.016289249510088963,0.00023341177205502377
0.13125,-5.00756894331036e-05,-7.744171098213342e-06,0.05937197845548893,-0.06531611664628038,0.020843666440452466,0.0853239018750101,0.0198486489326896,0.00022868839060236057
0.1313,-4.6494801074487464e-05,-1.0899785770717246e-05,0.08356502428446831,-0.06064539270419019,0.041291452444794985,0.0735572731249089,0.024999817536063895,0.00022511873071834156
0.13135,-4.175396226840624e-05,-1.378347302159615e-05,0.1056732932042523,-0.05446168991473664,0.06603003937753849,0.05932151336737854,0.03123191679837053,0.00022305679343324918
0.13140000000000002,-3.5971447286654395e-05,-1.6323290740820063e-05,0.12514522905511288,-0.046919279073728934,0.09260611546739476,0.044028374975969155,0.03792691295690871,0.00022270706008860097
0.13145,-2.929151806910822e-05,-1.8455875651192823e-05,0.1414950466970612,-0.03820632792051698,0.11838414610225764,0.029194469863401507,0.04442086695911728,0.00022410421335281188
0.1315,-2.1880825232933072e-05,-2.0128024117052994e-05,0.15431485160124486,-0.02854020683439213,0.1408077384856601,0.016290868122997668,0.050069777067878095,0.00022710969851465608
0.13155,-1.3924250440997378e-05,-2.129801943695805e-05,0.1632848157169572,-0.01816206580096998,0.15765315746969918,0.006597212683175265,0.05431344398991763,0.00023142546310431613
0.1316,-5.620294005799843e-06,-2.193667262342198e-05,0.16818115680905094,-0.007330818280847981,0.16724985236100678,0.0010748179333362991,0.05673102570126161,0.0002366235153580191
0.13165000000000002,2.8238772982879673e-06,-2.2028050572909694e-05,0.1688817210857845,0.0036833182035892684,0.16864612423964334,0.00027133665977784147,0.057082771932760096,0.00024218836715517042
0.1317,1.1197598627218137e-05,-2.156987360143144e-05,0.1653690309641626,0.014605563412045827,0.161703505670727,0.004266449651665834,0.05533380025180222,0.0002475681554533633
0.13175,1.9291962709028793e-05,-2.0573572280971853e-05,0.15773072083822134,0.025163429606434425,0.14711049218949168,0.01266396379115961,0.051657555160963764,0.00025222936948204096
0.1318,2.690503168298679e-05,-1.906400230593344e-05,0.14615735101823923,0.0350935195697132,0.12631426481389132,0.024631102315796863,0.046418607860707124,0.00025570975945104216
0.13185,3.384687498577952e-05,-1.7078824354336496e-05,0.13093765339660268,0.04414809779482692,0.10137717369206582,0.038981090778032024,0.04013650177072252,0.00025766417672501624
0.13190000000000002,3.994430782335899e-05,-1.4667564585090243e-05,0.11245132848267707,0.05210127105840234,0.07477221625300372,0.05429084891802227,0.033434229892741224,0.00025789880328999876
0.13195,4.504521164349738e-05,-1.1890378992049721e-05,0.09115957227858648,0.058754623870146655,0.04913779114583615,0.06904211652244814,0.026976452714396887,0.0002563903708719867
0.132,4.902232934650405e-05,-8.816552706451121e-06,0.06759357073760869,0.0639421686991796,0.027016049982926775,0.08177201875908686,0.021403584423983248,0.0002532884703466214
0.13205,5.1776439913658514e-05,-5.522771410732692e-06,0.0423412474779115,0.06753448683182546,0.010600793411570247,0.09121813823276012,0.017268283210885513,0.0002489007150010849
0.1321,5.323883394687011e-05,-2.0912082381416942e-06,0.016032596472164668,0.0694419573110728,0.0015199132342485825,0.09644370870385716,0.014980644604857108,0.00024366223647164545
0.13215000000000002,5.337302765924767e-05,1.3925263161830472e-06,-0.01067603510533266,0.06961699258895034,0.0006739552461324779,0.09693051314259932,0.014767532422530488,0.00023809253138402215
0.1322,5.217567322627302e-05,4.841520178886278e-06,-0.03711832139852225,0.06805522593992955,0.008146812628454249,0.09263027555469719,0.016650080900092568,0.00023274394458330886
0.13225,4.9676642167804314e-05,8.169727989285437e-06,-0.06263458127401275,0.06479562021198476,0.023197406297663654,0.08396944797311537,0.02044159873870912,0.00022814689214605346
0.1323,4.593828023728456e-05,1.1294117753580213e-05,-0.08658823614234291,0.059919495958508116,0.04433317732916009,0.07180691991843341,0.02576608326424929,0.00022475726143719933
0.13235,4.105385191399794e-05,1.4136742316452178e-05,-0.10838169111841028,0.053548502492463325,0.06945810312806691,0.057348842383707015,0.03209550829692904,0.00022291119997434227
0.13240000000000002,3.5145213745624454e-05,1.662668400083691e-05,-0.12747124403879245,0.045841583147262326,0.09608055893263497,0.0420290149089473,0.03880218834993686,0.0002227917809294851
0.13245,2.8359774181063777e-05,1.87018238335327e-05,-0.14338064942065176,0.036991009802536494,0.12156041067065476,0.02736669612422702,0.04522102567520975,0.00022441084676117103
0.1325,2.086681610664139e-05,2.031039131534188e-05,-0.15571300011501846,0.027217586230816146,0.1433708357733811,0.014815940004638253,0.050715467810335216,0.00022760783580295054
0.13255,1.2853273535751782e-05,2.1412255963707225e-05,-0.16416062908394766,0.016765139400243823,0.1593489065698622,0.005621397982192156,0.05474063397980371,0.00023206570431681298
0.1326,4.519068010415951e-06,2.197992850735337e-05,-0.16851278524930388,0.005894436543510594,0.16791008676400374,0.0006948876433094623,0.05689735073145244,0.0002373423680692441
0.13265000000000002,-3.927879042957543e-06,2.1999246671344362e-05,-0.16866089117052283,-0.005123320481653768,0.16820536889318877,0.0005249682551546599,0.05697173765914309,0.0002429145432120296
0.1327,-1.2276833527501397e-05,2.1469728509252236e-05,-0.1646012519237064,-0.016013261112132,0.16020547001041058,0.0051284906289063795,0.05495641786403887,0.0002482296403077768
0.13275,-2.0319506058803992e-05,2.0404584417073874e-05,-0.15643514721364937,-0.026503703543715878,0.1447037355913751,0.014048926030663551,0.051051249472111836,0.0002527605641165361
0.1328,-2.7855248365897303e-05,1.883038756887593e-05,-0.1443663047056387,-0.03633293263907056,0.12323746395997931,0.026401639883104774,0.04564350585118834,0.00025605798550268246
0.13285,-3.469605905056535e-05,1.678641096419998e-05,-0.1286958173966979,-0.04525572918342349,0.09793545323792165,0.040961620478467374,0.03926946990257852,0.0002577949010267398
0.13290000000000002,-4.067127383722884e-05,1.4323647647963443e-05,-0.1098146319693686,-0.053049487601407826,0.07130688964033413,0.05628496269543845,0.032561251193451504,0.0002577990617053589
0.13295,-4.563182331458881e-05,1.1503538544292584e-05,-0.08819379549841216,-0.0595197695281126,0.04599251290390676,0.07085205929359283,0.026184100022870416,0.0002560700550199941
0.133,-4.945395187866865e-05,8.396439618213962e-06,-0.06437270373243935,-0.06450515461295467,0.024502735571639938,0.08321829943282373,0.020770434886572382,0.0002527793454566369
0.13305,-5.204230523598649e-05,5.079866653860103e-06,-0.03894564432923774,-0.06788126768858942,0.008968686822571516,0.09215733006019868,0.016857125933468775,0.0002482532710033281
0.1331,-5.333230923182356e-05,1.6365613777815223e-06,-0.012546970547947317,-0.06956388159733028,0.000930869562218728,0.09678267245774771,0.01483225380852427,0.00024294067975680263
0.13315000000000002,-5.329178091675376e-05,-1.847572765455678e-06,0.014164724558598244,-0.06951101857959271,0.0011863896231678684,0.09663563407944968,0.014896623955559364,0.00023736841858134657
0.1332,-5.192173137194899e-05,-5.285613737215925e-06,0.04052303867328578,-0.06772399743509436,0.009709907223144403,0.09173079657177334,0.01704385281239923,0.00023208908533569169
0.13325,-4.9256340556475616e-05,-8.59178942941467e-06,0.06587038565494621,-0.06424740072243902,0.025656149905162275,0.08255456999179317,0.021061000911431663,0.00022762622870536067
0.1333,-4.5362104514231054e-05,-1.1683617500469101e-05,0.08957440086175184,-0.05916796240645765,0.047443737705794624,0.07001695550663972,0.026549689905479575,0.0002244224274844961
0.13335,-4.033617651015727e-05,-1.4483963151471076e-05,0.11104371752491443,-0.052612404144284516,0.07291200778109387,0.055361301396830535,0.03296560961303056,0.0002227954010608443
0.13340000000000002,-3.4303943175812686e-05,-1.692296346386808e-05,0.12974271991337336,-0.04474427370612581,0.09953528601567005,0.040041000589774035,0.0396724968295062,0.00022290650047918274
0.13345,-2.74158964477476e-05,-1.8939770365521984e-05,0.14520490616335474,-0.03575986493545019,0.12467335690099467,0.025575358804032805,0.04600523336842224,0.00022474470837789915
0.1335,-1.984387902354291e-05,-2.0484068626028094e-05,0.1570445261567299,-0.025883320466382677,0.14583329194721475,0.013398925567309289,0.051335805226680034,0.0002281277303824668
0.13355,-1.1776797302748197e-05,-2.1517331168379995e-05,0.16496620564808165,-0.01536103996639894,0.16091667236217205,0.004719230976986111,0.05513558265839825,0.0002327200744298641
0.1336,-3.4159085122345376e-06,-2.2013780184596856e-05,0.16877231477141072,-0.0044555328457125815,0.16842768765096305,0.00039703545878447304,0.05702774378541795,0.00023806632000089996
0.13365000000000002,5.0302002292011386e-06,-2.1961030300128494e-05,0.16836789898608454,0.0065611307252500875,0.16762147475058922,0.0008609687278764147,0.056824644127158194,0.00024363628324429356
0.1337,1.3350815732025813e-05,-2.1360397501681157e-05,0.1637630475321302,0.01741410747017136,0.15857798523669578,0.006065022779653558,0.054546424890969496,0.00024887759371429983
0.13375,2.1338355624488124e-05,-2.0226866366967658e-05,0.15507264215748065,0.027832637760795302,0.14219405698923757,0.015493114494472972,0.05041901586557503,0.00025327047389360865
0.1338,2.879354705949765e-05,-1.8588716168398567e-05,0.14251349064307012,0.03755680050620819,0.12009447489337396,0.028210265285262392,0.04485172982333423,0.0002563792839454317
0.13385,3.5530398250763476e-05,-1.6486815432502894e-05,0.12639891832066918,0.046343997708138795,0.09447084222222107,0.04295532247143948,0.03839667147598632,0.00025789572539148436
0.13390000000000002,4.13808384688359e-05,-1.3973602275468657e-05,0.10713095078961721,0.053975006690214634,0.06786424017965419,0.05826602694417429,0.03169398527580091,0.0002576694131161981
0.13395,4.6198911198259756e-05,-1.1111776253270885e-05,0.0851902846064982,0.06025944937922732,0.04291323062835722,0.0726240247897532,0.02540837290113531,0.0002557227907707612
0.134,4.986441532392396e-05,-7.972734076947961e-06,0.06112429459001155,0.06504054171787978,0.02209219117310933,0.08460544133910519,0.020163174979118806,0.00025224890349369517
0.13405,5.2285904017913064e-05,-4.634788451507627e-06,0.03553337811930511,0.06819900523214091,0.0074659326377548305,0.09302208629307167,0.016478554865099772,0.00024759225496330815
0.1341,5.3402966059690036e-05,-1.181214307634682e-06,0.009055976349446514,0.0696560426786594,0.00048493288033075804,0.09703928563302439,0.014719914260237126,0.00024221464224324744
0.13415000000000002,5.318773304312353e-05,2.3018287231628898e-06,-0.017647353559205887,0.0693753039626482,0.0018414937346333165,0.09625865599819662,0.015061656575016725,0.00023664936029198027
0.1342,5.164557458282964e-05,5.727445823051254e-06,-0.043910417992100916,0.06736379292832119,0.011401085820572927,0.09075761195379471,0.017469891409551245,0.00023144831491068044
0.13425,4.8814964394744954e-05,9.010174833608194e-06,-0.06907800707697145,0.063671692684711,0.02821568975139258,0.0810816889867256,0.02170579547146108,0.0002271272909311727
0.1343,4.4766520423639314e-05,1.2068118362299181e-05,-0.09252224079894264,0.058391113593496274,0.050617810678328407,0.0681904429337717,0.027349296524980807,0.00022411480183211002
0.13435,3.9601243088900106e-05,1.4824986956179891e-05,-0.11365823335247922,0.05165379533216486,0.07638584282536483,0.053362291444343526,0.03384073173426477,0.00022270959447765216
0.13440000000000002,3.344799552545077e-05,1.7212002368783792e-05,-0.13195868485131504,0.04362782025215945,0.10296438489630752,0.03806773399909469,0.040536349115241566,0.000223051022529457
0.13445000000000001,2.646028870268083e-05,1.916961343187866e-05,-0.1469670363328913,0.03451342004864328,0.12771765774906677,0.023823523269081836,0.04677214802730906,0.00022510522667365833
0.1345,1.8812451656673828e-05,2.064898174757335e-05,-0.15830886008638861,0.0245379804265244,0.14819089322385526,0.012042249668249893,0.051929727813941014,0.0002286684927561311
0.13455,1.0695282317081322e-05,2.1613200088292615e-05,-0.16570120069664313,0.01395036824387399,0.16235377199042103,0.003892255482793757,0.05549761414703747,0.0002333874535432471
0.1346,2.311287501367618e-06,2.2038213180112697e-05,-0.16895963439781736,0.003014722834891832,0.16880176934885235,0.0001817710754243649,0.057121981773001866,0.00023879413248078016
0.13465000000000002,-6.130369221076804e-06,2.1913417806398184e-05,-0.16800286986486015,-0.007996133760389237,0.16689544096586584,0.0012787631022807304,0.056641743031000384,0.0002443523521060226
0.13470000000000001,-1.4419085739524959e-05,2.1241927363939613e-05,-0.1628547764681125,-0.01880750313026716,0.15682383640436684,0.007074443479900181,0.0541045229589428,0.00024951090703206945
0.13475,-2.2348075479891272e-05,2.0040494163423033e-05,-0.15364378859650063,-0.029149663661801713,0.1395857510056362,0.016994057831923266,0.04976193622336084,0.0002537582261328774
0.1348,-2.9719526332879933e-05,1.8339091519342182e-05,-0.1405997016490808,-0.03876459955451765,0.11689067607398551,0.0300538835724422,0.04404463474348741,0.0002566731053107276
0.13485,-3.6349535619064726e-05,1.6180165946905784e-05,-0.1240479389310611,-0.047412437755949915,0.09098926942381598,0.0449587850792365,0.037519600067974,0.00025796647739439094
0.13490000000000002,-4.2072698154565545e-05,1.3617578245751107e-05,-0.10440143321203944,-0.05487743236641239,0.06445015907725885,0.06023065166260332,0.030833916262846366,0.00025751007967248353
0.13495000000000001,-4.674623268235139e-05,1.0715259741756096e-05,-0.0821503246891307,-0.06097334696971529,0.039905213703003255,0.07435498081378578,0.02465059881512706,0.0002553491725655558
0.135,-5.025354408180344e-05,7.5456173705711945e-06,-0.057849733164372655,-0.0655481009686812,0.01978854179568429,0.08593107081200851,0.01958284387617951,0.00025169805233906403
0.13505,-5.250713205321689e-05,4.187727235066985e-06,-0.03210590880098417,-0.0684875635409804,0.006095102421223293,0.09381092719559656,0.01613321783921371,0.00024691879820418926
0.1351,-5.3450774210672255e-05,7.253618505966379e-07,-0.005561107507202574,-0.06971840113860767,0.00018286629033557216,0.09721310914647621,0.014643818205384762,0.00024148536645076925
0.13515000000000002,-5.306092857078745e-05,-2.7550998337774304e-06,0.02112243206515161,-0.06920990682567554,0.0026381465451720135,0.0958002240563738,0.015262347881149961,0.00023593658713115257
0.13520000000000001,-5.134732102138713e-05,-6.1668273973053056e-06,0.04727901006310857,-0.06697476654605183,0.01321745442202586,0.08971238707796288,0.017927467646789475,0.00023082272988948538
0.13525,-4.835270254463229e-05,-9.42470519653962e-06,0.07225607318535679,-0.06306874244547403,0.03087164587995409,0.07955332547307076,0.022374879045295885,0.00022665093280118385
0.1353,-4.4151782788634244e-05,-1.2447455829092177e-05,0.09543049470969962,-0.057589281897566194,0.05384996466663805,0.06633050778954691,0.028163534809508048,0.0002238349109020308
0.13535,-3.884936610384747e-05,-1.5159667826217112e-05,0.11622412001121973,-0.050673086218274134,0.07987366374281285,0.051355233337692874,0.03471937714541874,0.00022265392719147725
0.13540000000000002,-3.257773700239967e-05,-1.749367704241356e-05,0.13411819067710173,-0.04249270043902642,0.10636198753374047,0.036112591812016724,0.041392266912801345,0.00022322509956764435
0.13545000000000001,-2.5493359808180776e-05,-1.9391254695803735e-05,0.14866628601538207,-0.03325220844341967,0.13068810372129094,0.022114187327292603,0.047520457294308656,0.00022549178477302638
0.1355,-1.7772975299185094e-05,-2.0805060108948904e-05,0.1595054608521279,-0.02318214169754423,0.15043960510180238,0.010748233873700379,0.05249621916435447,0.00022922919727359813
0.13555,-9.60919130881736e-06,-2.1699821706713374e-05,0.16636529976723702,-0.012533727794634398,0.16365774624889726,0.003141886648599817,0.055826108930575234,0.00023406669963764942
0.1356,-1.205677597936594e-06,-2.2053217026123998e-05,0.16907466388088482,-0.0015726229584663628,0.1690316916144539,4.9462859389909904e-05,0.05717990336177684,0.00023952455976099203
0.13565,7.227915307631033e-06,-2.1856429561902767e-05,0.16756595998919693,0.009427715615921595,0.1660285099558225,0.0017776364346938378,0.056423347359406364,0.00024506152444685853
0.13570000000000002,1.548118647488115e-05,-2.1114368771999738e-05,0.16187682726171407,0.020192851917870132,0.15494602519745507,0.00815502537154063,0.053631468214368726,0.00025012849626012773
0.13575,2.334823361420143e-05,-1.9845547547555338e-05,0.15214919787691747,0.030454217753676214,0.13688328106727005,0.01854918757976655,0.04908113496614376,0.0002542229861999081
0.1358,3.06327899620639e-05,-1.808162040147497e-05,0.13862575641629968,0.03995581298757805,0.11363154984195976,0.03192933982996621,0.04322360165847744,0.00025693894624741946
0.13585,3.7153120682040155e-05,-1.5866593707527423e-05,0.12164388509779717,0.048460592188479465,0.08749669262340452,0.04696857990516234,0.03663975654914651,0.00025800703593409433
0.1359,4.274655683882911e-05,-1.3255727870815786e-05,0.10162724700949015,0.055756378479024885,0.061070488585101286,0.06217547482192539,0.029982515892744657,0.0002573213335954793
0.13595000000000002,4.727355359962889e-05,-1.031415866314357e-05,0.07907521641474743,0.06166115686287728,0.03697360955251354,0.07604196531336715,0.023912074499083356,0.0002549498398210592
0.136,5.0621171634077903e-05,-7.115272237212369e-06,0.05455042048002286,0.06602761516913423,0.017595729518587476,0.0871929192984657,0.019030434643864447,0.0002511277343657781
0.13605,5.270589470236223e-05,-3.738874283953079e-06,0.028664702834088743,0.06874681917179207,0.004858541984665736,0.09452250292478155,0.015821705815850462,0.00024623405329572527
0.1361,5.347571321203365e-05,-2.6919904396388053e-07,0.002063859327426641,0.0697509302720648,2.5186699330220973e-05,0.09730384547636892,0.01460409585210215,0.00024075410017893972
0.13615,5.2911421768295455e-05,3.2071921627989678e-06,-0.024588473261733954,0.06901489795520503,0.003574984797304084,0.09526112279534726,0.015498354453988103,0.00023523131895391002
0.13620000000000002,5.1027098284522256e-05,6.603570467649325e-06,-0.05062737359822169,0.06655708471615195,0.015155904790116265,0.08859691051826053,0.01841579849264691,0.00023021340067608755
0.13625,4.7869752796952784e-05,9.835203160945955e-06,-0.07540322425241254,0.06243880799542554,0.03361947333845579,0.07797209487779232,0.023067106686988078,0.00022619796957757787
0.1363,4.351815462130164e-05,1.2821467597325719e-05,-0.09829791826072057,0.05676281037466707,0.05713466868532519,0.06444033283260824,0.02899101139367384,0.00022358323357322187
0.13635,3.808086727002698e-05,1.5487862574718706e-05,-0.11874027975820328,0.049670696441406245,0.08336950211347087,0.04934356169948654,0.03560004232903574,0.00022262849473960142
0.1364,3.16935399567289e-05,1.7767866971907667e-05,-0.13622031346600047,0.04133939994443232,0.10972227985736394,0.03417891975531462,0.04223878556484805,0.000223428433798131
0.13645000000000002,2.4515523479435026e-05,1.9604599337542703e-05,-0.15030192827004935,0.031976769759829604,0.13357961176964017,0.020450276085463064,0.04824888069620958,0.00022590372144034142
0.1365,1.6725894699078977e-05,2.095223693767117e-05,-0.16063381653534103,0.021816384392302234,0.15257557955755283,0.00951909255905377,0.05303430991327727,0.00022980888458148545
0.13655,8.518988967222799e-06,2.1777158972492263e-05,-0.16695821880065717,0.01111172474513097,0.16482636380983778,0.0024694085362311187,0.056120504930610896,0.00023475665058174416
0.1366,9.955183980564963e-08,2.2058785310262824e-05,-0.16911735405639158,0.00012985022911220917,0.16911706104852478,3.3722164000986425e-07,0.05720140946931582,0.0002402563520565952
0.13665,-8.322368905324206e-06,2.1790089958490774e-05,-0.16705735635546984,-0.010855263783566648,0.1650221653041717,0.002356735036216274,0.05616983088038932,0.00024576258689891966
0.13670000000000002,-1.653666351968117e-05,2.097777630834812e-05,-0.1608296183716982,-0.021569561108175258,0.15294776502791987,0.009304919327986133,0.05312807019037009,0.00025072930468711114
0.13675,-2.4338402119990114e-05,1.964210993815917e-05,-0.15058950952573535,-0.031745741888552045,0.13409127178609892,0.02015584256109136,0.04837777714256678,0.0002546639590109452
0.1368,-3.153294722145602e-05,1.781641298482272e-05,-0.13659249956041492,-0.04112993115586303,0.11032267337101809,0.03383342473772065,0.042390035582981996,0.0002571763520812202
0.13685,-3.7940809634769403e-05,1.5546232882863916e-05,-0.11918778543235702,-0.049488012561197024,0.08399908845604773,0.04898126774514389,0.035758646554310734,0.00025801733175108334
0.1369,-4.3402126223535044e-05,1.2888205974842596e-05,-0.09880957914989516,-0.05661146898417791,0.057731012123362464,0.06409716841093076,0.029141241125198405,0.0002571034980321567
0.13695000000000002,-4.778064832441638e-05,9.908644627178186e-06,-0.07596627546957486,-0.0623225847661235,0.03412343483154503,0.07768209143861297,0.02319406373323061,0.00025452547579378655
0.137,-5.096714069852e-05,6.681882803364031e-06,-0.05122776816348587,-0.06647887916818593,0.015517506757317664,0.0883888275091653,0.018506892588398507,0.0002505389256023283
0.13705,-5.28821069022294e-05,3.2884216382467077e-06,-0.02521123255151725,-0.06897666117308712,0.003758367371934455,0.09515559573173729,0.015544551853293958,0.00024553919179707515
0.1371,-5.347777239819686e-05,-1.8707894095853353e-07,0.0014342718817415695,-0.06975361616789637,1.2163933647334194e-05,0.09731133936996428,0.01460081517715615,0.0002400220948378571
0.13715,-5.2739276580071885e-05,-3.657912281204048e-06,0.02804399416678078,-0.0687903607542699,0.004650405338832966,0.09464227465405194,0.01576927241576066,0.00023453476243187626
0.13720000000000002,-5.068504338340039e-05,-7.037488172033502e-06,0.05395407599100612,-0.06611092614942451,0.017213119783835107,0.08741309112669324,0.018934048301090512,0.0002296213700001653
0.13725,-4.7366321760646955e-05,-1.0241493090040848e-05,0.07851811370276726,-0.06178215881752376,0.03645446992803306,0.07634070296307459,0.023781293803342565,0.00022576917614709549
0.1373,-4.286590702391447e-05,-1.31899936455458e-05,0.10112328462292877,-0.055912052637760216,0.06046630184272044,0.06252315260335338,0.029830310276362734,0.0002233602005528332
0.13735,-3.7296075361421344e-05,-1.5809430769436818e-05,0.12120563591143009,-0.048647054819977546,0.08686737564847355,0.04733071885315801,0.036481220181362004,0.00022263334021157215
0.1374,-3.0795782694819295e-05,-1.8034454843910525e-05,0.1382641538144782,-0.04016841221129171,0.11303951161989713,0.03227002679152497,0.04307445647879612,0.00022366067726103337
0.13745000000000002,-2.3527198073824324e-05,-1.9809556060939437e-05,0.15187326314529373,-0.03068764966373798,0.13638723372827619,0.018834636837686353,0.04895617164245222,0.00022634033137815878
0.1375,-1.567165785417983e-05,-2.1090449263957036e-05,0.16169344436755134,-0.020441292856182073,0.1545951614424444,0.008356929072644004,0.05354307926378144,0.00023040656270816338
0.13755,-7.425141740452971e-06,-2.1845178781378097e-05,0.16747970399972625,-0.0096849674909892,0.16585762478275162,0.0018759719060303527,0.0563802982895764,0.00023545612539066166
0.1376,1.006616512906136e-06,-2.2054915651508733e-05,0.16908768666909121,0.0013129780561117483,0.16905773157392293,3.4478227516619704e-05,0.057186463300337026,0.00024098825712874183
0.13765,9.413261737452644e-06,-2.1714427366502185e-05,0.16647727648246324,0.012278167479426555,0.16387812901352225,0.003015067933056957,0.055881627359995564,0.00024645433950257027
0.13770000000000002,1.7585065284431034e-05,-2.0832208415385122e-05,0.1597135978553152,0.02293704167084607,0.15083247539049027,0.010522157612202583,0.05259519032160907,0.00025131230420516725
0.13775,2.531815732515007e-05,-1.9430268360869505e-05,0.14896539076867568,0.03302368346310124,0.13121450085933958,0.02181127338942213,0.04765306630214181,0.00025508038959098293
0.1378,3.241961299090299e-05,-1.7543582748870777e-05,0.13450080107170675,0.04228645172181959,0.10696970896487065,0.035762879984435586,0.041545362975527,0.00025738491677957564
0.13785,3.8712265442028585e-05,-1.5219220532818889e-05,0.1166806907496728,0.050494259267895164,0.0805024421136771,0.05099340438026834,0.03487777784468181,0.00025799734700820466
0.1379,4.403912584879979e-05,-1.2515169813665176e-05,0.09594963522845855,0.057442338058782794,0.05443744434281787,0.06599244403318973,0.028311531605926966,0.00025685694605508754
0.13795000000000002,4.826729989340521e-05,-9.498891134964058e-06,0.07282483202941173,0.06295734768342932,0.03135956685689471,0.07927255254664407,0.022497795202220675,0.00025407680666616876
0.138,5.12913032789612e-05,-6.245634502119479e-06,0.04788319783637231,0.06690169992584237,0.013557429840360614,0.08951674905934914,0.018013113628976708,0.000249932633903483
0.13805,5.3035693268777586e-05,-2.8365620275179023e-06,0.021746975536131793,0.06917699121757717,0.002796461239314676,0.09570912227833497,0.015302230231688477,0.0002448354028623804
0.1381,5.34569509117847e-05,6.432768822411872e-07,-0.004931789445290005,0.06972645770965076,0.0001438202786328115,0.09723557809471431,0.014633981808472495,0.00023929060327450107
0.13815,5.25445666698642e-05,4.107067346275433e-06,-0.03148751633164296,0.06853639130727072,0.0058625678750896595,0.09394473866846667,0.016074638169740967,0.00023384810963390397
0.13820000000000002,5.032130268664036e-05,7.468394858685026e-06,-0.05725769393219042,0.06563648176582725,0.019385579038453744,0.08616295477191545,0.01948133024465211,0.00022904765114994735
0.13825,4.684262484577078e-05,1.0643401153357006e-05,-0.08159940885308825,0.06109907588587314,0.03937178432192765,0.07466194148215369,0.02451621827266997,0.00022536528643108663
0.1383,4.219531908029911e-05,1.3552876303432434e-05,-0.10390538500839946,0.055037372716411376,0.06383916296987353,0.060582247910503664,0.030679995254062998,0.00022316619370701452
0.13835,3.64953261689225e-05,1.6124234832593028e-05,-0.12361913372372485,0.047602599350596804,0.09036129871351573,0.04532014929866879,0.03736140284000865,0.00022266845552365786
0.1384,2.9884849329896954e-05,1.8293326600824492e-05,-0.14024883728450385,0.038980238260207724,0.11630800628481416,0.030389179496451244,0.04389784964377816,0.00022392143261394494
0.13845000000000002,2.2528806455484015e-05,2.0006037181165388e-05,-0.1533796183957711,0.02938539972444714,0.1391061651492255,0.01727003433931076,0.04964111982936135,0.0002268008676013112
0.1385,1.4610715823580841e-05,2.1219637952783785e-05,-0.16268389097927044,0.01905745542643729,0.15649489477653708,0.007263732146612882,0.05402165659030223,0.0002310212088778943
0.13855,6.328117634734396e-06,2.1903852036615697e-05,-0.1679295322877554,0.008254066480706396,0.1667497644810784,0.0013625922693584174,0.056605044469172326,0.0002361639272188912
0.1386,-2.112354180821338e-06,2.204160970297338e-05,-0.1689856743936918,-0.0027552445789844025,0.16885380469865433,0.00015182745380045874,0.057135090418651724,0.000241719022464056
0.13865,-1.0500127065191007e-05,2.162947416335711e-05,-0.16582596859179866,-0.013695817909553723,0.16259835882935073,0.0037515085642330502,0.05555923000345135,0.0002471355986087244
0.13870000000000002,-1.862594320532938e-05,2.0677727373906148e-05,-0.15852924319971123,-0.024294708523802853,0.1486037760338221,0.011804657245130782,0.052033740485716004,0.0002518764971449302
0.13875,-2.6287080047085382e-05,1.9210113458887468e-05,-0.14727753652547826,-0.03428749571290203,0.1282578911455423,0.023512647245245502,0.04690824261681399,0.00025547156546774534
0.1388,-3.329240788085411e-05,1.726324641060291e-05,-0.1323515558115357,-0.04342487984053249,0.10357839426497624,0.0377144037832937,0.04069102921896216,0.0002575642830873311
0.13885,-3.946715803693188e-05,1.488569657230247e-05,-0.11412367372637286,-0.051478901785809106,0.07701273718059976,0.0530015465814596,0.033998657796826155,0.000257947115943204
0.1389,-4.465728312746193e-05,1.2136778977350649e-05,-0.09304863882091116,-0.058248630163100994,0.051195421271634074,0.06785805831755437,0.027494807120481905,0.00025658209910458087
0.13895000000000002,-4.87333000897358e-05,9.085073500891534e-06,-0.06965223017223172,-0.06356517402786693,0.028686735252465647,0.08081062698386017,0.021824460383510123,0.00025360460020580123
0.139,-5.1593520637907704e-05,5.806713976025083e-06,-0.04451814047484194,-0.0672958964821067,0.011718852914090024,0.09057475366660842,0.017549942712666782,0.0002493098963727932
0.13905,-5.316658808701691e-05,2.3834887814252817e-06,-0.018273413984658142,-0.06934772359013557,0.001974469633162575,0.09618213534267689,0.015095155618710934,0.0002441238908170814
0.1391,-5.341325762557234e-05,-1.099199595555634e-06,0.008427196909129613,-0.06966946646727808,0.00041993043902001056,0.0970766911567037,0.01470353896899604,0.00023856087691697064
0.13915,-5.232737534264364e-05,-4.554465185147373e-06,0.03491756642821996,-0.06825309827255512,0.007209398112023486,0.09316970847606132,0.016413929161947505,0.00023317253556085515
0.13920000000000002,-4.9936031793184795e-05,-7.89610615938752e-06,0.060536813899282296,-0.06513395451337327,0.021669564949829048,0.08484864061100356,0.02005670776580321,0.0002284932256062457
0.13925,-4.6298886116807205e-05,-1.104075539267627e-05,0.08464579135554633,-0.06038985145818459,0.042366424311946926,0.07293868318283199,0.02527062246583816,0.00022498699156533577
0.1393,-4.1506677677747e-05,-1.3909960301291308e-05,0.10664302898693628,-0.05413914479895861,0.06724748025390724,0.05862093999125213,0.03153861226170489,0.00022300154469334405
0.13935,-3.567896230489848e-05,-1.643214007724597e-05,0.12597974060432088,-0.04653777692339221,0.0938452924148903,0.04331529361942834,0.0382390841283782,0.00022273378069912107
0.1394,-2.8961129601760784e-05,-1.854437147677042e-05,0.14217351466399505,-0.0377753864400714,0.11952217064635375,0.028539596413934602,0.044707556005916624,0.00022421025348376447
0.13945000000000002,-2.1520775797292856e-05,-2.0193958640452408e-05,0.15482034958534324,-0.028070577132273677,0.1417317533636313,0.01575914601077852,0.05030255319307256,0.00022728454220570293
0.1395,-1.3543522536203443e-05,-2.1339747727192256e-05,0.16360473258134456,-0.01766546418138157,0.15827152865019758,0.006241372494873505,0.054469222920257555,0.00023165177122645296
0.13955,-5.228386016242755e-06,-2.195315364390251e-05,0.16830751127371157,-0.0068196339400792925,0.1675012563146142,0.0009301481415336282,0.056794358923531144,0.00023687884504782907
0.1396,3.2171880679289854e-06,-2.2018873156694058e-05,0.16881136087098442,0.004196332258444328,0.16850562938372635,0.0003521840884652095,0.05704737873149724,0.0002424473975330159
0.13965,1.158249987505312e-05,-2.1535266705242953e-05,0.16510371140596294,0.015107608527148002,0.16118504479416768,0.004564796708191101,0.05520319054627566,0.0002478051986041796
0.13970000000000002,1.9658851934715225e-05,-2.0514399277123314e-05,0.15727706112392761,0.0256419807804018,0.14626548077252982,0.013150223566849906,0.051444681446586815,0.00025242091799116203
0.13975,2.7244755748650762e-05,-1.898173944001418e-05,0.1455266690312019,0.03553663792693591,0.12522650216423378,0.0252570527030028,0.04614458070408438,0.0002558368175617122
0.1398,3.415095847254443e-05,-1.6975523918989738e-05,0.13014568337651394,0.04454472843951099,0.10015453263063585,0.03968465663499558,0.03982849629832898,0.0002577141442079501
0.13985,4.0205164462028515e-05,-1.4545803711630394e-05,0.1115178284441482,0.05244151885942218,0.07353594539248144,0.05500225800566264,0.03312279082264634,0.0002578667248150959
0.1399,4.5256333597482065e-05,-1.1753195368244451e-05,0.09010783115619858,0.05903000034309362,0.0480104907845278,0.06969081881011266,0.026692465292864884,0.0002562794277078338
0.13995000000000002,4.917844955048913e-05,-8.667368782656987e-06,0.06644982732112925,0.06414580375933647,0.026109513863225183,0.08229368279862609,0.021175211521809706,0.00025310966463563
0.14,5.1873663488231366e-05,-5.365309022165408e-06,0.04113403583597681,0.06766130020102809,0.010004922214723768,0.09156103089787287,0.01711817244299178,0.00024867177882536293
0.14005,5.327473536276424e-05,-1.929395750225963e-06,0.014792034072061349,0.06948878525530362,0.001293799173136451,0.09657382552515403,0.014923682372751153,0.00024340587331329308
0.1401,5.3346711248042234e-05,1.5546520119416476e-06,-0.01191899876065778,0.06958266684464767,0.0008400219258227587,0.0968349505042646,0.014809367638552813,0.0002378341646266402
0.14015,5.208779553079489e-05,4.999914377045479e-06,-0.03833267690347093,0.06794060286735876,0.00868859130992576,0.09231851035960315,0.01678656479111226,0.00023250919633596012
0.14020000000000002,4.952939555569403e-05,8.320439077612935e-06,-0.06379003293326507,0.06460355942061537,0.024061169092216703,0.0834723977962596,0.020659196272693026,0.00022795904224972704
0.14025,4.5735338212853945e-05,1.1433385798185191e-05,-0.08765595779853615,0.059654788976159,0.04543326536686079,0.07117387695580123,0.026043215418527686,0.00022463493888300615
0.1403,4.080027746289171e-05,1.426109286257523e-05,-0.10933504528110576,0.05321775321164765,0.0706854212871501,0.05664258513791667,0.03240469202393039,0.00022286653537900757
0.14035,3.4847333038121807e-05,1.6733014757591115e-05,-0.12828644648405013,0.04545304309668035,0.09731339477031789,0.04131958253497363,0.03911276208325616,0.00022282920371926156
0.1404,2.8025018729224907e-05,1.87874820632355e-05,-0.1440373624891091,0.03655437225599159,0.12267650453136608,0.026724442620592155,0.04550218997872685,0.0002245266456770424
0.14045000000000002,2.050353737950387e-05,2.0373240022664094e-05,-0.15619484018003046,0.026743744412072924,0.14425950527488524,0.014304557303565637,0.05093933979326536,0.00022779052720296603
0.1405,1.2470534594616419e-05,2.1450727198682862e-05,-0.1644555751944231,0.01626591469047084,0.15992202283347545,0.005291599614353501,0.054885012367210134,0.00023229717073178064
0.14055,4.126417411713404e-06,2.1993062494250735e-05,-0.16861347912555583,0.005382283584814032,0.16811081419366694,0.0005793795317471718,0.05694791761541058,0.0002375996551712291
0.1406,-4.3206454671984815e-06,2.1986715740968852e-05,-0.16856482068347003,-0.005635624519874417,0.16801380144028957,0.000635205274580195,0.056923478335287846,0.00024317213592222285
0.14065,-1.2659917057868143e-05,2.1431845285692954e-05,-0.16431081385629084,-0.016512935288666077,0.15964060533131816,0.005453540636953468,0.05481411819577634,0.0002484619933624286
0.14070000000000002,-2.0683349540067685e-05,2.0342294006620434e-05,-0.15595758738439555,-0.026978282006234644,0.14382159098162214,0.014556554000158478,0.05082902122554652,0.00025294463513455797
0.14075000000000001,-2.8190774648826177e-05,1.8745243992918664e-05,-0.14371353727465686,-0.03677057562528544,0.12212552122077239,0.027041504636296718,0.045363387287432874,0.0002561755203243284
0.1408,-3.499489743236098e-05,1.6680538377693554e-05,-0.1278841275599645,-0.04564551838778898,0.09670398309106568,0.04167026697779963,0.03895924021021649,0.0002578342437038149
0.14085,-4.0925968918982426e-05,1.4199687360311183e-05,-0.10886426975492398,-0.05338169858730273,0.07007801630642595,0.05699211488131277,0.03225167569074263,0.0002577563107566216
0.1409,-4.583602096550485e-05,1.1364583108666072e-05,-0.08712847049020594,-0.05978611430060282,0.04488810305237953,0.0714875892632949,0.025905879129419614,0.00025594944994406643
0.14095000000000002,-4.9602557791090366e-05,8.245955691287263e-06,-0.06321899362317568,-0.06469898842173276,0.02363231291189028,0.0837191820559102,0.020551159617840785,0.00025259284666238164
0.14100000000000001,-5.21316119893072e-05,4.9216085012699814e-06,-0.03773233182939744,-0.06799775476789459,0.008418570680070117,0.09247389306949462,0.01671854169099171,0.0002480193734137205
0.14105,-5.3360088809697705e-05,1.4744772182535769e-06,-0.011304325328498788,-0.06960011583876394,0.0007556146462880481,0.09688352249538718,0.014788103916573155,0.0002426825789104487
0.1411,-5.325734027105047e-05,-2.0094392630829012e-06,0.015405701031704973,-0.06946609600680978,0.0014033758655029138,0.09651076988854629,0.014951286731838494,0.00023711171015690228
0.14115,-5.182592972994428e-05,-5.443224334080363e-06,0.04173138657298163,-0.06759903877972301,0.010297616220021033,0.0913926008788499,0.01719190738243475,0.00023185922699641326
0.14120000000000002,-4.910156797057182e-05,-8.74121206231849e-06,0.0670159591600613,-0.06404552344319026,0.026556298883168537,0.08203658146224466,0.021287764783622706,0.0002274460153447176
0.14125000000000001,-4.5152222247780676e-05,-1.1821124380163267e-05,0.09062862025851681,-0.058894202934743414,0.04856705939841316,0.06937054278637479,0.026832675037881108,0.00022430973079449145
0.1413,-4.00764206956716e-05,-1.4606123761389448e-05,0.11198028218460976,-0.05227359221736688,0.07414710300357358,0.05465056886615119,0.033276752526212344,0.00022276139709039123
0.14135,-3.40007941936164e-05,-1.702673014724926e-05,0.13053826447064348,-0.04434886199548792,0.10075967107617016,0.03933643120589665,0.039980941662899824,0.00022295456142380006
0.1414,-2.707691724176311e-05,-1.902255435333281e-05,0.14583958338423772,-0.03531771814791369,0.12576561020496482,0.024946824303509443,0.04628039180890247,0.00022487006800059323
0.14145000000000002,-1.9477526436790732e-05,-2.0543804628877202e-05,0.15750250215974415,-0.025405469269317433,0.1466850953642661,0.012908757375884648,0.051550389979543115,0.00022831795690409512
0.14150000000000001,-1.1392211082528777e-05,-2.1552528892193614e-05,0.16523605484339376,-0.014859405766386427,0.1614435530047023,0.004416038794602364,0.05526831345960841,0.00023295630313439555
0.14155,-3.022683301447209e-06,-2.202356152043812e-05,0.16884730499202918,-0.0039426303969141985,0.16857739508013667,0.0003108866889334362,0.05706545780948266,0.00023832512427894115
0.1416,5.4222542636886526e-06,-2.194515122126486e-05,0.168246159361129,0.0070725055552499656,0.16737916254750543,0.0010004066965808324,0.05676360128402795,0.0002438919975754671
0.14165,1.3731917642512258e-05,-2.13192541609823e-05,0.16344761523300483,0.01791119692138089,0.15796768338266312,0.0064162195031296845,0.054392678776182236,0.00024910485910136616
0.14170000000000002,2.1698997694933452e-05,-2.0161485205248964e-05,0.15457138656526617,0.0283030404657966,0.1412762887664453,0.016021241992170396,0.05018781338824345,0.00025344675252667915
0.14175000000000001,2.912473200627115e-05,-1.8500728313073512e-05,0.14183891706788407,0.03798878087689057,0.11896025486770954,0.02886294945024813,0.044565999207517415,0.0002564870943908082
0.1418,3.5823863684601105e-05,-1.6378416000583114e-05,0.12556785599373527,0.046726778715254075,0.09323265035517586,0.04366783698208643,0.03808474846503984,0.0002579243761409836
0.14185,4.1629263022133144e-05,-1.3847495610531447e-05,0.10616413301634278,0.05429903872435567,0.06664486726277237,0.05896771212778152,0.03138680309739068,0.0002576160628577509
0.1419,4.6396097191847934e-05,-1.0971108461934498e-05,0.08411183152988214,0.060516648509205746,0.04183360119756707,0.07324529493573509,0.025136394646982814,0.0002555927302932458
0.14195000000000002,5.000544336157805e-05,-7.821014531444709e-06,0.05996111140658527,0.0652244913408484,0.0212593714699011,0.08508468541344816,0.019953372574243084,0.00025205503074380556
0.14200000000000002,5.236725574701862e-05,-4.4758022471250735e-06,0.034314483882158395,0.06830511619151725,0.006962512927119257,0.09331177795873342,0.01635173430200783,0.000247353796279853
0.14205,5.3422611911507126e-05,-1.0189278244402003e-06,0.007811779982885056,0.0696816677108224,0.0003608370119125237,0.09711069629922939,0.014688652257886417,0.00024195524535738558
0.1421,5.314518290265307e-05,2.463366767619935e-06,-0.0188858118977275,0.06931980378742451,0.002109028225842159,0.09610470394254068,0.015129053373453792,0.00023639474952655767
0.14215,5.154188998127334e-05,5.884205384312057e-06,-0.04511224128604107,0.06722855215054972,0.012033719424318556,0.09039356448518367,0.017629263300477527,0.00023122373979969087
0.1422,4.865273205841356e-05,9.158245080737083e-06,-0.0702132122973842,0.06346008529643571,0.02915068455035766,0.08054364851661791,0.021941337639727776,0.00022695502252737746
0.14225000000000002,4.454978771019411e-05,1.2203805243358682e-05,-0.09356250687200997,0.05810841875427692,0.051762443753015995,0.06753176660244804,0.027637650374717028,0.0002240119238110005
0.1423,3.933541704632821e-05,1.494490536239056e-05,-0.11457760778788997,0.05130706571657353,0.07762660156883203,0.052648299848895894,0.03415330139012547,0.00022268630929220086
0.14235,3.313970796490654e-05,1.7313160578203575e-05,-0.13273423110749658,0.043225706045354265,0.10417822394259502,0.03736923326238752,0.04084213720475475,0.00022310963927414976
0.1424,2.6117230773889447e-05,1.9249487756148816e-05,-0.1475794061370801,0.03406595318817399,0.12878420137830401,0.023209783332377238,0.047040829731403055,0.00022523993242788506
0.14245,1.8443181952693454e-05,2.0705579482759364e-05,-0.15874277603958747,0.024056324291778345,0.14900437288358595,0.011574134768624098,0.05213465810480287,0.00022886592876462185
0.14250000000000002,1.0309013364488988e-05,2.1645109238670972e-05,-0.16594583749928846,0.01344653917627512,0.1628335153749611,0.0036161883163820315,0.0556184702141378,0.0002336280402361219
0.14255,1.9176559226350836e-06,2.2044637675299044e-05,-0.16900888884433668,0.002501290339861479,0.16890020055960447,0.00012512906728568706,0.05714677837688756,0.00023905401096514494
0.1426,-6.521543121963257e-06,2.1894197370275774e-05,-0.16785551317076494,-0.008506360588868398,0.16660279864750369,0.0014471634093570702,0.05656802111504525,0.000244605750416341
0.14265,-1.4798042970240521e-05,2.1197541505349347e-05,-0.16251448487012465,-0.01930179517332946,0.15616914171929186,0.007451185938263287,0.053939593475943445,0.0002497326957619159
0.1427,-2.2705361832521116e-05,1.997205022065046e-05,-0.1531190516860025,-0.02961568934246276,0.13863392966799126,0.017541781104585246,0.04952215514412921,0.00025392641065264635
0.14275000000000002,-3.004622823922042e-05,1.824829702755684e-05,-0.13990361053252182,-0.03919073248057632,0.1157361196637909,0.030718270247281996,0.0437537810171634,0.00025677100681915444
0.1428,-3.663750253647164e-05,1.6069286045130373e-05,-0.12319785967036055,-0.04778804678356749,0.08974647465973162,0.0456739483077687,0.037206517500881005,0.0002579843870947883
0.14285,-4.231474589376555e-05,1.3489379160382154e-05,-0.1034185735456872,-0.05519314681445128,0.06324237321504238,0.06092566910563147,0.030529653074294144,0.00025744622144510763
0.1429,-4.693632264947523e-05,1.0572939779519583e-05,-0.08105920496494289,-0.06122129041072188,0.03885221219150637,0.07496092799107892,0.02438532861775908,0.00025520987923073667
0.14295,-5.0386933914295245e-05,7.39272712232137e-06,-0.056677574585604254,-0.06572208771328482,0.01899475020055786,0.08638785626785406,0.019382873361991577,0.0002514971374824607
0.14300000000000002,-5.2580493952816964e-05,4.028081002093145e-06,-0.03088195433760277,-0.0685832529820004,0.005639240611892866,0.09407325179186132,0.016018377976198764,0.0002466761864991492
0.14305,-5.346227794083307e-05,5.629424794761708e-07,-0.00431589232414482,-0.06973340601112846,0.00011014182650008852,0.09725495827825772,0.014625497594845882,0.0002412251175044296
0.1431,-5.3010287143000894e-05,-2.9162403102609218e-06,0.02235784238996239,-0.06914385279678018,0.00295577147146079,0.09561744759165611,0.015342363371417216,0.00023568450974274105
0.14315,-5.123579783033292e-05,-6.322668853270248e-06,0.04847379455827089,-0.06682930152119332,0.013893930052024911,0.08932311083621143,0.01809788414318662,0.00023060382238452562
0.1432,-4.8183079871384743e-05,-9.571359705586223e-06,0.07338042442065378,-0.06284749548748363,0.031839886506179596,0.0789961537809855,0.022618796443458385,0.00022648690416117787
0.14325000000000002,-4.392829236946786e-05,-1.2581264660215547e-05,0.09645636241048677,-0.057297772661687826,0.05501395040724606,0.06566069503980922,0.028456763954897716,0.0002237420277265668
0.1433,-3.8577583571325405e-05,-1.5277292722402357e-05,0.11712591087647413,-0.050318587269257586,0.081117962787328,0.05063920449547783,0.035032838671609196,0.00022264140068023258
0.14335,-3.226444277373349e-05,-1.7592183501752727e-05,0.13487340685637225,-0.04208405579820682,0.10756320343831072,0.03542135504853171,0.0416948750113688,0.00022329417194108514
0.1434,-2.5146369936424185e-05,-1.9468185183055113e-05,0.14925608640654736,-0.032799612962582145,0.131727112577677,0.021516292209903736,0.04778220249028302,0.00022563560617088423
0.14345,-1.740094647417622e-05,-2.08584953659722e-05,0.159915131143531,-0.022696886711871984,0.1512133689883037,0.01030297332823102,0.0526911443365401,0.000229433505022572
0.14350000000000002,-9.2214048907602e-06,-2.172842863181592e-05,0.16658461951281903,-0.012027919424992695,0.1640895314266508,0.002893416913882332,0.05593488345354372,0.00023431123263175637
0.14355,-8.118080668888017e-07,-2.2056281936332706e-05,0.16909816151139384,-0.0010588800933469464,0.16907867819970568,2.2424541041728757e-05,0.05719174013422314,0.00023978506783044353
0.1436,7.618041709705109e-06,-2.183387599246809e-05,0.16739304927604642,0.00993657614061617,0.1656860383045524,0.001974710907965251,0.0563370725280606,0.00024531217312168905
0.14365,1.5857836891305226e-05,-2.106675939009283e-05,0.16151182198533556,0.020684135070202392,0.15424805804149672,0.00855666887204753,0.05345563761285258,0.0002503444288848736
0.1437,2.370201138334597e-05,-1.9774070108290637e-05,0.1516012041627203,0.030915667020021655,0.1358990354072066,0.019115569345857095,0.04883318560905217,0.0002543827888173098
0.14375000000000002,3.0954869053199205e-05,-1.7988058123168748e-05,0.13790844560146037,0.0403759161522514,0.11245863277819497,0.032604292102672704,0.042928122551822816,0.000257026771366138
0.1438,3.743546587207862e-05,-1.5753280774834528e-05,0.12077515260631425,0.0488288685280346,0.08625142167001713,0.047685168034561756,0.036326050179341256,0.0002580141739012877
0.14385,4.298212420064885e-05,-1.3125491214521531e-05,0.10062876596643035,0.05606364025938561,0.05987635657923864,0.06286263518267605,0.029681692357254628,0.00025724707665146924
0.1439,4.745646619872729e-05,-1.0170247418840674e-05,0.07797189687082588,0.061899738519177856,0.035949037886439036,0.07663155257485181,0.02365396628949719,0.000254801551883105
0.14395,5.074686618380958e-05,-6.9612766994942675e-06,0.05336978801603546,0.0661915645869883,0.016842324393775226,0.08762646444946887,0.018840638213173454,0.0002509201211564817
0.14400000000000002,5.2771235371322964e-05,-3.5786363255257884e-06,0.027436211817776855,0.0688320461367639,0.0044510181627858405,0.09475701150747189,0.01571904316394062,0.00024598770361585213
0.14405,5.347906989185133e-05,-1.0671627608437479e-07,0.0008181581024869541,0.0697553085558107,3.958088863062093e-06,0.09731606143432715,0.014598747980510404,0.00024049344445798194
0.1441,5.285271070942342e-05,3.367866127038678e-06,-0.02582030698658691,0.06893831831853729,0.003942156626839252,0.09504983465175948,0.0155908517035271,0.00023498220620642735
0.14415,5.090778421426822e-05,6.758427140625633e-06,-0.051814608091640596,0.06640145767374826,0.01587506483576954,0.08818307162397164,0.018596967966976363,0.00023000053532754028
0.1442,4.76928123518168e-05,9.98037918398366e-06,-0.07651624042428436,0.06220801611505142,0.03461930289722693,0.07739674537940994,0.023318981904245265,0.0002260424613031126
0.14425000000000002,4.3288002110641126e-05,1.295334112600541e-05,-0.09930894864430179,0.05646261145313911,0.05831601522701004,0.06376052984216311,0.02928861403799761,0.00022350050410485325
0.1443,3.7803244525144196e-05,1.5603143632253182e-05,-0.11962410119338852,0.04930857982191196,0.08461521215544575,0.04862672088107727,0.03591385930481371,0.00022262674825888835
0.14435,3.1375373100909336e-05,1.7863679532363987e-05,-0.1369548764231031,0.04092439970233158,0.1109088170408458,0.03349612981992395,0.042537695825123484,0.00022350784353655692
0.1444,2.4164750125508764e-05,1.9678553072015903e-05,-0.1508689068930908,0.03151923930194257,0.13458930786049894,0.019869248923462427,0.04850324147275156,0.00022605641235332857
0.14445,1.6351265926980438e-05,2.100248685223703e-05,-0.16101906587133444,0.021327738171561375,0.15330830356627692,0.009097448310293523,0.0532188963946983,0.00023001971441449895
0.14450000000000002,8.129851000151523e-06,2.1802451433326273e-05,-0.16715212765682252,0.010604153486394133,0.16520945189989952,0.002248961423260097,0.056217011773894404,0.00023500471143726606
0.14455,-2.9438712383329156e-07,2.205848932311363e-05,-0.16911508481016885,-0.0003839831991800787,0.1691125225960841,2.9488619450513596e-06,0.05720026614999296,0.0002405170439001006
0.1446,-8.711280891658132e-06,2.1764212906295537e-05,-0.16685896561019314,-0.011362540286338195,0.16463045037532112,0.0025821464351731696,0.05607115077428321,0.00024601005703911953
0.14465,-1.6910845968625368e-05,2.092696377187543e-05,-0.16044005557936133,-0.02205762517131246,0.15220771977976982,0.009730776563962342,0.05294163935321146,0.00025093901167141334
0.1447,-2.46885199425197e-05,1.9567629586079774e-05,-0.15001849348009824,-0.03220241730936195,0.13307628608770275,0.02073991361132588,0.04812208381377544,0.00025481510630623555
0.14475000000000002,-3.185026569551828e-05,1.7720122952092812e-05,-0.13585427595909844,-0.04154382481706123,0.10913340279494857,0.03451778760861345,0.04209043673403376,0.000257253950544961
0.1448,-3.8217412305743336e-05,1.5430535405497474e-05,-0.11830077142555287,-0.04984879865534268,0.08275347228069559,0.04969805454761789,0.03544485322190449,0.00025801368590113604
0.14485,-4.363111242247194e-05,1.2755987471022907e-05,-0.09779590394000764,-0.05691014663711155,0.0565525774164051,0.06477529580515079,0.028844372025659024,0.0002570189694768689
0.1449,-4.795630531089582e-05,9.763203678049844e-06,-0.07485122818105885,-0.0625517025777373,0.03312904629985718,0.07825430990747416,0.022943559206547004,0.0002543684471622286
0.14495,-5.1085086188715686e-05,6.526847864157704e-06,-0.050039166953852694,-0.06663272111576342,0.01480577735566319,0.0887983904658221,0.018327595028744398,0.0002503249693363009
0.14500000000000002,-5.29393983991364e-05,3.1276605148645003e-06,-0.023978730596667216,-0.06905138921685718,0.0033998789061288155,0.09536188705555798,0.015454242100388788,0.00024528952584113836
0.14505,-5.3472980592738884e-05,-3.4955558670702734e-07,0.002679926170777544,-0.06974736599141983,4.246750374306821e-05,0.09729390125482135,0.014608449196784837,0.00023976147839704692
0.1451,-5.267252102187479e-05,-3.818050988202382e-06,0.029271724259217664,-0.06870328829204357,0.00506649575668952,0.09440283644279303,0.015874093148634298,0.00023428904072626738
0.14515,-5.055798948409415e-05,-7.191293806171688e-06,0.05513325252133037,-0.06594520367685396,0.01797373359468716,0.08697539775963505,0.019125660731106817,0.00022941491108190469
0.1452,-4.7182139259173125e-05,-1.0385128514858965e-05,0.07961931862863404,-0.061541920777443665,0.03748417748876913,0.07574816025954305,0.024040695836707357,0.0002256224544634181
0.14525000000000002,-4.262919089236747e-05,-1.331987544892445e-05,0.10211904511174916,-0.055603292469848895,0.061662987622714785,0.06183452266975109,0.030131777149533585,0.0002232877663480249
0.1453,-3.701273119120885e-05,-1.59223186671508e-05,0.12207110979193106,-0.048277475472261695,0.08811236500189706,0.04661429275949659,0.03679485560559186,0.00022264237682140383
0.14535,-3.0472879339730346e-05,-1.8127532510782907e-05,0.1389777492545933,-0.03974723392460341,0.1142093396321889,0.03159685209314288,0.04336915738971665,0.0002237502884512808
0.1454,-2.3172791318082517e-05,-1.9880501401988186e-05,0.15241717742153324,-0.03022537998619115,0.13736588923213547,0.018271471906192892,0.04920271273222322,0.0002265016305324238
0.14545,-1.5294589420834778e-05,-2.1137492334617916e-05,0.16205410790247007,-0.019949464466574394,0.1552855916967629,0.007959622650062288,0.05371701117364017,0.0002306235538054029
0.14550000000000002,-7.034818718706195e-06,-2.1867145956129486e-05,0.16764811899866128,-0.00917585050889514,0.16619136022868117,0.0016839246512318242,0.05646437230526336,0.00023570728960967772
0.14555,1.4004563597076225e-06,-2.2051258891109664e-05,0.16905965149856342,0.0018266822032789835,0.16900167583166775,6.673535743552324e-05,0.05717234183324676,0.00024124868658888991
0.1456,9.800792909915234e-06,-2.1685237902588227e-05,0.1662534905833372,0.012783642920188968,0.1634378411190069,0.0032684305262179504,0.05577071084122026,0.0002466982076170161
0.14565,1.7956619668236356e-05,-2.0778214462838625e-05,0.15929964421123766,0.02342167782370623,0.15005161842946424,0.010971499841549845,0.05239847826788628,0.0002515154266513521
0.1457,2.566446539909203e-05,-1.935281696101677e-05,0.14837159669331604,0.03347538964626199,0.1301705119918982,0.022412034239381286,0.047390066546555254,0.0002552226228776251
0.14575000000000002,3.2732035070200986e-05,-1.7444606153234713e-05,0.13374198049935634,0.042693958783414226,0.10576611996717496,0.036455482331997455,0.04124215704558004,0.00025745215564074186
0.1458,3.8983007239973116e-05,-1.5101188008992958e-05,0.11577577472385252,0.05084740074450617,0.07925861224553075,0.05170916324944813,0.03456443451323372,0.0002579829234858379
0.14585,4.426143290399712e-05,-1.238102602989021e-05,0.094921199546144,0.057732303784938294,0.05327672350583177,0.06666037800632801,0.02801912494750698,0.0002567622904525244
0.1459,4.8435626103209025e-05,-9.351982706424345e-06,0.07169853406804835,0.06317690361144254,0.030397063088341583,0.07982642299859004,0.022255323024802688,0.00025391130597256716
0.14595,5.140144924377717e-05,-6.089626493468319e-06,0.04668713642990671,0.06704536857828126,0.012888594097603524,0.08990162895595169,0.017844621759442198,0.00024971270068951837
0.14600000000000002,5.3084911074320745e-05,-2.6753465207052936e-06,0.020510989976311636,0.06924118835839535,0.00248762158765184,0.09588684330565568,0.015224427915465065,0.00024458284780539536
0.14605,5.344401267194227e-05,8.056778893647852e-07,-0.0061768638388452445,0.06970958174803112,0.00022560417296223838,0.09718851574970865,0.014654584656223567,0.00023903047209618402
0.1461,5.246979516884271e-05,4.266602279903128e-06,-0.032710617494729054,0.06843886326627564,0.006326864852152034,0.09367756010359947,0.01619160300931287,0.00023360619940979063
0.14615,5.018656331934947e-05,7.62108364750069e-06,-0.05842830798292175,0.06546073476878293,0.020186345026363066,0.08570215592937894,0.019683057736901155,0.00022884795196533248
0.1462,4.665127908637076e-05,1.0785434523893638e-05,-0.08268833136355257,0.06084949446481078,0.040429607807759345,0.07405321953246075,0.024782703217246453,0.00022522760235963335
0.14625000000000002,4.195214061407018e-05,1.3680710812632896e-05,-0.10488544958061105,0.05472018341690572,0.06504914019043993,0.05988596946359607,0.030984810486993218,0.00022310417878869756
0.1463,3.6206381805246556e-05,1.623468127134761e-05,-0.12446588975736236,0.047225715403645695,0.0916034369139837,0.04460536390772277,0.03767432001234218,0.0002226882597795674
0.14635,2.9557347635963932e-05,1.838362955395285e-05,-0.1409411599241961,0.03855306214213728,0.11745912330252492,0.029726772010709973,0.04418783692316214,0.0002240210920028266
0.1464,2.2170917934086407e-05,2.0073943776148767e-05,-0.1539002356226837,0.02891858861508967,0.14005210536992718,0.016725695349775877,0.04987941935190151,0.00022697049901574648
0.14645,1.4231369060767742e-05,2.126345405638475e-05,-0.16301981443616123,0.018562655305006368,0.15714184982182586,0.006891443439449621,0.05418463631351833,0.000231243990012444
0.14650000000000002,5.93677655979401e-06,2.192248452838318e-05,-0.1680723813859326,0.007743621604774192,0.1670335761969101,0.0011992735111585125,0.05667654179615055,0.00023641776503933852
0.14655,-2.505926406677864e-06,2.203459373848479e-05,-0.16893188532594905,-0.003268599653124175,0.168746327623161,0.00021367487384806955,0.05710801499063641,0.000241978743979879
0.1466,-1.0886111618024567e-05,2.159698477825524e-05,-0.16557688329778278,-0.014199276018770864,0.1621102514157463,0.004032388789144827,0.05543626688358688,0.00024737544741744395
0.14665,-1.8994710557444018e-05,2.062057511083094e-05,-0.15809107584055002,-0.0247757094157395,0.1477834436122029,0.012276715541063257,0.05182708385200456,0.0002520726875502551
0.1467,-2.6629430205817922e-05,1.9129724151061167e-05,-0.14666121848878624,-0.03473403939646566,0.12718668562794314,0.024129069855904572,0.04663838649561668,0.0002556046413952165
0.14675000000000002,-3.359979990773678e-05,1.7161625606705048e-05,-0.13157246297119116,-0.04382582596166165,0.1023625464986529,0.03841406042443713,0.0403847350882765,0.00025762104746147256
0.1468,-3.973192312432e-05,1.4765379502842378e-05,-0.11320124285414433,-0.05182424755272053,0.07577282210402762,0.0537150526881132,0.03368630067066291,0.0002579219394360097
0.14685,-4.4872815932815365e-05,1.2000767310391426e-05,-0.0920058826979885,-0.05852975990982834,0.05005440057604747,0.06851465590204298,0.027207363287378487,0.00025647747852568665
0.1469,-4.8894223501610024e-05,8.936760447750392e-06,-0.0685151634278395,-0.06377507413201476,0.02775776331563493,0.08134520161087956,0.021590435480719046,0.0002534309106402949
0.14695,-5.169581995447845e-05,5.649799647105783e-06,-0.04331513061163075,-0.06742933037503118,0.011094055364775127,0.09093429189650205,0.01739254486428057,0.000249084362601543
0.14700000000000002,-5.3207711140169816e-05,2.2218878675485707e-06,-0.017034473642658372,-0.06940136235718966,0.0017158072927033101,0.09633098194067885,0.015029993875666671,0.0002438688788135848
0.14705000000000001,-5.33921784878156e-05,-1.2614554802210057e-06,0.009671158698062284,-0.06964197194234834,0.0005530547062488255,0.09700008512037665,0.01473707538918271,0.00023830167615454466
0.1471,-5.2244619887487556e-05,-4.713328087679397e-06,0.036135515349099256,-0.06814515637682352,0.007721107126765662,0.09287524675243462,0.01654283795195517,0.00023293485075931962
0.14715,-4.979366460750579e-05,-8.047612774594146e-06,0.061698364620366944,-0.06494825818735821,0.022509112817530777,0.08436552483143485,0.020268205118370724,0.00022830062789647046
0.1472,-4.610045896345796e-05,-1.1181125938563286e-05,0.08572196553912775,-0.06013103343383587,0.04345055353372542,0.07231482363642175,0.025543734297246073,0.00022485858067121262
0.14725000000000002,-4.125714091802991e-05,-1.403569282082234e-05,0.10760697830545154,-0.05381366207218739,0.06846867835327303,0.0579182045123916,0.03184625423691858,0.00022295005513973053
0.14730000000000001,-3.538454136566111e-05,-1.6540097798546724e-05,0.12680741646643143,-0.04615374961323089,0.09508245384659356,0.04260337206721621,0.0385507475518644,0.0002227643185956012
0.14735,-2.8629169688898705e-05,-1.863186107725253e-05,0.14284426826764668,-0.037342395252724064,0.12065260682036338,0.027889089664213378,0.04499233340347083,0.00022431979046729595
0.1474,-2.115955863088182e-05,-2.025879743086653e-05,0.155317446976951,-0.027599424308704726,0.14264335954203775,0.015234564443438426,0.05053220333739172,0.00022746221549730663
0.14745,-1.3162059748540454e-05,-2.1380318113986652e-05,0.16391577221116593,-0.017167904026661275,0.1588739013731559,0.005894738573373049,0.054620971545171634,0.0002318799611062157
0.14750000000000002,-4.836194325566949e-06,-2.19684434768363e-05,0.1684247333233666,-0.006308079563034981,0.16773465860317727,0.0007958373554715919,0.056853157193415056,0.00023713492201286974
0.14755000000000001,3.6103242796374716e-06,-2.2008500987216342e-05,0.16873184090071655,0.004709118619000032,0.16834691487423528,0.00044351596335625535,0.057007395661992886,0.0002427059666039585
0.1476,1.1966772660201044e-05,-2.149949129632068e-05,0.16482943326673916,0.01560883389746996,0.1606499531053268,0.004872713912776145,0.055068391228985256,0.0002480406175989326
0.14765,2.002467447277155e-05,-2.0454113153604594e-05,0.1568148675043537,0.02611914061086015,0.1454070766549614,0.01364419012499768,0.05122843385956566,0.0002526098405668121
0.1477,2.758300151172125e-05,-1.889844661649929e-05,0.14488809071233655,0.03597782805166036,0.12412991306633812,0.025888082226296783,0.04586832999447704,0.0002559605083438891
0.14775000000000002,3.445318892204856e-05,-1.6871302383153627e-05,0.1293466515934958,0.04493894206790828,0.09892850668543504,0.040390170283656324,0.03951963809944682,0.0002577603368894959
0.14780000000000001,4.046383956211935e-05,-1.4423253576645593e-05,0.11057827740128737,0.05277892116326887,0.07230206689853738,0.055712290383171006,0.03281195442354777,0.0002578308384570399
0.14785,4.546499993660396e-05,-1.1615374011706552e-05,0.08905120074340642,0.059302173828026813,0.04689112278521249,0.07033495641459017,0.02641047616987346,0.000256165021190178
0.1479,4.933190132196937e-05,-8.517714563658783e-06,0.06530247829996047,0.06434595824428911,0.025215663449369218,0.08280804684751594,0.02095003437136101,0.0002529280835135327
0.14795,5.196807238958798e-05,-5.207555510015641e-06,0.039924592230991436,0.06778444224704348,0.009425232034178842,0.09189461221485547,0.016972137961850202,0.00024844103046031706
0.14800000000000002,5.330774607890925e-05,-1.7674785720496952e-06,0.013550669031079453,0.06953184271262468,0.0010857567754768206,0.09669354302026355,0.014871272715419244,0.00024314884084057655
0.14805000000000001,5.3317500233534626e-05,1.7166933520787915e-06,-0.013161315711387137,0.06954456552341728,0.0010242587593583428,0.0967289318768176,0.01485578024403225,0.00023757633785515935
0.1481,5.1997091537156656e-05,5.158037278567385e-06,-0.039544952488599905,0.06782229331277739,0.009246836711049398,0.09199726940408819,0.016927196945264476,0.00023227614377014188
0.14815,4.937946146593944e-05,8.470698696590675e-06,-0.0649420233529094,0.06440799321953819,0.024938062178059113,0.08296779181136155,0.02088010156604389,0.00022777387561287335
0.1482,4.552991457442517e-05,1.1572033463673695e-05,-0.08871892323958995,0.05938684510317483,0.04654184514125623,0.07053594742616962,0.02632248679550995,0.00022451602102828032
0.14825000000000002,4.054448917677107e-05,1.438466959786009e-05,-0.11028246692213113,0.05288411631984648,0.07191575051355839,0.05593459517862105,0.03271463429765505,0.00022282565932271235
0.14830000000000002,3.454756150087757e-05,1.683843757552407e-05,-0.1290946880910186,0.04506203674717393,0.0985434623911536,0.04061174311607307,0.039422638454045714,0.00022287042312660272
0.14835,2.768874262800319e-05,1.887212087844383e-05,-0.1446862600727666,0.03611575125670606,0.12378432542155048,0.02608694977672531,0.04578127017419731,0.00022464587281490237
0.1484,2.0139146119140426e-05,2.0434983271135853e-05,-0.15666820508524956,0.026268451467007015,0.145135217470709,0.01380063084949006,0.051159947596691145,0.0002279759384262691
0.14845,1.2087118992574118e-05,2.1488034510160942e-05,-0.16474159791477408,0.015765807385218586,0.1604787824307135,0.004971213650156258,0.05502527021454963,0.00023253037886355522
0.14850000000000002,3.7335429055751676e-06,2.200500312995107e-05,-0.16870502399739484,0.004869838579664336,0.16829340767353831,0.0004743065558397432,0.056993916227299095,0.00023785753314353028
0.14855000000000002,-4.713177459394048e-06,2.1972991803839915e-05,-0.16845960383030983,-0.006147622769137849,0.1678041210911505,0.0007558653142324422,0.056870656042464746,0.0002434291100666288
0.1486,-1.3042313665141312e-05,2.139279916254204e-05,-0.16401146024179855,-0.0170117134697318,0.15905944505276107,0.005787967903525087,0.0546677133668229,0.00024869257974768623
0.14865,-2.1046070745245492e-05,2.0278899816387977e-05,-0.15547156525622702,-0.027451396620399967,0.14292658409871062,0.015071583528210135,0.05060355273567403,0.0002531259665907596
0.1487,-2.8524771300412092e-05,1.8659083293268186e-05,-0.1430529719051324,-0.037206223429913705,0.12100542507447976,0.02768606123833319,0.045081214727531176,0.0002562896143538974
0.14875,-3.529183698879072e-05,1.6573760698879608e-05,-0.12706549868880004,-0.04603283085296673,0.09546987697318843,0.04238043032675692,0.03864834646308043,0.0002578697855800064
0.14880000000000002,-4.117844335299639e-05,1.4074956591961426e-05,-0.10790800052538418,-0.05371101306566734,0.06885228584540674,0.05769745849080576,0.03194289192839349,0.0002577097759179805
0.14885,-4.603773154620927e-05,1.1225011025621658e-05,-0.08605841785318155,-0.06004921505834277,0.04379230324026695,0.07211816458246201,0.025629827254154896,0.0002558254531242725
0.1489,-4.974847225993974e-05,8.09502433495702e-06,-0.062061853219012045,-0.06488931164197076,0.02277511360647037,0.08421245530737603,0.020335215546062796,0.0002524036846426961
0.14895,-5.2218090069829904e-05,4.763083299226381e-06,-0.03651697194571714,-0.06811055226462517,0.007884979853202039,0.09278094659584474,0.016584120469545296,0.00024778380520514736
0.149,-5.338497305753585e-05,1.3123130520158709e-06,-0.010061066715154991,-0.06963257355406074,0.0005985482009333103,0.0969739059952336,0.014748536026178639,0.00024242396574368329
0.14905000000000002,-5.3220009868398086e-05,-2.1711967289806156e-06,0.016645841605607545,-0.06941740417795257,0.001638409992479304,0.09637552005610453,0.015010496093933632,0.0002368556984928502
0.1491,-5.172731599980696e-05,-5.600539580755774e-06,0.04293747013572759,-0.06747041217655789,0.01090144271695333,0.09104513038549221,0.017344022241136826,0.0002316312054164628
0.14915,-4.894413111879736e-05,-8.890160394902475e-06,0.06815789637791718,-0.06384017102865697,0.0274690366118101,0.08151134873936344,0.021517699988230308,0.00022726859656563872
0.1492,-4.493989000812754e-05,-1.1957989842494692e-05,0.09167792214043279,-0.05861724784149244,0.049698192674613,0.06871963489021901,0.027117628049507365,0.00022420050939083022
0.14925,-3.9814490320309055e-05,-1.4727491838317815e-05,0.11291077077646425,-0.051931943903052044,0.07538445796761446,0.05393853595099488,0.033588464707319736,0.00022273120443847276
0.14930000000000002,-3.3695800313508995e-05,-1.7129572954090268e-05,0.13132672599246714,-0.04395104389336677,0.10198053993739706,0.03863388518633305,0.04028850069775104,0.00022300639174672836
0.14935,-2.6736468830703632e-05,-1.9104306170932366e-05,0.14646634732106423,-0.03487365500526101,0.1268489200766861,0.02432343626851933,0.04655329723542713,0.00022499878128863008
0.1494,-1.9110116988628324e-05,-2.060242591708124e-05,0.15795193203745125,-0.024926239557295,0.1475234150200456,0.012426348369353163,0.05176157792413021,0.00022851078875137923
0.14945,-1.1007006712747535e-05,-2.158655716837572e-05,0.16549693829448453,-0.014356965286602902,0.16195374674623148,0.004122449044814415,0.055396840526419,0.0002331941304900917
0.1495,-2.6292940734458802e-06,-2.2032147849776535e-05,0.16891313351623702,-0.003429514015843721,0.16870886728924078,0.00023523132769737054,0.05709857804770283,0.00023858436196362137
0.14955000000000002,5.814014091044184e-06,-2.1928081390736325e-05,0.16811529065898173,0.0075834966320020274,0.16711887518716145,0.0011501884233517219,0.05669803017021058,0.00024414693709991686
0.1496,1.4112274461285999e-05,-2.127695402948499e-05,0.16312331422194098,0.018407314508291424,0.1573414490145118,0.006776584548143119,0.05423491896772166,0.0002493302182855447
0.14965,2.2058462377846668e-05,-2.0095010073806233e-05,0.15406174388728217,0.028771907441217808,0.14034621069533837,0.01655645315612009,0.049953509832599066,0.00025362018260716385
0.1497,2.9454336646195403e-05,-1.8411736603064704e-05,0.14115664728292704,0.038418699968812864,0.11781856842740752,0.02951993014587323,0.04427838766619433,0.00025659139645985255
0.14975,3.611538531273527e-05,-1.626912786976501e-05,0.12472998031787198,0.047107024315271646,0.0919925759309943,0.04438143479679188,0.03777235119971224,0.00025794920653722726
0.14980000000000002,4.187542877136283e-05,-1.3720637576818573e-05,0.1051915547504964,0.05462012448258426,0.06542938235037972,0.059667159969860016,0.03108060037713236,0.00025755895921111474
0.14985,4.659076572750556e-05,-1.0829845373802096e-05,0.08302881451403026,0.06077056398958341,0.040763244752204275,0.07386122895224104,0.024866752422046636,0.0002554593555243375
0.1499,5.014375809968717e-05,-7.668870614802658e-06,0.05879467470760843,0.0654049018684843,0.020440290141773464,0.08555602376852121,0.019747031113225164,0.00025185861154662425
0.14995,5.244576602045181e-05,-4.316573183060486e-06,0.033093727717746754,0.06840752089598166,0.006475934552955129,0.09359177830268336,0.016229156373915223,0.00024711381146764046
0.15,5.3439359044865746e-05,-8.565860527503765e-07,0.006567159729934463,0.06970351179805011,0.0002550152962399064,0.09717159113961821,0.014661993844779675,0.00024169549405081306
0.15005000000000002,5.3099749094244074e-05,2.624771150443018e-06,-0.020123245505338262,0.06926054229894281,0.002394457448810614,0.09594045439087291,0.015200958177967171,0.00023614099116169333
0.1501,5.14354087072662e-05,6.040645668251521e-06,-0.046311616799331504,0.06708966353292915,0.0126820937288393,0.09002045905923288,0.01779260056002118,0.00023100113940792313
0.15015,4.848785981399955e-05,9.305818400139119e-06,-0.07134460775157533,0.063245034544346,0.030097705022258576,0.0799986878903104,0.022179909293998844,0.0002267856553074147
0.1502,4.433063771464229e-05,1.2338829943692307e-05,-0.09459769624111426,0.05782257093406682,0.052914194894209024,0.06686899418850378,0.027927797396527815,0.00022391258574104583
0.15025,3.9067456653181615e-05,1.506401285468572e-05,-0.11549076523240065,0.05095755216196398,0.07886886487662206,0.05193344244678559,0.0344662500749488,0.00022266685176058597
0.15030000000000002,3.2829622232977146e-05,1.741337937102194e-05,-0.1335025751859343,0.04282124639486874,0.10538780484276794,0.036673182856201185,0.04114685259098226,0.0002231719917852481
0.15035,2.577275571471225e-05,1.9328317598094808e-05,-0.14818376826093896,0.03361663789539399,0.12984114643263045,0.022601566867800793,0.047307093382193445,0.00022537791160012614
0.1504,1.8072911513097917e-05,2.0761053726990372e-05,-0.15916807857970602,0.02357336284900536,0.14980386541993607,0.011114068720217321,0.05233606478554354,0.00022906585120198897
0.15045,9.922185038027897e-06,2.1675843919116177e-05,-0.1661814700504172,0.012941980491481696,0.16329627018952822,0.003349897180837856,0.055735046553361096,0.000233870079808732
0.1505,1.5239202867575516e-06,2.2049866021319668e-05,-0.16904897283167483,0.0019877221196641353,0.16898032649404818,7.902078450004166e-05,0.05716696354856368,0.00023931416467755877
0.15055000000000002,-6.912363167424043e-06,2.187378894821605e-05,-0.16769904860141385,-0.009016125863696073,0.16629234967763754,0.0016258105118001852,0.05648981338040876,0.0002448582190272721
0.1506,-1.5176197260527086e-05,2.1152005460974927e-05,-0.1621653751973956,-0.01979503989905907,0.1554989048770579,0.00783687209210681,0.0537707486396402,0.00024995244204224635
0.15065,-2.3061416192033553e-05,1.9902522587781378e-05,-0.15258600649935616,-0.030080108070649376,0.13767037197929108,0.018096258030838915,0.04927941746346896,0.000254091642535194
0.1507,-3.037129983385767e-05,1.815651237605113e-05,-0.13919992820594543,-0.03961473890803209,0.114574796590045,0.03138655077503103,0.04346122264133538,0.00025686533828566256
0.15075,-3.6923481499214915e-05,1.5957534218008917e-05,-0.12234109565964563,-0.048161062820571914,0.08850255397270299,0.04638975944014148,0.03689315129042635,0.00025799846342188805
0.15080000000000002,-4.2554497627929457e-05,1.3360448135550133e-05,-0.10243010235410822,-0.05550586646683221,0.06203921382310268,0.061618024244676176,0.030226555373247598,0.0002573786466312126
0.15085,-4.712386584189253e-05,1.0430046124072328e-05,-0.07996368693609025,-0.06146591196515415,0.037809130739311296,0.0755611666741616,0.024122557457950344,0.00025506735466538494
0.1509,-5.051758974248443e-05,7.239435740865285e-06,-0.05550234065771361,-0.06589250835808788,0.018215188489731523,0.08683645315441363,0.019186487610131822,0.0002512937972226055
0.15095,-5.265100282237361e-05,3.868216202163549e-06,-0.02965632419959472,-0.06867522107233093,0.005200507340131957,0.09432571978667051,0.015907853098063512,0.0002464321957010433
0.151,-5.347088079705085e-05,4.004925613646272e-07,-0.0030704429475731827,-0.06974462712782802,5.574592630947273e-05,0.09728626026399527,0.014611794279387896,0.0002409646725779168
0.15105000000000002,-5.29567693644738e-05,-3.0772225523175836e-06,0.023592039585073398,-0.06907404699903846,0.003291107353787143,0.0954244793765075,0.015426840570043465,0.00023543343888552016
0.1511,-5.112149457358034e-05,-6.4781672408244805e-06,0.0496659488671789,-0.06668021031719794,0.014585742645054677,0.088925008958915,0.01827216429759171,0.00023038702412694957
0.15115,-4.801084277158052e-05,-9.717494871117143e-06,0.07450079402789887,-0.06262283840168834,0.032819569143410124,0.07843239778967942,0.02286559629002674,0.0002263258782839056
0.1512,-4.3702418390182074e-05,-1.2714390829427851e-05,0.09747699637896547,-0.0570031544290491,0.056184348510626286,0.0649871922972404,0.028751608490715754,0.00022365274306916855
0.15125,-3.8303707810487416e-05,-1.5394088669880407e-05,0.11802134648098647,-0.04996135801877562,0.08236300863993987,0.049922745901605496,0.03534648833561094,0.00022263271158813497
0.15130000000000002,-3.1949397867293014e-05,-1.768973540519906e-05,0.13562130478648243,-0.04167312766128695,0.10875942652880703,0.034732991381478395,0.041996225331197685,0.00022336694004286602
0.15135,-2.4798015615741687e-05,-1.9544059322949816e-05,0.14983778814967644,-0.03234523776459394,0.13275588414426445,0.02092428812096228,0.048041368733318976,0.0002257826151451572
0.1514,-1.7027973466950856e-05,-2.0910798835883264e-05,0.16031612441496798,-0.022210400182908333,0.15197266632072925,0.00986603752569869,0.05288242512372579,0.0002296401760363026
0.15145,-8.833118113901069e-06,-2.1755856567902502e-05,0.16679490035761413,-0.011521458414282575,0.1645040554423856,0.002654880079840855,0.05603930958258898,0.00023455707026315465
0.1515,-4.1789448303110416e-07,-2.2058150066831338e-05,0.16911248384573052,-0.0005450797687914927,0.16910732077920584,5.942239086915742e-06,0.057198955720807965,0.00024004569248478375
0.15155000000000002,8.007754760008137e-06,-2.1810137711916977e-05,0.16721105579153006,0.010444897508225894,0.16532595898390237,0.0021819176791468696,0.05624636200970839,0.0002455617388110703
0.1516,1.623362686244757e-05,-2.1018006919774396e-05,0.16113805304519985,0.02117429590003187,0.15353496568232156,0.00896701613724213,0.0532759966989816,0.00025055818631242844
0.15165,2.4054503082559413e-05,-1.970151972348125e-05,0.1510449845435981,0.03137543879932932,0.13490364698301413,0.019688363197009187,0.04858242919110296,0.0002545395397917552
0.1517,3.127526853154149e-05,-1.7893519807516227e-05,0.1371836518448544,0.040793828513276745,0.11127966039807818,0.03328272889541262,0.042631118001292344,0.00025711097097381243
0.15175,3.771577981253269e-05,-1.5639113065029328e-05,0.11989986683123699,0.04919449540611254,0.08500578335984271,0.04840196756524055,0.03601225126708281,0.0002580174720755774
0.15180000000000002,4.321535934796792e-05,-1.2994542364610307e-05,0.09962482478044264,0.05636786001544797,0.05868758160103698,0.06354671285442276,0.02938221835323121,0.0002571691463807851
0.15185,4.7636803804505204e-05,-1.0025784333114671e-05,0.07686434654876126,0.062134961482784634,0.03493501638281877,0.0772150687693426,0.023398515856137524,0.0002546501213920746
0.1519,5.086980720147777e-05,-6.806903439687848e-06,0.05218625968753701,0.06635192243533752,0.016103616312569426,0.08805155221730095,0.01865454423294524,0.0002507102078063325
0.15195,5.2833712664592094e-05,-3.41820418780055e-06,0.026206232096889548,0.06891353825784143,0.004060880768611763,0.09498151510429947,0.01562076046707701,0.0002457401243126217
0.152,5.347952478842923e-05,5.5772283792906376e-08,-0.00042758752666061974,0.0697559018988434,1.081088212758922e-06,0.09731771699442128,0.014598023211349101,0.0002402327515785361
0.15205000000000002,5.2791131852590705e-05,3.528357351560019e-06,-0.02705073970721942,0.06885799806987089,0.004326825329544972,0.09482847796380686,0.015687756731986503,0.00023473425244364304
0.1521,5.078570787807906e-05,6.912917101113047e-06,-0.05299903112544181,0.06624222767012114,0.01660913186332893,0.08776065453400325,0.018781892780571588,0.00022978991018011023
0.15215,4.751328408401887e-05,1.0125013670358233e-05,-0.0776251048184276,0.06197384880822394,0.03562997122850299,0.07681515872209199,0.02357358760445754,0.00022589005227065432
0.1522,4.305550078346385e-05,1.3084511804235271e-05,-0.10031459051377595,0.056159348852898916,0.05950305745848629,0.06307744927163197,0.02958765153063789,0.00022342142558704538
0.15225,3.7523570566071094e-05,1.5717578059719394e-05,-0.12050143180433123,0.04894378770055577,0.08586090996201551,0.047909887089541484,0.03622767319721901,0.0002226288423504987
0.15230000000000002,3.105550380933659e-05,1.795852280581582e-05,-0.13768200818899026,0.04050717888809817,0.1120896352845392,0.03281663082944772,0.04283516538232352,0.0002235909026340489
0.15235,2.381266558474643e-05,1.9751439043123185e-05,-0.15142769934014302,0.031059998596580766,0.13558814544258646,0.019294470256391985,0.048754866793356305,0.0002262121994740614
0.1524,1.597574992922942e-05,2.1051597166666182e-05,-0.16139557828404488,0.0208379346974499,0.15402610633736658,0.008684390449103728,0.05339972394664808,0.000230232780278671
0.15245,7.740271903142739e-06,2.1826560887121136e-05,-0.16733696680460478,0.010096006838710023,0.1655750357484948,0.002038587081745591,0.05630910898099264,0.00023525392638345805
0.1525,-6.883101168216585e-07,2.2056996436104845e-05,-0.16910363934429662,-0.0008977957973403962,0.16908963278716083,1.6120745874441557e-05,0.05719449979085305,0.00024077769345077333
0.15255000000000002,-9.09972020466107e-06,2.1737154921555302e-05,-0.16665152106206246,-0.011869200258929756,0.16422135686881803,0.0028175582957315638,0.05596809268895783,0.0002462562926949445
0.1526,-1.7284110834532374e-05,2.087501573221264e-05,-0.16004178727540028,-0.022544492386259975,0.15145299215709085,0.01016508273908268,0.05275150975947135,0.00025114641440579115
0.15265,-2.5037298162798573e-05,1.9492087488014255e-05,-0.14943933739562837,-0.03265734542164032,0.1320507702579292,0.021330044199766637,0.047863737752453894,0.0002549631080814434
0.1527,-3.216585596828614e-05,1.762287141866921e-05,-0.13510868086693129,-0.04195546430119429,0.10793879859636042,0.03520521969457577,0.04178949424539093,0.0002573278741496852
0.15275,-3.849194129447949e-05,1.5314000662140552e-05,-0.11740733839089587,-0.05020687994346521,0.08150824793272989,0.05041461587315058,0.03513115859704125,0.0002580062003294338
0.15280000000000002,-4.3857731193695805e-05,1.2623076823900439e-05,-0.0967769223047382,-0.057205736336445365,0.05538022112655314,0.06544992539589811,0.028549034190939383,0.0002569308171255797
0.15285,-4.8129360181222785e-05,9.617232973790961e-06,-0.07373211944459605,-0.06277742632048468,0.03214581997664708,0.07882010510847764,0.022695866641856008,0.0002542083699722255
0.1529,-5.1200259797950254e-05,6.371458776001921e-06,-0.04884785060456154,-0.0667829475614844,0.014109187007043122,0.08919924169999949,0.01815211127237105,0.0002501088421354127
0.15295,-5.299381739600111e-05,2.966729682452391e-06,-0.022744927543846213,-0.06912237051651776,0.003059005005736594,0.09555804211645529,0.01536836977541792,0.00024503878180028493
0.153,-5.346528733776491e-05,-5.12013266671227e-07,0.003925435056138245,-0.06973733131071627,9.111432588865594e-05,0.09726590756681217,0.014620704215781741,0.00023950098369610382
0.15305000000000002,-5.260290744371514e-05,-3.977982528291836e-06,0.030497866070832786,-0.06861248797264775,0.005499839023511046,0.09415347011593465,0.015983260187139105,0.00023404462845905973
0.1531,-5.0428192301656626e-05,-7.344709240551275e-06,0.05630943752331923,-0.06577590300442582,0.018748798897607572,0.08652938832095267,0.019320913756528085,0.00022921081949590363
0.15315,-4.699539664630827e-05,-1.052820044154843e-05,0.08071620340461969,-0.061298343457007826,0.0385241020367481,0.07514973821146588,0.02430267171583176,0.00022547892319989556
0.1532,-4.239016169488183e-05,-1.3449034514588208e-05,0.10310926461764633,-0.055291515255935265,0.06286464267739898,0.061143033185946445,0.03043449587787559,0.00022321902930382925
0.15325,-3.672737870274213e-05,-1.6034342617382117e-05,0.12292996008045076,-0.04790527657518012,0.08935658311081297,0.04589831047489003,0.03710829674199594,0.00022265525064375764
0.15330000000000002,-3.0148322519901285e-05,-1.8219626574880003e-05,0.13968380374708542,-0.03932389894174312,0.1153727323704294,0.03092738055960851,0.04366223714244982,0.00022384349640264793
0.15335000000000001,-2.2817127200878745e-05,-1.995036802328185e-05,0.15295282152057466,-0.029761470269095213,0.13833308361137417,0.017714902251564767,0.04944636655994425,0.00022666592929424358
0.1534,-1.4916691098390056e-05,-2.1183388480718172e-05,0.16240597835756532,-0.019456553610651864,0.15596067157181354,0.007571149568083402,0.053887076047768455,0.00023084264989690434
0.15345,-6.644113984301227e-06,-2.18879266148742e-05,0.1678074373841097,-0.008666235639026462,0.16650737832926113,0.0015020728030226476,0.05654398300329719,0.00023595945545851953
0.1535,1.7942202197463422e-06,-2.2046405624396005e-05,0.16902244312274492,0.0023402872384039285,0.16892729279741633,0.00010953888716472572,0.057153603391437796,0.00024150891498393175
0.15355000000000002,1.0187792291931209e-05,-2.1654871792589355e-05,0.16602068374100518,0.013288424721627577,0.16298043349457597,0.0035316446316472593,0.05565548155440881,0.00024694069191505104
0.15360000000000001,1.8327199725006427e-05,-2.0723093079303042e-05,0.1588770469397629,0.023905043114937036,0.14925654705462302,0.011429021726539972,0.052198185347580243,0.0002517161197619501
0.15365,2.600938091705049e-05,-1.9274315472473108e-05,0.14776975194786202,0.033925279451035927,0.12911662366302723,0.02301849171661761,0.047124572938957984,0.00025536162222890014
0.1537,3.304268110490926e-05,-1.734468300818221e-05,0.13297590305873774,0.04309914926384445,0.10455792818234762,0.03715073334534287,0.04093779159037507,0.0002575156766609474
0.15375,3.9251633814633455e-05,-1.4982336090260101e-05,0.11486457668010214,0.051197783232147985,0.0780159327240212,0.05242426015772027,0.03425138097545617,0.00025796466693118244
0.15380000000000002,4.448133832608538e-05,-1.2246210447253185e-05,0.0938876134163619,0.05801913694380134,0.05212279206816464,0.06732440503407147,0.02772842866115116,0.0002566640667272305
0.15385000000000001,4.8601324188267e-05,-9.204566835912945e-06,0.07056834572657861,0.06339303154754745,0.029446314473098804,0.08037352897576693,0.02201581218353689,0.0002537428559394153
0.1539,5.150880615624824e-05,-5.933288058738739e-06,0.04548854176554816,0.06718539933289414,0.012235313509371501,0.09027755767040903,0.017680048514473395,0.00024949072938064946
0.15395,5.313124848365675e-05,-2.5139858476565454e-06,0.01927389148130189,0.06930162845681702,0.0021965944962524858,0.0960543141353342,0.015151112905966133,0.0002443293680386092
0.154,5.3428174549532994e-05,9.680351816104451e-07,-0.007421603079005204,0.06968892332667287,0.00032569157174060145,0.09713092068861781,0.01467979848781727,0.0002387706212734633
0.15405000000000002,5.2392176647447296e-05,4.425905708023034e-06,-0.033931943779072805,0.06833762171619684,0.006808141129946992,0.09340061083652035,0.01631284524273037,0.00023336574682557079
0.15410000000000001,5.004910081883944e-05,7.773358915716929e-06,-0.05959575170598676,0.06528143585425543,0.021001082282950733,0.08523331734386533,0.019888304844383045,0.00022865074312956082
0.15415,4.6457402019499815e-05,1.092688267543981e-05,-0.08377276719444718,0.06059661133402187,0.04149700900884844,0.07343898610333015,0.025051600962329612,0.00022509319439886972
0.1542,4.170668581515301e-05,1.380780300391112e-05,-0.10585982304829679,0.054400024982969246,0.06626335175273519,0.059187254362953565,0.03129069242607645,0.00022304590082963463
0.15425,3.5915472873078176e-05,1.6344246812486523e-05,-0.12530589224195313,0.0468462689707078,0.09284404616363832,0.04389145832951801,0.03798685201053164,0.00022271189124587054
0.15430000000000002,2.9228242153634474e-05,1.847293500750488e-05,-0.141625835070481,0.03812379412203449,0.11860309971133458,0.02906847356518543,0.044476025353599985,0.00022412428935435078
0.15435000000000001,2.1811826412844907e-05,2.0140761154221568e-05,-0.1544125021908753,0.028450208371386728,0.14098600144593715,0.01618828712750647,0.05011468473482011,0.00022714302825179298
0.1544,1.3851250100097252e-05,2.130611640029929e-05,-0.16334689240823527,0.01806684796588454,0.15777305160426927,0.006528219908447726,0.05434364750512234,0.0002314687414724605
0.15445,5.545113353046213e-06,2.1939927501440805e-05,-0.16820611084772114,0.007232756554625592,0.16729948777233183,0.0010462553475695893,0.05674352975516714,0.0002366724502864653
0.1545,-2.8993626616931217e-06,2.202638217183652e-05,-0.16886892998293035,-0.003781777375934171,0.16862057867329902,0.0002860368024225509,0.057076336547523046,0.0002422381059752052
0.15455000000000002,-1.1271505489888961e-05,2.156332353590052e-05,-0.16531881377307472,-0.014701963675628357,0.16160531240911083,0.004322954718389914,0.05530906358243161,0.000247613765423256
0.15460000000000002,-1.9362447254091705e-05,2.05623039701553e-05,-0.15764433042894727,-0.02525536597527181,0.14694938905448557,0.01275667021089834,0.05161697036441697,0.00025226632766517013
0.15465,-2.697033545015688e-05,1.904829686106966e-05,-0.14603694259531885,-0.035178698407966086,0.12610622825898593,0.02475081643357271,0.04636619967021281,0.00025573440050264816
0.1547,-3.390536880508092e-05,1.7059073608741122e-05,-0.13078623098467268,-0.044224394087027025,0.10114283465229447,0.039115940647293415,0.04007746752744633,0.0002576740573519608
0.15475,-3.99945323561681e-05,1.464426126176061e-05,-0.1122726696693905,-0.052166781331758845,0.07453481392983784,0.05442746149031086,0.03337442393293079,0.0002578929431882683
0.15480000000000002,-4.5085913933210523e-05,1.1864104478514324e-05,-0.0909581343176574,-0.058807713822224036,0.04892086864833597,0.069166944099932,0.02692180601208781,0.0002563693516660097
0.15485000000000002,-4.9052493908644246e-05,8.78796248386903e-06,-0.0673743790379218,-0.06398151379260193,0.02684111936196979,0.08187268214385823,0.02135951622306985,0.0002532543760390913
0.1549,-5.1795314248421984e-05,5.4925787578597084e-06,-0.04210977045821446,-0.06755910554027347,0.0104852024534847,0.0912846548280362,0.017239163760292452,0.00024885692713514095
0.15495,-5.324594713635489e-05,2.0601663926437106e-06,-0.015794609002726,-0.06945123539498835,0.0014751250256289604,0.09646948195780165,0.014969361640768234,0.00024361309708445766
0.155,-5.33682022821727e-05,-1.4236429192052138e-06,0.0109145957327456,-0.06961069863018321,0.0007044114089057975,0.09691298727564382,0.014775204891365109,0.00023804291394684864
0.15505000000000002,-5.2159029631777514e-05,-4.871935245234997e-06,0.0373515035563905,-0.06803351691208503,0.008249492839098566,0.0925711884685392,0.016675947906126982,0.0002326987693246528
0.15510000000000002,-4.964859560964259e-05,-8.198682725868673e-06,0.06285656758285643,-0.06475903775527687,0.023362127826537207,0.08387465941978753,0.020483095089564522,0.0002281106393498651
0.15515,-4.589953039130436e-05,-1.1320889795367758e-05,0.08679348843859086,-0.05986895268597889,0.04454360481159309,0.07168582991431957,0.025819093757827545,0.00022473352599156144
0.1552,-4.100536553849634e-05,-1.4160663761731417e-05,0.10856508885440268,-0.0534852594031587,0.0696933686286788,0.057213459468463526,0.03215477595619823,0.000222902336021619
0.15525,-3.508820045363555e-05,-1.6647158051081847e-05,0.12762821173447667,-0.0457672179868292,0.09631733125376114,0.041892764845078846,0.03886183558784264,0.00022279866722388326
0.1553,-2.8295656351641497e-05,-1.8718339709622868e-05,0.14350727111766154,-0.03690737785632331,0.12177520928095059,0.027243090804588484,0.045275137347964296,0.0002244328005974488
0.15535000000000002,-2.0797193341905837e-05,-2.0322536974461403e-05,0.15580611681208306,-0.027126773930165944,0.14354235917568373,0.014717237277166614,0.050758677663695934,0.00022764267989507458
0.1554,-1.2779882784497887e-05,-2.141972840042884e-05,0.1642179177423413,-0.016669412334677627,0.15946014491345392,0.0055573861516700525,0.05476865693801125,0.00023210998328795695
0.15545,-4.443740221514724e-06,-2.198254129677747e-05,0.16853281661187466,-0.005796182904519873,0.16795000858382567,0.0006719147252529686,0.056907407759051495,0.00023739169074014362
0.1555,4.0032645951680105e-06,-2.1996934631739262e-05,0.16864316551028433,0.005221649464879347,0.1681700151787319,0.0005453124626814954,0.05696283141606053,0.00024296401832370258
0.15555,1.2350396126288488e-05,-2.1462549319628934e-05,0.1645462114483874,0.016109212332035234,0.16009834675845805,0.005190134439171921,0.054929431569910626,0.0002482743614085341
0.15560000000000002,2.03894104688711e-05,-2.0392717185122092e-05,0.15634416508062238,0.026594883213890638,0.14453546616385896,0.01414575626320964,0.051008859348995246,0.0002527960962733516
0.15565,2.7919750615049834e-05,-1.8814128357724734e-05,0.1442416507325743,0.03641706601295619,0.12302473554022048,0.026524053939840177,0.045589915703091934,0.0002560808050122849
0.1557,3.475354993495478e-05,-1.6766165405671315e-05,0.12854060143310478,0.04533071730134629,0.09769936197374905,0.04109747862109151,0.03920999422673232,0.000257802744837076
0.15575,4.072031908583357e-05,-1.4299920831561472e-05,0.10963272635717292,0.05311345967184853,0.07107084858478112,0.0564207919662616,0.032501788171952754,0.0002577911520594451
0.1558,4.5671199333412166e-05,-1.1476922400414015e-05,0.08798973838912358,0.05957112956205377,0.04577993010185291,0.07097438954597994,0.026130546555469807,0.0002560471761566795
0.15585000000000002,4.9482676334983933e-05,-8.367598170595861e-06,0.06415158595254178,0.0645426213039314,0.024334692749970868,0.083314999295654,0.020728101854800812,0.0002527437664438811
0.1559,5.2059661493211434e-05,-5.049519433677442e-06,0.038712982308406516,0.06790390629436793,0.008861848689887755,0.09221880980068603,0.016830211468524894,0.000248208520007483
0.15595,5.333786430687317e-05,-1.6054654891322381e-06,0.012308568727033758,0.06957112735716904,0.0008958311963743781,0.09680283523494869,0.01482342701345853,0.00024289119489124771
0.156,5.328539620271675e-05,1.878641544977499e-06,-0.01440291852876261,0.06950269070031485,0.001226625759128264,0.09661248029167264,0.014906760168043244,0.00023731910706227235
0.15605,5.190356617175995e-05,5.3158803048207935e-06,-0.04075508235850446,0.06770030370536949,0.009821427667709147,0.0916666224359853,0.01707194684149476,0.00023204483751695291
0.15610000000000002,4.922684803799385e-05,8.62049869460829e-06,-0.06609049000856956,0.06420893222673556,0.02582789522990773,0.0824557395539504,0.021104266672238227,0.0002275914324569742
0.15615,4.532202047448253e-05,1.1710053229010458e-05,-0.08977707477674682,0.059115678886061646,0.04765867604245006,0.0698932698031991,0.026603836781419046,0.00022440053372877307
0.1562,4.0286500942148765e-05,1.4507465819592682e-05,-0.11122390462746548,0.05254760992821305,0.07314882377514532,0.0552250261833527,0.03302526784866198,0.00022278858073049757
0.15625,3.4245915406844356e-05,1.6942946737189118e-05,-0.12989592499962183,0.04466858532079728,0.0997704948203886,0.039905650291226925,0.03973175020669879,0.0002229154302532378
0.1563,2.7350964131945268e-05,1.895573569025291e-05,-0.14532730696567828,0.03567517061045636,0.12488363290512214,0.02545435596170338,0.04605820569404847,0.00022476850235920298
0.15635000000000002,1.977366210494034e-05,2.0495617713947e-05,-0.15713306914853448,0.02579173318836549,0.14599778230072064,0.013304270017196678,0.05137724334265573,0.00022816402928101256
0.1564,1.1703047541218866e-05,2.1524175877937715e-05,-0.16501868173583967,0.015264844622902209,0.1610190645339116,0.00466030962722693,0.05516137708775273,0.00023276527815915805
0.15645,3.3404658162925907e-06,2.20157497701657e-05,-0.16878741490681134,0.00435712933357176,0.16845782758312722,0.0003796915205894298,0.05703533658993658,0.00023811594606732643
0.1565,-5.105453714620014e-06,2.1958075608733445e-05,-0.16834524633582643,-0.006659287449592759,0.16757637336998696,0.0008869221867260726,0.056813282255749074,0.00024368540993382207
0.15655,-1.3424002594728783e-05,2.135259226190127e-05,-0.16370320733746457,-0.017509568594465647,0.15846211532238222,0.006131699847285953,0.05451723516223873,0.0002489213494679441
0.15660000000000002,-2.1407649988269087e-05,2.021440528958385e-05,-0.15497710721815253,-0.027923021719362028,0.142018909209,0.015593902838799271,0.05037489294923338,0.00025330451918322504
0.15665,-2.885722019375589e-05,1.857191014797289e-05,-0.1423846444571323,-0.03763985242016188,0.11987741863941079,0.02833516980423132,0.04479704942500265,0.00025640024287736356
0.1567,-3.5586861606259275e-05,1.6466083725000807e-05,-0.12623997522549762,-0.04641764557156021,0.09423340274968638,0.04309195640813966,0.03833685615108946,0.00025790151901064983
0.15675,-4.142868343824469e-05,1.3949462113289546e-05,-0.10694587618862865,-0.0540374131761244,0.0676299643005122,0.05840084045534366,0.03163496693580853,0.0002576594673427084
0.1568,-4.623694411237428e-05,1.1084829870777283e-05,-0.08498369567086826,-0.06030905753593941,0.042705351309224676,0.072743648417465,0.025356004322377255,0.0002556980915377087
0.15685000000000002,-4.989168736834265e-05,7.94365374033989e-06,-0.06090134532689717,-0.06507611395664442,0.021931323707792254,0.08469801215396341,0.020122649548346472,0.0002522119005052169
0.1569,-5.230173478748635e-05,4.604299650529352e-06,-0.03529963064360241,-0.06821965406970809,0.007368030155927964,0.09307842402781279,0.01645389145132143,0.00024754661756297257
0.15695,-5.3406960627424764e-05,1.1500776786420892e-06,-0.008817262185737055,-0.06966125299245002,0.00045970431689459153,0.09705380336956253,0.014713558730338435,0.00024216489643363393
0.157,-5.3179791738143125e-05,-2.332836386122012e-06,0.017885078973577558,-0.06936494574621695,0.0018914409914275252,0.0962299139675124,0.015074239194909073,0.00023660043920545765
0.15705,-5.1625895536344755e-05,-5.757550941798093e-06,0.0441412239042295,-0.06733812461498352,0.011521255657166345,0.09068846053326099,0.01750016437551579,0.00023140507013027397
0.15710000000000002,-4.878403854913262e-05,-9.038626346299384e-06,0.06929613533555141,-0.0636313546320183,0.028394164988091306,0.08097898584611353,0.021750756621803147,0.00022709401092560076
0.15715,-4.472511932180101e-05,-1.2094206462504922e-05,0.09272224956125324,-0.05833711216320565,0.05083689202989122,0.06806437311084873,0.027404487094025966,0.0002240947870203127
0.1572,-3.95503996021601e-05,-1.4848060798703006e-05,0.11383513280430474,-0.051587477747194826,0.07662380411524912,0.05322535720634643,0.03390067850209936,0.00022270482969896527
0.15725,-3.338897809312979e-05,-1.7231486307307552e-05,0.13210806170158718,-0.04355084099698059,0.1031976276282726,0.037933515030885705,0.040595107187733584,0.00022306198027184274
0.1573,-2.6394569693369104e-05,-1.9185021384783206e-05,0.14708516396111285,-0.034427699607626566,0.12792305139306592,0.023705330005459407,0.04682389041575381,0.0002251308203398453
0.15735000000000002,-1.8741670621672007e-05,-2.0659929313426285e-05,0.15839279141065388,-0.024445657339538525,0.14834806897389888,0.011951803255242676,0.05196932323000422,0.00022870618412962
0.1574,-1.0621205100849038e-05,-2.1619414153169395e-05,0.16574884184601285,-0.01385374579227542,0.16244714285562317,0.003838525449539778,0.055521135964020134,0.00023343350491008375
0.15745,-2.2357621795322674e-06,-2.2039538709604947e-05,0.16896979677606722,-0.0029162115457064047,0.16882207574771715,0.00017008579558622675,0.057127097314428846,0.0002388439768242177
0.1575,6.205458448368073e-06,-2.19098217375193e-05,0.16797529998602867,0.008094076228700028,0.16684066916718027,0.0013102813999201373,0.05662794502078067,0.00024440104651647453
0.15755,1.449186554487763e-05,-2.1233499405391595e-05,0.162790162104776,0.01890243331262612,0.15669941805775034,0.007146039702765552,0.05407317971161334,0.0002495536223909668
0.15760000000000002,2.241673016323285e-05,-2.0027444582107087e-05,0.15354374178593663,0.029239213248118984,0.13940402464643406,0.017098631827379532,0.0497161560573597,0.0002537907265209246
0.15765,2.9782343085740587e-05,-1.832174586662047e-05,0.14046671830264057,0.03884653445403423,0.11666966335697473,0.03018106478176937,0.04398895761869216,0.00025669216747594505
0.1577,3.640494731245805e-05,-1.615895697213127e-05,0.12388533676882184,0.04748471387933953,0.0907508881020659,0.045095961044054805,0.03745954748925702,0.0002579702112131965
0.15775,4.211932235458131e-05,-1.3593035059216062e-05,0.10421326877684976,0.05493824654587614,0.06421804925652859,0.06036421867070943,0.030775443578918274,0.0002574981145814038
0.1578,4.678290623956922e-05,-1.0687994655632853e-05,0.08194129233971781,0.06102118204808142,0.03970239360821766,0.07447169317090188,0.024599504756241473,0.00025532269543655176
0.15785000000000002,5.0279352032272417e-05,-7.5163105841531815e-06,0.05762504780176632,0.06558176351883299,0.019635124966662993,0.08601935412480269,0.019544195387032108,0.00025165968856742204
0.1579,5.2521430577360476e-05,-4.157109900364108e-06,0.03187117588181279,0.06850621379582748,0.006006303124803107,0.09386202657279248,0.01611084769009776,0.00024687235263925724
0.15795,5.3453206552586664e-05,-6.941978023252712e-07,0.005322183140630654,0.06972157376426581,0.00016749070154673166,0.09722195696331917,0.014639944811262701,0.0002414354447389358
0.158,5.30514340841727e-05,2.7860331132587112e-06,-0.02135958722208225,0.06919752272034121,0.0026977194528642473,0.09576594301264277,0.015277355384491893,0.00023588814029884087
0.15805,5.132613654159769e-05,6.196758186268846e-06,-0.047508479439635286,0.06694713462105663,0.01334606800881164,0.08963837667939759,0.017959867739242134,0.0002307805620848224
0.15810000000000002,4.832035661015317e-05,9.452886784684703e-06,-0.07247213203545552,0.06302655210470538,0.031056545621961737,0.07944692540414285,0.022421458654150423,0.00022661922605478213
0.15815,4.410908233339087e-05,1.2473185137878397e-05,-0.09562775272948287,0.05753358565354626,0.05407281412452222,0.06620226956307887,0.02821967461864407,0.00022381680922743178
0.1582,3.8797376453307005e-05,1.5182302971437754e-05,-0.11639765612893188,0.05060527364051384,0.0801123631245954,0.051217874404625705,0.034779509865312,0.00022265122613390054
0.15825,3.251775516054979e-05,1.7512653311365585e-05,-0.13426367539402448,0.04241446325535558,0.10659286507038358,0.03597973386479818,0.04145042914034368,0.00022323806657166144
0.1583,2.5426882221412155e-05,1.9406098682327467e-05,-0.14878008990773514,0.033165498556305496,0.1308882635115532,0.02199900588976604,0.04757088118937241,0.00022551913427213343
0.15835000000000002,1.7701660434193887e-05,2.0815401472808333e-05,-0.15958474463122738,0.02308912230955209,0.15058919731415743,0.010662151380509119,0.05253390414510448,0.00022926821671420577
0.1584,9.534818332192612e-06,2.1705402464381774e-05,-0.16640808556510855,0.012436719570828557,0.16374193599935954,0.003093439873668601,0.05584731786393927,0.00023411351975696987
0.15845,1.1301019628907666e-06,2.2053897937374267e-05,-0.16907988418987063,0.0014740460435465376,0.16904212976682287,4.345623476990402e-05,0.05718253291053561,0.00023957453718882074
0.1585,-7.302808146590915e-06,2.1852193650236763e-05,-0.16753348465122278,-0.009525401923378213,0.16596416144003123,0.0018146656360379474,0.05640713680416869,0.00024510970317051175
0.15855,-1.5553528087288367e-05,2.110532170458929e-05,-0.1618074664011377,-0.020287210543658177,0.15481327135257283,0.00823141823285431,0.05359802510123875,0.0002501700982128231
0.15860000000000002,-2.3416219234800965e-05,1.9831915040180316e-05,-0.15204468196865228,-0.030542894647957522,0.13669528707615916,0.018657368269524643,0.04903377587032593,0.00025425388594851916
0.15865,-3.069472347504188e-05,1.80637425479389e-05,-0.13848869286269136,-0.04003659583267637,0.11340695891330534,0.03205858011738157,0.043167023119240956,0.0002569560792701915
0.1587,-3.720745698640712e-05,1.5844916531605377e-05,-0.12147769339827238,-0.04853146562970915,0.0872577773487857,0.04710606312335281,0.03657956945523226,0.00025800870334445505
0.15875,-4.279194034516425e-05,1.3230792169282259e-05,-0.10143607328398889,-0.055815574359154865,0.06084094204006198,0.06230756682084692,0.029924688949676564,0.00025730736992102314
0.1588,-4.73088520841107e-05,1.0286586531886962e-05,-0.0788638300632253,-0.06170719836768493,0.036776195743145675,0.07615556660777635,0.023862342375649007,0.0002549216298576362
0.15885000000000002,-5.06455044749047e-05,7.085751545484907e-06,-0.05432409516265424,-0.06605935366090757,0.017450025862238584,0.08727676412193724,0.018993729248772812,0.00025108807571086646
0.1589,-5.271865483760822e-05,3.708141511470209e-06,-0.0284290849044052,-0.0687634628309411,0.004778997830412321,0.09456827641004438,0.015801667198510415,0.00024618687881014035
0.15895,-5.347658231173528e-05,2.3802091193746836e-07,-0.0018248269702035927,-0.06975206388555201,1.969039616145948e-05,0.09730700832588257,0.014602711235824751,0.00024070408821354948
0.159,-5.290037814014413e-05,-3.2380378241968684e-06,0.024824956669605356,-0.06900049322779621,0.003644081409884138,0.09522136131358301,0.01551576114433302,0.00023518342907683545
0.15905,-5.100441745391755e-05,-6.633314122075861e-06,0.05085540828925898,-0.06652750103004536,0.015292742047590688,0.08851816786605374,0.018450270284442523,0.0002301723821844494
0.15910000000000002,-4.783600059383209e-05,-9.86310276383575e-06,0.07561712120582641,-0.06239478338693597,0.033810481159200254,0.07786217987805323,0.023115225020621268,0.00022616789014804487
0.15915,-4.347417310854746e-05,-1.2846827113335527e-05,0.09849234122226776,-0.05670544319156902,0.057360904948637624,0.06431014575104523,0.029048004421544035,0.00022356707631789564
0.1592,-3.802775368104689e-05,-1.5510049330612832e-05,0.118910378214928,-0.04960141785013142,0.08360853106240126,0.049206013054866715,0.035660258052664456,0.00022262786177021287
0.15925,-3.1632619380494794e-05,-1.778632746015046e-05,0.13636184387541994,-0.041259938330680784,0.10995039717081917,0.03404765022103163,0.04229625246336355,0.00022344338808718363
0.1593,-2.444831575061437e-05,-1.9618872998707152e-05,0.1504113596661255,-0.031889107507075354,0.1337741951251425,0.020338303551956195,0.048297899766018566,0.0002259327797789507
0.15935000000000002,-1.6654076519073985e-05,-2.0961967681797368e-05,0.16070841890115967,-0.021722708512061206,0.1527173322959028,0.009437521301999527,0.05307002000672116,0.0002298491654665823
0.15940000000000001,-8.444352050975305e-06,-2.1782104027744415e-05,0.16699613088394613,-0.01101437224672542,0.16490122832105106,0.0024263279197887034,0.056139364648384434,0.00023480415917600947
0.15945,-2.3958224679861863e-08,-2.2058821317801128e-05,0.16911763010365924,-3.1249866992922454e-05,0.16911761313332827,1.9531083741506884e-08,0.05720154855341878,0.00024030637716609558
0.1595,8.39703330791684e-06,-2.1785216009783396e-05,0.16701998940817436,0.010952652134616766,0.16494835014225265,0.002399211775638504,0.05615123549015913,0.00024581016735301497
0.15955,1.660853599319132e-05,-2.0968114008115374e-05,0.1607555407227534,0.021663307809325356,0.15280690288862675,0.009385978104831539,0.05309258446185437,0.0002507697221556717
0.15960000000000002,2.440568958046194e-05,-1.9627900331155244e-05,0.15048056920042974,0.031833508142914704,0.1338973318318849,0.02026744481370034,0.048328920135825695,0.00025469320509995016
0.15965000000000001,3.159397100757179e-05,-1.7798010585969033e-05,0.136451414478231,0.04120952739425652,0.11009488858675957,0.03396450296115957,0.04233265247039391,0.00025719152680050414
0.1597,3.7994047291039265e-05,-1.552409677550646e-05,0.11901807527628197,0.04955745298591935,0.08376004805096762,0.049118822929032135,0.03569842792429626,0.000258016929768067
0.15975,4.344624962208504e-05,-1.2862888428337093e-05,0.09861547793424771,0.05666902124204914,0.057504421664862804,0.06422755937063633,0.029084158881995646,0.0002570875597083848
0.1598,4.7814556631060675e-05,-9.880777246989924e-06,0.07575262555647752,0.06236681299555374,0.033931765128271445,0.07779238726444741,0.023145778647066892,0.00025449558124612814
0.15985000000000002,5.098998801433112e-05,-6.652160835847777e-06,0.05099989972379958,0.06650868001701196,0.015379765606047573,0.08846809035210573,0.018472193096491084,0.00025049803988846236
0.15990000000000001,5.2893323192441034e-05,-3.2575865776253965e-06,0.02497483042168542,0.06899129111996816,0.0036882144786223995,0.09519596500800394,0.015526879060384479,0.0002454913691489927
0.15995,5.3477077876392234e-05,2.1825781773576995e-07,-0.001673309954209782,0.06975271027422085,1.655632192292639e-05,0.0973088118119879,0.014601921704203902,0.00023997207813458382
0.16,5.272668854022733e-05,3.688657127046858e-06,-0.02827970464991409,0.06877394157487003,0.004728907416276323,0.09459710079487274,0.015789048509403658,0.00023448751150535098
0.16005,5.0660875900425194e-05,7.067031965766258e-06,-0.05418057842180526,0.0660794033512993,0.01735794654922631,0.0873297509452741,0.018970532798033894,0.00022958157096080408
0.16010000000000002,4.733117773723969e-05,1.026909877199287e-05,-0.0787297572603976,0.06173631878932376,0.03665125897577129,0.07622746115314019,0.02383086852953329,0.00022574077558474168
0.16015000000000001,4.2820663257082326e-05,1.321497251470121e-05,-0.10131478929426939,0.05585303903562315,0.06069553774169604,0.062391239390296865,0.029888058968028937,0.00022334601519667532
0.1602,3.72418605704145e-05,1.583115964834248e-05,-0.12137222398048808,0.04857633987794175,0.08710632516504344,0.04719321591874628,0.036541415895751474,0.00022263477657671267
0.16025,3.073394944050795e-05,1.8052391646484743e-05,-0.13840166930103776,0.04008776014577993,0.1132644782994485,0.032140570270111635,0.04313112967114438,0.00022367759307073343
0.1603,2.345928896405143e-05,1.9823253296874286e-05,-0.15197827528480054,0.030599072567592887,0.13657590772472616,0.018726064839936312,0.04900370204307568,0.0002263710489995884
0.16035000000000002,1.5599367084723103e-05,2.109956521733929e-05,-0.16176333333969373,0.020347000552137916,0.1547288320764885,0.008280008629374013,0.05357675332074384,0.00023044803594123102
0.16040000000000001,7.350272818051786e-06,2.184948602684056e-05,-0.1675127262100736,0.009587312378312913,0.1659230360056021,0.00183833117278704,0.05639677656058021,0.00023550424133629582
0.16045,-1.0821957612986674e-06,2.2054306732110325e-05,-0.1690830182809901,-0.0014115596816346044,0.16904839659089205,3.985001469632772e-05,0.05718411164422371,0.00024103824415419809
0.1605,-9.487665763970484e-06,2.170891747390342e-05,-0.16643503396541487,-0.012375216207029778,0.16379497357183892,0.00306291952341465,0.0558606789906498,0.0002465012404281884
0.16055,-1.7656437860337596e-05,2.0821935009930476e-05,-0.15963483507204193,-0.023030136333083644,0.15068374596637965,0.010607743590408388,0.05255772267551732,0.00025135146788580565
0.16060000000000002,-2.538471785221012e-05,1.941548774438137e-05,-0.14885207269788012,-0.0331105015393181,0.13101494687298765,0.02192610624370372,0.04760279502946553,0.00025510793221482055
0.16065000000000002,-3.2479700913442804e-05,1.7524663663776265e-05,-0.13435575474641237,-0.042364827273043415,0.10673912005478563,0.03589557179749606,0.04148727343658063,0.0002573981068708309
0.1607,-3.876438170071057e-05,1.5196634977346174e-05,-0.11650753480895573,-0.05056223699509095,0.08026368567491642,0.05113079619895488,0.0348176307643633,0.00025799487665428714
0.16075,-4.4081970231837126e-05,1.2489481244713366e-05,-0.09575268952980708,-0.05749822203789802,0.0542141976970146,0.06612091075038842,0.028255291716941515,0.00025683906004971696
0.1608,-4.829980354162435e-05,9.470740436229715e-06,-0.07260900998973897,-0.06299974374682812,0.031173969262161927,0.0793793542433202,0.02245103979987806,0.0002540452789610263
0.16085000000000002,-5.1312655270830726e-05,6.215723971141526e-06,-0.047653883763089926,-0.06692955035168371,0.01342788689985338,0.0895912942055713,0.017980479406247866,0.00024989059087666705
0.16090000000000002,-5.304536093722875e-05,2.8056378745096875e-06,-0.021509890348721833,-0.06918960122226761,0.0027358196546368985,0.09574401834592833,0.015286953517517321,0.0002447870140913071
0.16095,-5.345469304736822e-05,-6.744431646968143e-07,0.0051707309455486725,-0.0697235126710709,0.00015809384176739523,0.09722736438385968,0.014637577574601459,0.00023924066725851303
0.161,-5.253043962119541e-05,-4.137698222411742e-06,0.03172235306000027,-0.06851796472579776,0.005950341085532466,0.09389422980331331,0.016096749837823613,0.00023380157867342933
0.16105,-5.0295658877041683e-05,-7.497726149791472e-06,0.057482567164376136,-0.06560303332054464,0.019538147470058647,0.0860751596171298,0.019519764998183496,0.00022900913952630028
0.16110000000000002,-4.6806104054155854e-05,-1.0670701106153151e-05,0.08180870850163673,-0.06105144007624819,0.03957401786338737,0.07454556670767445,0.024567164579562706,0.0002253386135025894
0.16115000000000002,-4.214883240243026e-05,-1.3577463833992518e-05,0.10409388940297662,-0.054976737918894465,0.06407100619740295,0.06044883424405617,0.030738400758686682,0.000223154004346337
0.1612,-3.6440033380173364e-05,-1.6145496541384695e-05,0.12378214016559294,-0.04753047832881732,0.09059975992562168,0.045182927403323456,0.03742147555844751,0.0002226719588822704
0.16125,-2.982212984815044e-05,-1.8310732039698173e-05,0.14038227897766847,-0.03889843023943956,0.11652943733147145,0.030261757501850922,0.043953632127205516,0.0002239402808995946
0.1613,-2.2460225022487255e-05,-2.0019152134125697e-05,0.15348016637082773,-0.02929594568894079,0.13928860694150647,0.01716504867618737,0.04968708023986203,0.00022683319200417608
0.16135000000000002,-1.4537983394150606e-05,-2.122813521306634e-05,0.16274903663895712,-0.018962587039250002,0.15662025454847858,0.007191594144422643,0.05405323697548061,0.0002310638034437801
0.16140000000000002,-6.253048739408957e-06,-2.190751963083446e-05,0.1679576505066017,-0.008156150537238921,0.16680561049182988,0.0013304558317220546,0.056619113102153826,0.00023621256820792304
0.16145,2.1878867248556765e-06,-2.204035611624652e-05,0.16897606356098674,0.0028537652893224907,0.16883459861551658,0.00016287952653083756,0.05713025204211289,0.00024176888584634718
0.1615,1.0574238882007629e-05,-2.16233306853159e-05,0.1657788685852252,0.013792485491102248,0.16250600541264754,0.0038046531204453202,0.055535964506861525,0.0002471817397685043
0.16155,1.8696785344557613e-05,-2.0666847257418746e-05,0.15844582897298967,0.024387111314785888,0.14844743382831485,0.011894623965595158,0.05199435503271506,0.00025191433998918665
0.16160000000000002,2.6352885160998804e-05,-1.9194768156186113e-05,0.1471598891890283,0.034373328464532484,0.12805306460682583,0.023630514194612783,0.046856643101446105,0.0002554973574783311
0.16165000000000002,3.335153423754705e-05,-1.7243818737607815e-05,0.13220261032199465,0.04350200117724065,0.1033453958373882,0.03784848212849294,0.04063233267117228,0.0002575754660688324
0.1617,3.951813058783839e-05,-1.4862671227152666e-05,0.11394714606324659,0.051545387718870794,0.07677467325972272,0.05313853990177433,0.033938685177183854,0.0002579425813105939
0.16175,4.4698830181032884e-05,-1.2110730382600745e-05,0.09284893292632386,0.05830282197270679,0.05097590047927101,0.06798438099962283,0.0274395058410574,0.0002565622962053361
0.1618,4.876438515550953e-05,-9.056651523754399e-06,0.06943432833407996,0.06360571976560403,0.028507527361690252,0.08091375173801102,0.02177931466311129,0.0002535714931287149
0.16185000000000002,5.161336818929522e-05,-5.776627682352146e-06,0.04428747888500044,0.06732178459337869,0.011597729863896428,0.09064445361674561,0.01751942961449056,0.00024926676815602283
0.16190000000000002,5.317470298054457e-05,-2.3524887651628003e-06,0.018035747182883186,0.06935830823519402,0.0019234431298233126,0.09621149842496367,0.015082301116634307,0.00024407501857577559
0.16195,5.340943740247444e-05,1.1303399482242965e-06,-0.00866593961900338,0.06966448356911925,0.0004440607519550942,0.09706280541904172,0.014709617831816683,0.00023851110720399778
0.162,5.2311715315957937e-05,4.584968985690438e-06,-0.03515142890731656,0.06823267215314373,0.0073062922517657366,0.09311395098316791,0.016438338555927447,0.0002331268040660962
0.16205,4.990892264353935e-05,7.925212399978493e-06,-0.06075996174875843,0.06509859475513455,0.021829613976963275,0.08475654078186463,0.02009702702070087,0.00022845606744765216
0.1621,4.626100416467305e-05,1.106773793217201e-05,-0.08485265749561198,0.060340440218710094,0.04257375625457245,0.07281937451575453,0.025322853145498453,0.00022496209171829745
0.16215000000000002,4.145896800189468e-05,1.3934145980676072e-05,-0.1068284525338674,0.054076914790235714,0.06748153412191328,0.05848625426460828,0.031597574681252766,0.00022299137247523657
0.1622,3.5622615160316016e-05,1.6452925511542514e-05,-0.1261390956012929,0.046464280649490826,0.0940828572050883,0.04317858752549295,0.03829893100704817,0.00022273934482505134
0.16225,2.88975507407199e-05,1.8561238115351103e-05,-0.14230282556330656,0.03769245749547452,0.11973968721712001,0.02841442704096307,0.04476235238274617,0.00022423100226095133
0.1623,2.145155137718969e-05,2.0206485689933177e-05,-0.15491639029804005,0.027980284411698485,0.14190765068035813,0.015657926315190744,0.05034686491322797,0.00022731841786025086
0.16235,1.3470379568310345e-05,2.134762266952361e-05,-0.16366510713918908,0.017570060315136568,0.1583883631204859,0.006174140389550738,0.054498655648197086,0.00023169541446599475
0.16240000000000002,5.153149267787672e-06,2.1956180008372233e-05,-0.16833071340098296,0.006721499051990651,0.16754744147859904,0.0009035709901182244,0.05680599379668546,0.0002369279276497146
0.16245,-3.2926415957152057e-06,2.2016975448799087e-05,-0.16879681177351286,-0.004294749898939562,0.16847658513427005,0.0003688975338888276,0.05704006195988878,0.00024249705214581538
0.1625,-1.1656287766135809e-05,2.152849226207764e-05,-0.16505177400724858,-0.015203853601241676,0.16108365138730885,0.0046231432865597895,0.05517764769886368,0.0002478505008671691
0.16255,-1.972913333883982e-05,2.050291711411263e-05,-0.1571890312001473,-0.02573365217307059,0.14610179337722345,0.013244417083291611,0.0514034456217755,0.00025245737544719616
0.1626,-2.730977727566347e-05,1.8965836005056298e-05,-0.14540474269828688,-0.03562144861465234,0.12501675352144673,0.025377752028126345,0.04609174120252897,0.0002558608145514179
0.16265000000000002,-3.4209097988696066e-05,1.6955595981665118e-05,-0.1299929025096044,-0.044620562587079145,0.09991952344686024,0.039819892111748946,0.03976929322250537,0.00025772330123172626
0.1627,-4.025497147875399e-05,1.452234842138872e-05,-0.11133800455409361,-0.052506484533640416,0.07329898135082044,0.05513861836162841,0.03306309527041899,0.0002578601334666501
0.16275,-4.529656556234628e-05,1.172679789801026e-05,-0.08990545053196214,-0.0590824768164718,0.047795071508405416,0.06981478133537856,0.026638197271016968,0.00025625774197769366
0.1628,-4.920810272155331e-05,8.63868768459645e-06,-0.06622993890589542,-0.06418448180896322,0.025937002339576624,0.0823929541017026,0.02113175273021267,0.00025307503472098516
0.16285,-5.189199811834725e-05,5.335059840287453e-06,-0.04090212542171534,-0.06768521493577542,0.009892426325396985,0.09162576641804233,0.017089832690733817,0.0002486276393252249
0.16290000000000002,-5.328129400068534e-05,1.8983331332147744e-06,-0.014553887344898597,-0.06949734000063176,0.0012524750695978365,0.09659760534326824,0.014913272075186236,0.00024335660115523173
0.16295,-5.334133030755021e-05,-1.5857531110399126e-06,0.012157440538184211,-0.06957564822861176,0.0008739676965403002,0.09681541652863054,0.01481791920017355,0.0002377846464468863
0.163,-5.2070609219922225e-05,-5.030278050683243e-06,0.038565465066060796,-0.06791818594022528,0.008794440568474608,0.09225759962822029,0.016813230135756155,0.00023246434250547373
0.16305,-4.950083266978775e-05,-8.349307815126001e-06,0.06401135993539844,-0.06456630348627385,0.024228424837767448,0.08337615091763237,0.020701331039203123,0.00022792330119351503
0.1631,-4.5696111304593645e-05,-1.146003937910682e-05,0.0878603019125431,-0.05960362344202739,0.045645340911957655,0.07105183854837994,0.02609664108658344,0.00022461185468932823
0.16315000000000002,-4.075136520042153e-05,-1.4284866342551872e-05,0.109517308641276,-0.0531539546146467,0.07092128527268038,0.05650685782351842,0.03246411045758477,0.00022285839769437164
0.1632,-3.478995564973011e-05,-1.6753315026008952e-05,0.12844208187279188,-0.04537820302355413,0.09754965662191492,0.041183626192937944,0.03917228072057463,0.00022283681914569712
0.16325,-2.7960607686895934e-05,-1.8803802681451765e-05,0.14416248723500966,-0.03647035785881256,0.12288973437720198,0.02660174004699702,0.04555590645861819,0.00022454925934570642
0.1633,-2.0433699593327766e-05,-2.038517381323614e-05,0.156286332574853,-0.02665265164737749,0.1444285571470617,0.014207276796729082,0.05098192701890448,0.0002278258962398135
0.16335,-1.2397012381899054e-05,-2.1457976448332514e-05,0.16451115277625986,-0.016170016157212384,0.16003013203003028,0.005229388450490192,0.05491224704312135,0.00023234178784534496
0.16340000000000002,-4.051044999679839e-06,-2.1995446339493497e-05,0.16863175527335883,-0.005283971743691027,0.1681472595162047,0.0005584071477625039,0.05695709884531234,0.00023764909550495124
0.16345,4.395987692272804e-06,-2.1984174718341542e-05,0.16854533950769535,0.0057338969830256084,0.16797496868761722,0.0006575514922390035,0.05691369566336443,0.0002432214966810232
0.1635,1.2733349456712316e-05,-2.1424442780582155e-05,0.1642540613176716,0.016608716677579877,0.15953034547214534,0.005516989393522399,0.05478634172772719,0.00024850637930399615
0.16355,2.0753040130991547e-05,-2.0330214703883185e-05,0.15586497939144822,0.027069182773360085,0.14365083847015164,0.014654813120351488,0.05078600556944588,0.00025297964468429864
0.1636,2.8254984785275798e-05,-1.8728789239856243e-05,0.1435873841673068,0.03685432797603167,0.12191120945084194,0.027164829811298218,0.04530939825571422,0.0002561976814583134
0.16365000000000002,3.505202521223002e-05,-1.6660118692611776e-05,0.12772757663353235,0.045720032880565815,0.0964673652678669,0.04180642813200039,0.03889963188514981,0.0002578413588500179
0.1637,4.097458911405389e-05,-1.4175812169147526e-05,0.10868122661613917,0.0534451162311438,0.06984255767130029,0.057127608979209404,0.03219235938445861,0.0002577476742233483
0.16375,4.587492060035931e-05,-1.1337848048773268e-05,0.08692350169341444,0.05983685295378186,0.04467715390795552,0.07160897942825027,0.025852737207527586,0.00025592591820852327
0.1638,4.9630766405465774e-05,-8.217027749609264e-06,0.06299721272733645,0.06473578226552476,0.023466792969363343,0.08381443011058862,0.020509462139414854,0.00025255675341427565
0.16385,5.214842582575728e-05,-4.891209368848517e-06,0.037499271811518554,0.0680196858585802,0.008314894457651422,0.09253355328599872,0.016692423765688108,0.00024797429790681226
0.16390000000000002,5.336508840958606e-05,-1.4433652932688277e-06,0.01106580055999739,0.06960663705624241,0.0007240636571199874,0.0969016784455892,0.014780155650905655,0.0002426329913678163
0.16395,5.3250400891713984e-05,2.0404878026135252e-06,-0.01564373983719819,0.06945704464247215,0.001447079003329026,0.0964856210093274,0.01496229634358699,0.00023706252803199022
0.164,5.180722450701253e-05,5.473434890211265e-06,-0.041963000845676814,0.06757464066419588,0.010412239470558254,0.09132664121790393,0.017220783062634134,0.00023181532776323782
0.16405,4.907156354875774e-05,8.769830942431873e-06,-0.0672353705751065,0.06400638724076568,0.026730475116717972,0.08193635215229703,0.02133164293558835,0.00022741175234599215
0.1641,4.5111667191477666e-05,1.184743760415687e-05,-0.09083035498623214,0.058841305038602,0.04878351567142789,0.06924598357291618,0.02688720430978732,0.0002242885020306229
0.16415000000000002,4.0026326753602046e-05,1.4629474863134273e-05,-0.11215930729791698,0.05220825229221707,0.07438437343754217,0.05451403214815577,0.033336525249320514,0.00022275530760243023
0.1642,3.3942411122510873e-05,1.704653657097256e-05,-0.13069011372583836,0.04427271016771356,0.10099422573882727,0.03920145731188735,0.04004003024812823,0.00022296421531351994
0.16425,2.7011701568589376e-05,1.9038321960920963e-05,-0.1459604683761264,0.035232654225169274,0.125974188383672,0.024826798475006767,0.0463329364284074,0.00022489450767844204
0.1643,1.9407105168220712e-05,2.0555140060430432e-05,-0.15758940713831882,0.025313615445328747,0.1468470125483128,0.012815582538279722,0.05159117986515557,0.00022835475892894486
0.16435,1.1318341080926627e-05,2.1559149340901673e-05,-0.16528681161869058,0.014763053589023894,0.1615427518772344,0.0043589550254478256,0.05529330344396219,0.00023300181763022328
0.16440000000000002,2.9472074731061034e-06,2.2025301831491157e-05,-0.1688606473765568,0.003844183668993169,0.16860403823040576,0.00029555496161907566,0.057072169709102574,0.00023837483784296077
0.16445,-5.49745294701519e-06,2.1941967965351443e-05,-0.16822175440237996,-0.007170590795265656,0.16733060770396957,0.001028347447062971,0.05675136942548873,0.0002439409798929137
0.1645,-1.3804963134737935e-05,2.13112267654303e-05,-0.16338607186384999,-0.018006473646361484,0.15784874577820043,0.006484661863542213,0.05436271623772963,0.000249148252857727
0.16455,-2.1768067648440613e-05,2.014881392610839e-05,-0.15447424009657212,-0.02839313171010825,0.14109876330951707,0.016123398566151092,0.05014309149174948,0.0002534802541510029
0.1646,-2.9188103288194786e-05,1.8483729287329798e-05,-0.1417085911903632,-0.03807143906456649,0.11874174673239088,0.028988689448939987,0.04451095305165596,0.00025650738186959086
0.16465000000000002,-3.5879955275807316e-05,1.6357513299630068e-05,-0.12540760196341433,-0.046799941662119635,0.0929948287824199,0.04380469079155602,0.03802483687916172,0.00025792943710946077
0.1647,-4.1676675594930706e-05,1.3823210734307464e-05,-0.10597794894833772,-0.05436088120643123,0.06641131696088788,0.05910210811079457,0.03132796754321214,0.00025760539594039164
0.16475,-4.643364785416751e-05,1.0944047251511767e-05,-0.08390436225885767,-0.060565627634333624,0.041627483169417175,0.07336390501481513,0.02508446976435351,0.0002555673928304481
0.1648,-5.0032195343912403e-05,7.791852121675788e-06,-0.05973753291646011,-0.06525938522915856,0.021101126350303864,0.08517574720975435,0.019913507759353466,0.0002520175358679678
0.16485,-5.238254160313147e-05,4.4452661718395975e-06,-0.034080373977320076,-0.06832505426413922,0.006867833786143131,0.09336626080395137,0.0163278829014607,0.00024730786196803926
0.16490000000000002,-5.342605032497585e-05,9.87779901921022e-07,-0.007572979230680819,-0.06968615259801306,0.0003391131286285769,0.09712319727827123,0.014683179620597333,0.0002419054272025557
0.16495,-5.31366880619213e-05,-2.4943494630307612e-06,0.019123345892930875,-0.06930872355951255,0.002162413944894924,0.09607398322897862,0.015142502200628143,0.0002363459876958446
0.165,-5.1521673841545866e-05,-5.914249896949005e-06,0.045342582560374114,-0.06720218327398476,0.012156920517227453,0.09032266873580476,0.0176602998968594,0.00023118087021245612
0.16505,-4.8621298948095026e-05,-9.186601860063621e-06,0.07043061427078601,-0.06341908558634568,0.029331483223654992,0.08043960833216476,0.021986884102945206,0.00022692229631901854
0.1651,-4.4507921841679786e-05,-1.2229766848482812e-05,0.09376154585350774,-0.058053811102145726,0.051982910322226336,0.06740489966967236,0.027693189912129726,0.00022399258662589907
0.16515000000000002,-3.9284162870529426e-05,-1.4967824100029878e-05,0.11475331811038617,-0.05124021244316361,0.0778648724602365,0.052511187424410785,0.03421332614834858,0.000222682278595327
0.1652,-3.308034418009239e-05,-1.73324646764994e-05,0.132882229198334,-0.0431482750232358,0.10441066999137892,0.03723547274961589,0.04090069458587953,0.00022312131492584615
0.16525,-2.6051238380878186e-05,-1.9264695614876665e-05,0.14769599972352598,-0.03397987615475324,0.1289877710236355,0.02309263966984735,0.047092112619140675,0.00022526615648966932
0.1653,-1.8372207328150544e-05,-2.0716311697671982e-05,0.15882505635631006,-0.023963748695582102,0.14915887824286236,0.01148522503090026,0.052173580807805174,0.00022890410062902035
0.16535,-1.023482718051205e-05,-2.1651098063449877e-05,0.1659917518248535,-0.013349774590364879,0.16292363424252315,0.0035643296322710348,0.055641172792608176,0.0002336743744308971
0.16540000000000002,-1.8421089732136458e-06,-2.2045733699487372e-05,0.16901729169840204,-0.0024027508416016924,0.16891699588647874,0.00011546423213635281,0.057151009420945906,0.00023910391252103162
0.16545,6.59656609532362e-06,-2.1890373252273008e-05,0.16782619493352266,0.008604216638943049,0.16654460486417247,0.0014806508793972883,0.05655336104363909,0.00024465427066267816
0.1655,1.4870670296149604e-05,-2.1188892647191184e-05,0.16244817695862074,0.01939652646667311,0.15604172985761983,0.00752450477944701,0.053907496111275766,0.0002497750229325437
0.16555,2.2773781610352277e-05,-1.9958792396285744e-05,0.1530174083636661,0.02970493252811237,0.13844993510578968,0.017647660329994166,0.04947580357416502,0.0002539583472402746
0.1656,3.0108733527464203e-05,-1.823076098769895e-05,0.1397691675639827,0.039272261117250525,0.11551378901348268,0.03084620986523015,0.043697771882841865,0.00025678938557652746
0.16565000000000002,3.669253396992982e-05,-1.6047909285538456e-05,0.12303397117260452,0.04785982691109789,0.0895078563584008,0.045811260639205,0.03714640522088331,0.000257987385589326
0.16570000000000001,4.2360930530773625e-05,-1.3464694979468605e-05,0.10322932816365218,0.055253387644952086,0.06301113087786904,0.06105873692486687,0.030471398924968016,0.0002574335420962014
0.16575,4.697250830001999e-05,-1.0545564004549745e-05,0.0808493240140459,0.06126848908343043,0.03865127800944816,0.07507655509132868,0.02433470965075566,0.0002551827796708249
0.1658,5.041221779708691e-05,-7.363342717256317e-06,0.05645229415059703,0.06575506668997097,0.018844050694953658,0.0864745759080506,0.019344909415938652,0.000251458304937802
0.16585,5.259424530982971e-05,-3.99742105211038e-06,0.030646894710612153,0.06860118953390636,0.005553720570525922,0.09412246410933886,0.015996833927207525,0.000246629472183459
0.16590000000000002,5.3464153680301254e-05,-5.317718849635548e-07,0.00407691776922612,0.06973585262672163,9.828222404399308e-05,0.09726178283151678,0.01462250994172158,0.00024117515383925104
0.16595000000000001,5.300024049196252e-05,2.9471439052287294e-06,-0.022594769961625658,0.06913074846984336,0.00301874841838499,0.095581207680015,0.015358228411239815,0.0002356362518011741
0.166,5.121407941109822e-05,6.352534466872436e-06,-0.04870276426140028,0.06680097314714739,0.014025498155753048,0.08924740026811814,0.018131028533620776,0.00023056205568564703
0.16605,4.8150231533839896e-05,9.59944225356973e-06,-0.0735957239652453,0.06280464983181835,0.0320269982430139,0.07888848080994643,0.022665933293429127,0.0002264557708755636
0.1661,4.388513358790706e-05,1.2606863535212921e-05,-0.0966526204450884,0.05724147859521633,0.05523804997931676,0.0655317374353322,0.02851321869310447,0.00022372461505722516
0.16615000000000002,3.852519110032287e-05,1.5299769293503097e-05,-0.11729823126565574,0.050250249267738606,0.08135682642398694,0.05050175102939729,0.035093012770512105,0.00022263943579306527
0.16620000000000001,3.220412366982494e-05,1.7610977012545732e-05,-0.13501749043583738,0.04200537870209535,0.10779314308304509,0.03528903679812891,0.04175280096690222,0.00022330784929894623
0.16625,2.5079629060625508e-05,1.948282678799177e-05,-0.14936833871784175,0.032712559651397244,0.13192532534832593,0.02140223117892446,0.04783213589949448,0.00022566356978565797
0.1663,1.7329448860101227e-05,2.0868619771482024e-05,-0.15999275158700185,0.022603628951140223,0.15136019812066917,0.010218480835216488,0.05272813324604264,0.00022947298138496455
0.16635,9.146934265358257e-06,2.173378327040849e-05,-0.1666256717442743,0.01193078383173806,0.1641704160752589,0.0028468720567932466,0.0559552597769803,0.00023435830723850612
0.16640000000000002,7.362223195215224e-07,2.205673320503726e-05,-0.16910162124214906,0.0009602899858776187,0.1690855969647592,1.8443137139536743e-05,0.05719348308401741,0.00023983507199115895
0.16645000000000001,-7.692856873792045e-06,2.1829412648077523e-05,-0.16735883030082507,-0.010034161132642118,0.1656183051610825,0.002013687792716515,0.056320009328228206,0.0002453601482576872
0.1665,-1.5930014976635426e-05,2.105749276972089e-05,-0.16144077790133973,-0.02077828040016595,0.15411238995405366,0.008634738727758409,0.05342146034794317,0.00025038561703563276
0.16655,-2.3769751708949474e-05,1.9760231409268423e-05,-0.15149510746411485,-0.0310040239618939,0.13570888658700278,0.019224990036593823,0.048785283676616484,0.0002544131056750167
0.1666,-3.101648161401665e-05,1.7969992577590707e-05,-0.13776994309449703,-0.040456280363514716,0.11223286009857858,0.03273421241702613,0.042871246303075816,0.0002570432100821848
0.16665000000000002,-3.748941358912038e-05,1.5731439096955565e-05,-0.12060769973270855,-0.048899235111651285,0.08601241495026418,0.047822703890091,0.03626584005314402,0.00025801510463573297
0.16670000000000001,-4.302706116129304e-05,1.3100418297166293e-05,-0.100436540269852,-0.056122253685569896,0.05964781793527438,0.06299414717494928,0.0296241193189976,0.0002572324067798426
0.16675,-4.749127133764194e-05,1.0142568787469053e-05,-0.0777596940231089,-0.06194513652459981,0.0357536313881997,0.0767439987810262,0.023604739846288962,0.00025477273642596633
0.1668,-5.077067116977097e-05,6.931682875539915e-06,-0.053142902030939444,-0.06622261456752553,0.01669942838691422,0.08770869360318088,0.018804640113017187,0.00025088001758797636
0.16685,-5.278344632711529e-05,3.547865616354143e-06,-0.027200303042249123,-0.06884797346950779,0.0043748035662369966,0.09480086901716096,0.015699843323754518,0.0002459402890664725
0.16690000000000002,-5.3479382174143325e-05,7.553634744959427e-08,-0.0005791119792737873,-0.06975571587980574,1.9830614264137063e-06,0.09731719795808365,0.014598250435081625,0.00024044342095793392
0.16695000000000002,-5.2841116529920524e-05,-3.398677399352116e-06,0.026056526745430707,-0.06892319547536556,0.004014617031008345,0.09500813749070902,0.015609105795677047,0.00023493453458143788
0.167,-5.088457282263562e-05,-6.7881010781416325e-06,0.05204210828314525,-0.06637118194528976,0.016014774813616926,0.08810267585629515,0.018632163447553505,0.0002299599431325558
0.16705,-4.765856282443134e-05,-1.0008175482391435e-05,0.07672934538100258,-0.062163342818122205,0.03481240748748509,0.07728562380646771,0.02336762845616452,0.00022601297403784714
0.1671,-4.324356890783461e-05,-1.2978566325253149e-05,0.09950234184473951,-0.05640465510283671,0.05854336436221716,0.06362970234539926,0.029345887416984687,0.00022348504605343601
0.16715000000000002,-3.77497361568104e-05,-1.562516841251514e-05,0.11979295784262005,-0.04923878629684055,0.08485425973140634,0.04848916151971866,0.035974079725325285,0.00022262685228923186
0.16720000000000002,-3.1314124500714106e-05,-1.788195442477215e-05,0.13709498393700534,-0.0408445102262773,0.11113585687503208,0.03336548031248942,0.04259489128824892,0.00022352349946800598
0.16725,-2.4097289313539207e-05,-1.969262214916873e-05,0.15097676981957542,-0.03143124693714449,0.13478182449560316,0.0197584656804751,0.048551739902377385,0.00022608606743933262
0.1673,-1.6279275917692114e-05,-2.1011999126596713e-05,0.1610919933111159,-0.021233838162408987,0.15344720528832112,0.009017517662147525,0.05325388826721934,0.00023006042794064397
0.16735,-8.055127795882202e-06,-2.1807169585226554e-05,0.16718830015779065,-0.010506688436337588,0.16528096384606192,0.0022078100379653996,0.056235026924997815,0.00023505244570051217
0.16740000000000002,3.6997933316927037e-07,-2.2058295652267826e-05,0.16911360000096218,0.0004825817301388948,0.1691095530232614,4.6577025252769815e-06,0.05719951806594966,0.00024056706528190807
0.16745000000000002,8.78585623032068e-06,-2.1759112236692464e-05,0.16681986048035263,0.0114598124675776,0.16455329372224473,0.0026265460358409396,0.05605171360674478,0.00024605740479096864
0.1675,1.6982543940451977e-05,-2.0917083361894112e-05,0.16036430576834673,0.02215114426241107,0.15206402767300709,0.009813463842682937,0.05290544070553005,0.0002509789904885047
0.16755,2.475555181879979e-05,-1.9553215923877835e-05,0.14990798874342098,0.0322898501925106,0.13288030834887635,0.020852688509095538,0.048072713454559594,0.0002548437513379626
0.1676,3.191095918706028e-05,-1.7701535640447773e-05,0.13571177322785055,0.0416229902367608,0.10890457448048808,0.03464946632498969,0.04203279073404352,0.00025726842134237625
0.16765000000000002,3.8270253207136225e-05,-1.5408238146765158e-05,0.11812982578323658,0.04991772157062513,0.08251448611190772,0.04983557853604907,0.035384648259563015,0.00025801254707624217
0.16770000000000002,4.3674782493532686e-05,-1.2730536549260073e-05,0.09760078019234172,0.05696710759590664,0.05632713355951377,0.06490502695687209,0.028787578631838423,0.0002570023343269046
0.16775,4.798971503370628e-05,-9.735234029154663e-06,0.07463679421572782,0.06259528047692621,0.03293950186601629,0.07836338275970119,0.02289580951555698,0.00025433796498850093
0.1678,5.1107402100187155e-05,-6.497057284610627e-06,0.049810772495542124,0.06666182882472768,0.014670929376784362,0.08887598844514588,0.018293624379977197,0.0002502836634407481
0.16785,5.295006372100083e-05,-3.096792210764061e-06,0.02374207360744477,0.06906530050518311,0.0033331001753843332,0.09540031467742494,0.01543741931997639,0.0002452414921205068
0.16790000000000002,5.347172928746333e-05,3.8073150883176133e-07,-0.0029189415875080053,0.06974573385414817,5.038043127664545e-05,0.09728934781707341,0.01461044261254358,0.00023971148069368704
0.16795000000000002,5.265938426948815e-05,3.848756755122521e-06,-0.029507135132342446,0.06868615339584155,0.005148315620277928,0.09435575336634153,0.015894705052387863,0.00023424203694911842
0.168,5.053329505371601e-05,7.2207633718026685e-06,-0.055359185869450385,0.06591299355169934,0.01812134637224047,0.08689045437892717,0.01916284707709579,0.00022937556287945708
0.16805,4.7146503193564974e-05,1.0412626670591258e-05,-0.07983013781516138,0.061495438949612444,0.03768294448264094,0.07563378023211023,0.02409076884199185,0.0002255946636562576
0.1681,4.2583502273321915e-05,1.3344716178253579e-05,-0.10230949071550832,0.05554369862252081,0.061893197263678715,0.0617020491333884,0.030189771150941624,0.00022327428929887365
0.16815000000000002,3.695812982411247e-05,1.5943882235217315e-05,-0.12223643047650867,0.04820625629428764,0.08835118746511066,0.04647686291821093,0.036855019309008315,0.0002226445496591475
0.16820000000000002,3.0410727441441924e-05,1.8145280960837464e-05,-0.13911382071091502,0.03966616623410956,0.11443309110066352,0.031468094874240266,0.04342552445671326,0.00022376789603026907
0.16825,2.3104639437262184e-05,1.989399193660133e-05,-0.1525206048542499,0.03013648622630906,0.137552380326452,0.01816415604137031,0.04924969321641802,0.0002265329264556525
0.1683,1.5222137815449141e-05,2.114638840132459e-05,-0.16212231108329087,0.019854962374779964,0.1554163282650318,0.00788439061807856,0.05374994609468646,0.00023066543468056323
0.16835,6.9598749057428386e-06,2.1871225608488235e-05,-0.16767939633613388,0.009078097708157238,0.16625337714161786,0.001648237159976994,0.056479995485297085,0.00023575560196613333
0.16840000000000002,-1.4760226854317564e-06,2.2050420356916505e-05,-0.16905322273761497,-0.0019252469741015627,0.16898882295555756,7.413151822574446e-05,0.05716910396368118,0.0002412986394564462
0.16845000000000002,-9.875096520052131e-06,2.1679502095475054e-05,-0.16620951606564657,-0.012880560673080414,0.16335139302450197,0.003318176865058115,0.055748932991311576,0.0002467448470728797
0.1685,-1.802780684391657e-05,2.0767724485198267e-05,-0.159219221049059,-0.0235145306596723,0.14990014816173758,0.011058663042893374,0.05236032015937223,0.00025155412760383963
0.16855,-2.5730760159818795e-05,1.9337834511413417e-05,-0.1482567312494798,-0.03356186107296046,0.1299690407436794,0.022527970373613978,0.04733931227760306,0.0002552495472677635
0.1686,-3.2791783502516553e-05,1.7425505016890977e-05,-0.13359553845372324,-0.04277189151985784,0.1055346275477618,0.036588694083729736,0.04118383990203995,0.0002574646334748042
0.16865,-3.9034718740648045e-05,1.5078444719044573e-05,-0.11560140949909538,-0.050914850526342245,0.07902005562160469,0.051846440082395466,0.0345043377687144,0.00025797971731625753
0.16870000000000002,-4.430381737143998e-05,1.2355207983236439e-05,-0.09472326119153099,-0.05778758787229205,0.053054760199813825,0.06678810624195751,0.027963208357811627,0.0002567437181806208
0.16875,-4.84676261421433e-05,9.32373401392174e-06,-0.07148196075381565,-0.06321864279119593,0.03021370508358756,0.07993193592721659,0.022209131815502568,0.0002538792095071969
0.1688,-5.1422266504198474e-05,6.059651899030129e-06,-0.046457331209955904,-0.0670725215257762,0.01276202490078675,0.08997446287651423,0.01781273667778022,0.0002496702628840261
0.16885,-5.309402622425204e-05,2.644393832038607e-06,-0.02027368602371687,-0.06925307768365112,0.0024303929961405533,0.09591977537315632,0.015210010995949956,0.00024453427734036376
0.1689,-5.3441198290429566e-05,-8.368364674990941e-07,0.006415746267848178,-0.06970591081435745,0.00024339151422007405,0.09717828004918311,0.014659065607724281,0.0002389805855291055
0.16895000000000002,-5.245512148473637e-05,-4.297189403997135e-06,0.032945118785231,-0.06841972367827716,0.006417904166591163,0.093625171764236,0.016214537468181363,0.00023355994410528797
0.169,-5.0160396396653926e-05,-7.650336230617846e-06,0.058652577784639684,-0.0654266039985406,0.020341607991574775,0.08561281021563698,0.01972217129391196,0.00022880991490069875
0.16905,-4.661427175203625e-05,-1.0812622775955833e-05,0.08289677463741056,-0.06080122403027639,0.04063369709582161,0.07393577687159719,0.024834117021310848,0.00022520155580733377
0.1691,-4.19052161070619e-05,-1.3705156437627548e-05,0.10507286603562214,-0.05465897753542883,0.0652818163524605,0.05975207650437027,0.031043425829535135,0.00022309270556134344
0.16915,-3.615071081379784e-05,-1.6255774407282403e-05,0.12462760380498619,-0.0471531010690583,0.0918416256277234,0.044468298808576535,0.0377343240816317,0.00022269249789803988
0.16920000000000002,-2.949431902345098e-05,-1.8400843961603446e-05,0.14107313704766433,-0.03847085090465193,0.11767920346726739,0.029600127386559164,0.04424327910092204,0.00022404062093557862
0.16925,-2.2102104147765264e-05,-2.008685000174475e-05,0.15399918335597607,-0.02882883150529672,0.14023225183555058,0.016622030519215777,0.04992480152649744,0.000227003382350437
0.1693,-1.4158486856570364e-05,-2.127173010384273e-05,0.1630832641348912,-0.018467591556526098,0.1572641974748708,0.006821038757973481,0.054215457895477395,0.00023128696645271184
0.16935,-5.8616442028399085e-06,-2.1925923940472024e-05,0.16809875021321027,-0.007645622881485096,0.16708599198639487,0.0011691109849177692,0.056689746294224186,0.00023646657291490373
0.1694,2.581434515207907e-06,-2.203311069520316e-05,0.1689205153322222,0.003367088493505272,0.16872361340648023,0.00022674569846191207,0.057102292854976304,0.00024202854275868634
0.16945000000000002,1.0960111711736727e-05,-2.1590616291871125e-05,0.16552805823446687,0.01429579787726699,0.1620146598396568,0.004087396738953428,0.055412185636589124,0.0002474212988531775
0.1695,1.9065356473777713e-05,-2.060948004933371e-05,0.15800601370965672,0.02486785626538629,0.1476244543594222,0.012368205504718243,0.05178703156254019,0.0002521100443151823
0.16955,2.6694959492383494e-05,-1.9114179328229448e-05,0.1465420415058351,0.034819512374430185,0.12698006565391828,0.024247968839861935,0.046586335183375086,0.00025562979915945405
0.1696,3.3658577711134046e-05,-1.7142018815102223e-05,0.13142214425027432,0.04390249266502996,0.10212878609937223,0.03854857724406019,0.04032584658528885,0.0002576315109009565
0.16965,3.978248309969818e-05,-1.4742199912781427e-05,0.11302353265165004,0.051890195342930254,0.07553510325185954,0.05385184745454921,0.03362641498429959,0.00025791667141533985
0.16970000000000002,4.49138966687264e-05,-1.1974593187486047e-05,0.09180521443450777,0.05858334347919166,0.04983629765775342,0.06864016266401897,0.027152419194334754,0.0002564570009816506
0.16975,4.892480015741094e-05,-8.90824479599074e-06,0.0682965434207012,0.06381495672470304,0.027580905505678557,0.08144697403551443,0.021545881791758613,0.0002533972547312987
0.1698,5.171512966975092e-05,-5.619653864951093e-06,0.043084012956471615,0.06745451695947166,0.010975981540518234,0.091002237164713,0.017362799919573776,0.00024904086562517285
0.16985,5.321527220705392e-05,-2.1908640362478305e-06,0.016796624261150056,0.069411224617715,0.0016682267723319253,0.09635836205861768,0.015018007481933163,0.00024381985461830618
0.1699,5.3387802247375636e-05,1.2925833823246112e-06,-0.00990980594264796,0.06963626380133181,0.0005806860230550269,0.0969841847241735,0.014744036216267908,0.0002382519862110482
0.16995000000000002,5.222841553988953e-05,4.743783481914989e-06,-0.03636900671158391,0.06812402027140864,0.007821210100259521,0.0928176427587859,0.01656805571219236,0.00023288942298833583
0.17,4.976603639935781e-05,8.076635860492503e-06,-0.06192087494273137,0.06491222139254316,0.0226717602862514,0.08427192972229075,0.02030917896569037,0.00022826396717105893
0.17005,4.606209617819613e-05,1.1207992651119124e-05,-0.08592794367400491,0.0600809950190175,0.04365961585097425,0.07219451924950411,0.025596400895511538,0.0002248343227720796
0.1701,4.120900061546751e-05,1.4059732887482922e-05,-0.10779128548208934,0.0537508703715821,0.0687034229079103,0.057783121314052444,0.031905390648870435,0.00022294060556381077
0.17015,3.532782455688083e-05,1.6560711471265715e-05,-0.12696545462548584,0.046079771166682174,0.09531960116929011,0.04246690621547588,0.03861048926883399,0.00022277061455409892
0.17020000000000002,2.856529133997496e-05,1.864853408594951e-05,-0.14297209466958843,0.03725907566701034,0.12086863913772579,0.027764774391200037,0.04504675586709952,0.0002243412075593999
0.17025,2.1090112375880746e-05,2.0271113817335313e-05,-0.1554118726078333,0.027508842236024466,0.14281685304468536,0.015134728023329672,0.05057590949844626,0.00022749662978561108
0.1703,1.308877813085015e-05,2.138797061159541e-05,-0.16397444136150127,0.017072319308681645,0.15898765082344785,0.0058292817315516825,0.05464962709936559,0.00023192395979089984
0.17035,4.76090557170655e-06,2.1971241168287218e-05,-0.1684461822933755,0.006209876839668007,0.16777738350891924,0.0007712514072769022,0.056863920369517706,0.0002371841417030231
0.1704,-3.6857418698208675e-06,2.200637407943464e-05,-0.16871553460889507,-0.004807489387730318,0.1683143782561867,0.0004622390842627926,0.056999199099369964,0.00024275552628397174
0.17045000000000002,-1.2040437569525464e-05,2.1492492847678792e-05,-0.16477577849658254,-0.01570491856225533,0.16054538157705817,0.004932889340941441,0.05504204775945088,0.0002480856023884656
0.1705,-2.0094748915551808e-05,2.0442417764772468e-05,-0.15672520285667516,-0.026210542056608634,0.145240840538858,0.013739850298025,0.05118655596563571,0.0002526457894256216
0.17055,-2.764773726586987e-05,1.888234605816446e-05,-0.14476465310494985,-0.03606226599322885,0.12391849787608385,0.026009740571327798,0.0458150706628921,0.000255983856122559
0.1706,-3.451097097734202e-05,1.685119833958211e-05,-0.1291925205878695,-0.045014309963887146,0.09869287838398608,0.040525762030498194,0.0394602790562689,0.0002577687683959424
0.17065,-4.051322635403738e-05,1.4399647593710437e-05,-0.11039729820674836,-0.05284333871849784,0.07206559257850072,0.05584836893835786,0.03275238224345313,0.00025782351730862873
0.17070000000000002,-4.550475938892431e-05,1.1588855018749503e-05,-0.08884788845667112,-0.05935403398154371,0.046677253495212026,0.0704580269976449,0.02635659861606488,0.00025614267366694113
0.17075,-4.9361041492734396e-05,8.488944148560527e-06,-0.06508190512432503,-0.06438396716223375,0.025045608474058373,0.0829059045509519,0.020907194431866075,0.0002528929255649989
0.1708,-5.1985866316832166e-05,5.177251441273341e-06,-0.03969226102766496,-0.06780765171650016,0.009315855634983331,0.09195755262612375,0.016944584064895143,0.00024839654892118873
0.17085,-5.3313749813069763e-05,1.7363968702651314e-06,-0.013312375990231391,-0.0695396736691432,0.0010479057480136317,0.09671532428021853,0.01486173735104336,0.00024309944667385297
0.1709,-5.3311564020787525e-05,-1.7477772594736865e-06,0.013399625677667015,-0.06953682263745793,0.001061686769011925,0.09670739405026564,0.01486520904414303,0.00023752692969617785
0.17095000000000002,-5.197936344814864e-05,-5.1883479121000804e-06,0.039777334007816634,-0.06779916971685697,0.009355832040546455,0.09193454828590351,0.016954654844424336,0.0002322316211670455
0.171,-4.9350383804267515e-05,-8.499479869088169e-06,0.06516267901758482,-0.06437006583618819,0.025107815831517933,0.08287010751510406,0.020922865600763188,0.00022773865407400747
0.17105,-4.549021274122606e-05,-1.1598567139356165e-05,0.08892234807766987,-0.059335060099608664,0.04675552271764915,0.07041298714048344,0.026376316046365075,0.00022449359317588505
0.1711,-4.04951536851973e-05,-1.440829382369079e-05,0.1104635859979095,-0.05281976568258023,0.0721521617805335,0.05579855293525361,0.032774190603323136,0.0002228182496875886
0.17115,-3.448982313764322e-05,-1.685856296361903e-05,0.12924898272728935,-0.044986725833868854,0.09877916249488576,0.040476110025033665,0.03948201557583333,0.00022287876609740928
0.17120000000000002,-2.7624041873961464e-05,-1.888824535532202e-05,0.14480988106817555,-0.03603135897299361,0.12399594021552404,0.025965176588814542,0.04583457979828048,0.00022466914143418602
0.17125,-2.0069097108391634e-05,-2.044670454907139e-05,0.15675806821533617,-0.026177083187897673,0.14530176112383017,0.0137047936845223,0.05120190295388632,0.00022801182478210727
0.1713,-1.2013469314770662e-05,-2.1495060182271506e-05,0.1647954614027663,-0.0156697425917783,0.16058373901491305,0.004910816657851818,0.05505171069657904,0.00023257532446792253
0.17135,-3.6581299671102394e-06,-2.2007157905317895e-05,0.1687215439446842,-0.004771473873985705,0.16832636859466982,0.000455339258602563,0.05700221967094638,0.00023790708045399344
0.1714,4.788472262364286e-06,-2.1970221939320042e-05,0.16843836820128313,0.006245833378567599,0.167761817733647,0.000780208691856583,0.056859999068400544,0.00024347834579340838
0.17145000000000002,1.3115611873431109e-05,-2.1385173747341858e-05,0.16395299873032443,0.017107319830761768,0.15894607252769577,0.005853207835839497,0.05463915276070745,0.00024873662094016896
0.1715,2.11155437293648e-05,-2.0266609101356408e-05,0.1553773364378419,0.027542013553632318,0.14275338557180342,0.015171250211769327,0.050559920888802026,0.0002531604459654282
0.17155,2.8588685834232055e-05,-1.8642433894028117e-05,0.1429253265202655,0.037289590215662,0.1207895764781973,0.027810270769039903,0.045026838537204995,0.0002563111123308663
0.1716,3.534859855928079e-05,-1.655316799811376e-05,0.12690762130897193,0.046106867681181364,0.0952327839572347,0.042516864947399334,0.03858861843471275,0.00025787617054920007
0.17165,4.1226635850871035e-05,-1.405093432364595e-05,0.10772382980599596,0.05377387284554001,0.06861746074332249,0.057832588016166114,0.031883735218567286,0.00025770041438828733
0.17170000000000002,4.6076152683999474e-05,-1.1198158503100703e-05,0.08585254851007441,0.06009932958474801,0.04358303354753283,0.07223858833072334,0.02557710842095786,0.0002558012736649642
0.17175,4.977616349801103e-05,-8.066011470579652e-06,0.061839421258981786,0.06492543064745235,0.022612152473966203,0.0843062308951429,0.020294162677563052,0.00025236708500979855
0.1718,5.2234360573323005e-05,-4.7326339060122966e-06,0.036283526596487946,0.06813177465986604,0.007784488047251899,0.09283877436605528,0.01655880475946439,0.0002477384150141205
0.17185,5.338941690937046e-05,-1.281186780007456e-06,0.009822431961354204,0.0696383698819604,0.0005704914376403039,0.09699005119633458,0.014741468018721051,0.00024237428630388902
0.1719,5.321251620239848e-05,2.202223342881824e-06,-0.016883712312560847,0.0694076298304327,0.0016855706454822358,0.0963483815735674,0.015022376718941749,0.00023680665647768552
0.17195000000000002,5.1708071769788395e-05,5.630692485719366e-06,-0.04316864240902409,0.0674453110066218,0.011019143891175831,0.09097739953559877,0.017373673305216202,0.00023158766431498562
0.17200000000000001,4.891361642587415e-05,8.918687337274687e-06,-0.06837660293547879,0.06380036925450089,0.027645605946141346,0.08140974234021324,0.02156218100902424,0.0002272348742951281
0.17205,4.48988661382117e-05,1.1984179134353448e-05,-0.09187870671611509,0.05856373844685224,0.04991611989491227,0.06859422921742639,0.02717252787826574,0.00022417995023939018
0.1721,3.976398072492768e-05,1.4750690107381198e-05,-0.11308862417044585,0.05186606182020306,0.0756221313343075,0.05380176737474252,0.03364833893974008,0.0002227258471248258
0.17215,3.363706511515238e-05,1.7149201455585362e-05,-0.13147721117446493,0.04387443276685679,0.10221438954862413,0.03849931701226874,0.04034741166827,0.00022301676770809955
0.17220000000000002,2.667097334360084e-05,1.9119875207400782e-05,-0.14658570993341605,0.03478822610659707,0.12705575515220496,0.02420441351287444,0.04660540274029834,0.00022502386137688234
0.17225000000000001,1.903949519780991e-05,2.0613547080328793e-05,-0.15803719429082583,0.024834124179934317,0.1476827238957496,0.012334674475687965,0.051801710729985656,0.00022854808596402645
0.1723,1.093302048518607e-05,2.1592952999973728e-05,-0.16554597300502769,0.014260461509210728,0.16204973079143106,0.004067215249113614,0.05542102064372976,0.00023323994591018107
0.17235,2.553789213981313e-06,2.203365879507124e-05,-0.16892471743023094,0.003331029418366981,0.16873200787933232,0.00022191513972052534,0.057104407588724815,0.00023863415227138552
0.1724,-5.889153886542334e-06,2.1924669746565457e-05,-0.16808913472374076,-0.007681505062767834,0.16706687742665732,0.0011801104005865575,0.05668493098443973,0.0002441957644537573
0.17245000000000002,-1.4185174614254141e-05,2.1268704917132323e-05,-0.16306007102622436,-0.018502401662861823,0.1572194695421655,0.006846777345877439,0.054204190128036275,0.0002493732406614238
0.17250000000000001,-2.2127304168487245e-05,2.0082129283690665e-05,-0.15396299116959733,-0.028861701083254605,0.14016634609984313,0.0166599557883828,0.04990819866803643,0.0002536531333265032
0.17255,-2.9517402629590433e-05,1.8394545495517233e-05,-0.1410248487846728,-0.0385009599441622,0.1175986558347638,0.029646478332439646,0.04422298769934561,0.0002566110080659077
0.1726,-3.617110209414145e-05,1.6248055313612215e-05,-0.12456842406604296,-0.04717969838045848,0.09175442388781645,0.044518478785420736,0.03771235636640813,0.0002579535338124838
0.17265,-4.192240636671113e-05,1.36962093051722e-05,-0.10500427132270494,-0.05468139960415521,0.06519660831809179,0.059801109253386116,0.03102196038003239,0.00025754757343946736
0.17270000000000002,-4.6627832099536985e-05,1.0802670806946471e-05,-0.08282047618214108,-0.06081891143254798,0.0405589327590714,0.0739787997568023,0.024815282513593544,0.0002554333853769359
0.17275000000000001,-5.01699885625966e-05,7.639627715640168e-06,-0.05857047913501616,-0.06543911551444076,0.02028470171777691,0.08564555678624643,0.01970783557014769,0.0002518206329115998
0.1728,-5.2460506133460287e-05,4.285991492510449e-06,-0.03285926810289791,-0.06842674712992584,0.006384499305169981,0.0936443944556563,0.016206122168864693,0.00024706759024871683
0.17285,-5.3442241114340985e-05,8.254285281371646e-07,-0.006328285363716501,-0.0697072710191329,0.00023680080892381493,0.09718207265869692,0.014657405290093795,0.00024164561436290546
0.1729,-5.309070117959096e-05,-2.6557271959264308e-06,0.020360575177286504,-0.06924874066952635,0.0024512700417372033,0.09590776168630627,0.015215270296045812,0.00023609239919792073
0.17295000000000002,-5.141465657032757e-05,-6.070627943661956e-06,0.04654148091939869,-0.06706259552922056,0.01280829933409343,0.08994783438231667,0.017824394049689007,0.000230958654320795
0.17300000000000001,-4.845592114711097e-05,-9.334078907125889e-06,0.07156127163053472,-0.06320337541103364,0.03028078788664273,0.07989333326696103,0.0222260311848025,0.00022675349002623224
0.17305,-4.428830935299154e-05,-1.2364663644942769e-05,0.09479575462714451,-0.05776736003041877,0.053135998823572866,0.06674135769768047,0.02798367384531165,0.00022389393039145273
0.1731,-3.9015794572386665e-05,-1.5086775244309672e-05,0.11566527687980123,-0.0508901668354987,0.07910739364776567,0.051796181610897836,0.03452633979299684,0.00022266355603703836
0.17315,-3.2769915320771296e-05,-1.7432502582663043e-05,0.1336491864788693,-0.042743367815597996,0.10561940375263022,0.03653990984438997,0.04120519656958566,0.0002231843828343794
0.17320000000000002,-2.570649352239118e-05,-1.934332453836218e-05,0.1482988214683638,-0.03353020894622742,0.1300428478874406,0.022485498239553387,0.04735790563374428,0.0002254047603732589
0.17325000000000002,-1.8001747154767552e-05,-2.0771570010525412e-05,0.15924870342131275,-0.023480539773781228,0.1499556668521823,0.011026714961362444,0.05237430632694282,0.0002291044952960277
0.1733,-9.84789391617037e-06,-2.1681607180181467e-05,0.1662256550530181,-0.012845079026467416,0.16338311749253692,0.0032999211039238616,0.055756924961198495,0.0002339166867791482
0.17335,-1.4483558136771606e-06,-2.2050732483204344e-05,0.16905561570671931,-0.0018891597638875162,0.16899360710481898,7.137849226983073e-05,0.0571703091777964,0.0002393641126383218
0.1734,6.987315810973441e-06,-2.1869736990327676e-05,0.16766798359314428,0.00911389018252196,0.16623074653652278,0.0016612598851814034,0.05647429442715901,0.0002449065545822496
0.17345000000000002,1.5248668161656283e-05,-2.114313617518566e-05,0.1620973773398512,0.019889567160924104,0.15536852715757613,0.00791189763697821,0.05373790412646293,0.000249994371858605
0.17350000000000002,2.3129597346312525e-05,-1.988905724146022e-05,0.15248277217994546,0.03016904001143216,0.13748414914749119,0.01820341950422789,0.049232504548996484,0.00025412300838842985
0.17355,3.043349026250398e-05,-1.8138786903680788e-05,0.1390640329198337,0.03969585685873737,0.11435119626850535,0.03151522103498733,0.043404893659105284,0.0002568830296749082
0.1736,3.697812968032867e-05,-1.593599083499054e-05,0.12217592972192225,0.04823234305600243,0.08826375048318885,0.04652717833343811,0.03683299235684788,0.0002580007259284606
0.17365,4.2600240192406904e-05,-1.3335624301928766e-05,0.10223978630205736,0.05556553068193712,0.06180888916293306,0.06175056399930591,0.0301685324060766,0.00025736525578977935
0.17370000000000002,4.715956162008755e-05,-1.0402561148437983e-05,0.07975296878528666,0.061512471675014474,0.03761012608680784,0.07567568343138915,0.02407242457484219,0.00025503963858127345
0.17375000000000002,5.0542348180100086e-05,-7.209975312821506e-06,0.05527647738270807,0.06592480197225169,0.01806723901797541,0.08692159030161199,0.019149216448923874,0.0002512545043165756
0.1738,5.266420626584277e-05,-3.8375153028142374e-06,0.029420950632872384,0.06869244295484196,0.005118285117466768,0.09437303438208434,0.01588713982959648,0.0002463852228022996
0.17385,5.347219982827084e-05,-3.6931711322099294e-07,0.00283143118444316,0.06974634760248273,4.740488458651062e-05,0.09729106007772698,0.01460969301676352,0.00024091467779104617
0.1739,5.2946171094378856e-05,3.1080947844675343e-06,-0.023828726702642695,0.06906022316873188,0.0033574746698780415,0.09538628848230103,0.015443559704883628,0.00023538538032752236
0.17395000000000002,5.1099243391293055e-05,6.507966057494354e-06,-0.04989440645750042,0.06665118703467222,0.014720236706140578,0.08884761466261717,0.018306045790885097,0.0002303456675902301
0.17400000000000002,4.797749381489114e-05,9.745476854449477e-06,-0.07471532257297546,0.06257933976396536,0.033008852259679033,0.07832347530587633,0.022913280150249002,0.00022629532523320764
0.17405,4.365880362789674e-05,1.2739857881820355e-05,-0.09767224377440209,0.05694626560568748,0.05640964955613552,0.0648575433286701,0.02880836590715297,0.00022363602322021808
0.1741,3.8250915362386944e-05,1.5416405446822437e-05,-0.11819244177563391,0.049892498306036565,0.08260198467805215,0.04978522774435723,0.035406690747426806,0.00022263148328874663
0.17415,3.188874477892525e-05,1.77083451396821e-05,-0.13576397941271798,0.041594014932982946,0.10898837837785152,0.03460124156490417,0.042053902446689446,0.0002233813248296195
0.17420000000000002,2.4731015074007944e-05,1.9558497751561862e-05,-0.1499484827721783,0.03225784575666345,0.13295210686074665,0.020811372257213797,0.048090800809938564,0.00022581118678858362
0.17425000000000002,1.6956296987191606e-05,2.0920705735913664e-05,-0.160392077314367,0.02211690911772664,0.1521167005087031,0.009783153378435598,0.0529187099372011,0.0002296801007866596
0.1743,8.758553883849769e-06,2.1760984797071112e-05,-0.1668342167815683,0.01142420072613015,0.1645816174207525,0.0026102472446182527,0.056058848864931385,0.00023460438912320384
0.17435,3.4230272811319477e-07,2.205837167108005e-05,-0.16911418281466659,0.0004464818235079687,0.16911071865944327,3.986920374460019e-06,0.05719981169620111,0.00024009571255334945
0.1744,-8.082488185238553e-06,2.180544717767488e-05,-0.16717509502681707,-0.010542375886187389,0.1652548559045266,0.0022228337865133063,0.056228449862427636,0.0002456094999312852
0.17445000000000002,-1.630563750126244e-05,2.1008521252067957e-05,-0.1610653295985514,-0.021268222823292965,0.15339641280307487,0.009046746041224796,0.05324109270356372,0.00025059895174754914
0.17450000000000002,-2.4121994432138467e-05,1.9687475584500326e-05,-0.1509373128056063,-0.031463470991506176,0.13471138459790838,0.01979900013666701,0.04853399481445493,0.00025456926715780473
0.17455,-3.133655679414798e-05,1.78752675527139e-05,-0.13704371790572725,-0.04087376972979723,0.11105275497370977,0.03341330103848976,0.04257395639062256,0.0002571267118332588
0.1746,-3.7769336009187566e-05,1.56171080714207e-05,-0.1197311618691611,-0.049264351311621,0.08476673706808545,0.048539526203096275,0.03595203117554296,0.00025801766591123764
0.17465,-4.3259847320264097e-05,1.2969333593639505e-05,-0.0994315575476937,-0.056425887806952846,0.058460100462574376,0.0636776162960566,0.029324911717129136,0.0002571537734910777
0.17470000000000002,-4.7671113705166625e-05,9.998000705233096e-06,-0.07665133872568011,-0.062179713525787474,0.0347416596093622,0.07732633548297996,0.02334980577932489,0.0002546207066900819
0.17475000000000002,-5.0893083036501187e-05,6.777238090841944e-06,-0.05195882535344449,-0.066382282220122,0.015963558971559464,0.08813214785503853,0.01861926124247527,0.0002506696680169044
0.1748,-5.284537377575156e-05,3.3873972133319436e-06,-0.025970045285799118,-0.06892874840259045,0.003988012272855145,0.0950234471269523,0.015602403573335758,0.0002456924799913331
0.17485,-5.347928023285279e-05,-8.695231573185521e-08,0.0006666344339548991,-0.06975558291267575,2.6277652300268572e-06,0.09731682694974363,0.014598412845398614,0.00024018272738873795
0.1749,-5.277898774951968e-05,-3.559132561521756e-06,0.027286682988590993,-0.06884215793577025,0.004402633797066417,0.09478485418507071,0.01570685426480033,0.00023468680941943267
0.17495000000000002,-5.0761967182776275e-05,-6.9425197103382835e-06,0.0532259844599382,-0.06621126154487612,0.016751684235121446,0.08767862310727983,0.018817804309551142,0.0002297497530806962
0.17500000000000002,-4.747853909127267e-05,-1.0152705155189676e-05,0.07783740620553053,-0.061928529253132886,0.035825130673003885,0.0767028547091227,0.023622751815977935,0.00022586116357730328
0.17505,-4.3010618300477274e-05,-1.310960131701471e-05,0.10050694344461862,-0.05610080648318862,0.05973147011340926,0.06294600976128356,0.029645192825352065,0.00022340667007865467
0.1751,-3.7469670323760125e-05,-1.5739439669346455e-05,0.12066903747814384,-0.048873483036357586,0.08609992427871477,0.047772346882102655,0.036287885244118766,0.00022262968337256894
0.17515,-3.099393050908488e-05,-1.797661111013526e-05,0.13782068519022592,-0.0404268658883954,0.11231554835114786,0.03268662971116615,0.04289207698928164,0.00022360725679329362
0.1752,-2.374495535222362e-05,-1.9765302773622063e-05,0.1515339879402081,-0.030971680900742836,0.13577855357022373,0.01918490035634877,0.04880283405557858,0.00022624244488190606
0.17525000000000002,-1.590359199918399e-05,-2.1060890455240557e-05,0.16146682683053876,-0.020743815659439634,0.1541621268864665,0.00860611776225626,0.05343398999778482,0.00023027391760056413
0.1753,-7.665466467636929e-06,-2.1831051880458586e-05,0.16737139775429327,-0.009998434530024216,0.16564317960267141,0.0019993738610236114,0.05632627565160524,0.00023530187595399618
0.17535,7.638968155719958e-07,-2.2056573098377836e-05,0.16910039375463395,0.0009963871423199575,0.1690831421966757,1.9855746747610625e-05,0.05719286469795663,0.00024082770024696294
0.1754,9.174202429962967e-06,-2.173182780883109e-05,0.16661067986642028,0.011966350988806133,0.16414087546544162,0.0028638711197460304,0.05594781795906348,0.0002463033974626293
0.17545,1.7355630410805717e-05,-2.0864917749900458e-05,0.15996436941025574,0.0226377787893325,0.15130650126735276,0.010249380570295048,0.05271460604718578,0.0002511859458908986
0.17550000000000002,2.5104070815007337e-05,-1.9477470554393133e-05,0.14932727424352404,0.03274444018753315,0.13185279726900104,0.021443967263898717,0.047813864755586084,0.00025499114584210064
0.17555,3.222621586953545e-05,-1.7604100205080822e-05,0.13496476822382153,0.04203419460537127,0.10770897642015186,0.03533747032244446,0.0417315978717864,0.0002573416378977609
0.1756,3.8544382567919444e-05,-1.529154346225531e-05,0.11723516653299533,0.05027528160588092,0.08126936786578846,0.05055207881101257,0.03507098036569018,0.00025800432487449964
0.17565,4.390094556101646e-05,-1.2597493908304743e-05,0.09658078661042209,0.0572621029011944,0.05515597279997881,0.06557896857333952,0.028492541970576702,0.00025691348871979337
0.1757,4.81622695054424e-05,-9.589162575871416e-06,0.0735169130683405,0.06282035152640185,0.031958441953205394,0.07892793131801398,0.022648662711897964,0.0002541773067968128
0.17575000000000002,5.122204308718317e-05,-6.341601201639388e-06,0.048618942524282865,0.06681136054692477,0.013977261468861402,0.08927515796262352,0.01811887683875257,0.00025006712498011065
0.1758,5.300393117061137e-05,-2.9358298117552135e-06,0.022508028543439695,0.06913556239604154,0.0029956149320936373,0.09559451975633906,0.015352400661275453,0.0002449905474498946
0.17585,5.346347931110063e-05,5.431845413202385e-07,-0.004164414838258551,0.06973497301564785,0.00010254607515666415,0.09725932922986266,0.014623584086369617,0.00023945101580708254
0.1759,5.258922269207358e-05,4.00864754876156e-06,-0.030732964553975825,0.06859463829538268,0.005584958914142151,0.0941044880574876,0.016004703429175007,0.00023399788204875663
0.17595,5.0402972259701374e-05,7.374102977647066e-06,-0.056534789515818085,0.06574300729908665,0.01889916564533158,0.08644286017455521,0.019358793877378988,0.00022917193063877217
0.17600000000000002,4.69592704742338e-05,1.0555589578372254e-05,-0.08092618677786254,0.06125122236009857,0.03872480383537384,0.07503424481212478,0.024353232134629702,0.00022545174820391554
0.17605,4.234403070024222e-05,1.3473735754856142e-05,-0.10329864080425943,0.05523134439757207,0.06309577608666975,0.06101002807926431,0.03049272259590447,0.00022320626345660846
0.1761,3.667239372438487e-05,1.605573970477794e-05,-0.12309400440936666,0.04783355703376876,0.0895952266864991,0.04576098357005617,0.03716841537857478,0.00022265815950376253
0.17615,3.0085855350188574e-05,1.823718570874174e-05,-0.13981842377852766,0.03924242002874038,0.11559522005608573,0.03079935059424168,0.04371828584496015,0.00022386179191543154
0.1762,2.2748736248498707e-05,1.9963651125057377e-05,-0.15305465863140905,0.02967226467485433,0.1385173513250676,0.01760886581869216,0.04949278693035814,0.00022669779673447485
0.17625000000000002,1.484408258972674e-05,2.11920641781509e-05,-0.1624724920387548,0.019361846863355556,0.15608844569232658,0.007497622279200628,0.05391926468044658,0.00023088492931723522
0.1763,6.569099348963356e-06,2.189177845349801e-05,-0.16783696814781882,0.008568390458999289,0.16656598746851053,0.0014683463011574008,0.0565587476992775,0.0002360079537410172
0.17635,-1.8697695205129808e-06,2.204533752155455e-05,-0.1690142543327429,-0.002438829802228863,0.16891092481275286,0.00011895781608479351,0.05714948000771892,0.00024155882284659897
0.1764,-1.0261991451871037e-05,2.1648910383243373e-05,-0.16597497960609897,-0.013385206237354102,0.16289071150717835,0.003583274920330063,0.05563287894853945,0.000246987059777614
0.17645,-1.8398197635462245e-05,2.0712387099718742e-05,-0.15879496775972532,-0.023997649083227015,0.1491023688154469,0.011517743230434127,0.05215934505618952,0.0002517543495823314
0.17650000000000002,-2.6075406311487192e-05,1.9259132003685865e-05,-0.14765334536066096,-0.034011399533405755,0.12891327887732762,0.023135505964419066,0.047073346687052105,0.00025538792253244506
0.17655,-3.3102086802666416e-05,1.7325400858487728e-05,-0.13282807323923757,-0.043176634954907936,0.10432558249650148,0.03728443612058756,0.040879259498984646,0.00025752743952889246
0.1766,-3.930293774713757e-05,1.4959436300530833e-05,-0.11468901162920045,-0.05126470140562181,0.07777762768860931,0.05256139220415125,0.03419134760758844,0.00025796072561729266
0.17665,-4.452326057618461e-05,1.2220264325485868e-05,-0.09368869314889171,-0.058073818139442714,0.051902160277965605,0.06745136706586131,0.027672847507773574,0.00025664481222223987
0.1767,-4.863281887696651e-05,9.176221683326631e-06,-0.07035103289001415,-0.06343411157612704,0.029265235854376525,0.08047773022905068,0.021970195191741308,0.00025371019765433505
0.17675000000000002,-5.152908755423514e-05,5.9032510288979546e-06,-0.045258257872216316,-0.06721185333025212,0.012111745527661628,0.09034866456174645,0.01764891949551803,0.00024944790601079544
0.1768,-5.313981061619157e-05,2.483006303990867e-06,-0.01903638164480819,-0.0693127964556865,0.00214279131928809,0.09608527505014854,0.01513755890977586,0.00024428062639674755
0.17685,-5.342480380201786e-05,-9.991843634325302e-07,0.007660413470126863,-0.06968452669913383,0.0003469888304569242,0.09711866522564591,0.01468516365291349,0.00023872079497998678
0.1769,-5.2376957120690356e-05,-4.456447419106897e-06,0.0341660968991257,-0.06831777015968513,0.0069024267877483775,0.09334635439183127,0.016336597513415582,0.0002333197771937942
0.17695,-5.002241220195755e-05,-7.802531202535471e-06,0.0598194059027884,-0.06524662461427973,0.021159006081985607,0.08514244047113467,0.019928088715795312,0.00022861318887761755
0.17700000000000002,-4.641991014789753e-05,-1.0953957750142359e-05,0.08398034277162857,-0.06054770889405845,0.041702909742630356,0.0733205010463929,0.025103471101039387,0.00022506777985103937
0.17705,-4.165932602177568e-05,-1.3832105395596436e-05,0.10604614138059465,-0.05433825133753802,0.06649681034123993,0.05905291116842905,0.031349504878690496,0.00022303514619025728
0.1771,-3.5859426701531405e-05,-1.6365170230975766e-05,0.12546630512025844,-0.04677316527067364,0.09308191068271679,0.043754579788755014,0.03804677440937283,0.00022271686322142037
0.17715,-2.9164907830553703e-05,-1.8489957449582445e-05,0.1417563404575278,-0.03804118413286703,0.1188217812238459,0.028942633804613885,0.04453111519051315,0.00022414449469183645
0.1772,-2.1742784008112957e-05,-2.0153457952353998e-05,0.15450984431080853,-0.02836015306281023,0.14116381348384963,0.01608596563492049,0.050159478823138655,0.00022717646338520816
0.17725000000000002,-1.377822207688184e-05,-2.131417078674965e-05,0.16340864270435917,-0.017971594019689938,0.15789236058548353,0.006459563832171103,0.0543737035957875,0.0002315120904719419
0.1773,-5.469921612277009e-06,-2.1943138544695762e-05,0.16823072884521573,-0.0071346803726288835,0.16734846195694766,0.0010180732803915164,0.056755867247643726,0.0002367214144424243
0.17735,2.974842236710068e-06,-2.202466975389833e-05,0.1688558014477853,0.00388022899819139,0.16859436125557048,0.0003011235415681072,0.057069731896383,0.00024228782935663165
0.1774,1.134538984337751e-05,-2.1556730386921244e-05,0.16526826629574784,0.014798334570282547,0.16150650341425588,0.004379814121080391,0.0552841718069665,0.00024765931716837
0.17745,1.9432893113408302e-05,-2.0550994567165476e-05,0.15755762501094062,0.025347251881107587,0.14678778726256134,0.012849663558486242,0.051576259931949295,0.00025230319025254196
0.17750000000000002,2.7035585349568357e-05,-1.903255336084152e-05,0.1459162424204747,0.03526380697008691,0.1258978596836562,0.024870721640471,0.04631370785029214,0.00025575891851691853
0.17755,3.39637948665759e-05,-1.703928876484894e-05,0.13063454719521617,0.04430060199731908,0.10090836302122909,0.039250866746497436,0.04001839985377293,0.0002576837990075029
0.1776,4.0044677006307404e-05,-1.4620928683759765e-05,0.11209378656029391,0.052232187394712484,0.07429749173374013,0.05456402800072723,0.03331463817095854,0.0002578869428661435
0.17765,4.512652612203319e-05,-1.1837806249410481e-05,0.09075651457636698,0.05886068624456233,0.04870423094224537,0.06929160770361618,0.02686723103164305,0.00025634820393310005
0.1777,4.9082560490174986e-05,-8.759354705147102e-06,0.06715505272270503,0.06402073107177823,0.02666665001705761,0.08197308013929902,0.021315564233273437,0.0002532201785653605
0.17775000000000002,5.1814085078479244e-05,-5.462375124291898e-06,0.041878209280492414,0.06758358923190712,0.010370203482230054,0.09135083066934305,0.017210193425482898,0.0002488130708390794
0.1778,5.325295396239026e-05,-2.0291204306303547e-06,0.015556589950465147,0.06946037473349966,0.0014310008153316978,0.09649487316236395,0.014958245956128418,0.00024356393154982575
0.17785,5.336327026023901e-05,1.454756680545986e-06,-0.01115313455952989,0.06960426555709845,0.000735537732302244,0.09689507567486162,0.014783046172235203,0.0002379933145516339
0.1779,5.214228183950344e-05,4.902340579487813e-06,-0.037584611126894825,0.06801167196674153,0.008352782918971994,0.09251175047423313,0.01670196855825478,0.000232653655116122
0.17795,4.96204498405899e-05,8.227621081174992e-06,-0.06307842829927486,0.06472232588075766,0.023527338434146918,0.08377958934829985,0.020524714635658498,0.00022807448400474255
0.17800000000000002,4.5860688853222346e-05,1.1347639222187282e-05,-0.08699856738608285,0.05981828981282899,0.04475435212625756,0.071564555922632,0.025872184842856395,0.00022470991529516932
0.17805,4.095679722027823e-05,1.4184556910387684e-05,-0.1087482696542087,0.05342190941997584,0.06992875291757193,0.05707800812152207,0.032214073523797286,0.00022289361112826068
0.1781,3.503111705835132e-05,1.6667598843387877e-05,-0.12778492447836065,0.04569276138605042,0.09655400963761256,0.0417565688616508,0.03892145917712829,0.00022280569365119645
0.17815,2.8231481980198822e-05,1.8734818182994206e-05,-0.14363360607846684,0.03682367215267875,0.12198971045098667,0.027119656616159376,0.04532917408263228,0.0002244548813405435
0.1782,2.0727529020620736e-05,2.0334642029806583e-05,-0.15589892223665988,0.027035907424777066,0.14371341120878525,0.014618805805622314,0.0508017687799476,0.00022767762535185339
0.17825000000000002,1.2706466493386553e-05,2.1427158037507106e-05,-0.16427487829329337,0.016573651954060575,0.15957078464756833,0.005493718781886718,0.05479652909383571,0.00023215432785062115
0.17830000000000001,4.368403547900382e-06,2.198511016395315e-05,-0.16855251126006168,0.00569791767812605,0.1679892639576898,0.0006493253173340272,0.056917296901746545,0.00023744103683899303
0.17835,-4.078642154636588e-06,2.1994578639163853e-05,-0.16862510290103996,-0.00531996802124598,0.16813399324593667,0.0005660411949415974,0.05695375683601388,0.00024301347229606325
0.1784,-1.2423934056156932e-05,2.145532724600758e-05,-0.16449084221707766,-0.016205131370976792,0.1599906198037248,0.005252125655012324,0.05490229319481892,0.0002483190189620229
0.17845,-2.0459274146515783e-05,2.038080920512639e-05,-0.156252870568179,-0.026686009750314564,0.1443667174008794,0.014242862327877678,0.050966348470773845,0.00025283152871561677
0.17850000000000002,-2.7984197083669722e-05,1.8797831551017883e-05,-0.14411670855020584,-0.03650112662524082,0.12281169968905076,0.026646644898237287,0.045536248101425536,0.00025610349852274623
0.17855000000000001,-3.481097139147278e-05,1.6745886346978265e-05,-0.12838512864785945,-0.045405614852791404,0.0974631656917853,0.04123339720320063,0.039150492096334935,0.0002578104489755495
0.1786,-4.076928297191917e-05,1.4276165437546358e-05,-0.10945060167574025,-0.053177325611415735,0.07083491530865374,0.056556559183650636,0.032442352291910705,0.00025778310269284656
0.17865,-4.5710484115752194e-05,1.1450283325232533e-05,-0.08778550547433335,-0.05962237058192371,0.0455676572171624,0.07109654147616484,0.026077071164193145,0.0002560241717008638
0.1787,-4.951130191921965e-05,8.338739999474726e-06,-0.06393033998080039,-0.06457995902290879,0.024167131229772702,0.08341142214801157,0.020685890062323183,0.00025270808804973144
0.17875000000000002,-5.2076913749808776e-05,5.019162123309034e-06,-0.03848024292330496,-0.06792640923779555,0.008755615519878152,0.09227994143880953,0.016803449406694555,0.00024816370607039006
0.17880000000000001,-5.3343312806791693e-05,1.574366389621214e-06,-0.012070142303662231,-0.06957823409582171,0.000861461460182491,0.09682261319785934,0.014814768650140215,0.00024284168940024998
0.17885,-5.3278905036304065e-05,-1.9097065731365757e-06,0.014641083749476605,-0.06949422396211871,0.001267527884116067,0.0965889432819423,0.014917064159009721,0.000237269819621807
0.1789,-5.188529726288449e-05,-5.346136252631569e-06,0.04098704462033375,-0.067676474692896,0.009933545410896756,0.09160210453716387,0.017100191333993042,0.00023200065577599088
0.17895,-4.9197257175609554e-05,-8.649190739300115e-06,0.06631046235676233,-0.06417033545123901,0.02600010994588721,0.08235663903849084,0.021147650691708816,0.0002275567380573605
0.17900000000000002,-4.528184587087023e-05,-1.1736465559110302e-05,0.08997956930085027,-0.05906327722673434,0.0478739092739934,0.0697694143352415,0.026658057933419257,0.0002243787670916981
0.17905000000000001,-4.023674489437838e-05,-1.4530939507714762e-05,0.11140386957678158,-0.05248271073880225,0.07338573100390043,0.05508869852985578,0.03308494909283949,0.00022278190070685154
0.1791,-3.418781920309755e-05,-1.6962896153260253e-05,0.13004887051699743,-0.04459280765992659,0.10000558202475067,0.03977036989990415,0.039790972930479146,0.00022292449898001507
0.17915,-2.7285977174867407e-05,-1.8971663149193123e-05,0.14544941748834128,-0.03559040501848255,0.12509358670639553,0.025333538587592554,0.04611109688353448,0.000224792420840404
0.1792,-1.9703405671011022e-05,-2.050712584386223e-05,0.15722129814226402,-0.02570009435725549,0.14616178159252785,0.013209896999436707,0.05141855772899285,0.0002282004251824728
0.17925000000000002,-1.1629274394232374e-05,-2.153097759000079e-05,0.1650708281950872,-0.015168618783076477,0.16112084571429644,0.00460173991572601,0.05518701762938289,0.00023281054246853267
0.17930000000000001,-3.265016443341619e-06,-2.201767535949259e-05,0.16880217775971243,-0.004258717104066598,0.16848729695157352,0.0003627334274493878,0.057042760446960515,0.00023816558961063623
0.17935,5.180697009203218e-06,-2.195507705171109e-05,0.16832225739553,0.006757430873921937,0.16753060857884164,0.0009132574403166677,0.05680175328550161,0.00024373450991500286
0.1794,1.3497162635420467e-05,-2.134474435128397e-05,0.16364304002677213,0.01760499473755847,0.1583456547390144,0.00619871679418923,0.05448789661753588,0.0002489650363604194
0.17945,2.1476901594584102e-05,-2.0201903828779803e-05,0.15488126267981636,0.028013349898966818,0.14184330225048153,0.015694955451238883,0.05033065437627439,0.0002533384608770668
0.17950000000000002,2.8920835657089134e-05,-1.855506700694115e-05,0.14225551372132064,0.037722829116007606,0.11966008006459665,0.028460236730310225,0.044742297877780224,0.0002564210730372853
0.17955000000000002,3.564325388477658e-05,-1.6445319125537203e-05,0.12608077995161396,0.04649120071429867,0.09399588599370053,0.04322863487714411,0.03827702137798622,0.000257907172386902
0.1796,4.147644562207211e-05,-1.3925294071519477e-05,0.1067605878781328,0.05409971167865002,0.06739582369514704,0.05853557607426123,0.03157598265930822,0.0002576493828309286
0.17965,4.627488466622784e-05,-1.1057861343054288e-05,0.08477693694958296,0.060358545213787265,0.04249780648633153,0.07286307960649603,0.025303720018081535,0.0002556732695852145
0.1797,4.991885972460861e-05,-7.914557527830358e-06,0.06067827436980661,0.06511155616081131,0.02177095675331527,0.0847902949136497,0.020082250198042516,0.00025217480240677446
0.17975000000000002,5.231746107346893e-05,-4.573801649457433e-06,0.03506581262969265,0.06824016661662788,0.007270744576931063,0.09313440679730267,0.016429383450356827,0.00024750092252781206
0.17980000000000002,5.341084848694251e-05,-1.118938749137732e-06,0.008578530395770056,0.06966632411340198,0.000435147868859903,0.0970679343094715,0.014707372513923025,0.00024211513585475322
0.17985,5.3171744190636066e-05,2.363839390042012e-06,-0.018122768673971702,0.06935444894555591,0.0019420489238845889,0.09620079177083443,0.015086988254445747,0.00023655154793473745
0.1799,5.160611334065946e-05,5.787644558634124e-06,-0.044371941631353336,0.067312321750687,0.011642009208558316,0.09061897318936019,0.017530584386676484,0.0002313618965885312
0.17995,4.875301523967777e-05,9.067059802206257e-06,-0.0695141251663718,0.0635908894463962,0.028573089100167978,0.08087602441167566,0.02179583085704336,0.00022706083669402216
0.18000000000000002,4.4683628861423925e-05,1.212027040009162e-05,-0.0929220730834485,0.058282994171620306,0.05105624289519938,0.06793814819218252,0.02745974556107887,0.00022407490191654
0.18005000000000002,3.9499477094160425e-05,1.4871104976009053e-05,-0.1140118048298737,0.05152105708448907,0.07686182883150892,0.053088386462063625,0.033960641250439974,0.0002227002057271545
0.1801,3.332989395264757e-05,1.7250935820315912e-05,-0.13225717463646583,0.043473774728115054,0.10343072142717766,0.0377993817822179,0.04065382775297392,0.0002230730760274213
0.18015,2.6328797944883125e-05,1.9200391004714293e-05,-0.14720299771273393,0.03434191036927868,0.12812809847046855,0.02358733615623141,0.046875545494665015,0.00022515653538159443
0.1802,1.8670852140175963e-05,2.0670835604227322e-05,-0.1584764063072859,0.024353285408853398,0.1485047349603377,0.011861650204101437,0.05200879024275915,0.00022874396842176308
0.18025000000000002,1.0547106660960536e-05,2.162558501946888e-05,-0.16579615182100024,0.013757095651694477,0.1625398912313864,0.0037851536153974217,0.05554450095961394,0.00023347961128354443
0.18030000000000002,2.1602323859294384e-06,2.2040820207167568e-05,-0.16897962158963273,0.002817694425202093,0.16884170875389964,0.00015878803747629907,0.05713204323077239,0.00023889383306617418
0.18035,-6.28053527874854e-06,2.1906181889221458e-05,-0.16794739448376356,-0.008192002530630538,0.16678523976547452,0.0013421781092371428,0.05661398134415536,0.0002444497082826441
0.1804,-1.456461640273172e-05,2.1225029023992242e-05,-0.16272522251219104,-0.018997325734855276,0.15657442318986758,0.0072179677015238915,0.054041691238512754,0.0002495962640435557
0.18045,-2.2485340055321422e-05,2.0014354979735038e-05,-0.15344338817217623,-0.029328704413841316,0.1392218599448389,0.0172034580518895,0.04967026545529773,0.0002538231191696965
0.18050000000000002,-2.9845100349524046e-05,1.8304363611281224e-05,-0.14033345433834085,-0.03892839175260793,0.1164483940391729,0.030308393688890257,0.04393321586639593,0.00025671109896744244
0.18055000000000002,-3.6460286261058504e-05,1.613771570482418e-05,-0.12372248706062311,-0.04755689511852611,0.09051245727570804,0.045233165466289846,0.037399482428875586,0.00025797380385731827
0.1806,-4.216586241961513e-05,1.3568464716745506e-05,-0.10402489614291278,-0.054998950977250195,0.06398610200941697,0.0604976921719594,0.030717011860881493,0.0002574860123832203
0.18065,-4.681948631168451e-05,1.0660708208060304e-05,-0.08173209625249966,-0.06106889518689943,0.03949993199402346,0.07458819918697017,0.024548500993701268,0.0002552960982584395
0.1807,-5.03050595473461e-05,7.486988781834863e-06,-0.05740024730714384,-0.06561529505974292,0.019482227005291827,0.08610733891554248,0.01950567761917392,0.00025162123436779627
0.18075000000000002,-5.253562414872757e-05,4.126484254884173e-06,-0.03163637927807742,-0.06852472714985489,0.005918131614955297,0.0939127646192412,0.01608863568053891,0.0002468258545584715
0.18080000000000002,-5.345553211683272e-05,6.630323664430107e-07,-0.005083248122346829,-0.06972460710953138,0.00015278956344562714,0.09723041673157026,0.014636241332682227,0.00024138551430192662
0.18085,-5.3041833587248906e-05,-2.8169608284303453e-06,0.02159669969492689,-0.06918500033194111,0.0027579465893588857,0.09573128541861382,0.015292527688217783,0.00023583972875714356
0.1809,-5.1304849529262755e-05,-6.2266765968445616e-06,0.0477378539283255,-0.06691936895423388,0.013475250733757906,0.08956403882465762,0.017992411219062927,0.00023073847068208253
0.18095,-4.82879141204397e-05,-9.481049485450991e-06,0.0726880460664524,-0.0629842358116125,0.031241872942613342,0.07934027921545621,0.022468145964235846,0.00022658762869210745
0.18100000000000002,-4.406629377198973e-05,-1.2498889532365372e-05,0.09582481976564661,-0.057477774490735455,0.05429590727000663,0.0660738912081568,0.02827587584746083,0.000223798839728854
0.18105000000000002,-3.874530927120905e-05,-1.5204907777860286e-05,0.11657095963608692,-0.05053735992066494,0.08035109800825566,0.05108049495501661,0.03483965150420891,0.00022264866610985812
0.1811,-3.2457708359314684e-05,-1.7531594597907703e-05,0.13440889192951117,-0.04233614134467798,0.10682356657227188,0.03584697727913105,0.04150854705130769,0.00022325117031359176
0.18115,-2.5360353824625656e-05,-1.9420903889598403e-05,0.14889359649318343,-0.033078722382776427,0.13108805299878604,0.021884037489535883,0.047621211776780234,0.000225546601927311
0.1812,-1.7630310202818723e-05,-2.082570125392948e-05,0.15966370962064821,-0.022996056793291832,0.15073826187056066,0.010576372560806069,0.05257145622377426,0.00022930732464311184
0.18125000000000002,-9.460426302921934e-06,-2.1710939848667195e-05,0.1664505388445872,-0.012339686486038458,0.1638254928860019,0.003045357251474403,0.05586836735102802,0.00023416038937955835
0.18130000000000002,-1.0545240658615106e-06,-2.2054534789784928e-05,0.16908476672356085,-0.0013754661799569266,0.16905189277721228,3.783814424410601e-05,0.057184992397558594,0.00023962452070856732
0.18135,7.377686393653782e-06,-2.184791407204815e-05,0.1675006745540254,0.009623069204661237,0.16589916230789906,0.001852069218353989,0.05639076233486016,0.0002451578435338793
0.1814,1.562583863160961e-05,-2.1096232472426318e-05,0.16173778228497848,0.02038152864334801,0.1546799560700769,0.008308134196792306,0.05356444056644504,0.0002502116215693525
0.18145,2.348415806572338e-05,-1.9818242902276674e-05,0.1519398622493013,0.030631510516581716,0.13650687638827996,0.018765788730549127,0.048986311790255685,0.00025428467424688675
0.18150000000000002,3.0756595670148815e-05,-1.8045828605335056e-05,0.13835135263245202,0.04011729869484564,0.11318213744996938,0.03218795309142928,0.043110386514172566,0.00025697307945422734
0.18155000000000002,3.726171894786125e-05,-1.582320769336975e-05,0.12131125897523234,0.048602242102077864,0.08701884049527811,0.0472435587469798,0.036519376920358754,0.00025801022934199877
0.1816,4.283723835565494e-05,-1.3205830030492561e-05,0.10124469688784607,0.05587465872103723,0.06061158504560568,0.06243954974384763,0.0298669097574008,0.0002572932704969881
0.18165,4.734405604997945e-05,-1.0258993846495914e-05,0.07865228614143449,0.06175311658403674,0.03657916380953394,0.07626894815683267,0.023812706454073077,0.00025489330323195014
0.1817,5.066973612431608e-05,-7.056216693536641e-06,0.05409766130143005,0.06609096016042315,0.017304858534417693,0.0873603002985328,0.018957158961348405,0.00025104833097410877
0.18175,5.2731309648668516e-05,-3.6774013288329878e-06,0.0281934101685545,0.0687799691063245,0.004700091271620709,0.09461368300533907,0.015781789204665563,0.0002461396575010348
0.18180000000000002,5.347734456233957e-05,-2.0684230211583367e-07,0.0015857909657756748,0.06975305812526685,1.4869725452505513e-05,0.09730978235653709,0.014601496819454836,0.00024065407314925196
0.18185,5.288922882459023e-05,3.2688770178128112e-06,-0.025061390489710678,0.06898595064267485,0.0037138246907784177,0.0951812277214714,0.015533330744776232,0.00023513558032029055
0.1819,5.098163471476028e-05,6.663044524502643e-06,-0.05108334137144783,0.06649778441323821,0.015430132875977656,0.08843910663739013,0.018484881526952268,0.00023013144477743375
0.18195,4.780215282513166e-05,9.890982663328126e-06,-0.07583086710656714,0.062350634124800644,0.03400189457128963,0.07775203151529508,0.023163445539561955,0.00022613792394009414
0.182,4.343010472810892e-05,1.2872160960255424e-05,-0.09868656737680294,0.0566479626933465,0.05758735856440544,0.06417983354613555,0.02910505219315286,0.00022355105288000037
0.18205000000000002,3.7974564121067885e-05,1.553220510234704e-05,-0.11908023913517668,0.049532040165487866,0.08384756763770067,0.049068460059110065,0.03572047571384824,0.00022262737033581587
0.1821,3.157163559860092e-05,1.7804752408495975e-05,-0.13650310180983033,0.0411803942648811,0.11017831153542507,0.03391649743622104,0.04235366822284296,0.00022345847718613238
0.18215,2.4381059177274825e-05,1.9633107466760303e-05,-0.1505204905890476,0.03180138154419358,0.13396838519567722,0.020226557362387525,0.04834681977869326,0.00022596195323446153
0.1822,1.6582225062818573e-05,2.097165653963437e-05,-0.16078270014379742,0.021628989218446772,0.15285854028673,0.009356263492233735,0.053105592854895606,0.00022988952996109247
0.18225,8.369698261408787e-06,2.1787005568113617e-05,-0.16703370935925482,0.010916997741037805,0.16497545078755893,0.0023836167935564908,0.0561580626436575,0.00023485171199621435
0.18230000000000002,-5.1635437052683936e-08,2.205881324668315e-05,-0.16911756822673224,-6.735056412386642e-05,0.16911748939942015,9.072196975606084e-08,0.05720151737414233,0.00024035640230878367
0.18235,-8.47168093919455e-06,2.1780298539154506e-05,-0.16698228879733418,-0.011050018608183346,0.16487389255124793,0.002442058224823964,0.056132478277716225,0.0002458577040678631
0.1824,-1.6680375279703143e-05,2.095840980883309e-05,-0.16068114186501223,-0.02175701122862052,0.15266549529407636,0.00946735075204639,0.053056961314895325,0.000250810056047206
0.18245,-2.4472928291122382e-05,1.9613651513357485e-05,-0.1503713282579889,-0.031921210806764265,0.1337029976035543,0.020379273987397674,0.04827996382225336,0.00025472233649821317
0.1825,-3.165493164971826e-05,1.777957261410548e-05,-0.13631005670754176,-0.041289041279893385,0.10986689967102406,0.0340956985962548,0.04227521790866472,0.0002572065664245746
0.18255000000000002,-3.8047209058169454e-05,1.550192965868242e-05,-0.11884812736929853,-0.04962679441861322,0.08352101406191176,0.04925637448534601,0.035638210931179914,0.0002580163866176212
0.1826,-4.349028619342574e-05,1.2837545172188829e-05,-0.09842117965189878,-0.05672646025068511,0.05727804740388452,0.06435782585145115,0.029027131085860344,0.0002570714871467564
0.18265,-4.7848369429031156e-05,9.852890129573406e-06,-0.07553882431096674,-0.06241091664383953,0.03374050004304849,0.07790245032648571,0.023097595505539057,0.00025446557365217855
0.1827,-5.101273343503032e-05,6.622425571954305e-06,-0.050771929379235,-0.06653834795762653,0.015242577328003899,0.08854703497860367,0.0184376328725706,0.0002504570726704884
0.18275,-5.290443382402239e-05,3.22674500946972e-06,-0.02473837838883147,-0.06900578324824856,0.0036187078985986773,0.09523596243408523,0.015509369095730792,0.0002454435053749146
0.18280000000000002,-5.3476276494964986e-05,-2.4943626089568686e-07,0.0019123446760935248,-0.06975166499350181,2.1624367649704935e-05,0.09730589538731413,0.014603198432417487,0.00023992206410046528
0.18285,-5.2713995170638416e-05,-3.719394604454914e-06,0.028515358651448205,-0.06875738500691479,0.004808047493866563,0.09455155985978222,0.015808985337008776,0.00023444030736189634
0.1829,-5.0636607188134415e-05,-7.096561640022967e-06,0.05440697258436008,-0.0660477485078439,0.017503310375481782,0.08724610165910791,0.019007152580456804,0.00022954185765950992
0.18295,-4.729593916308944e-05,-1.029668394020756e-05,0.07894124355760342,-0.06169035543392189,0.036848430917282606,0.07611399907127231,0.023880539729532572,0.00022571249172182207
0.183,-4.2775333927201696e-05,-1.323992497892212e-05,0.10150609151480582,-0.05579391382076647,0.06092496433982837,0.06225921638878231,0.029945855687541614,0.00022333196541374104
0.18305000000000002,-3.718757137850972e-05,-1.5852856900860168e-05,0.12153856958625217,-0.048505527890340856,0.0873452543486632,0.04705572471841269,0.03660160650190643,0.00022263635440873748
0.1831,-3.067205477946803e-05,-1.8070292380278644e-05,0.1385389082592805,-0.040007027978562135,0.11348921556207621,0.03201124575354907,0.04318774506637904,0.00022369464188685598
0.18315,-2.3391332984609738e-05,-1.983691092847196e-05,0.15208298379392995,-0.03051043433423662,0.13676416602164196,0.018617732065275297,0.04905112772912081,0.0002264018781690713
0.1832,-1.5527045148205262e-05,-2.1108639014848264e-05,0.16183289912056187,-0.020252667591639736,0.15486194192491615,0.00820341089154909,0.05361028610926427,0.00023048958811009362
0.18325,-7.275389209628294e-06,-2.1853749618108972e-05,0.16754541374282986,-0.009489638106508975,0.16598779698055663,0.001801064627850145,0.0564130910266896,0.00023555239581243443
0.18330000000000002,1.1577728484628043e-06,-2.2053653749499275e-05,0.16907801208057716,0.0015101384905710537,0.16903838638505098,4.561036521408441e-05,0.057181589893021696,0.00024108822549166197
0.18335,9.562050835368256e-06,-2.1703364207336103e-05,0.16639245892150598,0.012472240213274985,0.16371118488711722,0.003111135518752673,0.055839571099703014,0.0002465480919926814
0.1834,1.7727775160452772e-05,-2.08116200025803e-05,0.15955575334878133,0.02312318498530652,0.1505344880833087,0.010693633677294097,0.05252012190498841,0.0002513905434445797
0.18345,2.545122765872895e-05,-1.9400668333095003e-05,0.14873845721355983,0.03319725346202856,0.13081502160389422,0.02204115274844334,0.047552430220806435,0.0002551353566317756
0.1835,3.25397239490951e-05,-1.750570956668379e-05,0.13421043999863896,0.04244311818816557,0.10650835389580503,0.03602836563069182,0.04142913925386031,0.0002574111605754595
0.18355000000000002,3.881642050083611e-05,-1.5174019054570698e-05,0.11633414607363071,0.05063011369229721,0.08002496355310758,0.05126816824989883,0.03475749232284652,0.0002579922649678972
0.1836,4.412472655245569e-05,-1.2463767724216711e-05,0.09555555253300749,0.057553991150988054,0.05399119357220435,0.06624923794816022,0.02819911293200074,0.0002568210421654341
0.18365,4.833221067863132e-05,-9.442570811517753e-06,0.07239304287371015,0.06304201392612062,0.0309887983145938,0.07948591039722372,0.02240439187261323,0.00025401364149107953
0.1837,5.133390475431485e-05,-6.185801021890705e-06,0.0474244744789985,0.06695726706927663,0.013298912434510757,0.08966551226772873,0.017947988399377668,0.00024984847149844407
0.18375,5.305492261424865e-05,-2.77470811378998e-06,0.021272762189220105,0.06920207297471692,0.0026758319958362126,0.09577853807996092,0.015271841534312365,0.0002447385895634752
0.18380000000000002,5.3452328394447014e-05,7.056081005150386e-07,-0.005409662126285242,0.06972042834186057,0.00017304193162067616,0.0972187625634503,0.014641343273158674,0.0002391907400008579
0.18385,5.25162076120635e-05,4.1683208323277295e-06,-0.03195712639800106,0.06849940123491344,0.006038742529218514,0.0938433593908332,0.016119019763860612,0.000233755099768479
0.1839,5.0269914589172296e-05,7.52704246301626e-06,-0.05770732557113344,0.06556945381600698,0.01969123555180542,0.08598706547458945,0.019558330670334002,0.00022897071842895212
0.18395,4.676948973627691e-05,1.0697979737782854e-05,-0.08201784467114998,0.06100368226830951,0.039776610908462906,0.0744289850058572,0.024618201439880347,0.00022531206022199848
0.184,4.210226153116586e-05,1.3602024243686566e-05,-0.10428218588679637,0.05491599330821235,0.06430301320414479,0.06031532642055247,0.030796847549739576,0.00022314195242732087
0.18405000000000002,3.638466777566607e-05,1.6166725987649785e-05,-0.12394489924736826,0.04745826231951114,0.09083817282605883,0.04504573324775062,0.037481536086043134,0.00022267560315924085
0.1841,2.9759350794319642e-05,1.8328100903311885e-05,-0.14051544027086663,0.038816544521901225,0.11675061293881603,0.0301344825724148,0.044009350294893196,0.00022395926034449133
0.18415,2.239159870967517e-05,2.0032227082964836e-05,-0.15358040764225214,0.029206433103060363,0.13947061128888932,0.017060314692070803,0.049732930426931304,0.00022686562406409026
0.1842,1.4465221920982145e-05,2.1236590069425106e-05,-0.16281385720504452,0.018867680774369122,0.15674503848327556,0.007119787556069964,0.054084672329379746,0.0002311064722123517
0.18425,6.17796735136842e-06,2.1911143447269045e-05,-0.16798543309982755,0.008058218288255512,0.1668607991425546,0.0012986976396235118,0.056633016113416805,0.00023626124190389896
0.18430000000000002,-2.2634149017370855e-06,2.2039058501853464e-05,-0.16896611518106874,-0.002952280298965342,0.16881471906958417,0.00017431917927317777,0.05712524403565535,0.00024181873785580362
0.18435,-1.0648329566795456e-05,2.1617143997697257e-05,-0.16573143731674947,-0.013889125517753939,0.1624130290091005,0.003858156152958473,0.05551254205309509,0.0002472278259853173
0.1844,-1.8767590137538837e-05,2.0655925856166207e-05,-0.15836209822454472,-0.02447946538975334,0.14829058107622445,0.011984884515362632,0.0519548409854651,0.00025195209036699313
0.18445,-2.64186376079383e-05,1.9179384492522883e-05,-0.14704194777677557,-0.03445909252966928,0.12784789041904723,0.02374858115936618,0.046804955985880914,0.00025552302799723833
0.1845,-3.3410593977491304e-05,1.7224356620539922e-05,-0.13205340074734076,-0.043579035617551595,0.10311224731082388,0.03798264690711661,0.04057359833394304,0.0002575865114103134
0.18455000000000002,-3.956902416812036e-05,1.4839616179827978e-05,-0.11377039070911603,-0.05161177065167018,0.07653667153190294,0.05327549739601206,0.03387872821361164,0.0002579379056970131
0.18460000000000001,-4.47402879397489e-05,1.2084657593684094e-05,-0.09264904153830789,-0.0583568973093539,0.05075664808963198,0.06811054927148953,0.02738427218665763,0.00025654236364780773
0.18465,-4.879537278369239e-05,9.028211448678757e-06,-0.06921628776321315,-0.06364613841151319,0.028328767428507925,0.0810166186939499,0.021734281787532346,0.00025353828009386155
0.1847,-5.163311262505001e-05,5.746529847107501e-06,-0.04405672881198609,-0.0673475382052769,0.011477189915785552,0.09071381804622464,0.01748906341415947,0.0002492235685191778
0.18475,-5.318271162931669e-05,2.3214840472957305e-06,-0.01779804434808726,-0.06936875429879036,0.0018730770445066697,0.0962404814593189,0.015069612984130799,0.00024402611631726818
0.18480000000000002,-5.3405510472330104e-05,-1.1614780434107495e-06,0.00890466501645378,-0.06965936148652545,0.00046886330592687907,0.0970485328542085,0.014715866046241786,0.00023846135200116512
0.18485000000000001,-5.2295950770589476e-05,-4.6154636264341926e-06,0.03538522115178831,-0.06821210970252505,0.007403803789319356,0.09305783820138623,0.01646290348212987,0.00023308113006741268
0.1849,-4.988171378037375e-05,-7.954302807408268e-06,0.06098298820656652,-0.06506310493393495,0.02199016433494104,0.08466415247288461,0.020137472572137157,0.00022841900415703452
0.18495,-4.622302978779519e-05,-1.109469835989867e-05,0.08505935410976113,-0.06029090842330073,0.04278142374410523,0.0726998727701367,0.02537516835865998,0.00022493731466805299
0.185,-4.141117549219445e-05,-1.395830382049905e-05,0.10701366263819437,-0.05401457673383993,0.067715724470362,0.058351489994717634,0.031656571481690196,0.000222981338765842
0.18505000000000002,-3.556619684817863e-05,-1.647367807647992e-05,0.1262981986016117,-0.04639069154834677,0.09432034590042147,0.04304192524667704,0.03835875872702586,0.0002227450495590888
0.18510000000000001,-2.8833914141639596e-05,-1.8578067667432747e-05,0.14243185212765994,-0.037609453234425036,0.11995692261109762,0.028289419451848076,0.04481707791880838,0.0002242518795968769
0.18515,-2.1382284100170218e-05,-2.0218972371535445e-05,0.1550121215244897,-0.027889935791501494,0.14208308970012792,0.01555697036908152,0.05039106119440856,0.00022735239753723235
0.1852,-1.3397209687388911e-05,-2.1355454956960365e-05,0.16372515467601198,-0.017474621338254552,0.1585046075294287,0.006107247818307626,0.054527939720114244,0.00023173912659634244
0.18525,-5.07790222279144e-06,-2.1959162509149188e-05,0.1683535792392671,-0.0066233507342971665,0.16759296343540173,0.0008773754989902964,0.056817461610192924,0.00023697703747417955
0.18530000000000002,3.3680885422687125e-06,-2.2015033748388495e-05,0.16878192540502718,0.004393158961269122,0.16844687020138685,0.0003859969131795838,0.05703257622383325,0.0002425466893245654
0.18535000000000001,1.1730052371382284e-05,-2.152167480886648e-05,0.16499950686378098,0.015300068302360678,0.16098164642402316,0.0046818418011380395,0.05515195080075252,0.00024789574304969576
0.1854,1.9799375319117658e-05,-2.049139398268789e-05,0.15710068719586828,0.025825272149085986,0.14593761411627978,0.013338893631487127,0.05136208587955117,0.0002524937358455943
0.18545,2.7374744249473505e-05,-1.894989468272035e-05,0.14528252588708826,0.03570618814348356,0.12480668157419292,0.025498637434756916,0.04603882027147848,0.00025588468751871666
0.1855,3.426716914132538e-05,-1.693563416032341e-05,0.12983986188849028,0.044696307571342846,0.09968439147818618,0.0399551982102416,0.0397100592019807,0.0002577323190227914
0.18555000000000002,4.030469808043876e-05,-1.449886412012255e-05,0.11115795823681386,0.05257134531712872,0.07306210731358992,0.05527492696905583,0.03300342240411288,0.0002578534021101072
0.18560000000000001,4.5336707004107935e-05,-1.170037699066193e-05,0.0897028902556735,0.05913483522068237,0.04757994603463343,0.06993857473154513,0.026584003250174577,0.0002562359286784555
0.18565,4.9237657593475464e-05,-8.609989329987367e-06,0.0660099181776686,0.06422303164124074,0.025764959323906315,0.0824919558638362,0.021088411975220437,0.00025304030306134496
0.1857,5.191022904723686e-05,-5.3047999945788795e-06,0.040670133284858904,0.06770899440859296,0.009780527165992496,0.09169015847645746,0.017061643254284994,0.0002485834332483686
0.18575,5.328774620192436e-05,-1.8672667245510622e-06,0.01431571153552209,0.06950575591566133,0.0012118167458724915,0.0966210021081498,0.01490302950975903,0.00024330730491539055
0.18580000000000002,5.3335842773329846e-05,1.616851043263967e-06,-0.012395858006969407,0.06956849057425406,0.0009085822710822029,0.09679549761560151,0.01482663923379812,0.00023773514837778216
0.18585000000000002,5.20533188884861e-05,5.06063167508357e-06,-0.03879817619428304,0.06789563333526263,0.008900895336475319,0.09219634051992853,0.016840048029994545,0.0002324195516205428
0.1859,4.947217086766661e-05,8.37815986962288e-06,-0.06423255901075604,0.06452891852486768,0.024396162728395045,0.08327962651978023,0.02074358725210755,0.0002278876590821569
0.18595,4.565679311826866e-05,1.1486670068155045e-05,-0.08806447053974525,0.059552338854743155,0.04585772748128979,0.07092962126140302,0.026150145132101774,0.00022458889628984102
0.186,4.070237150192918e-05,1.4308611276721599e-05,-0.10969935312728624,0.05309004978659359,0.07115725820996194,0.05637106772685972,0.03252355631211905,0.00022285039938004848
0.18605000000000002,3.473250876434126e-05,1.6773581828331188e-05,-0.1285974606964935,0.045303272307211935,0.0977858146975621,0.04104772963482792,0.03923177324039657,0.00022284457450650775
0.18610000000000002,2.789614077438506e-05,1.8820085725067567e-05,-0.14428732389931517,0.03638627057847621,0.12310265784458997,0.02647921373220167,0.04560954573588202,0.00022457199894199077
0.18615,2.0363820985312073e-05,2.0397066880501294e-05,-0.1563775127585617,0.026561505639699126,0.14459713058692833,0.01411027163695537,0.05102439373865157,0.00022786136528017042
0.1862,1.2323465400295293e-05,2.1465182821279175e-05,-0.16456640163525652,0.016074085309405378,0.16013763803309017,0.005167524370680836,0.054939329749955246,0.0002323864686535242
0.18625,3.975664493545165e-06,2.199778624302898e-05,-0.16864969453284448,0.0051856493463755,0.16818303684004826,0.000537819182871293,0.0569661118094742,0.00023769855730537885
0.18630000000000002,-4.471321131461175e-06,2.19815897683014e-05,-0.16852552155870712,-0.005832157992319242,0.16793546925581537,0.0006802813369474641,0.05690374503381064,0.00024327083420393506
0.18635000000000002,-1.2806756417649844e-05,2.141699747386953e-05,-0.16419698063056412,-0.016704464885977075,0.1594194864727337,0.005580782942536822,0.05475841433776822,0.00024855069993168374
0.1864,-2.0822689253076785e-05,2.0318094778504348e-05,-0.15577205996613622,-0.02716002945568497,0.14347961368357603,0.014753344000673506,0.050742870932288096,0.00025301455301446725
0.18645,-2.8319138473199427e-05,1.8712297069648296e-05,-0.1434609441930113,-0.03693800669860206,0.12169659917864252,0.027288326777319412,0.045255334034098524,0.00025621971579160445
0.1865,-3.510908295345163e-05,1.6639665718282354e-05,-0.1275707704996993,-0.04579445602206656,0.0962306522652766,0.041942644047139765,0.03883999957884486,0.000257848333929477
0.18655000000000002,-4.102312743956594e-05,1.4151908653534546e-05,-0.10849796633177203,-0.05350842709103888,0.06960721664669955,0.05726303539514047,0.03213307270553174,0.00025773889840250157
0.18660000000000002,-4.5913728579971066e-05,1.1311090336298047e-05,-0.08671835922970202,-0.05988747205748763,0.04446652349850956,0.07173018618872723,0.025799675583292374,0.0002559022617968469
0.18665,-4.965887585176968e-05,8.188083388532103e-06,-0.06277530596342769,-0.06477244676108052,0.02330176127111786,0.0839093971883402,0.02046788765585495,0.00025252056233121474
0.1867,-5.2165135476524855e-05,4.860800464256349e-06,-0.03726613687295995,-0.06804148105527366,0.008211827573402695,0.0925928628839033,0.016666459347453862,0.00024792916130408096
0.18675,-5.336998137995025e-05,1.4122504833431268e-06,-0.010827253688628982,-0.06961301919133189,0.0006931826715455924,0.09691944881865484,0.014772376167674087,0.00024258338529764475
0.18680000000000002,-5.324335512565527e-05,-2.0715322657397334e-06,0.01588174739128407,-0.06944785451329039,0.0014914463664481487,0.09646008992998295,0.014973473289898561,0.0002370133720216778
0.18685000000000002,-5.178841576913073e-05,-5.503634510722397e-06,0.04219453126593131,-0.0675501075272554,0.01052745529415777,0.09126034053887536,0.017249808018334613,0.00023177149646974653
0.1869,-4.904146109180697e-05,-8.798432302345024e-06,0.06745464767243088,-0.06396712316775258,0.026905113518578733,0.08183585692716856,0.021375637524298854,0.00022737759261927878
0.18695,-4.507102199432439e-05,-1.1873727155153803e-05,0.09103190820478525,-0.058788289562026384,0.049000257842167355,0.0691212597925732,0.02694180559169488,0.00022426740130446627
0.187,-3.997615284863487e-05,-1.4652796739557123e-05,0.11233810835480827,-0.052142808070733175,0.07462172520944829,0.054377448670026335,0.033396318477977235,0.00022274935863181362
0.18705000000000002,-3.388396023103814e-05,-1.706630893284492e-05,0.1308417018304137,-0.044196469872160686,0.10122864902485042,0.03906655898321614,0.04009908572324018,0.0002229740078388894
0.18710000000000002,-2.6946431932881022e-05,-1.9054051536508643e-05,0.14608106179155367,-0.03514751992090901,0.12618243561675369,0.024706963131813916,0.04638539769806753,0.000224919070801249
0.18715,-1.933664512367487e-05,-2.0566434418898402e-05,0.1576759972187341,-0.02522171103666135,0.14700843189442478,0.012722694152336898,0.05163184432069502,0.0002283916565024599
0.1872,-1.1244448466868187e-05,-2.1565726722401004e-05,0.16533723820994578,-0.014666671922015095,0.16164133555389518,0.00430222530536052,0.05531813847358879,0.00023304739079112917
0.18725,-2.871725758941558e-06,-2.202699813144421e-05,0.16887365234406176,-0.0037457292564644015,0.16863000966020317,0.00028060975325466716,0.05707871237503427,0.0002384245668709342
0.18730000000000002,5.572640650375905e-06,-2.193874087709824e-05,0.16819701338939014,0.007268661709645378,0.16728139140311485,0.0010566688609852974,0.05673897095536916,0.00024398993344464256
0.18735000000000002,1.3877981039624336e-05,-2.130315678622372e-05,0.16332420202621561,0.018101714393948115,0.15772922242022053,0.006553441280001368,0.05433260612700039,0.0002491915759920905
0.1874,2.1837094118928483e-05,-2.013610239688565e-05,0.1543767850333586,0.028483166234288163,0.14092078602771915,0.016225815174601865,0.05009825579066191,0.00025351365077876114
0.18745,2.925141623254692e-05,-1.846669332000451e-05,0.14157798211976352,0.038154021170420674,0.11852296535779125,0.02911458662945818,0.04445583803662689,0.00025652753973167254
0.1875,3.593597520087836e-05,-1.6336577926905785e-05,0.12524709742666443,0.04687301112620107,0.09275693983144322,0.04394158344073938,0.037964908343719656,0.0002579343576376548
0.18755000000000002,4.172400487483867e-05,-1.3798898230784039e-05,0.10579155310176797,0.054422615052481846,0.0661779116704944,0.05923642058301247,0.03126916850282026,0.00025759459064870354
0.18760000000000002,4.647110576444321e-05,-1.091696418133726e-05,0.08369672537526976,0.06061448577663735,0.04142170825995349,0.07348231771932343,0.025032631334985164,0.00025554193375729476
0.18765,5.005884734408291e-05,-7.762674139613586e-06,0.0595138350646821,0.0652941487083595,0.02094338837903071,0.0852665171109873,0.019873770694860463,0.0002519799473527475
0.1877,5.239772281780806e-05,-4.414721217516302e-06,0.03384619598431684,0.06834485584844394,0.006773775548443744,0.09342038641889162,0.016304187928051314,0.00024726187199890443
0.18775,5.342938198054456e-05,-9.56630004351535e-07,0.007334163357072321,0.06969049823534693,0.000318062325436932,0.09713531088581785,0.014677876537169123,0.00024185559627623246
0.18780000000000002,5.312808706924863e-05,2.525327174806115e-06,-0.01936084169067953,0.06929750487426296,0.0022164581731097294,0.09604288363597,0.015156116927338608,0.00023629725777638466
0.18785000000000002,5.1501354752735766e-05,5.944282592779221e-06,-0.04557283322273648,0.0671756801136883,0.01228070023765943,0.09025143997473153,0.01769148225210444,0.00023113807359205382
0.1879,4.858976870496778e-05,9.21494028665392e-06,-0.07064787554716735,0.0633779591837999,0.029512723280452315,0.08033531420606813,0.022032541769566313,0.00022688967732158952
0.18795,4.446596704033777e-05,1.22557040171806e-05,-0.09396039747637275,0.057999087446867326,0.052203637223104525,0.06727788289338726,0.027748795021844,0.00022397337986662094
0.188,3.9232830213368836e-05,1.4990712935278754e-05,-0.11492879918404961,0.051173256805130435,0.07810319686764468,0.05237404424087656,0.03427336439990669,0.00022267838897460076
0.18805000000000002,3.3020914302064125e-05,1.7351734145023887e-05,-0.13302996179045945,0.04307075779107603,0.10464295738398587,0.037101803533950733,0.04095921199803482,0.00022313312804923805
0.18810000000000002,2.5985193940022607e-05,1.9279864984662716e-05,-0.14781229822552913,0.03389373123248437,0.12919098560418563,0.022975700337197726,0.04714330606400518,0.00022529250091441987
0.18815,1.8301195997875373e-05,2.072700252349736e-05,-0.15890701935463317,0.02387112522216559,0.14931286733324017,0.011396612387446206,0.05221237345846445,0.00022894236378467403
0.1882,1.0160620548504978e-05,2.1657043630065e-05,-0.16603733450206887,0.013252983331126346,0.1630131268236947,0.003512831343502256,0.055663717598629155,0.000233720761762203
0.18825,1.7665583435152107e-06,2.2046785679005235e-05,-0.16902535687413187,0.002304206543027128,0.168933117043338,0.00010618735585858058,0.05715507063623406,0.00023915382386250635
0.1883,-6.6715758876958106e-06,2.1886505397638833e-05,-0.16779654138141978,-0.008702055498807289,0.1664857558545456,0.0015145153980864435,0.056538535908846006,0.00024470275628818503
0.18835000000000002,-1.4943267911395045e-05,2.118020145570876e-05,-0.16238154448958297,-0.019491219007626986,0.15591374671973202,0.0075981523680655905,0.053875254836854666,0.00024981727459597513
0.1884,-2.284215588275533e-05,1.9945494692597497e-05,-0.15291545930386558,-0.02979411636267946,0.13826550983908284,0.017753787396657675,0.04942934349772299,0.000253990174806766
0.18845,-3.0171178666484297e-05,1.821318852761766e-05,-0.13963444536495986,-0.03935371129691426,0.11529121099471679,0.030974291856817535,0.043641700443282555,0.000256807632843464
0.1885,-3.674749208185251e-05,1.6026500458457253e-05,-0.12286983683769767,-0.04793151140638096,0.08926919849250797,0.04594859571400056,0.03708628296614498,0.0002579902427985484
0.18855,-4.240703054294859e-05,1.3439983900260056e-05,-0.10303987654926122,-0.055313518094556285,0.06278006076015853,0.06119170567993611,0.030413188170564404,0.0002574207261256549
0.18860000000000002,-4.7008600088469626e-05,1.0518167156872653e-05,-0.08063928152218866,-0.06131556532990739,0.03845071071582403,0.07519197103452281,0.02428418310400802,0.0002551555612414547
0.18865,-5.043740096858811e-05,7.333943602381341e-06,-0.056226900929859214,-0.06578791430481247,0.01869387638026659,0.08656099337154699,0.01930707778208445,0.0002514193835083129
0.1887,-5.260789157194483e-05,3.966753113711368e-06,-0.03041177385725164,-0.0686189890061501,0.005468831934996869,0.09417131304452298,0.015975448934967672,0.0002465827073534538
0.18875,-5.3465922610845426e-05,5.006002284807102e-07,-0.003837935063091477,-0.0697381599279648,8.70976258369798e-05,0.09726821900276789,0.014619692341512199,0.00024112518346737605
0.1888,-5.2990087936102375e-05,-2.978041611951205e-06,0.02283165237279848,-0.0691175060048051,0.0030823770272786753,0.09554459272648537,0.015374257609117434,0.0002355880312092131
0.18885000000000002,-5.1192258676239913e-05,-6.382387389235091e-06,0.048931636671058265,-0.066772511320124,0.014157629962315472,0.08917136535992176,0.018164314938605174,0.0002305203670818792
0.1889,-4.8117286982598323e-05,-9.627505620157401e-06,0.07381087643588863,-0.06276167867613598,0.03221452979824939,0.07878056620493083,0.022713175891207665,0.00022642474829860003
0.18895,-4.384188714468062e-05,-1.2632437227392906e-05,0.09684868542910997,-0.05718507019495042,0.055462383915960665,0.06540264506402814,0.02856973249829762,0.00022370733526825466
0.189,-3.847272164430495e-05,-1.5322215290919352e-05,0.11747031723836562,-0.050181810843191545,0.08159571561202843,0.05036428279003713,0.03515319328267009,0.0002226376120526774
0.18905,-3.2143740236059414e-05,-1.7629735345337407e-05,0.13516130432714377,-0.04192661770638579,0.10802289710031152,0.03515682544594845,0.04181068019172181,0.00022332166286485148
0.18910000000000002,-2.5012838069974323e-05,-1.9497429459712506e-05,0.14948029253063047,-0.03262544096383437,0.13212315951326153,0.02128838796169284,0.04788197390433964,0.00022569165038229368
0.18915,-1.725791662660517e-05,-2.087870249070332e-05,0.16007005243584468,-0.022510326042285297,0.1515064934451238,0.010134295570599753,0.0527649877092181,0.00022951254464846334
0.1892,-9.072445365013302e-06,-2.1739094478083956e-05,0.16666639100322858,-0.01183362439274329,0.16425066441652725,0.00280069332537058,0.05597547577888773,0.0002344054293559667
0.18925,-6.606350991978961e-07,-2.2057140412973585e-05,0.1691047431675283,-0.0008616979629843856,0.16909184025380003,1.4850467588228792e-05,0.057195055893649656,0.0002398850802144525
0.1893,7.767656662172585e-06,-2.1824905682308782e-05,0.16732427689955778,0.010131726077090779,0.16554992414975378,0.002053037466024026,0.05630278289982338,0.0002454080829940088
0.18935000000000002,1.600216124068465e-05,-2.1048184083982147e-05,0.16136941130606616,0.020872384220045673,0.15397616604147485,0.008713128460584233,0.05338714307962034,0.0002504267249146278
0.1894,2.3837444531464538e-05,-1.9746353222230193e-05,0.1513887080367489,0.031092318950844675,0.135518328939291,0.019334645954821098,0.04873727873529516,0.00025444330975245435
0.18945,3.107803221932985e-05,-1.7951891136943857e-05,0.13763116537376255,0.04053656375878403,0.11200686628935315,0.03286426002739926,0.04281431436838984,0.00025705951537902886
0.1895,3.7543286387197204e-05,-1.570956598131068e-05,0.12044000585468298,0.0489695039809019,0.08577339659092997,0.04796024640271134,0.03620562698095884,0.00025801589379436003
0.18955,4.307191216164561e-05,-1.3075319208029725e-05,0.10024411391553906,0.05618075498976771,0.059419478386708684,0.0631255446244062,0.02956659644308407,0.0002572176018485298
0.18960000000000002,4.752598158042935e-05,-1.0114869889063798e-05,0.07754733580677328,0.06199041075484768,0.03555861493599344,0.0768562205110947,0.023555611658121128,0.00025474380539725836
0.18965,5.0794374717854675e-05,-6.902075202432349e-06,0.052915909869836936,0.0662535322390063,0.0165570747098214,0.08779061068290095,0.018768778637140555,0.00025083982966011523
0.1897,5.279555181799867e-05,-3.517087818042384e-06,0.026964339923929707,0.06886376324021597,0.004299229796825522,0.09484435775209041,0.015680804917880018,0.0002458928295834207
0.18975,5.347958760420332e-05,-4.4356267710865644e-08,0.0003400647022204738,0.06975598383207343,6.838080018151732e-07,0.0973179456076098,0.01459792312914486,0.00024039339648270803
0.1898,5.282941677267124e-05,3.429481881219726e-06,-0.02629269443882734,0.06890793492232807,0.004087721139668236,0.094966069905196,0.015627522047486485,0.00023488690599924634
0.18985000000000002,5.086125976368056e-05,6.81776145324709e-06,-0.0522695044915558,0.0663407736074674,0.01615503259094398,0.08802196485674486,0.018667496928097275,0.00022991943374766824
0.1899,4.7624218078531074e-05,1.0035951785078956e-05,-0.07694229703653213,0.06211854532390276,0.03500590965002057,0.07717427346315524,0.02341637516598917,0.0002259836011581381
0.18995,4.319904930078059e-05,1.300376559234441e-05,-0.09969553622282029,0.05634658604910111,0.05877092140116294,0.06349875518777512,0.029403213163677614,0.00022346972251077388
0.19,3.7696152370609334e-05,1.5647161976491865e-05,-0.11996157516931609,0.04916889440344415,0.08509330496211559,0.04835160353714083,0.03603429956477807,0.00022262709781786972
0.19005,3.125281333205285e-05,1.790019358633913e-05,-0.13723481750664285,0.04076453913476512,0.11136268428251613,0.033234953017395936,0.04265203322477252,0.0002235392895751884
0.19010000000000002,2.4029780358794263e-05,1.970665188480151e-05,-0.15108433112733946,0.03134319178091985,0.13497393977878186,0.019647913420310432,0.048600137237437675,0.00022611583639078452
0.19015,1.6207253382728447e-05,2.102146941559263e-05,-0.16116459885971293,0.021139895723384153,0.15358555642812585,0.008937903823911113,0.053288741424811034,0.00023010122339812335
0.1902,7.980388497533836e-06,2.18118441711599e-05,-0.16722413864918306,0.010409202397053006,0.1653518306953125,0.002167029890856281,0.05625287957755084,0.00023510022216901663
0.19025,-4.45570800194973e-07,2.2058057905686364e-05,-0.16911177727858076,-0.0005811792976704135,0.1691059076991117,6.7553875208135025e-06,0.05719859973676873,0.00024061708463198384
0.1903,-8.860414017541885e-06,2.1753968096657885e-05,-0.16678042207121993,-0.011557061753663507,0.16447549778191814,0.0026713135275598363,0.056032115401642504,0.0002461047067885631
0.19035000000000002,-1.705420797665878e-05,2.0907161157070468e-05,-0.16028823553378163,-0.022244619093574516,0.15191979605143563,0.009896461572364398,0.05286910613692077,0.00025101888407401987
0.1904,-2.4822534243150126e-05,1.953876320097073e-05,-0.1497971845283856,-0.03237721856977649,0.13268394445914963,0.02096568564630159,0.04802324583220766,0.0002548722804606353
0.19045,-3.197158890467139e-05,1.7682912953772003e-05,-0.13556899930638966,-0.041702072480136215,0.10867555156417756,0.03478125698277068,0.04197509569328736,0.00025728275651345475
0.1905,-3.832301765783875e-05,1.538591010810458e-05,-0.11795864414574156,-0.04998654476555768,0.0822755163001067,0.049973093151982034,0.03532444743020069,0.00025801126702480325
0.19055,-4.3718365278656535e-05,1.2705060184331243e-05,-0.09740546140888832,-0.05702395470927599,0.056101915311236525,0.06503462821371117,0.02873084205661354,0.00025698556562395094
0.19060000000000002,-4.8023028891094016e-05,9.707244934200828e-06,-0.07442221114427094,-0.0626387333333897,0.03275036997883037,0.07847221827223014,0.022848163764039413,0.00025430737098034004
0.19065000000000001,-5.1129615875352146e-05,6.467253719542893e-06,-0.049582278510814454,-0.06669080331466958,0.014536639936937053,0.08895326493511885,0.018259794424915772,0.00025024227771155375
0.1907,-5.296062326743863e-05,3.0659177218155262e-06,-0.02350536918189203,-0.06907907382674662,0.003266970596526188,0.09543836881522219,0.015420760083037409,0.00024519341925539656
0.19075,-5.3470371125617015e-05,-4.1190667144311807e-07,0.00315795115563499,-0.06974396233784029,5.8968745734807566e-05,0.0972844056516417,0.014612606158749009,0.00023966148768651528
0.1908,-5.2646142319987566e-05,-3.879454832294159e-06,0.029742487065956162,-0.06866888128891867,0.005230770131318877,0.09430830514943209,0.015915476846151952,0.0002341950819110483
0.19085000000000002,-5.05084996424472e-05,-7.250218508955791e-06,0.05558500857840109,-0.0658806517089992,0.018269490104230096,0.0868052053920492,0.019200167166129222,0.00022933630200624316
0.19090000000000001,-4.711077294808758e-05,-1.0440104025192323e-05,0.08004079754356327,-0.06144883428436568,0.037882086125793996,0.0755191846981487,0.024140936247541676,0.00022556699074214893
0.19095,-4.25377285563097e-05,-1.3369530240074287e-05,0.10249973184686902,-0.05548399377060988,0.06212358801136022,0.06156947129474151,0.030247810751571336,0.00022326094829286565
0.191,-3.6903454628122795e-05,-1.5965413953219474e-05,0.12240150698776457,-0.04813494082478413,0.08858997965870795,0.046339450564109395,0.03691517541036797,0.00022264686395535383
0.19105,-3.0348514777562775e-05,-1.8162993152546415e-05,0.13924961417771506,-0.03958501927871783,0.11465660378118384,0.03133947502592925,0.043481831351174394,0.00022378563579589204
0.19110000000000002,-2.3036441398404245e-05,-1.9907442728438557e-05,0.15262372759355658,-0.03004753226526216,0.137738447935902,0.018057083904639414,0.04929656703480024,0.00022656433270178217
0.19115000000000001,-1.5149655796333182e-05,-2.115524221497254e-05,0.16219019032102058,-0.01976042060927872,0.1555464985201238,0.007809484453112143,0.05378273834070458,0.0002307073926688294
0.1912,-6.884917187503503e-06,-2.187526156670359e-05,0.16771033868196777,-0.008980326773236336,0.16631474118540107,0.0016129253790821071,0.05649545420850299,0.00023580395090562004
0.19125,1.5515860602047951e-06,-2.2049537764341224e-05,0.1690464561952362,0.0020238078985977074,0.1689752953041057,8.191596820852936e-05,0.0571656960995671,0.00024134858447821478
0.1913,9.949380401833779e-06,-2.1673722976722462e-05,0.16616520948675448,0.012977452691341665,0.1632643152468386,0.00336828556712022,0.05572699652262203,0.0002467914352745501
0.19135000000000002,1.8098957996998084e-05,-2.0757193012104056e-05,0.1591384797568263,0.023607336512284388,0.14974815567823976,0.011146126744084712,0.05232203049024033,0.00025159273874887536
0.19140000000000001,2.5797003513453482e-05,-1.9322813427448878e-05,0.14814156960370184,0.03364826544655284,0.12976720659094398,0.022644115351233635,0.04728846659198192,0.0002552763524116151
0.19145,3.285146641513744e-05,-1.740636906413705e-05,0.1334488294831807,0.042849738797318376,0.10530296748875165,0.036722002299968234,0.041125480525857315,0.0002574769742912446
0.1915,3.90863522462912e-05,-1.5055671301332641e-05,0.1154268132987901,0.050982198577739814,0.07878154325961748,0.05198369143640191,0.03444425217208778,0.00025797636999116643
0.19155,4.434611332528194e-05,-1.2329365252952365e-05,0.0945251335892528,0.05784275650723493,0.05283304867734331,0.06691568960710537,0.027907355201197984,0.00025672501472656607
0.19160000000000002,4.849952933510536e-05,-9.295466691035751e-06,0.07126524461637695,0.06326025565201072,0.030030781400986837,0.0800371989031551,0.022163050015937356,0.0002538470046220889
0.19165000000000001,5.144298103150444e-05,-6.029665199034878e-06,0.046227433171666485,0.06709954047434721,0.012636029501148758,0.0900469666373712,0.017780996150887463,0.0002496277504478346
0.1917,5.310303528412006e-05,-2.613435859161708e-06,0.020036341570136857,0.06926482863115069,0.0023738207715696667,0.09595232970605344,0.015195759422938406,0.000244485673136697
0.19175,5.3438277142068835e-05,8.679933732933194e-07,-0.006654615883737253,0.06970210062133551,0.00026185270036237777,0.09716765662053561,0.01466371631820052,0.0002389307097604063
0.1918,5.2440342988842195e-05,4.327767942002155e-06,-0.033179554239060834,0.06840044737863554,0.0065095679768338586,0.09357242403194979,0.016237629243798027,0.00023351374277947212
0.19185000000000002,5.013412926137804e-05,7.679573529325357e-06,-0.058876730412307086,0.06539234251877432,0.020497384182084726,0.08552316920185399,0.01976141414836507,0.0002287719699158411
0.19190000000000002,4.657717127273344e-05,1.0839789422115599e-05,-0.0831050522518716,0.060752832098762484,0.04083813741529502,0.0738181321604085,0.024885619243633895,0.00022517562998292863
0.19195,4.1858207883808534e-05,1.3729574683509317e-05,-0.10526007259275644,0.05459766246413767,0.06551464659802929,0.059618094930958154,0.031102080004108433,0.00022308137015922863
0.192,3.609496758811228e-05,1.6276835060830005e-05,-0.12478906881199214,0.04708039251147883,0.0920797561110674,0.04433126718069824,0.03779431346703296,0.00022269687681192394
0.19205,2.9431231489789733e-05,1.8418021611153444e-05,-0.14120483236487455,0.03838856282100707,0.11789901898250252,0.029473635109248126,0.04429865463277186,0.00022406028015566607
0.19210000000000002,2.20332461991394e-05,2.009971608914809e-05,-0.1540978233576785,0.028739016786799177,0.1404119533227826,0.016518621717438498,0.04997007158476434,0.00022703637201491956
0.19215000000000002,1.4085576366312997e-05,2.127996365890407e-05,-0.1631463880576049,0.01837249092116036,0.1573859641304576,0.006750968452962398,0.05424613314042957,0.0002313300152773674
0.1922,5.786500136002188e-06,2.1929319539175555e-05,-0.16812478313742998,0.007547608878281795,0.16713774817947336,0.0011393279955903637,0.056702784609354275,0.0002365154114844789
0.19225,-2.6569374696138213e-06,2.2031583638313395e-05,-0.16890880789324547,-0.0034655706043018736,0.16870022660495881,0.00024020359226802507,0.05709640130667481,0.00024207832806845365
0.1923,-1.1034089902029397e-05,2.1584204662667163e-05,-0.16547890241352767,-0.014392291171352892,0.16191844920668652,0.004142760903220048,0.05538794842345463,0.0002474670934441872
0.19235000000000002,-1.9135964306418498e-05,2.0598343817907435e-05,-0.15792063592972494,-0.02495995343546585,0.1474649611314796,0.012459985510012471,0.051746852331399334,0.00025214730703514263
0.19240000000000002,-2.6760435426340012e-05,1.9098596305808123e-05,-0.14642257167704445,-0.03490491577050661,0.1267731066024706,0.024367062898923222,0.04653419842787693,0.00025565483435619515
0.19245,-3.371728828744435e-05,1.7122377785811812e-05,-0.1312715630123506,-0.04397907167356199,0.10189488533072191,0.03868317490536606,0.04026692274721598,0.0002576418363000997
0.1925,-3.9832963567918564e-05,1.471899085935713e-05,-0.11284559658809057,-0.05195603943474243,0.07529745648915731,0.05398860067489021,0.03356654743987769,0.00025791126253432836
0.19255,-4.495488768680673e-05,1.1948395146060952e-05,-0.09160436277209436,-0.05863681002285191,0.049618472254687844,0.06876550979312053,0.02709754502673101,0.00025643639469887593
0.19260000000000002,-4.895527904403001e-05,8.879711341518703e-06,-0.06807778694630798,-0.06385471179507331,0.027404503055699712,0.08154848436863747,0.021501442806309425,0.00025336349415716207
0.19265000000000002,-5.173433607290853e-05,5.5894968574670535e-06,-0.04285280922431769,-0.06747956878950129,0.010858495787728637,0.09106984408034072,0.017333203128882643,0.00024899729910520576
0.1927,-5.322272693723693e-05,2.159835826326909e-06,-0.016558741325489713,-0.06942094817862497,0.0016213087099512615,0.09638536092038669,0.015006187966626963,0.0002437708023533106
0.19275,-5.338331934875826e-05,-1.3237087013504921e-06,0.010148433394099186,-0.06963041654280454,0.0006089884892807731,0.09696789815848936,0.01475116612448234,0.0002382023129065792
0.1928,-5.2212106830898946e-05,-4.774229397767623e-06,0.036602425394682565,-0.06810274804152425,0.007921926353758988,0.09275968581614669,0.01659342796196861,0.0002328440545314869
0.19285000000000002,-4.9738308766775715e-05,-8.105642810184992e-06,0.0621432615611059,-0.06487605491623293,0.022834902358089493,0.08417805002988141,0.02035027741938626,0.00022822740289022174
0.19290000000000002,-4.602364135513576e-05,-1.1234836968789906e-05,0.0861337501064039,-0.06003083655314772,0.043869005022748216,0.07207402674541473,0.025649149826597075,0.00022481018858170107
0.19295,-4.1160777983379805e-05,-1.408374486479878e-05,0.1079753773109035,-0.05368797128749744,0.06893829418952126,0.057647965219342984,0.03196455899376539,0.00022293129496923277
0.193,-3.5271037164342826e-05,-1.6581292056122988e-05,0.12712323910999526,-0.04600570065499888,0.09555666249312612,0.042330489855147285,0.03867020932190615,0.0002227770507923797
0.19305,-2.8501355918461665e-05,-1.8665169835336314e-05,0.14309963541477583,-0.037175681638988725,0.12108438126872274,0.027640626106468866,0.04510110522765386,0.00022436275237510368
0.19310000000000002,-2.1020623984614313e-05,-2.0283389704274763e-05,0.15550598774168137,-0.02741820520506956,0.14298988096503348,0.01503515953334607,0.05061949837703382,0.0002275311466175935
0.19315000000000002,-1.3015470362285525e-05,-2.1395580375298965e-05,0.16403278288308062,-0.016976700479484873,0.15910080543287866,0.005764167183402838,0.05467813279824616,0.00023196802557052713
0.1932,-4.685607305505669e-06,-2.1973994964107195e-05,0.16846729472750116,-0.006111661711151297,0.16781944335369628,0.0007470481774310559,0.056874516012220135,0.0002372333865247349
0.19325,3.7611520944260776e-06,-2.2004203201860335e-05,0.1686988912147227,0.004905850550998186,0.16828117225732536,0.00048134739257458414,0.05699083390303988,0.00024280506648683678
0.1933,1.211407842362346e-05,-2.148545145959517e-05,0.16472179451995417,0.015800971849221503,0.16044020278132776,0.004993414227597808,0.055015551313887676,0.00024813052517866596
0.19335000000000002,2.016478320626094e-05,-2.043068153054983e-05,0.15663522506240254,0.02630189113227667,0.14507411944451518,0.013835789542682683,0.051144555892101394,0.00025268163975396816
0.19340000000000002,2.7712417788564498e-05,-1.8866207778545775e-05,0.14464092628902442,0.03614663189034282,0.12370676815059903,0.026131579940318967,0.04576173210654184,0.00025600707885864617
0.19345,3.4568684069622696e-05,-1.68310606233065e-05,0.12903813143580106,0.04508958791191508,0.0984571371076132,0.04066141876132637,0.0394008915430851,0.0002577770603539862
0.1935,4.0562532212393645e-05,-1.4376012844831494e-05,0.11021609845827485,0.0529076507064227,0.07182921811586206,0.05598439006545661,0.03269283522854676,0.0002578160564176682
0.19355,4.554442790878417e-05,-1.1562312867680541e-05,0.0886443986404242,0.059405775530234135,0.046463686946268526,0.0705809233269713,0.026302797319690575,0.0002561201995684685
0.19360000000000002,4.939008305101468e-05,-8.46015677499701e-06,0.06486120192078211,0.06442184745535798,0.024876029127271593,0.08300348859122826,0.020864474317901175,0.00025285766725281793
0.19365000000000002,5.200355635920647e-05,-5.1469370259233665e-06,0.03945985052046277,0.06783072568495468,0.009207080573978444,0.09202014693895143,0.016917181647037243,0.00024835200269312857
0.1937,5.33196470373641e-05,-1.7053117002150033e-06,0.013074056347100411,0.06954736570117968,0.0010107221352478536,0.09673672151947249,0.014852370126655188,0.0002430500304086497
0.19375,5.330552127539795e-05,1.7788576751225647e-06,-0.013637908854506095,0.06952894079466768,0.0010997820822099083,0.09668547216056805,0.014874805939932841,0.00023747754372602668
0.1938,5.196153151369218e-05,5.218648179744767e-06,-0.04000963606471868,0.06777591067280413,0.009465428391451359,0.09187148135055849,0.01698226415864625,0.00023218716330800527
0.19385000000000002,4.932120752660022e-05,8.528244057555128e-06,-0.06538320445404616,0.06433200981972638,0.025278044601350896,0.08277214974890743,0.020965749311695318,0.00022770353295449995
0.19390000000000002,4.5450420036539276e-05,1.162507764508781e-05,-0.08912559529787542,0.059283156574915286,0.04696950244132613,0.07028985306971842,0.02643022143485911,0.00022447129201884895
0.19395,4.0445737266724616e-05,1.4431889255560408e-05,-0.11064448429879209,0.05275530948011323,0.0723886721552522,0.055662453566850484,0.032833771846518874,0.00022281097971062563
0.194,3.443201587747491e-05,1.6878654675450932e-05,-0.12940301919165886,0.04491132506406226,0.09901474900088603,0.04034054238019734,0.03954136410886326,0.00022288724868217702
0.19405,2.755928591888794e-05,1.890433208602602e-05,-0.1449332126657098,0.03594689467936647,0.12420723977060216,0.02584358474178931,0.04588780997847612,0.00022469253495780047
0.19410000000000002,1.9999008004890383e-05,2.0458384982344363e-05,-0.15684761820598633,0.02608566262213801,0.1454678193793388,0.013609235888720162,0.051243736057089734,0.00022804780969449878
0.19415000000000002,1.1939795633412998e-05,2.1502042900203957e-05,-0.1648489955733555,0.015573646481998774,0.16068808795532516,0.004850769294925456,0.055077998077327175,0.000232620331827556
0.1942,3.5827097186832493e-06,2.2009268717855102e-05,-0.16873772683955485,0.004673099640265384,0.16835866010095693,0.0004367572049569692,0.057010354498704,0.00023795664721344717
0.19425,-4.8637574937020825e-06,2.19674081721146e-05,-0.16841679598856876,-0.006344031509297875,0.16771884937641196,0.0008049347158192853,0.056849174549483274,0.00024352755616036928
0.1943,-1.3188883882099408e-05,2.1377505611173113e-05,-0.16389420968280227,-0.017202892013363065,0.1588321055424072,0.005918789872468614,0.05461044241597101,0.00024878059501650925
0.19435000000000002,-2.1184974517065913e-05,2.025427788847586e-05,-0.1552827971435558,-0.02763257545282668,0.1425797219258514,0.015271184523123189,0.05051617185592189,0.0002531948226136996
0.19440000000000002,-2.8652543261139812e-05,1.8625747255511668e-05,-0.1427973956170268,-0.037372882508743904,0.1205734383653982,0.02793464694024752,0.04497238943104846,0.00025633248271393963
0.19445,-3.540528948917723e-05,1.6532542217726288e-05,-0.12674949033404004,-0.04618081237460561,0.09499560560915409,0.04265334863157054,0.0385288688946134,0.0002578824150531472
0.1945,-4.127474598389031e-05,1.4026883984052181e-05,-0.10753944386571025,-0.05383662519238686,0.06838276305020459,0.05796764424211087,0.03182461061020912,0.0002576909140373754
0.19455,-4.61144817541593e-05,1.117128360475616e-05,-0.08564650762684375,-0.06014932402458908,0.04337409132732275,0.07235882361230019,0.02552447207919504,0.0002557769704204529
0.19460000000000002,-4.980375528304372e-05,8.036982490435209e-06,-0.06161686574489078,-0.06496141993236836,0.022449686416272697,0.0843997215925901,0.0202532345273363,0.0002523303891103979
0.19465000000000002,-5.225052671014998e-05,4.702175056840545e-06,-0.036050008754045744,-0.0681528609252859,0.007684609818096705,0.09289624904602722,0.016533643619237634,0.00024769296552821005
0.1947,-5.3393754086408864e-05,1.2500579480571515e-06,-0.009583777584932954,-0.06964402706936154,0.0005431059050000482,0.09700581012875925,0.014734569104908815,0.00024232459043609735
0.19475,-5.320491621765187e-05,-2.2332455566064245e-06,0.0171215492844312,-0.06939771680683776,0.001733393617176902,0.09632086196004105,0.01503442419380457,0.0002367576425535195
0.1948,-5.168872422474347e-05,-5.660834140389902e-06,0.043399728426536034,-0.06742007507807049,0.011137432789437237,0.09090933047065322,0.017403472425592145,0.00023154419299356376
0.19485000000000002,-4.888300400605684e-05,-8.947196460326222e-06,0.06859517288035005,-0.06376044001159714,0.027822630129238347,0.08130787420944954,0.021606776616387657,0.00022720125663805028
0.19490000000000002,-4.485775255382989e-05,-1.201034448012631e-05,0.09207930769626035,-0.05851011203104846,0.0501343239654824,0.06846866419771683,0.027227497441302706,0.00022415952001497277
0.19495,-3.971339168688474e-05,-1.477385890688973e-05,0.11326625163651542,-0.05180007612000775,0.07585987613720693,0.053664957720771934,0.033708231177688654,0.000222720630513839
0.195,-3.35782627052712e-05,-1.7168795689635205e-05,0.1316274336325804,-0.04379773396919741,0.10244809803107635,0.03836483001673177,0.04040628707190848,0.00022302728187806233
0.19505,-2.6605424571413393e-05,-1.9135406046378696e-05,0.14670477970055573,-0.03470272771029263,0.12726225062154273,0.024085586210694246,0.04665742270558131,0.00022504906381761228
0.1951,-1.896883536520501e-05,-2.0624627053853e-05,0.15812214075386483,-0.02474195917868809,0.14784152825678684,0.012243290879997357,0.05184171642516969,0.00022858547718530349
0.19515000000000002,-1.0859012413464485e-05,-2.1599305693495637e-05,0.16559467698826374,-0.014163929243939307,0.16214509556416823,0.004012337832546382,0.05544504476857677,0.0002332858180206825
0.1952,-2.478279254233887e-06,-2.203512571349551e-05,0.16893596380602444,-0.0032325381646436213,0.16875447573303953,0.00020898605971755103,0.05711006764309843,0.00023868395598892656
0.19525,5.964281918563985e-06,-2.192121430146135e-05,0.1680626429757931,0.007779498146125243,0.16701422029321797,0.001210411828111322,0.056671665702234496,0.0002442445609368693
0.1953,1.4258046421298457e-05,-2.12604133070668e-05,0.162996502018016,0.01859745184732717,0.1570969093499748,0.006917304304273056,0.054173314985859145,0.0002494161906325627
0.19535,2.2196101757399353e-05,-2.006920837554358e-05,0.15386393086845135,0.028951437066532856,0.1399860371217086,0.01676371416434825,0.04986277556923539,0.00025368597763528715
0.19540000000000002,2.9580409623002006e-05,-1.8377317628389716e-05,0.1408927684787945,0.03858314298199867,0.11737847915476071,0.029773178447387066,0.04416752118634644,0.00025663048930569805
0.19545,3.6226746623961124e-05,-1.622695030237628e-05,0.12440661896919547,0.04725227819921391,0.09151621436814408,0.044655555900318125,0.037652347071740894,0.000257957720396111
0.1955,4.1969300178893086e-05,-1.3671753660694928e-05,0.10481677806174533,0.05474256544864182,0.06496398900537931,0.05993496943797666,0.030963359342186855,0.00025753604976073193
0.19555,4.666480533177846e-05,-1.0775474663124203e-05,0.08261197239991966,0.060867137386051796,0.040354972422617146,0.07409616827145009,0.024763901208327686,0.00025540729468763674
0.1956,5.0196118763361354e-05,-7.6103695478017546e-06,0.05834616652816534,0.06547319838584285,0.02012962696547009,0.0857347941374387,0.019668769417680608,0.0002517825621646522
0.19565000000000002,5.24751414517713e-05,-4.255401241988578e-06,0.03262474283692278,0.06844583667545745,0.006293688822888588,0.09369665116406792,0.016183245364960873,0.000247021315314563
0.1957,5.344501638688803e-05,-7.942693527827583e-07,0.006089398363880338,0.06971089093928218,0.00021926021933730666,0.09719216631096989,0.014652986491513538,0.00024159572391952138
0.19575,5.3081547207545696e-05,2.686677934814084e-06,-0.020597864185187262,0.06923680070705288,0.0025087388360306353,0.09587469144296315,0.015229747734427314,0.0002360438411976065
0.1958,5.139380169206616e-05,6.100598089020661e-06,-0.04677125202527218,0.06703539351257883,0.012935078359075756,0.0898748796677259,0.01785633198218194,0.00023091624392093682
0.19585,4.8423885680122945e-05,9.362320766707327e-06,-0.07177779256194927,0.06316159002135546,0.030464304551475203,0.0797877290805158,0.022272262372209813,0.00022672143333236434
0.19590000000000002,4.424589248680766e-05,1.2390472637355927e-05,-0.09499362355986815,0.05771203367998217,0.05335805385314777,0.06661357662958793,0.028039613528506063,0.00022387540614106594
0.19595,3.896405455122162e-05,1.510950749546268e-05,-0.11583955747881605,0.050822679854608026,0.07934596602030683,0.05165889575207961,0.034586440516587796,0.00022266040160840055
0.196,3.271014292901505e-05,1.7451590960645067e-05,-0.13379553070730388,0.04266540382427751,0.10585083431976658,0.03640673366977348,0.041263498124964215,0.00022319691074685038
0.19605,2.5640179973096178e-05,1.9358292835063378e-05,-0.14841357841179323,0.0334437130146998,0.1302441858671987,0.022369638804192012,0.047408626334615796,0.00022543172846774484
0.1961,1.793054682848121e-05,2.0782044790595127e-05,-0.1593290100682942,0.0233876697820279,0.1501069456196093,0.01093966195666362,0.05241241619218473,0.00022914322899493089
0.19615000000000002,9.773583118699329e-06,2.168732712482047e-05,-0.16626950796176726,0.012748151900862682,0.1634693348584494,0.0032503075377493763,0.05577864468635878,0.00023396334500775637
0.1962,1.3727884475051026e-06,2.2051554886876183e-05,-0.1690619208018814,0.0017905936337043252,0.16900621290833975,6.412451122124918e-05,0.057173484807126425,0.00023941406823192306
0.19625,-7.062254495412924e-06,2.1865641339576205e-05,-0.16763658360288786,-0.009211636291558994,0.16616849069407483,0.001697084863359335,0.05645861105359992,0.0002449548535516232
0.1963,-1.5321108594565643e-05,2.11342246446262e-05,-0.16202905560629463,-0.019984054682466272,0.15523758352349176,0.007987248831036043,0.05370491704599084,0.000250036224350757
0.19635,-2.3197732289714817e-05,1.9875552158583692e-05,-0.15237923320988075,-0.030257911676230778,0.13729750334650806,0.01831082438013166,0.0491854850842822,0.00025415426397853687
0.19640000000000002,-3.049561988704488e-05,1.812102519147119e-05,-0.13892785979147765,-0.0397768954988756,0.11412735785282314,0.0316440283105694,0.043348504699066356,0.000256900588736939
0.19645,-3.7032703975580324e-05,1.5914415610590394e-05,-0.12201051967040077,-0.04830352691996651,0.08802491737850987,0.04666461425815859,0.0367728259592063,0.0002580028471060885
0.1965,-4.264589764999516e-05,1.3310773826807855e-05,-0.10204926598774919,-0.055625083886624904,0.061578746326125915,0.06188299914788115,0.030110555249458937,0.00025735172882686394
0.19655,-4.719516316515588e-05,1.0375055386562251e-05,-0.07954209128268107,-0.06155890847344382,0.037411496642961076,0.07578998424883668,0.024022386208570237,0.00025501180479225034
0.1966,-5.0567005644495036e-05,7.180500481378304e-06,-0.05505050366892471,-0.0659569638821,0.017919820944581822,0.08700642169089287,0.01911207916203852,0.0002512151241335868
0.19665000000000002,-5.26773044769827e-05,3.8068067351818877e-06,-0.029185518286679465,-0.06870952757795078,0.005036697780137151,0.09441998359970358,0.01586658649527974,0.00024633820136064254
0.1967,-5.3473412031770215e-05,3.3814092781735896e-07,-0.002592413757485746,-0.06974792873792793,3.9739253741754584e-05,0.09729547126462144,0.01460776190787322,0.00024086467835350691
0.19675,-5.293546703009623e-05,-3.1389608063495915e-06,0.024065366198982894,-0.06904626134507008,0.0034244909413967285,0.09534772411463438,0.015460442317777455,0.00023533736114775077
0.1968,-5.107689011993205e-05,-6.5377518718676005e-06,0.05012276437166063,-0.06662203059462136,0.014855288917303823,0.0887698992110133,0.018340067898166022,0.00023030439085173333
0.19685,-4.7944048988767585e-05,-9.773439364154386e-06,0.07492970180780031,-0.06253571607584178,0.03319854734749524,0.07821431570236592,0.022961067781366636,0.00022626488416652285
0.19690000000000002,-4.3615101646807665e-05,-1.2765299483505404e-05,0.09786729606027879,-0.056889263024226165,0.05663517559061329,0.06472776494879173,0.028865180018619277,0.00022361943686219888
0.19695000000000001,-3.819804648106275e-05,-1.543869141784849e-05,0.11836330088210914,-0.04982353889294878,0.08284097632643424,0.04964770055634359,0.035466897074868935,0.0002226303962474756
0.197,-3.182802798673193e-05,-1.772691949959711e-05,0.13590638284384515,-0.04151481912102555,0.10921713503509807,0.03446960413302938,0.04211153041535002,0.00022339584518330196
0.19705,-2.4663965114797526e-05,-1.9572897096358555e-05,0.15005887774621096,-0.03217038928466248,0.13314794277342054,0.02069867893453453,0.04814013542108475,0.0002258398742567761
0.1971,-1.6884586632268847e-05,-2.0930570844820515e-05,0.16046770981739725,-0.022023373876476952,0.15226019483930664,0.009700579938061749,0.05295485877879008,0.00022972011076817186
0.19715000000000002,-8.683972154461545e-06,-2.176606954096582e-05,0.16687319981847656,-0.011326920206000138,0.16465853980750558,0.0025659824270618838,0.0560782269993737,0.00023465175353016172
0.19720000000000001,-2.66710286245403e-07,-2.2058549211272853e-05,0.16911554395389594,-0.0003478829901577638,0.1691134408636683,2.420451496822136e-06,0.057200497481368746,0.00024014573460233755
0.19725,8.157205456784612e-06,-2.1800713069817096e-05,0.1671388002029954,0.010639833199856275,0.16518310786183976,0.0022641210104152767,0.056210375218155924,0.0002456572186567599
0.1973,1.637761556930913e-05,-2.0998993616810233e-05,0.16099228439000957,0.021362107256888224,0.15325730981991956,0.00912679252909593,0.05320605014559182,0.00025063963520524825
0.19735,2.41894375746506e-05,-1.9673392102528543e-05,0.150829339450864,0.03155144031092221,0.1345187213552401,0.019909867713873743,0.04848545943544898,0.0002545988804851152
0.19740000000000002,3.139778246893502e-05,-1.785697959563331e-05,0.13690351022153707,0.040953629301204976,0.11082563786521826,0.0335439950588103,0.04251674148077856,0.0002571423186907435
0.19745000000000001,3.782281672247065e-05,-1.559507186596853e-05,0.11956221763933586,0.04933410876677469,0.08452768908193278,0.048677085756239094,0.035891810637107696,0.0002580177180806909
0.1975,4.3304248877613414e-05,-1.294409891627412e-05,0.099238091677533,0.056483802880068476,0.0582328279188797,0.06380839975588865,0.029267657642980185,0.00025713826627397657
0.19755,4.770532834194267e-05,-9.970197096826356e-06,0.07643817773768577,0.06222434131396622,0.034548700964719944,0.07743737303913925,0.023301195987586967,0.00025459117754187245
0.1976,5.0916257198552236e-05,-6.747559203365118e-06,0.05173128720985729,0.06641250938779558,0.015824049841563978,0.08821242806368074,0.018584116362329598,0.00025062904563406623
0.19765000000000002,5.285692928938806e-05,-3.356583469250256e-06,0.025733806588215655,0.06894382081162899,0.003915787695160599,0.09506500856212013,0.015584208887357405,0.00024564479263275305
0.19770000000000001,5.3478928832725054e-05,1.1813217347358026e-07,-0.0009056800136494139,0.06975512456499681,4.850211110127401e-06,0.09731554806156444,0.014598972721808913,0.0002401327043733611
0.19775,5.2766738184995995e-05,3.589900660263331e-06,-0.027522571740554815,0.06882618024227165,0.004479082867045797,0.09474086173483329,0.015726113170652964,0.00023463941134517193
0.1978,5.073812507016421e-05,6.972108448850414e-06,-0.0534528314577675,0.06618016313770007,0.01689477852073131,0.0875962798586519,0.018853852360502785,0.00022970968052106081
0.19785,4.7443699230553435e-05,1.0180376353810678e-05,-0.07804955205852085,0.061883085955640994,0.0360206795874132,0.07659032654786503,0.023672014135251267,0.00022583239038904
0.19790000000000002,4.29656498837564e-05,1.3134664637270376e-05,-0.10069909556699856,0.056042152026844434,0.05996008118921373,0.06281445607599886,0.02970278410742285,0.00022339204977125102
0.19795000000000001,3.741569521748165e-05,1.5761269831660054e-05,-0.12083640205626862,0.048803080723978015,0.08633892627876881,0.04763481376302229,0.036348094188261744,0.0002226306657923553
0.198,3.0932295281159226e-05,1.799466349580191e-05,-0.1379590868123913,0.04034647211189221,0.11254123957524047,0.03255675623751392,0.04294893270384493,0.00022362374449555415
0.19805,2.3677197678796526e-05,1.977912701493327e-05,-0.15163997379104166,0.030883301327787854,0.13596855236484198,0.019075566018058862,0.048850698205404434,0.0002262728028536311
0.1981,1.5831402293260914e-05,2.107014166162827e-05,-0.16153775274579998,0.020649655171995365,0.154297591148102,0.008528165174446298,0.053468115900493364,0.00023031513516765287
0.19815000000000002,7.5906457162535805e-06,2.1835499258155234e-05,-0.16740549431628585,0.009900842246971147,0.1657106754529906,0.0019605335439881735,0.05634327908615825,0.00023534986569894643
0.19820000000000002,-8.394819864245724e-07,2.2056105688875962e-05,-0.16909681028276244,-0.0010949764970303905,0.16907597607051889,2.3979470580978897e-05,0.057191059416196253,0.00024087770294060093
0.19825,-9.2486663273342e-06,2.1726457278584442e-05,-0.16656950579979338,-0.012063477810336015,0.16405975806131787,0.0029105499376093883,0.05592738301541621,0.000246350454478179
0.1983,-1.7427115308185313e-05,2.085477807770136e-05,-0.159886631924823,-0.022731019960708646,0.15115947692092324,0.010333985369082699,0.05267756794189006,0.0002512253905078767
0.19835,-2.5170793317804956e-05,1.9462814710333042e-05,-0.1492149127672347,-0.032831469536874436,0.13165444633549592,0.02155810783901428,0.04776389656011906,0.00025501906649071007
0.19840000000000002,-3.2286511372474465e-05,1.7585293813720724e-05,-0.13482058589642454,-0.04211284091538012,0.10747896920815558,0.035469827399282276,0.041673654872802716,0.0002573552654977046
0.19845000000000002,-3.859674684183385e-05,1.5269055714587236e-05,-0.11706276046044044,-0.05034358283131997,0.0810305141017673,0.050689526645879494,0.03501080877011884,0.0002580023082337456
0.1985,-4.3944072199191854e-05,1.2571885818383169e-05,-0.09638445793037165,-0.057318355039295804,0.05493195944895973,0.06570787648821534,0.028436108934295462,0.00025689602755912463
0.19855,-4.8195082613643305e-05,9.561073021731359e-06,-0.0733015598130113,-0.06286315123224277,0.03177148431233622,0.07903551565695652,0.022601564690584424,0.00025414613300448374
0.1986,-5.124372401600142e-05,6.311730953454646e-06,-0.04838993729959077,-0.06683964001968119,0.01384590001371858,0.08935074955921135,0.018085784497598355,0.00025002532976470726
0.19865000000000002,-5.30139390567855e-05,2.9049240768782385e-06,-0.022271084568572717,-0.06914861616082157,0.0029328767070026323,0.09563062233913269,0.015336595766590942,0.0002449422759077013
0.19870000000000002,-5.346156444633624e-05,-5.743547315696298e-07,0.004403386286055119,-0.06973247536511283,0.00011465279438620426,0.09725236241092136,0.01462663398320664,0.0002394010547117196
0.19875,-5.257543287907143e-05,-4.03930456011625e-06,0.030968001647529525,-0.06857665158370486,0.005670709962551526,0.09405514284865703,0.016026305679381337,0.0002339511862881477
0.1988,-5.037765149776294e-05,-7.40348197970132e-06,0.05676002852279265,-0.0657099802163978,0.019050057131808254,0.08635603000078781,0.01939680617593464,0.0002291331307426396
0.19885,-4.692305049334279e-05,-1.0582957628094503e-05,0.08113600850098991,-0.06120397890931277,0.03892587195604611,0.07491854068663205,0.024403884853940218,0.0002254246922164029
0.19890000000000002,-4.2297815081764424e-05,-1.349841006841676e-05,0.10348781053005147,-0.05517106315150803,0.06332708098396221,0.06087692418535373,0.030550992484410726,0.00022319363414596247
0.19895000000000002,-3.661733548899904e-05,-1.607710471916868e-05,0.12325780286062846,-0.04776174194819794,0.08983383005716312,0.04562367987852502,0.03722852391383785,0.00022266120973459777
0.199,-3.002332805941726e-05,-1.8254708397487048e-05,0.13995276438719026,-0.03916086268868403,0.11581745964488488,0.030671463330439304,0.043774272018798674,0.00022388021878494215
0.19905,-2.2680299850159408e-05,-1.997689434666203e-05,0.15315618999990654,-0.029582999811309216,0.13870118785842214,0.017503077556718424,0.04953909870408271,0.00022672977322574808
0.1991,-1.4771444420911762e-05,-2.120069752739638e-05,0.16253868104902228,-0.019267101422455007,0.1562156481010065,0.007424423944463354,0.053951309265981094,0.000230927284015346
0.19915000000000002,-6.49407158823786e-06,-2.1895586559226194e-05,0.16786616362443704,-0.008470528165627728,0.16662394125949492,0.001434996948093853,0.05657334732218662,0.00023605648664108645
0.19920000000000002,1.9453150826606282e-06,-2.204422536665969e-05,0.16900572781376963,0.002537367494509394,0.16889388264992453,0.0001287646760438576,0.05714518676913055,0.0002416087207075333
0.19925,1.0336170113023908e-05,-2.164290572551876e-05,0.16592894389392615,0.013481961010215367,0.16280036353337793,0.0036352654536193473,0.05561011866155029,0.00024703337449752714
0.1993,1.846915878044682e-05,-2.0701639732063795e-05,0.15871257127801996,0.024090207100386656,0.14894767471824405,0.011606761562790394,0.052120374797779694,0.00025179248792786064
0.19935,2.6141379617810327e-05,-1.9243910062132084e-05,0.1475366438025166,0.03409745166955322,0.12870957964686575,0.02325272420715035,0.047022031160093875,0.000255414102586346
0.19940000000000002,3.316142635308824e-05,-1.7306084087968298e-05,0.13267997800404324,0.04325403437013064,0.1040930788147063,0.03741822978584885,0.04082068759418413,0.0002575390647685917
0.19945000000000002,3.935416315796584e-05,-1.493650662417781e-05,0.11451321744074577,0.05133151715826834,0.07753937685478467,0.05269849307539195,0.03413132789857184,0.0002579566433962853
0.1995,4.4565093867139895e-05,-1.2194293787228605e-05,0.09348958568980015,0.058128383301643764,0.05168178947666761,0.06757817890525636,0.027617332100689423,0.0002566254272457724
0.19955,4.866421639661872e-05,-9.147858196530988e-06,0.07013357949192081,0.06347506486274236,0.02908459913879726,0.080581677186587,0.021924689522687203,0.00025367743236186734
0.1996,5.154926600006458e-05,-5.873202204988278e-06,0.0450278835538262,0.06723817304213102,0.011988756539452796,0.0904194382808711,0.01761793633680453,0.00024940500973130155
0.19965000000000002,5.3148266571968126e-05,-2.4520217989499636e-06,0.018798833775124847,0.06932382596318863,0.0020896468072339786,0.09611585692348933,0.015124170841132947,0.0002442318530835806
0.19970000000000002,5.342132631610055e-05,1.030331548624812e-06,-0.007899208559079267,0.0696799908481473,0.0003689591060497265,0.09710602249195782,0.014690698365513337,0.0002386709815195274
0.19975,5.236163294144823e-05,4.486980226071995e-06,-0.034400181750305285,0.0682977820994942,0.006997333070455302,0.09329174079419982,0.016360506128038046,0.000233273863488954
0.1998,4.9995623643824474e-05,7.831687900197363e-06,-0.06004294058687501,0.06521168301714263,0.0213174365712045,0.08505127203856577,0.01996800023442287,0.0002285757282332221
0.19985,4.638232552140157e-05,1.0981010937110969e-05,-0.08418775053358013,0.06049868546670948,0.041909152967042014,0.0732018188639969,0.025155427509408176,0.00022504248712332904
0.19990000000000002,4.1611882999857963e-05,1.3856380153177996e-05,-0.10623224785925776,0.05427636913679319,0.06673041329630738,0.05891848493346874,0.03140835371048186,0.00022302452979207186
0.19995000000000002,3.580330887709126e-05,1.6386060948396753e-05,-0.1256264672837265,0.046699968106107693,0.09331970706003032,0.04361774042222952,0.03810667962771284,0.00022272197579521118
0.2,2.910151524004676e-05,1.8506942952807497e-05,-0.14188656265101754,0.037958498147566064,0.11904018893700716,0.028816951632375524,0.044586136066698576,0.00022416482941534956
0.20005,2.1673698159621905e-05,2.0166114479965163e-05,-0.15460687768821949,0.028270041084308393,0.1413411731068019,0.01598390445816969,0.05020415892572557,0.00022721000348771417
0.2001,1.3705166525354883e-05,2.1322182592778378e-05,-0.16347006655060162,0.01787630417248627,0.15801108352614956,0.006391245017345001,0.054403612068717994,0.00023155550998771188
0.20015000000000002,5.394718944018684e-06,2.1946305741874034e-05,-0.16825501069118698,0.007036589933870834,0.16739677446262202,0.000990271957949047,0.05676803803907525,0.00023677040729515783
0.20020000000000002,-3.0503158713244474e-06,2.2022913336212426e-05,-0.16884233557668843,-0.003978672866996599,0.16856747226598928,0.00031659675565149867,0.05706295807932986,0.00024233753713729205
0.20025,-1.1419251525420433e-05,2.1550094164521777e-05,-0.1652173885928459,-0.014894675896133708,0.16140707943641458,0.00443702740101733,0.0552591250970315,0.0002477048102046946
0.2003,-1.9503300153471992e-05,2.0539644108960353e-05,-0.15747060482674832,-0.025439087148540013,0.1466256881698202,0.012942943099020273,0.0515354242338569,0.0002523399572084638
0.20035,-2.710078122027395e-05,1.901677182696103e-05,-0.14579525066811816,-0.03534884506503429,0.12568916069557987,0.024990816948635978,0.046261132777054216,0.00025578331299798586
0.20040000000000002,-3.4022153090803056e-05,1.701946988754009e-05,-0.13048260245621243,-0.04437672141642997,0.10067376076930856,0.039385868073428684,0.03995929929850625,0.0002576934021861077
0.20045000000000002,-4.0094741627192064e-05,1.4597566885199013e-05,-0.11191467945029387,-0.05229748907680018,0.07406025151996191,0.05470054727476068,0.03325487304413816,0.000257880801936463
0.2005,-4.516704817333843e-05,1.1811484376308705e-05,-0.09055471353493458,-0.05891354109204101,0.04848787980050922,0.06941610648007208,0.02681272825879894,0.0002563269283767882
0.20055,-4.911252898381695e-05,8.730729420110388e-06,-0.06693559221655486,-0.06405982041240213,0.026492643337139642,0.08207321182538425,0.021271728784569476,0.0002531858778028089
0.2006,-5.183275240591282e-05,5.432160580692145e-06,-0.04164656443406374,-0.06760793791958182,0.010255797423544781,0.0914166653947606,0.017181372467535334,0.00024876914688254804
0.20065000000000002,-5.325985437075916e-05,1.9980704123862498e-06,-0.015318539821240915,-0.06946937526587062,0.0013875409588469077,0.09651988199660712,0.014947297624000955,0.00024351473993627709
0.20070000000000002,-5.335823163592028e-05,-1.4858675345923346e-06,0.011391651116686972,-0.06959769343930265,0.0007673339681016888,0.09687677864142304,0.014791056226542086,0.00023794373392238192
0.20075,-5.212542985259627e-05,-4.932736118492771e-06,0.03781764358434386,-0.06798969111302845,0.008456682029356458,0.0924519619529004,0.01672814262547999,0.00023260860205532967
0.2008,-4.959220494297422e-05,-8.256542999246482e-06,0.06330016301147742,-0.06468548471159827,0.023693036811913232,0.08368423864748827,0.02056645707168247,0.00022803842666870356
0.20085,-4.582175567003236e-05,-1.1374365973160663e-05,0.08720347246838231,-0.05976750739729167,0.04496541753409751,0.07144309880970628,0.025925356042543764,0.0002246864291974413
0.20090000000000002,-4.0908147082315825e-05,-1.4208421722254123e-05,0.10893123321804155,-0.05335845272096618,0.07016425415613214,0.05694248953551167,0.03227340057113347,0.000222885025667928
0.20095000000000002,-3.4973963665575396e-05,-1.668800633092318e-05,0.12794138188012,-0.04561821348070862,0.09679059213438634,0.04162042802343012,0.03898105859830391,0.0002228128599797669
0.201,-2.8167251205683035e-05,-1.875125922713244e-05,0.14375965408505192,-0.03673989288312531,0.12220391249569497,0.026996394581270438,0.04538313547249814,0.00022447708896336602
0.20105,-2.065782328505319e-05,-2.034670645524689e-05,0.15599141616480003,-0.026944986899521725,0.14388399047016895,0.014520646380307946,0.05084474079124586,0.00022771267182983336
0.2011,-1.2633024815068219e-05,-2.1434544864810956e-05,0.16433151063588985,-0.016477858461304513,0.159680824900504,0.005430396389415695,0.054824250234159516,0.00023219873772103712
0.20115000000000002,-4.293058146356087e-06,-2.1987635104620395e-05,0.16857186913861644,-0.005599641067355743,0.16802785255602584,0.0006271196016643394,0.0569270180700233,0.00023749040595359667
0.20120000000000002,4.15401156556758e-06,-2.199217870251912e-05,0.168606703386348,0.005418275948200167,0.16809730339013743,0.0005871542850168885,0.05694451399637641,0.0002430629047771178
0.20125,1.2497447162740137e-05,-2.144806230445767e-05,0.16443514433202064,0.016301018031785436,0.15988228999901544,0.005314463777451879,0.0548750029496027,0.0002483636125958144
0.2013,2.052909694768395e-05,-2.036886050514363e-05,0.1561612638676442,0.026777082969020344,0.14419749065929974,0.014340243446595987,0.050923717182469394,0.00025286686119765933
0.20135,2.8048587644074467e-05,-1.8781497188822517e-05,0.14399147843742938,0.03658511431165909,0.12259835813399317,0.026769411783943254,0.04548250349278486,0.0002561260659646571
0.20140000000000002,3.4868323292332716e-05,-1.672557382849347e-05,0.12822939934174224,0.045480421680660216,0.09722686627223558,0.04136937512501336,0.039090963979840014,0.00025781801330390273
0.20145000000000002,4.0818165411086413e-05,-1.4252381523459139e-05,0.10926825832848336,0.05324108531354929,0.07059909172314745,0.056692263307292684,0.03238294405237425,0.00025777491388357114
0.2015,4.5749677559824225e-05,-1.142362137000445e-05,0.08758109715643303,0.059673492466143674,0.045355695943387446,0.07121851406213812,0.02602367426756984,0.0002560010416642226
0.20155,4.9539828591252266e-05,-8.309865169937477e-06,0.06370896628120251,0.06461716772520595,0.024000052358520124,0.08350756729654796,0.02064379986372099,0.0002526723107700616
0.2016,5.209406194699474e-05,-4.988794783361823e-06,0.038247426656436156,0.0679487764514905,0.00864998816557996,0.0923407244250926,0.016776839955442813,0.0002481188293704247
0.20165,5.3348654737044615e-05,-1.5432641452925867e-06,0.011831691758092861,0.06958520183129963,0.0008277606286374495,0.09684200627805409,0.014806278801425158,0.00024279216386137334
0.20170000000000002,5.3272307409921094e-05,1.9407677856877133e-06,-0.014879219706866405,0.06948561836182685,0.0013090956680124992,0.09656502318250895,0.014927535835546747,0.000237220556490165
0.20175,5.1866924694992074e-05,5.376381519421984e-06,-0.041218925003288415,0.0676525104747303,0.010046259558633046,0.09153724347066985,0.017128586077453906,0.00023195654061045252
0.2018,4.916756800715167e-05,8.6778655012069e-06,-0.06653030219197578,0.06413161044725808,0.026172792650173294,0.08225726917117725,0.02119115259518782,0.00022752214556891447
0.20185,4.524158080542948e-05,1.1762854442816627e-05,-0.09018188408207756,0.059010757578448994,0.048089435708267916,0.0696453901996495,0.02671235296313397,0.00022435712800129853
0.2019,4.0186908440261666e-05,1.4554384157920064e-05,-0.11158361188719053,0.05241770666455291,0.07362272749103116,0.05495231943942229,0.033144652799495675,0.00022277536068151754
0.20195000000000002,3.412965470247621e-05,1.6982811683404877e-05,-0.13020155625354127,0.04451694092356825,0.1002405458219228,0.039635160583849305,0.03985016458926554,0.00022293370691469448
0.202,2.7220935692173984e-05,1.8987552695119224e-05,-0.14557123733596622,0.035505568297402444,0.12530321649672285,0.02521290760243019,0.04616390641941294,0.0002248164632398021
0.20205,1.9633109874194073e-05,2.0518593008225176e-05,-0.1573092130711241,0.02560840419149124,0.14632528861374838,0.013115807304695724,0.051459748129817004,0.0002282369181299113
0.2021,1.155547801089113e-05,2.153773627483216e-05,-0.1651226447786089,0.015072362626568185,0.1612220149503149,0.004543522302935388,0.05521250398280563,0.00023285586662831877
0.20215,3.1895605450866644e-06,2.2019556965460752e-05,-0.1688166034040452,0.004160296370886713,0.16851609562401323,0.000346161317872263,0.05705001536743821,0.00023821525054937672
0.20220000000000002,-5.255929948003431e-06,2.1952034620671455e-05,-0.16829893209408622,-0.006855560797701676,0.16748418062640938,0.0009399742770196807,0.056790057229572644,0.0002437835824588943
0.20225,-1.3570295715257303e-05,2.1336853800791285e-05,-0.16358254580241455,-0.01770038570841512,0.15822860449684506,0.006266073084533325,0.05445840954507811,0.0002490086543213751
0.2023,-2.1546110280975527e-05,2.0189361997925616e-05,-0.15478510864899658,-0.028103622101354708,0.14166723743926904,0.015796271504315056,0.05028630044461061,0.0002533722983915436
0.20235,-2.898439335677542e-05,1.853818680478459e-05,-0.14212609882635707,-0.03780573045908889,0.11944246101759927,0.028585465110905626,0.04468747570183468,0.0002564417748140282
0.2024,-3.569957492883218e-05,1.6424521659047967e-05,-0.12592133272002445,-0.04656466294891635,0.09375829378008967,0.043365356710923654,0.03821716757461275,0.00025791268498009034
0.20245000000000002,-4.152412495258573e-05,1.3901098213127014e-05,-0.10657508628775376,-0.05416190210800281,0.06716182027235226,0.058670232799137585,0.03151703295435496,0.00025763916001745446
0.2025,-4.63127327478606e-05,1.103087071725176e-05,-0.08457000882719826,-0.0604079122779152,0.04229059780405549,0.07298231731552596,0.025251520383393677,0.000255648324789298
0.20255,-4.994593235251198e-05,7.885445504049785e-06,-0.060455082182390346,-0.0651468682838902,0.021611091597783925,0.08488228894397078,0.02004197726495476,0.00025213760966800536
0.2026,-5.23330828192473e-05,4.543294508381361e-06,-0.03483192455383478,-0.06826054280681741,0.007174076680179691,0.09319003408562704,0.016405031049092134,0.00024745517002368734
0.20265,-5.3414629636720136e-05,1.0877975843729525e-06,-0.00833978146339946,-0.06967125604806858,0.0004112637328604507,0.09708167838631064,0.014701355667661118,0.00024206536098807382
0.20270000000000002,-5.316359039939473e-05,-2.394837671144528e-06,0.018360422158641213,-0.06934381356525549,0.0019933171247201397,0.09617128959545822,0.01509990364300578,0.00023650268673318858
0.20275,-5.15862280393932e-05,-5.817726612013156e-06,0.04460257070882008,-0.06728638440153398,0.01176334550874746,0.0905491505166199,0.01756115120516357,0.00023131879468480464
0.2028,-4.8721894517673424e-05,-9.095475141514048e-06,0.06973197609882978,-0.06355029719970211,0.0287524606433247,0.08077280548340932,0.02184101780380693,0.0002270277683999835
0.20285,-4.4642049122061505e-05,-1.2146310121182103e-05,0.09312171094410457,-0.058228759728689065,0.05127586150906277,0.06781176919082803,0.027515071476938935,0.00022405514664316253
0.2029,-3.944847566676443e-05,-1.489411944100903e-05,0.11418824906201282,-0.051454533483713774,0.07709991506230839,0.05295138032053244,0.03402061949577641,0.00022269572259152372
0.20295000000000002,-3.327074321571721e-05,-1.727035086382311e-05,0.13240602330125092,-0.04339662159154945,0.10366366438578216,0.037665335311202724,0.040712510309583214,0.0002230843095727417
0.203,-2.626297359334509e-05,-1.9215722264346345e-05,0.14732053737092998,-0.03425605252064054,0.1283327973587521,0.023469542685937664,0.046927112865409806,0.0002251823716719291
0.20305,-1.8599996353115222e-05,-2.0681700591482798e-05,0.1585597045422088,-0.024260864815187775,0.14866088986833587,0.011771791231616324,0.052048128493767554,0.00022878184517101808
0.2031,-1.0472987147816501e-05,-2.1631712680962906e-05,0.16584313055889532,-0.013660418027385305,0.162632016407657,0.0037321404136582683,0.05556770896919834,0.00023352577240258075
0.20315,-2.0846982776428947e-06,-2.2042057663765425e-05,0.16898910875785653,-0.0027191716735125043,0.16886066814951955,0.00014787789180065587,0.057136819441319424,0.00023894370064866686
0.20320000000000002,6.355599563028507e-06,-2.1902498275452547e-05,0.167919153443368,0.00828991246531587,0.1667291532330839,0.0013744529736519884,0.05659985213232253,0.000244498337120744
0.20325000000000001,1.4637338157624516e-05,-2.1216516232388012e-05,0.16265995777841966,0.01909218019898162,0.15644885275954676,0.007290226895007717,0.054010057763205686,0.00024963883151745634
0.2033,2.2553905029397947e-05,-2.0001225393871397e-05,0.15334272800929055,0.029418136986674236,0.13903925840530754,0.017308535675334615,0.04962426481796271,0.00025385540403249815
0.20335,2.990779797184195e-05,-1.8286944778194298e-05,0.1401999099581844,0.03901017126214584,0.11622686983561442,0.03043586923803899,0.043877409890271876,0.00025672989933504386
0.2034,3.651555237521126e-05,-1.6116442199766346e-05,0.12355939018090284,0.04762898135266314,0.09027397888618859,0.04537039729384667,0.03733940539783018,0.00025797725557486926
0.20345000000000002,4.221231822280817e-05,-1.3543867259597183e-05,0.10383631564728184,0.05505954550469083,0.06375431916544097,0.060631071023662414,0.030658621547953256,0.00025747377285523384
0.20350000000000001,4.685597285693234e-05,-1.0633400465403754e-05,0.08152273688174513,0.06111648633173093,0.03929783049606339,0.07470449803073308,0.02449758796199046,0.0002552693815872685
0.20355,5.033066653494407e-05,-7.45765201675436e-06,0.0571753321193057,0.06564869547896594,0.019329849130016397,0.08619502436180007,0.01946729086017583,0.00025158268969137875
0.2036,5.2549712773935314e-05,-4.095850367556221e-06,0.0314015194641514,0.06854310361750977,0.005830588597347237,0.09396314107041363,0.016066582009877,0.0002467793046786738
0.20365,5.3457750859356306e-05,-6.318656043854406e-07,0.004844302957215017,0.06972750112093347,0.00013876299438738725,0.09723848825139556,0.0146327077799919,0.00024133557520219156
0.20370000000000002,5.303212713040978e-05,2.847882915117362e-06,-0.021833769035804494,0.06917233973716658,0.0028188274766228144,0.0956962516942799,0.015307864694759693,0.00023579135319580242
0.20375000000000001,5.128345999603778e-05,6.256582565665035e-06,-0.0479671330143438,0.06689146956156275,0.013605001548535445,0.08948937400210952,0.018025097799547928,0.00023069645573469213
0.2038,4.8255375165759114e-05,9.509193245402224e-06,-0.07290381490039348,0.06294179369888604,0.0314276263837515,0.07923338788066261,0.022514940636161062,0.0002265561412389385
0.20385,4.402341714467905e-05,1.2524568948584452e-05,-0.09602169527784526,0.05742184845078031,0.05451924223716103,0.06594537359008763,0.028332137966575886,0.00022378100203184043
0.2039,3.869316469180961e-05,1.5227482210880088e-05,-0.11674403029757097,0.05046934525582019,0.0805898665623995,0.050943096211023595,0.03489980165189388,0.0002226462475366013
0.20395000000000002,3.239759669743048e-05,1.755050084980309e-05,-0.1345538398552878,0.04225773482520327,0.10705409008594417,0.03571432305114395,0.04156662009727646,0.00022326441030145897
0.20400000000000001,2.529377476475231e-05,1.9435670300672473e-05,-0.14900680564810198,0.03299188013443726,0.1312874706770778,0.02176928309610152,0.0476714487233177,0.00022557418782967443
0.20405,1.7558924743817403e-05,2.0835959419765567e-05,-0.15974235555776548,0.022902945322130226,0.15088679748074887,0.010490898088569737,0.0526088750315726,0.00022934652047575983
0.2041,9.386015372194123e-06,2.1716433860806856e-05,-0.16649265960418444,0.012242628753294404,0.16390841632305667,0.0029976391758198178,0.05588925728052263,0.00023420730837565894
0.20415,9.789440636309755e-07,2.2055127572740557e-05,-0.16908931139415245,0.001276883566256659,0.16906098048956542,3.260863283552648e-05,0.05718728175042263,0.00023967450970669032
0.20420000000000002,-7.4525499038145785e-06,2.1843590847333096e-05,-0.16746752982887225,-0.009720717259037644,0.1658335131439822,0.0018898468806030464,0.05637422412605889,0.00024520594536271305
0.20425000000000001,-1.5698117951249605e-05,2.1087101086087092e-05,-0.16166777499243143,-0.02047580601842856,0.1545460803579966,0.008385172642086304,0.053530714838319816,0.0002502530658011698
0.2043,-2.3552049983100687e-05,1.9804531173081386e-05,-0.15183473898757788,-0.030720065189369438,0.1363180505626635,0.018874448104782157,0.04893874314256912,0.0002543153510784736
0.20435,-3.081840640812153e-05,1.8027878604223347e-05,-0.13821373596047223,-0.04019792139754108,0.11295708721636669,0.03231745769365782,0.04305369227035095,0.00025698994648754226
0.2044,-3.731590646667309e-05,1.5801467243086686e-05,-0.1211445821863473,-0.048672921473658044,0.08677988399051985,0.04738106569561765,0.03645917944055196,0.00025801161404662956
0.20445000000000002,-4.2882450779988316e-05,1.3180841507382933e-05,-0.10105311820913603,-0.05593363144811,0.060382419438160376,0.06257142253945999,0.02980917878049824,0.0002572790354636402
0.20450000000000002,-4.7379165422119865e-05,1.0231380663508425e-05,-0.07844058507246589,-0.06179891141736781,0.0363825153265511,0.07638210904743348,0.023763167130136535,0.00025486486014639946
0.20455,-5.069386654230957e-05,7.026667744576176e-06,-0.053871119355602654,-0.06612243461848145,0.017160228697490582,0.08744352719750709,0.01892072408087724,0.0002510085005718889
0.2046,-5.2743859099027614e-05,3.646653798260908e-06,-0.027957679103359282,-0.06879633795460834,0.004621822939906641,0.09465872231929366,0.015762071989586877,0.00024609238966136736
0.20465,-5.347799997265223e-05,1.7566327948002899e-07,-0.0013467517881039122,-0.06975391300856862,1.0724725705994617e-05,0.09731216760013917,0.014600452620778397,0.00024060405549454868
0.20470000000000002,-5.287797383250755e-05,-3.299709680182211e-06,0.025297774231887192,-0.06897127021787608,0.003784214079995085,0.0951407223093456,0.01555106310857691,0.0002350877729736736
0.20475000000000002,-5.0958750119754e-05,-6.6927616146038926e-06,0.051311172398464285,-0.06646793494205887,0.015568076180014068,0.0883597275092354,0.018519631952195154,0.0002300905888617738
0.2048,-4.776820953977676e-05,-9.918842799202639e-06,0.0760444614766762,-0.06230636027295215,0.03419371202219108,0.0776416506092582,0.023211767833944116,0.00022610807100192118
0.20485,-4.3385949583254624e-05,-1.2897469091418e-05,0.09888059638731413,-0.05659036902816519,0.05781402775261847,0.06404939733487836,0.029162154284053592,0.00022353516358143558
0.2049,-3.792129868140333e-05,-1.555432983729522e-05,0.11924986209919236,-0.049462563502729165,0.08408660987246062,0.04893090376523031,0.03578069478613734,0.00022262702020997785
0.20495000000000002,-3.151058874159923e-05,-1.782314178716544e-05,0.13664408704887984,-0.041100767932064304,0.11040602117963522,0.033785462492108106,0.04241103242465992,0.00022347370116115355
0.20500000000000002,-2.431375388796e-05,-1.964730270362443e-05,0.1506293207368184,-0.03171359203390778,0.13416218035459362,0.020115038393862777,0.04839564029035003,0.00022599124135524708
0.20505,-1.6510340476724535e-05,-2.0981303501578227e-05,0.1608566601858755,-0.021535226717584552,0.15299920246903267,0.00927531979555535,0.053141028221641746,0.0002299299779458538
0.2051,-8.29502774993641e-06,-2.1791863573008433e-05,0.16707095406408776,-0.010819601419088703,0.1650490305298612,0.002341275497358925,0.05617659870837288,0.00023489930842727374
0.20515,1.272289983571495e-07,-2.2058761107951327e-05,0.16911716849462882,0.00016595085884220893,0.16911668991668377,5.507937510093351e-07,0.057201315978344006,0.0002404064272944587
0.20520000000000002,8.546311640105048e-06,-2.1775337546796037e-05,0.16694425452520031,0.011147363002884107,0.1647987930540625,0.0024852740383613874,0.05611355934370394,0.0002459051964404213
0.20525000000000002,1.675218124481941e-05,-2.0948663739663346e-05,0.16060642199779407,0.02185067118112036,0.1525235434225457,0.009549036621308876,0.05302120106706336,0.00025085030622438775
0.2053,2.4540118095094564e-05,-1.9599363501415186e-05,0.1502617868393658,0.0320088496840322,0.13350827058543513,0.020491329161899365,0.048230908542602924,0.00025475135266546096
0.20535,3.171582906842046e-05,-1.7761099130967464e-05,0.1361684266567503,0.0413684726912177,0.10963870854745794,0.034227010656080484,0.042217732434761644,0.00025722147140849587
0.2054,3.8100294787697654e-05,-1.547973156055102e-05,0.11867794196216506,0.0496960366774545,0.08328198833678706,0.04939392122893806,0.035577996001090746,0.0002580157018232998
0.20545000000000002,4.353423589674547e-05,-1.2812176275234584e-05,0.09822668476077803,0.0567837859482835,0.05705189119020475,0.06448796693240956,0.02897015823804796,0.00025705528099068337
0.20550000000000002,4.788208660551902e-05,-9.824983320450052e-06,0.07532487211989393,0.06245489557103759,0.03354964108642441,0.0780122796157842,0.023049514662124376,0.0002544354528159708
0.20555,5.10353769533201e-05,-6.592677080448473e-06,0.0505438575994014,0.06656788298101343,0.015105943023830578,0.08862566089147796,0.018403212215778827,0.0002504160246466666
0.2056,5.291543873483458e-05,-3.195896991791741e-06,0.024501876930347354,0.06902013747968244,0.003549848188087797,0.09527558755428531,0.015492022079362571,0.0002453956005039935
0.20565,5.347536828405894e-05,2.8061420477048846e-07,-0.0021513755878146586,0.06975048037123703,2.7368030521890147e-05,0.09730259024036644,0.014604645369894654,0.00023987205340500923
0.20570000000000002,5.2701196464473246e-05,3.750124650580267e-06,-0.028750955663625545,0.06874069104134146,0.004887824932933601,0.09450565209682324,0.01582908271766701,0.0002343931500917606
0.20575000000000002,5.0612237316033655e-05,7.126077136495451e-06,-0.054633258063714066,0.066015961719499,0.017649210112859325,0.08716214403500716,0.01904390737856383,0.0002295022306272342
0.2058,4.726060607827911e-05,1.0324248533387889e-05,-0.07915257209781125,0.06164426879946056,0.037045984142300696,0.07600031751640293,0.023930306966858855,0.0002256843244733465
0.20585,4.272991914182271e-05,1.3264850992645086e-05,-0.10169719095820323,0.05573467714613758,0.06115457983710015,0.06212708473168381,0.030003700007331078,0.0002233180515262072
0.2059,3.7133207880183673e-05,1.5874522476790196e-05,-0.12170467233212823,0.04843461897786186,0.08758416124367983,0.04691824631061312,0.03666179148153337,0.00022263807349814032
0.20595000000000002,3.0610098837405796e-05,1.8088157010974514e-05,-0.138675870428544,0.03992621588084514,0.11371372162278542,0.031882054291277016,0.0432443022219202,0.00022371182361878708
0.20600000000000002,2.3323330268560032e-05,1.9850528924892787e-05,-0.15218738843286905,0.03042173513888498,0.13695200708696822,0.01850963937720938,0.04909844830261534,0.0002264328185605616
0.20605,1.5454692188621784e-05,2.111767063720898e-05,-0.1619021415584613,0.02015829416587805,0.15499448991177428,0.008127136473561461,0.053643677353466306,0.00023053121885335844
0.2061,7.200491065007777e-06,2.1857969545656536e-05,-0.16757776652073128,0.009391944874471215,0.1660519071782147,0.0017641725705021226,0.05642924154972877,0.00023560058840546919
0.20615,-1.2333476220524016e-06,2.2052956703013036e-05,-0.16907266805770693,-0.001608714282684891,0.16902770101625678,5.1759232866287265e-05,0.05717889805323305,0.0002411382006882069
0.20620000000000002,-9.636416802007822e-06,2.1697767577711267e-05,-0.16634955142759114,-0.01256923930006173,0.16362676362091028,0.003159715531644326,0.05581830385006823,0.0002465948938008788
0.20625000000000002,-1.7799077040449487e-05,2.080126341350207e-05,-0.15947635283258674,-0.023216187437658853,0.15038470292379713,0.010779827182810175,0.05248238830298892,0.000251429530538608
0.2063,-2.5517686618295616e-05,1.9385810162241694e-05,-0.14862454456758323,-0.03328393906022788,0.13061472667171442,0.022156411987299257,0.047501972293937954,0.00025516266272640345
0.20635,-3.2599681965310595e-05,1.7486720490625913e-05,-0.13406485708553942,-0.0425213242973231,0.10627741230582721,0.036161260399962404,0.04137096087072658,0.0002574240776372435
0.2064,-3.886838175647635e-05,1.5151372818247107e-05,-0.11616052492225494,-0.0506978892418143,0.07978627767821637,0.0514055194715054,0.034697363021153435,0.00025798951217677557
0.20645000000000002,-4.416739470181138e-05,1.243802929806702e-05,-0.09535822460556705,-0.0576096452597081,0.05376843373570474,0.06637742453898816,0.028142995680699768,0.0002568028923161784
0.20650000000000002,-4.836452125982558e-05,9.414382323212397e-06,-0.072176931123309,-0.06308415816198587,0.030804055498565918,0.07959222022012896,0.02235785180577713,0.000253981894708041
0.20655,-5.1355051661953834e-05,6.155865711678534e-06,-0.04719497044085045,-0.06698484999238737,0.013170507474637855,0.08973940257005276,0.01791564085533341,0.00024980627588288434
0.2066,-5.3064378298135106e-05,2.7437728101240557e-06,-0.021035591521967878,-0.0692144064757156,0.0026164987411336008,0.09581268127571163,0.015256894412714918,0.00024469012983037767
0.20665,-5.344985693325193e-05,-7.367716268920516e-07,0.0056485824884617425,-0.06971720469618817,0.0001886644280529315,0.09720977261300404,0.014645278860208518,0.0002391408216841682
0.20670000000000002,-5.250187068385554e-05,-4.198935114391545e-06,0.03219183589824791,-0.0684807008945407,0.006127771503727619,0.09379212790015094,0.01614144778202209,0.00023370867342065594
0.20675000000000002,-5.024406985266905e-05,-7.556343736023833e-06,0.05793196865831734,-0.06553574328874612,0.019844842044869245,0.08589867296816864,0.01959702693048182,0.00022893238795208408
0.2068,-4.6732781984003564e-05,-1.0725236997456084e-05,0.08222681700124061,-0.06095580259343277,0.03997956186589568,0.07431219739619091,0.02466932847773966,0.0002252856270204672
0.20685,-4.2055606522159275e-05,-1.3626557471024451e-05,0.10447027395286129,-0.0548551389444618,0.06453518205535624,0.06018172537232419,0.030855335085420404,0.0002231300375910638
0.2069,-3.632922948590261e-05,-1.6187923138222757e-05,0.12410741074099235,-0.047385951510129656,0.09107653558058514,0.04490856801040718,0.037541584003227844,0.00022267938863008318
0.20695000000000002,-2.9696512270736313e-05,-1.834543313920746e-05,0.14064832074028505,-0.03873458122531931,0.11697153120822529,0.03000735565401718,0.044065003602226774,0.00022397837034289557
0.20700000000000002,-2.2322927664218077e-05,-2.004526201470366e-05,0.15368034212166895,-0.029116862178061337,0.13965217683839884,0.016955833261924375,0.04977867009855509,0.0002268981638347085
0.20705,-1.4392431544076583e-05,-2.1245002486480427e-05,0.16287835240163323,-0.018772736799976656,0.1568692454427719,0.007048312939223956,0.05411596230302483,0.00023114921444208637
0.2071,-6.10287361917675e-06,-2.19147234929348e-05,0.16801288011586216,-0.007960269945528859,0.1669153300954257,0.0012673179521138006,0.05664675346247121,0.0002363099482110449
0.20715,2.3389385523182784e-06,-2.2037716845480866e-05,0.16895582915162718,0.0030507894121372704,0.1687941660976523,0.00018614632074417744,0.057120066356739295,0.0002418685777362916
0.20720000000000002,1.0722398981735488e-05,-2.16109141259693e-05,0.16568367496345981,0.01398573779520384,0.16231943044245,0.003912017233523864,0.05548896288382338,0.00024727385715364505
0.20725000000000002,1.8838357424342542e-05,-2.0644963177430873e-05,0.15827805102629602,0.024571770549355977,0.14813321894178627,0.012075438158603954,0.051915198597156126,0.00025198974764232944
0.2073,2.6484337286124278e-05,-1.9163962518589174e-05,0.1469237126341371,0.03454478775830801,0.1276423703174064,0.02386684722533093,0.04675318175219663,0.0002555485772621879
0.20735,3.346958694605813e-05,-1.7204860080483105e-05,0.13190392728370587,0.043655982970936515,0.1028789504688778,0.03811689698317398,0.04051482661320643,0.00025759741855217863
0.2074,3.961983870492393e-05,-1.481653148918193e-05,0.11359340807212875,0.05167805048038718,0.07629873393628088,0.05341241802906891,0.03381878741924267,0.00025793308947024015
0.20745000000000002,4.478165629731137e-05,-1.2058560656411632e-05,0.09244896502508204,0.058410856037434206,0.05053766583787359,0.06823656206051727,0.02732910657749528,0.0002565223013496291
0.20750000000000002,4.8826262927568806e-05,-8.999753337325245e-06,0.0689981089047871,0.06368642990316309,0.02815045688545481,0.08111922707621011,0.021689362126305237,0.00025350496151718444
0.20755,5.165275389366543e-05,-5.716420529559406e-06,0.043825890713201934,0.0673731572513267,0.01135723403215168,0.09078284636023991,0.017458844347647027,0.00024918029769849964
0.2076,5.3190614023565504e-05,-2.290474691519107e-06,0.017560305951651603,0.06937906176965385,0.0018233717793543361,0.09626908424074888,0.015057091326343553,0.00024397718449296196
0.20765,5.340147683669216e-05,1.1926138180104585e-06,-0.009143372620935564,0.06965410022255113,0.0004943379025323825,0.09703387355626394,0.01472228355921014,0.00023841161165272836
0.20770000000000002,5.228008174070828e-05,4.645949045630883e-06,-0.03561894270009411,0.06819141096810644,0.007501931946540563,0.09300137059642374,0.016487623747608735,0.0002330355139597287
0.20775000000000002,4.985440525245808e-05,7.983377321978608e-06,-0.06120589281752006,0.06502748511470301,0.022151214737201476,0.08457147640685843,0.02017804409220827,0.00022838203597926943
0.2078,4.6184963055082645e-05,1.112163662004411e-05,-0.085265880769158,0.0602412561627765,0.04298942511290946,0.07258017888138515,0.025427567678888312,0.00022491266054363633
0.20785,4.13633002447337e-05,1.3982433772192811e-05,-0.10719865893554308,0.05395213075929272,0.06795004943122909,0.058216648269356394,0.03171560219556124,0.00022297144366046807
0.2079,3.550970747059556e-05,1.649439772467663e-05,-0.12645704923514298,0.046317009749883994,0.09455775656388779,0.04290530784341698,0.0384185667790313,0.00022275089469494386
0.20795000000000002,2.877021993520336e-05,1.859486010311506e-05,-0.14256059413601843,0.03752637383618594,0.12017387512310143,0.028164574665863615,0.04487173220070869,0.00022427288542524817
0.20800000000000002,2.131297409964044e-05,2.0231418652195383e-05,-0.15510754300852078,0.027799531440978423,0.1422580689613681,0.015456278966758958,0.05043514164129409,0.00022738648078634178
0.20805,1.3324013039145758e-05,2.1363244579847e-05,-0.16378487511811582,0.017379147451034464,0.15862026099279572,0.006040695322495955,0.05455707493328798,0.00023178290739403769
0.2081,5.002645033366232e-06,2.1962101131871558e-05,-0.1683761086809556,0.006525189180975236,0.16763782175957923,0.0008515618769503255,0.05682876223062449,0.00023702617395336012
0.20815,-3.4435287618240214e-06,2.20130480656013e-05,-0.16876670183543613,-0.004491559246054362,0.1684164848626459,0.0004034820892163286,0.057024921610204456,0.00024259630879580659
0.2082,-1.1803793536866119e-05,2.1514814352319554e-05,-0.16494691003227024,-0.015396252432681048,0.1608790306729642,0.004740891779416742,0.05512610002530022,0.0002479409246359319
0.20825000000000002,-1.9869577746300832e-05,2.0479829913859716e-05,-0.15701202933122077,-0.02591684053062034,0.1457729443423445,0.013433652461792102,0.05132060257868508,0.00025252999906297106
0.2083,-2.743965651807379e-05,1.893391549267414e-05,-0.14516001876993279,-0.03579085632221768,0.1245962879396044,0.025619707925552584,0.045985818287407366,0.00025590843596680265
0.20835,-3.432517184408462e-05,1.69156385089065e-05,-0.12968656188503586,-0.044771963268117415,0.09944913865451534,0.0400905738976331,0.039650794751767436,0.00025774119785979216
0.2084,-4.0354344140801224e-05,1.4475350845545358e-05,-0.11097768980636527,-0.05263610104954914,0.0728253251438334,0.05541118267396696,0.0329437726706107,0.00025784653050447325
0.20845,-4.5376757886519493e-05,1.1673932713008372e-05,-0.08950015078038799,-0.05918707550028504,0.04736511610815077,0.07006219812552883,0.026529883698253695,0.0002562139884308268
0.20850000000000002,-4.926711407234711e-05,8.581273768760413e-06,-0.06578976555164914,-0.06426145313621218,0.025593386181635543,0.08259068718355188,0.0210451895802147,0.000253005469597542
0.20855,-5.1928356283554886e-05,5.2745295538443775e-06,-0.040438059892498816,-0.06773263862961038,0.009669225631664356,0.09175420671458775,0.01703360438292681,0.0002485391613651441
0.2086,-5.329409191777337e-05,1.8361965832467402e-06,-0.01407750712887116,-0.06951403293602472,0.0011718245276660102,0.09664401550061459,0.014892954739019026,0.0002432579846635413
0.20865,-5.333024869495239e-05,-1.6479457443411597e-06,0.012634250726619826,-0.06956119395136877,0.0009438653754182304,0.09677519407879885,0.014835527694666015,0.00023768567116877243
0.2087,-5.2035924540985774e-05,-5.090975187993839e-06,0.03903080978512121,-0.06787294505467838,0.009007954754434248,0.09213473340790779,0.016867018236150798,0.00023237482376107602
0.20875000000000002,-4.9443410236649834e-05,-8.406995186704775e-06,0.06445362978390506,-0.06449140466046276,0.02456438144876663,0.08318282550159115,0.02078596460988006,0.0002278521165078441
0.2088,-4.561738368977768e-05,-1.1513277802685681e-05,0.08826846315974113,-0.05950093524878004,0.046070423318967914,0.07080722590959031,0.026203727063603702,0.00022456606340695462
0.20885,-4.065329649729651e-05,-1.4332327628094796e-05,0.10988117849685532,-0.053026038914901416,0.07139333829183644,0.05623521606009278,0.03258302918472948,0.00022284254091107814
0.2089,-3.4674992472644304e-05,-1.679381511135733e-05,0.12875258252717767,-0.045228251053554,0.09802186702057436,0.04091189386726617,0.039291239094925316,0.0002228524693731445
0.20895,-2.783161813212268e-05,-1.8836331171911923e-05,0.1444118723283505,-0.036302110613443,0.12331527331350443,0.02635686469981302,0.04566310744373157,0.00022459486455344064
0.20900000000000002,-2.029390168745462e-05,-2.0408919189560992e-05,0.15646838045995515,-0.026470306552903056,0.14476522416497528,0.014013542580093248,0.051066739554536535,0.00022789693379127561
0.20905,-1.2249893797263697e-05,-2.1472346311540304e-05,0.1646213217273495,-0.015978122351147556,0.1602445400479971,0.005106007877364822,0.05496626031612375,0.00023243121297991643
0.2091,-3.900276044955903e-06,-2.2000082191098274e-05,0.16866729680213222,-0.005087316585476044,0.16821814581341832,0.0005176158008171927,0.056974956391199705,0.00023774803998852202
0.20915,4.546645639202813e-06,-2.197896090300718e-05,0.16850536692330606,0.005930407348620188,0.16789530350760365,0.0007033946264113666,0.05689362655787772,0.00024332014823866087
0.2092,1.288013778752516e-05,-2.14095093726398e-05,0.16413957185650196,0.016800179717701275,0.15930802916807038,0.005644920770941226,0.054730336214112725,0.0002485949547217593
0.20925000000000002,2.0892296776072893e-05,-2.0305934261144426e-05,0.15567882933031657,0.02725082187569152,0.14330791802367976,0.01485214585801335,0.050699617682017674,0.0002530493599825515
0.2093,2.8383235575849944e-05,-1.869576751017469e-05,0.14333421757256168,0.03702161161580817,0.12148169209230944,0.02741199453263485,0.04520119503417213,0.0002562416230176189
0.20935,3.516607055205861e-05,-1.6619179500383386e-05,0.12741370949297512,0.04586878767169943,0.09599384599108152,0.04207891364942892,0.03878034378093485,0.0002578551690016317
0.2094,4.107158380516615e-05,-1.4127976864001259e-05,0.10831448927620924,0.05357163104563551,0.0693719951187513,0.05739839305779397,0.032073816133001185,0.00025772998343001906
0.20945,4.595244482246132e-05,-1.128431002377677e-05,0.08651304350169708,0.05993797150441621,0.04425621350367307,0.07185120856128419,0.025746694676045692,0.00025587848085002133
0.20950000000000002,4.968688608787675e-05,-8.159122669414327e-06,0.06255327377888859,0.06480898185134376,0.02313721913759314,0.0840040825721561,0.020426436506736596,0.00025248427383206556
0.20955000000000001,5.218174089647716e-05,-4.830381847017187e-06,0.03703292747746432,0.06806314029871957,0.008109370850574721,0.09265182134646369,0.016640648637071816,0.00024788396385688467
0.2096,5.337476772589603e-05,-1.381132852423687e-06,0.010588685180051648,0.06961926225151636,0.0006629719356483048,0.09693683352890822,0.014764765537020724,0.00024253376123034212
0.20965,5.323620297417332e-05,2.1025725900261342e-06,-0.01611972320732642,0.06943852561965828,0.0015364775992372927,0.0964341768046388,0.014984817473257453,0.0002369642424019365
0.2097,5.176950356490019e-05,5.533823135409464e-06,-0.0424259773922214,0.06752543943543969,0.010643262775257399,0.09119369941898467,0.017278982028218263,0.00023172773357335702
0.20975000000000002,4.901126064247985e-05,8.827016081859183e-06,-0.0676737899772982,0.06392773127610808,0.02708021267845661,0.08173509652220576,0.021419748178113797,0.00022734353626148446
0.20980000000000001,4.503028675562731e-05,1.1899992985277834e-05,-0.09123327957473963,0.05873515664408803,0.04921728421244364,0.06899637252011116,0.02699647848194188,0.00022424642900362906
0.20985,3.992589906394942e-05,1.4676089336335452e-05,-0.11251668492560866,0.052077259653556196,0.07485915637433314,0.05424081946047824,0.03345613169236912,0.0002227435499898905
0.2099,3.3825441645133275e-05,1.7086047200285088e-05,-0.13099302855038208,0.04412014128419192,0.10146293911399683,0.038931737338741126,0.0401581076584136,0.00022298393911257587
0.20995,2.6881108453243015e-05,1.9069743036648e-05,-0.1462013632897647,0.03506231537897353,0.12639035015375244,0.024587319194692075,0.04643777513477533,0.00022494375688862365
0.21000000000000002,1.9266146446895993e-05,2.0577687690988064e-05,-0.15776227230574946,0.0251297562435809,0.14716935218502822,0.012630092977235868,0.05167238307273227,0.00022842864953740284
0.21005000000000001,1.1170533386091549e-05,2.157226100875419e-05,-0.1653873344054041,0.01457026094348516,0.16173930313830084,0.004245850079224981,0.05534281827533367,0.00023309302194319983
0.2101,2.7962383052339394e-06,2.2028650427419155e-05,-0.1688863199451899,0.0036472673630331045,0.16865530923848582,0.00026605118434892914,0.05708508580691044,0.0002384743111827673
0.21015,-5.64781721512111e-06,2.193546994858851e-05,-0.1681719362737874,-0.007366718101586171,0.1672315139409977,0.0010853707117647474,0.056726405906914336,0.00024403885754137637
0.2102,-1.3950971221415258e-05,2.1295044248354907e-05,-0.1632620058994859,-0.018196918976860432,0.15760911431782068,0.006622557205008466,0.054302348721398795,0.0002492348283456018
0.21025000000000002,-2.1906076949677353e-05,2.0123350629408216e-05,-0.15427902148850517,-0.028573143842242212,0.14074235826871162,0.01632849098058928,0.050053306589989674,0.0002535469418334168
0.21030000000000001,-2.931467075353105e-05,1.844962046836961e-05,-0.1414470902449619,-0.03823652706291068,0.11830391259954164,0.029240640036654022,0.0444006546830309,0.0002565475683676234
0.21035,-3.599192330510246e-05,1.6315609903850967e-05,-0.1250863425958061,-0.046945986917792115,0.0925189853231154,0.04407851375371017,0.03790496327104727,0.00025793913714992537
0.2104,-4.1771250814364595e-05,1.377455816595792e-05,-0.1056049459243163,-0.054484240188372,0.0659446533040828,0.05937064857808421,0.03121040649406817,0.0002575836475762339
0.21045,-4.6508470804991465e-05,1.0889859292959382e-05,-0.08348892124317912,-0.06066322278762025,0.041216278088553944,0.07360053197960897,0.02498087973764088,0.0002555163528354049
0.21050000000000002,-5.0085399345969236e-05,7.7334806518611e-06,-0.059290018314545063,-0.06532878175364448,0.02078615882248325,0.08535699450830625,0.019834161719724117,0.00025194226584772595
0.21055000000000001,-5.241279932531213e-05,4.384167439930092e-06,-0.03361195036587025,-0.06836452085833718,0.006680338964690669,0.09347415424380037,0.016280649551365507,0.0002472158264104604
0.2106,-5.3432606898578084e-05,9.254781965779166e-07,-0.007095332823067716,-0.0696947046505982,0.0002976847698565238,0.09714703712668228,0.014672743064742547,0.0002418057532199039
0.21065,-5.311937991405836e-05,-2.55629984131131e-06,0.019598298793192505,-0.06928614771453756,0.0022711604759157273,0.09601140530241437,0.015169897426536658,0.00023624855990337528
0.2107,-5.148093277494954e-05,-5.974303412628723e-06,0.04580299284720213,-0.0671490427523921,0.012405057605533364,0.09017987885125164,0.017722810135209443,0.00023109535046757614
0.21075000000000002,-4.8558141369471656e-05,-9.243260300421865e-06,0.070864995646898,-0.06333670613603004,0.029694403253286938,0.0802307668832365,0.02207831024855522,0.0002268571655687057
0.21080000000000002,-4.442392340360688e-05,-1.2281616701005109e-05,0.09415906138941726,-0.05794424792208632,0.05242462271719827,0.0671507173451241,0.027804465285240713,0.00022395430384858437
0.21085,-3.918141916308473e-05,-1.5013571816777915e-05,0.11510405060568761,-0.05110619891189215,0.07834157285069387,0.05223687134443773,0.03433341563333905,0.00022267464027734166
0.2109,-3.296141844860313e-05,-1.7370968945071565e-05,0.13317742859063006,-0.04299315450394363,0.10487508426549398,0.036968226683999364,0.04101768897462464,0.00022314507854788045
0.21095,-2.5919097580133576e-05,-1.9294995832527322e-05,0.14792830139219648,-0.03380751858873172,0.12939384347967872,0.02285896626254881,0.04719440964494336,0.00022531896543297647
0.21100000000000002,-1.8230148101334537e-05,-2.073765193555511e-05,0.15898866484662869,-0.023778454051939252,0.1494663389013414,0.011308297542003725,0.052251035730727806,0.00022898071785494372
0.21105000000000002,-1.0086393615658642e-05,-2.1662945926380363e-05,0.1660825854405085,-0.013156165592854737,0.16310199240389076,0.0034616938621322966,0.05568610445252745,0.00023376720185707287
0.2111,-1.6910041849747659e-06,-2.2047793607245848e-05,0.1690330843244096,-0.002205657639561824,0.16894856387035947,9.729851245914874e-05,0.05715896196931482,0.0002392037444994598
0.21115,6.746572350798452e-06,-2.1882593814556986e-05,0.16776655257746936,0.008799876972092363,0.16642625209267334,0.0015487566944792292,0.05652354583162947,0.00024475120691607
0.2112,1.5015835668667262e-05,-2.1171467944932157e-05,0.16231458757448022,0.019585872604744876,0.1557851933076635,0.007672128113785917,0.05384286989601511,0.00024985945034360936
0.21125000000000002,2.291048452028268e-05,-1.993215714048631e-05,0.15281320473545365,0.029883240671402363,0.13808065536454112,0.017860161460499128,0.04938277530211422,0.0002540218931950445
0.21130000000000002,3.023356351560973e-05,-1.8195579673365486e-05,0.13949944415398033,0.03943508284094729,0.11506838734447182,0.031102515173447504,0.04358556711455608,0.00025682574825180846
0.21135,3.6802376783138256e-05,-1.600505961490281e-05,0.12270545703076619,0.04800310014572476,0.0890305029964062,0.046085952472009604,0.03702615124105985,0.00025799295892420227
0.2114,4.2453045814579495e-05,-1.341524596429052e-05,0.10285021904722601,0.0553735380151767,0.06254916468796828,0.06132457424636438,0.0303550212530794,0.00025740777338274063
0.21145,4.704459796622123e-05,-1.0490749296936864e-05,0.08042907792226929,0.061362519082882025,0.03825051191985057,0.07530717496394121,0.024233749395444114,0.0002551282243799507
0.21150000000000002,5.0462483355351965e-05,-7.304529832313767e-06,0.05600139536619373,0.06582063046168918,0.018544228454167512,0.0866471078874849,0.019269378749044226,0.0002513803732851912
0.21155000000000002,5.262143273732431e-05,-3.9360772514058415e-06,0.030176592238584855,0.0686366513959153,0.005384575382157481,0.09421979829688801,0.01595422318280084,0.00024653589261019066
0.2116,5.34675847057852e-05,-4.694275711427321e-07,0.003598944696953127,0.06974032787739194,7.658812158044275e-05,0.09727426664892264,0.01461704480320185,0.00024107520657554117
0.21165,5.2979829518856215e-05,3.008933368673489e-06,-0.023068489181281123,0.06910412546149095,0.003146656793802044,0.09550760311594962,0.01539045085360621,0.0002355398485654899
0.2117,5.1170335651103957e-05,6.4122275588865365e-06,-0.04916041129987122,0.06674391606889732,0.01429032440702409,0.0890950066442402,0.01819774307498104,0.00023047875672869031
0.21175000000000002,4.808424630485521e-05,9.655549753296314e-06,-0.07402588146298304,0.06271858214185845,0.03240247969940866,0.07867241091770091,0.02276052389039837,0.00022639383691105546
0.21180000000000002,4.379855308641194e-05,1.2657985674905356e-05,-0.09704455684897098,0.057128547506214204,0.05568695035459465,0.06527341880339546,0.02862630484853564,0.00022369018803734751
0.21185,3.842017533367877e-05,1.534463068018753e-05,-0.1176421685633888,0.050113272180787885,0.0818346285204116,0.05022680097331458,0.03521337979459076,0.00022263592983113418
0.2119,3.208329256701468e-05,1.7648458446090153e-05,-0.13530484809291637,0.04184777291580216,0.10825246353409912,0.0350247219602509,0.04186851212893199,0.00022333561207699552
0.21195,2.4945997111086914e-05,1.9511993183095035e-05,-0.14959194774684548,0.032538257108495304,0.13232061360237884,0.021174763513170904,0.04793171618836553,0.00022571984808395054
0.21200000000000002,1.718634990845471e-05,2.088874348613884e-05,-0.16014703339932818,0.02241697814468355,0.15165225366351842,0.010050418182784399,0.05280170734062872,0.00022955219411759973
0.21205000000000002,8.997938338418575e-06,2.1744362258881344e-05,-0.1667067773224736,0.011736441318313758,0.16433027592159236,0.0027548810963644475,0.055995531374944264,0.00023445259892054902
0.2121,5.850465617760161e-07,2.2057503543272802e-05,-0.16910752716852936,0.0007631042149555088,0.1690974079041778,1.1646560857657268e-05,0.057196458474238446,0.00023993509177211387
0.21215,-7.842440935583527e-06,2.1820355117558038e-05,-0.16728938923343128,-0.010229270778485192,0.16548089590823784,0.002092759613191421,0.05628539344216767,0.0002454559772288464
0.2122,-1.6074275525322666e-05,2.103883333749207e-05,-0.16129772225412378,-0.02096644633321121,0.15383938730849037,0.008791837436868514,0.053352686024267196,0.0002504677518943946
0.21225000000000002,-2.390508973801565e-05,1.9732435589959064e-05,-0.15128200618271134,-0.031180551825940706,0.13532736406714868,0.019444536243403487,0.04868917122584235,0.0002544734011505757
0.21230000000000002,-3.113952071605436e-05,1.7933753820439337e-05,-0.13749211262266278,-0.04061676614869854,0.11178065308021738,0.032994433847561275,0.04275732714402017,0.0002570756867115353
0.21235,-3.759708418905635e-05,1.5687661484721725e-05,-0.12027207137216653,-0.04903967502464207,0.08553436854845198,0.04809779453045007,0.03614541148387055,0.00025801654172289627
0.2124,-4.3116677097844717e-05,1.3050193992226787e-05,-0.10005148726486005,-0.05623914403755709,0.05919133974471446,0.06325682644154186,0.02950912417405218,0.0002572026618164157
0.21245,-4.756059687538323e-05,1.008715078354841e-05,-0.07733482265962169,-0.0620355611390814,0.035363990094590465,0.07696821691681413,0.023506582129112392,0.0002547147591967767
0.21250000000000002,-5.0817976778515634e-05,6.8724537389458744e-06,-0.052688811983324695,-0.06628431753548221,0.016415264499258248,0.08787221502289269,0.01873305406986218,0.00025079955766805134
0.21255000000000002,-5.280755182791405e-05,3.4863029931206854e-06,-0.026728322930714785,-0.06887941542711801,0.004224297457959826,0.09488747739163003,0.015661928102121653,0.0002458453256163774
0.2126,-5.347968618437425e-05,1.3176099505337262e-08,-0.00010101674475650191,-0.0697561124149563,6.033895658094264e-08,0.09731830438496042,0.014597766066509506,0.00024034337145396027
0.21265,-5.2817611464765735e-05,-3.460279511055291e-06,0.02652880960185803,-0.06889253669477972,0.004161468369647748,0.09492363224483143,0.015646100314507982,0.00023483932087346856
0.2127,-5.083784508584836e-05,-6.84740820658415e-06,0.05249679626803508,-0.06631023272347628,0.016295837048504177,0.08794093927683168,0.018702968128339915,0.00022987900751371358
0.21275000000000002,-4.7589778177464525e-05,-1.006370803567971e-05,0.07715509495621253,-0.06207362371343467,0.035199807834195115,0.07706269521834158,0.023465221638155582,0.00022595434284568847
0.21280000000000002,-4.315444338754615e-05,-1.3028938879516763e-05,0.09988853142751786,-0.05628840442430413,0.05899868454583278,0.0633676894526804,0.029460590839394507,0.00022345453371306866
0.21285,-3.764249326290817e-05,-1.5669124275194948e-05,0.12012995278978045,-0.04909890426135414,0.08533234590397816,0.04821404799331239,0.03609451831354662,0.0002226274846895526
0.2129,-3.119143972475342e-05,-1.7918396986839933e-05,0.13737437691280185,-0.040684486605524706,0.11158929749932615,0.033104549007102385,0.04270912121542645,0.00022355521389639673
0.21295,-2.3962223390390267e-05,-1.972064224297847e-05,0.15119159053870831,-0.0312550739939319,0.13516565211862297,0.01953759300732317,0.04864843305034734,0.00022614571879246026
0.21300000000000002,-1.6135198466596707e-05,-2.1030897708017115e-05,0.1612368824352297,-0.021045911052316457,0.15372335594018113,0.00885860744044032,0.053323455630930224,0.00023014210062818598
0.21305000000000002,-7.90563325537597e-06,-2.181647517317377e-05,0.16725964299862667,-0.010311695557431558,0.16542205182120304,0.0021266213053830747,0.05627056954786355,0.00023514804028735054
0.2131,5.211613792956356e-07,-2.2057776091321917e-05,0.1691096167002551,0.0006797757033390837,0.169101586706355,9.241900137002918e-06,0.05719751120603494,0.00024066710170671645
0.21315,8.93495409838897e-06,-2.174878048883491e-05,0.16674065041334024,0.011654287947663988,0.16439706312848482,0.002716448551341322,0.05601235628322868,0.0002461519624974747
0.2132,1.7125837942922443e-05,-2.0897197183225236e-05,0.16021184506499236,0.022338049482976775,0.15177502610315227,0.00997976909407838,0.05283263596236999,0.00025105869224346786
0.21325000000000002,2.4889467062403417e-05,-1.95242714338462e-05,0.1496860809864448,0.03246452224940326,0.13248719592588434,0.021078904097639982,0.04797368129680703,0.00025490069315989755
0.21330000000000002,3.203215475977098e-05,-1.7664254945090042e-05,0.1354259545633777,0.041781071418605466,0.10844633594325227,0.03491315857773221,0.041917352125463915,0.00025729695634410185
0.21335,3.8375705526203226e-05,-1.5363551323218305e-05,0.11778722680316492,0.0500552680739267,0.08203656471889754,0.050110597239053305,0.03526425118181842,0.00025800984545283064
0.2134,4.376186073945644e-05,-1.267955844294938e-05,0.0972099480440629,0.05708068791674124,0.05587692450847981,0.06516409866096819,0.028674162796604043,0.0002569686640053453
0.21345,4.805624678126772e-05,-9.679236439615418e-06,0.0742074793630493,0.06268206101731061,0.032561652135572196,0.078580815467557,0.02280062230696833,0.00025427666502867135
0.21350000000000002,5.115172751858804e-05,-6.4374372376161934e-06,0.04935368546872693,0.0667196445879048,0.014402910113035218,0.08903021947872669,0.01822610546050106,0.0002502008129306303
0.21355000000000002,5.297107698106016e-05,-3.0350371047814807e-06,0.023268617795196053,0.06909270910528725,0.0032014906983712683,0.09547604903015688,0.01540426450272136,0.00024514530729461835
0.2136,5.346890615146666e-05,4.4308100986505874e-07,-0.003396954428625684,0.06974205150287524,6.823237903315749e-05,0.09727907495659405,0.014614939842269428,0.0002396115001493805
0.21365,5.263279516874164e-05,3.910145158351838e-06,-0.029977779556925523,0.06865147196009115,0.005313858625080294,0.09426049204574363,0.015936408341188788,0.0002341481756991397
0.2137,5.048360333211829e-05,7.279659161813415e-06,-0.05581072025939482,0.06584817826267002,0.018418163627157848,0.08671965161024738,0.019237620733281953,0.0002292971290919516
0.21375000000000002,4.707494855806733e-05,1.0467560517527808e-05,-0.08025129730810865,0.06140210681631376,0.0380816007865928,0.07540437442964008,0.024191197603714906,0.00022553943556428727
0.21380000000000002,4.249186986625185e-05,1.3394317594736023e-05,-0.10268976824169108,0.05542417809152291,0.0623541580946952,0.06143679034241696,0.030305895554427,0.00022324774384271907
0.21385,3.684870568742035e-05,1.598691376720853e-05,-0.1225663388886714,0.048063529159608556,0.08882873959675332,0.04620205670553084,0.03697532336297491,0.00022264931934084625
0.2139,3.0286241483459742e-05,1.818066905917296e-05,-0.1393851294647316,0.03950379324542574,0.11487987595414505,0.03121099361554688,0.043538077674132016,0.00022380350783501757
0.21395,2.2968197329172297e-05,1.9920853740715688e-05,-0.15272654535257024,0.02995851825944148,0.13792409050050067,0.01795025632602577,0.049343333759565254,0.00022659584878912715
0.21400000000000002,1.5077143509146445e-05,2.1164053763636283e-05,-0.16225774552760813,0.01966583936656135,0.15567610146733385,0.007734904759827884,0.05381538768137825,0.00023074942756154634
0.21405000000000002,6.809945713563654e-06,2.1879253814621625e-05,-0.16774094591640115,0.008882537892471464,0.16637545181215996,0.001577989588223828,0.05651074831209161,0.00023585233587621577
0.2141,-1.627146335989354e-06,2.2048611119112657e-05,-0.1690393519143759,-0.0021223647791756292,0.16896109301484097,9.008864511770434e-05,0.0571621182880321,0.0002413985213399799
0.21415,-1.002364440232347e-05,2.1667900550897655e-05,-0.16612057089031257,-0.01307431878023792,0.16317660843783705,0.00341875623134564,0.05570490158054857,0.00024683797170721737
0.2142,-1.817007299101883e-05,2.0746620068371707e-05,-0.15905742051997285,-0.0237000951993782,0.14959564221638896,0.011233890249191792,0.05228360958231373,0.00025163125986422214
0.21425000000000002,-2.5863195322152596e-05,1.9307753734939443e-05,-0.14802611196259047,-0.03373460258884039,0.1295650111261586,0.022760468236539932,0.04723752988100372,0.0002553030380012387
0.21430000000000002,-3.291108369214491e-05,1.7387198334245398e-05,-0.13330185388664886,-0.04292750046285447,0.10507114164612225,0.036855405919767416,0.04106707938720008,0.00025748917802355576
0.21435,-3.913790766203462e-05,1.5032867804243568e-05,-0.11525198648497767,-0.05104944477153485,0.07854307707476933,0.052120916229639734,0.03438417821191291,0.00025797288162200075
0.2144,-4.438832067058309e-05,1.2303497886988239e-05,-0.09432681712021967,-0.05789780956684733,0.05261159070194397,0.06704312705277836,0.027851565913979488,0.00025670618012570563
0.21445,-4.85313356348709e-05,9.267180797874298e-06,-0.07104838609705663,-0.06330174212954864,0.02984829350594838,0.08014221113271748,0.022117078003900482,0.0002538146917273316
0.21450000000000002,-5.146359276804859e-05,5.99966645044604e-06,-0.04599744277078825,-0.06712642534821676,0.012510608904651983,0.09011913960059437,0.017749400422993035,0.0002495851635660394
0.21455000000000002,-5.311193825372226e-05,2.582472665557452e-06,-0.019798957080487723,-0.06927644120040119,0.0023179053649520394,0.09598450610785286,0.01518167331912792,0.00024443703574030543
0.2146,-5.343524921658735e-05,-8.991485450966312e-07,0.006893472196094392,-0.06969815115285176,0.0002809875833347266,0.09715664548251542,0.014668536740213966,0.00023888084503900277
0.21465,-5.2425459725108046e-05,-4.358337833499917e-06,0.033413923411515334,-0.06838103442664645,0.006601855554943929,0.09351931738516414,0.016260878163275844,0.00023346759593615037
0.2147,-5.010776195143509e-05,-7.708795483415392e-06,0.05910076538938757,-0.06535795037436287,0.020653672342956838,0.08543323354275359,0.019800785970635903,0.00022873411716670082
0.21475,-4.6539977743381236e-05,-1.0866934412992132e-05,0.08331316385466084,-0.060704318801645375,0.04104292716363446,0.07370028642343593,0.02493720950646252,0.00022514982532875817
0.21480000000000002,-4.181111601859327e-05,-1.3753965494226696e-05,0.10544706880250126,-0.05453623828950597,0.0657476290194302,0.05948402573539554,0.031160772498388202,0.00022307017241645236
0.21485,-3.603915225130117e-05,-1.629786319719024e-05,0.12495028452746405,-0.047007589900559574,0.0923178265137376,0.044194270165183805,0.037854287731766016,0.00022270139669206806
0.2149,-2.936808514510596e-05,-1.8435162455181383e-05,0.14133624549811682,-0.03830619801966538,0.1181185679958637,0.029347296134436318,0.04435396300317334,0.00022408006917403085
0.21495,-2.196434423168053e-05,-2.0112542022842648e-05,0.15419615551762256,-0.02864914465817757,0.14059120847461665,0.016415469792903686,0.05001522922176524,0.00022706946798001042
0.215,-1.4012637731429935e-05,-2.1288154688726336e-05,0.16320918595224718,-0.018277353567061706,0.15750714869396634,0.006681233068307666,0.05427666171863654,0.00023137313579300195
0.21505000000000002,-5.7113445068259886e-06,-2.1932671329446744e-05,0.16815048019530277,-0.007449579799671247,0.1671888444507074,0.001109924783833398,0.056715656697396824,0.00023656428060457368
0.2151,2.7324351112649658e-06,-2.203001255451677e-05,0.1688967629203216,0.0035640457928217233,0.16867616729355034,0.0002540484482666045,0.05709034031716664,0.0002421280991773023
0.21515,1.1108046051081455e-05,-2.1577749913947275e-05,0.16542941600370836,0.014488755711245128,0.1618216203547586,0.004198480841202766,0.055363555484836416,0.00024751283104905544
0.2152,1.920653389631502e-05,-2.0587166423928533e-05,0.15783494258164418,0.025052000729656552,0.14730496511926466,0.01255205481117425,0.05170654642117797,0.00025218447508891176
0.21525,2.6825857909488887e-05,-1.908297513484605e-05,0.14630280935666554,0.034990249440298854,0.12656581022769367,0.024486351117886683,0.04648197671898864,0.00025567974725420434
0.21530000000000002,3.377593147439355e-05,-1.710270253476073e-05,0.13112071943435563,0.04405556279103654,0.10166084596578066,0.038817852256699266,0.0402079639684709,0.0002576520229930014
0.21535,3.98833644720158e-05,-1.4695752406373604e-05,0.11266743510260557,0.05202177974164944,0.07505988377103386,0.05412531134977376,0.03350669856766574,0.00025790571332993565
0.2154,4.499578886600892e-05,-1.1922173225701787e-05,0.09140332806052756,0.05869015938865654,0.04940092607976408,0.0688906961813182,0.02704274118827858,0.0002564156594300491
0.21545,4.898566013581417e-05,-8.851160149718897e-06,0.06785889446596831,0.06389433930525712,0.027228557385274337,0.08164973190510649,0.021457118902052826,0.0002533296295257573
0.2155,5.175343909758418e-05,-5.5593286798389605e-06,0.0426215198702173,0.06750448577839027,0.010741599043598265,0.0911371120040979,0.01730375471270934,0.0002489536631255956
0.21555000000000002,5.323007534156902e-05,-2.1288033024604854e-06,0.01632082530210439,0.06943053305406681,0.0015750534796515983,0.09641197840343728,0.014994535437599212,0.00024372172264153759
0.2156,5.337872978119404e-05,1.3548313759896658e-06,-0.010387040561094033,0.06962443014984089,0.0006379618778673147,0.09695122547380147,0.014758465044305846,0.00023815265645602194
0.21565,5.219569381193767e-05,4.8046657750384536e-06,-0.03683577095886394,0.0680813397567174,0.008023255088136075,0.09270137646139179,0.016618954513476537,0.00023279874592595066
0.2157,4.971048175050784e-05,8.134633564055223e-06,-0.06236552400359883,0.06483975880715952,0.022998537719101868,0.08408388644341241,0.020391500134998783,0.00022819093519947274
0.21575,4.598509458318293e-05,1.1261658840696673e-05,-0.08633938446073694,0.059980558155980246,0.04407871939372069,0.07195334713405857,0.02570198068822667,0.00022478617842701927
0.21580000000000002,4.1112473107486187e-05,1.4107728701222224e-05,-0.10815925338769247,0.05362496492653045,0.06917329029782701,0.05751273726743242,0.03202375877688099,0.00022292212329831017
0.21585000000000001,3.521417929983764e-05,1.6601839511371365e-05,-0.12728076959960835,0.0459315382227459,0.09579363591967437,0.04219412407015135,0.038729907230259875,0.00022278362723816145
0.2159,2.843736355154819e-05,1.8681768291877315e-05,-0.1432268902484364,0.03709221333441017,0.12129983148921535,0.027516645800907916,0.04515538105061148,0.00022438442473756332
0.21595,2.0951093593229507e-05,2.0295625063273843e-05,-0.15559979215998276,0.02732751338911562,0.14316244189225677,0.01493585976064587,0.050662969604556546,0.0002275657656304194
0.216,1.2942136589111025e-05,2.1403147392121343e-05,-0.16409079667880339,0.016881047732598194,0.15921336431599434,0.005699395451005172,0.054706488427019556,0.00023201215814311677
0.21605000000000002,4.610299678194691e-06,2.197670485353619e-05,-0.1684880705468853,0.006013434369886597,0.16786083776483282,0.0007232278584186683,0.0568849440119872,0.00023728265597847841
0.21610000000000001,-3.836554805328688e-06,2.2001988361743338e-05,-0.16868191077313036,-0.005004201912239659,0.1682472971646575,0.0005008407355692611,0.05698230015448401,0.0002428545868800666
0.21615,-1.2187695071849415e-05,2.1478367141638766e-05,-0.16466748141685925,-0.015896993565277687,0.16033441753157643,0.0050542880882896045,0.05498890208558681,0.0002481753855190556
0.2162,-2.0234777210634267e-05,2.0418904478121306e-05,-0.1565449343253771,-0.026393187658782933,0.14490691472666536,0.013932007095834635,0.05110243399024846,0.00025271739135209105
0.21625,-2.7777042933028394e-05,1.885003179918001e-05,-0.14451691045267095,-0.03623092555909115,0.1234947255314627,0.02625359933736809,0.04570831471417584,0.000256030176116401
0.21630000000000002,-3.4626328104350624e-05,1.6810889283309043e-05,-0.1288834844894734,-0.045164775781691674,0.09822128477373165,0.04079713942820966,0.03934147606252811,0.00025778521293438395
0.21635000000000001,-4.061175701547513e-05,1.4352349368726168e-05,-0.1100346784818421,-0.052971856972564395,0.07159294537620682,0.05612035262243638,0.03263331383057019,0.0002578084555917295
0.2164,-4.558400544605132e-05,1.1535747619359492e-05,-0.08844073172794346,-0.05945739840391533,0.04625042485918968,0.07070364449923827,0.026249072732033873,0.00025609759935934845
0.21645,-4.941902591782462e-05,8.431352495998725e-06,-0.06464036912153745,-0.06445959902109613,0.024706926760922163,0.08310079811920995,0.02082187435821872,0.0002528223086581907
0.2165,-5.2021142517114885e-05,5.116612329867934e-06,-0.039227361173602614,-0.06785366415168745,0.009098907720456328,0.0920823947761999,0.016889930945718515,0.00024830739245744314
0.21655000000000002,-5.332543771886006e-05,1.6742231220783834e-06,-0.012835710587871516,-0.06955491876367381,0.0009742062351296882,0.09675773448442526,0.014843171105254984,0.00024300059224544507
0.21660000000000001,-5.329937204327899e-05,-1.8099345361862614e-06,0.013876164799047117,-0.06952092005812378,0.001138544397148281,0.09666316651456076,0.014884570876244741,0.00023742818064653807
0.21665,-5.194359575177291e-05,-5.248938020107336e-06,0.04024185816885329,-0.06775251619982427,0.009575624881673326,0.09180806902814899,0.017010024651986557,0.00023214277037903646
0.2167,-4.929193272053893e-05,-8.55699120881115e-06,0.06560359928867598,-0.064293825292204,0.02544874715294513,0.08267391941408901,0.02100875239137169,0.00022766851283445827
0.21675,-4.541053650483026e-05,-1.1651564920088762e-05,0.08932866439606779,-0.05923113457373246,0.047183782550548455,0.0701665460578321,0.026484202474245433,0.0002244491173455875
0.21680000000000002,-4.039624005641539e-05,-1.4455455859061204e-05,0.11082516160222661,-0.05269074790585381,0.07262527983831184,0.05552629829756476,0.032893377632954,0.000222803849916968
0.21685000000000001,-3.4374139809482046e-05,-1.68987126569971e-05,0.1295567970430998,-0.044835834536219255,0.09925021992443957,0.040205041171184626,0.0396006834958116,0.00022289587040056022
0.2169,-2.7494474909386076e-05,-1.8920381053769432e-05,0.14505625475617684,-0.03586235858436748,0.12441822251565794,0.02572217526467512,0.045940960377479016,0.00022471605358631585
0.21695,-1.9928878938961045e-05,-2.0470024532543825e-05,0.156936854755316,-0.025994189923468972,0.14563339079608886,0.013513958195547519,0.051285446490314426,0.00022808389253327606
0.217,-1.1866098097605085e-05,-2.15089826646037e-05,0.1649022004339365,-0.0154775192650039,0.16079182852944204,0.004791072051971337,0.055104132223704035,0.00023266540089591264
0.21705000000000002,-3.507282313518324e-06,-2.2011335549159388e-05,0.16875357254743265,-0.0045747160650303036,0.16839028183232072,0.0004185605415129269,0.05701832057627016,0.0002380062327339025
0.21710000000000002,4.9390330111511844e-06,-2.196455052076232e-05,0.1683948873256533,0.006442216963971326,0.16767521645286473,0.0008300431882175987,0.05683818263307158,0.00024357674104472717
0.21715,1.3262129533930577e-05,-2.1369794756912145e-05,0.16383509313692965,0.017298429822658515,0.15871754493039422,0.005984713486588829,0.05458158250936115,0.00024882450136512224
0.2172,2.1254362984678793e-05,-2.024190621328338e-05,0.15518794762930732,0.027723082147562084,0.1424055946103568,0.01537138567520951,0.05047230603007469,0.0002532290965072055
0.21725,2.8716343427574167e-05,-1.8609023395325076e-05,0.14266917936315635,0.03745610011987658,0.12035701238923556,0.028059188723804366,0.044917867788883604,0.00025635372496139806
0.21730000000000002,3.546190969349275e-05,-1.6511883412139182e-05,0.12659110614978844,0.046254664812774265,0.09475834387684547,0.04278988033884196,0.0384690983632803,0.00025788851938837455
0.21735000000000002,4.132277364507338e-05,-1.4002805616982927e-05,0.1073548430543058,0.05389926996830966,0.06814819462990042,0.05810262606233456,0.031765518563779446,0.0002576812748184766
0.2174,4.615271869541329e-05,-1.1144386388442169e-05,0.08544029563094584,0.06019919829529992,0.04316547825748478,0.0724788695079368,0.025471918661197364,0.00025575254373661957
0.21745,4.983124756167405e-05,-8.007937452748522e-06,0.061394187121751355,0.06499727942613485,0.022287716731938773,0.08449292665598107,0.020212431423078398,0.00025229359725123166
0.2175,5.226658845346386e-05,-4.671706813124044e-06,0.03581641888427225,0.06817381102528923,0.007585345963813771,0.09295337019423694,0.01650863725252285,0.0002476474571583081
0.21755000000000002,5.3397984586784204e-05,-1.2189266188413122e-06,0.009345104058688013,0.06964954511341738,0.000516391821643595,0.09702118269011926,0.014727839343253304,0.00024227487859657945
0.21760000000000002,5.319720993044973e-05,2.2642633083493977e-06,-0.017359352047862556,0.0693876651279194,0.0017818785255455567,0.09629296143808563,0.015046638422756104,0.00023670865712061397
0.21765,5.1669273409223656e-05,5.690964484902477e-06,-0.043630727736354694,0.0673947044494386,0.011256308468894183,0.09084092375654357,0.017433419369089355,0.0002315007918539861
0.2177,4.885229391625729e-05,8.975687706716822e-06,-0.06881360576789648,0.06372038337242505,0.02800010774310514,0.08120574514257647,0.02165148644894542,0.00022716774381988694
0.21775,4.481654935140719e-05,1.2036485831183634e-05,-0.09227972472532188,0.05845636872504143,0.0503528031670488,0.06834294089036004,0.02728253632431637,0.00022413921904531242
0.21780000000000002,3.966272329652456e-05,1.479699818609984e-05,-0.11344365277393195,0.05173398691360763,0.07609769044558076,0.05352810803954651,0.03376814091531685,0.00022271555449761537
0.21785000000000002,3.351939321161245e-05,1.718835562419177e-05,-0.1317773931337535,0.043720947675334174,0.10268166356914339,0.03823042531258618,0.040465126479143576,0.00022303793436471845
0.2179,2.653982263886536e-05,1.9150898649194705e-05,-0.14682355632046976,0.034617159970002795,0.12746840477881913,0.023966955287775277,0.0467093566743466,0.00022507438823066183
0.21795,1.88981376343934e-05,2.063566582375714e-05,-0.15820677132370198,0.024649744749401386,0.14799982689650196,0.012152198324212823,0.051881594733972185,0.00022862296229567445
0.218,1.0784982645966384e-05,2.1605615227449098e-05,-0.16564305008227326,0.014067368675396652,0.16223984023903396,0.003957817228990619,0.05546891266546557,0.00023333174627471537
0.21805000000000002,2.4027643410531185e-06,2.203654860995048e-05,-0.16894687267757044,0.0031340404536681216,0.1687762707271609,0.0001964441913045657,0.057115558203758084,0.00023873377288015777
0.21810000000000002,-6.039398030636243e-06,2.191771505375326e-05,-0.1680358154121734,-0.007877475685567296,0.16696090415212253,0.0012410924635340788,0.056658234391998144,0.0002442933259844729
0.21815,-1.4330889744689566e-05,2.125207922215453e-05,-0.16293260736467163,-0.01869246487648793,0.15697376945631775,0.006988164863174698,0.0541422938147767,0.000249459067994291
0.2182,-2.2264854989957873e-05,2.0056247363649457e-05,-0.15376456311591746,-0.029041115198237093,0.13980528514201274,0.01686772743914555,0.04981724085632976,0.00025371871501143
0.21825,-2.9643357529693172e-05,1.8360053051505155e-05,-0.14076040671391518,-0.038665248944339314,0.11715804021763565,0.02990002951855465,0.04411198862431683,0.00025664984040366627
0.21830000000000002,-3.6282318754850574e-05,1.6205812861670682e-05,-0.12424456526810276,-0.04732476359018134,0.0912779492149991,0.04479266497733107,0.037592323743919354,0.00025796176581959103
0.21835000000000002,-4.201611015962766e-05,1.3647270708487397e-05,-0.1046290754148583,-0.054803621942782835,0.064731526316388,0.06006873956094936,0.03090479777847862,0.0002575243887570123
0.2184,-4.670168530593003e-05,1.0748256983585061e-05,-0.08240330353650521,-0.06091524170178666,0.0401513653496532,0.07421333343174177,0.02471260888222009,0.0002553810832139876
0.21845,-5.0222148695754516e-05,7.581096179503341e-06,-0.05812173735803326,-0.06550715047076103,0.019975067132071336,0.08582373525597854,0.01962983299542918,0.00025174440004526366
0.2185,-5.248967190444146e-05,4.224802486032551e-06,-0.03239015238658335,-0.06846478943991112,0.006203503831515794,0.09374854786102729,0.016160526122406278,0.0002469749866493729
0.21855000000000002,-5.344768489657794e-05,7.631085921683641e-07,-0.005850499188013884,-0.06971437160467785,0.00020239366693887035,0.09720187216470225,0.014648737506203241,0.00024154582347672774
0.21860000000000002,-5.3072287161930285e-05,-2.7176233060828022e-06,0.020835112021853022,-0.06922472238563526,0.002566863368392633,0.09584124378736543,0.015244390354031145,0.00023599531723209445
0.21865,-5.137284414480825e-05,-6.130556046347859e-06,0.04700092970661743,-0.0670080575829075,0.013062429804013004,0.08980159562068493,0.017888414129675526,0.0002308739088382437
0.2187,-4.8391753448392555e-05,-9.390543918388407e-06,0.07199417005004088,-0.06311967841267324,0.03064825352334154,0.07968187605838577,0.022318602451146273,0.00022668948518805604
0.21875,-4.4203387234416546e-05,-1.2416256877965652e-05,0.09519130274684914,-0.05765659204963716,0.05358035826600498,0.06648565213556566,0.028095616057619427,0.00022385701352304618
0.21880000000000002,-3.891223666789281e-05,-1.5132209553282164e-05,0.11601360658218138,-0.0507550913080179,0.0795845800197856,0.05152158587370468,0.03464655170546602,0.00022265738816737115
0.21885000000000002,-3.2650305188185874e-05,-1.7470644474071966e-05,0.13394160764628105,-0.042587354599174294,0.10608209474790585,0.03627365543511624,0.04132175683300802,0.0002232095756201889
0.2189,-2.5573815190999136e-05,-1.9373222450071322e-05,0.1485280387916078,-0.03335715025328534,0.1304451587011326,0.022253989460405084,0.04745925503362347,0.0002254588154675779
0.21895,-1.7859310677914885e-05,-2.079247805032447e-05,0.1594089983930605,-0.023294753064848357,0.15025770054417037,0.010852910407045238,0.052450394098414316,0.00022918205207795483
0.219,-9.69925279358366e-06,-2.1693003735441336e-05,0.16631302864330189,-0.012651199301524894,0.16355492155324872,0.0032010568753380792,0.05580020552431622,0.0002340100539933233
0.21905000000000002,-1.2972183380973045e-06,-2.2052333232797172e-05,0.16906788812021092,-0.001692023926179803,0.16901814381950708,5.72588993352983e-05,0.057176490421756605,0.00023946403110383275
0.21910000000000002,7.137179067910012e-06,-2.1861501999122694e-05,0.16760484866039796,0.009309363995783623,0.1661055826151427,0.0017332851601198486,0.05644276336296778,0.00024500311544730773
0.21915,1.539351841722083e-05,-2.112527088912811e-05,0.16196041014667956,0.020078502276877814,0.15510607503417656,0.008062925073651752,0.05367178767080909,0.0002500779992306121
0.2192,2.3265820882518388e-05,-1.986200736335958e-05,0.1522753897807389,0.030346722884568685,0.1371104360542245,0.018418471796656094,0.049138359435250335,0.0002541854089957847
0.21925,3.055768857943087e-05,-1.8103227272389943e-05,0.13879140907984727,0.039857854663420574,0.11390328312114525,0.031772971567407146,0.04329205620385009,0.000256918015275197
0.21930000000000002,3.708720428405826e-05,-1.5892808591158124e-05,0.1218448658519306,0.04837461427814145,0.08778605657922396,0.046802066131179335,0.036712652588626826,0.0002580048270290426
0.21935000000000002,4.269146989316683e-05,-1.3285896754079103e-05,0.10185854176850347,0.05568452594380863,0.06134878713788035,0.06201532859173392,0.03005262435117202,0.0002573380656768524
0.2194,4.7230670423696464e-05,-1.0347528897702459e-05,0.07933105486262973,0.06160522228841258,0.03721324400132515,0.07590406826409452,0.023972442770849315,0.0002549838536910913
0.21945,5.0591562066397525e-05,-7.151011301473333e-06,0.05482441996238383,0.06598899399787077,0.01777293544591364,0.08709094657702048,0.019075076034976733,0.00025117565680025065
0.2195,5.2690297449218175e-05,-3.776090562721329e-06,0.02895002762533121,0.06872647493318952,0.004955745979134587,0.09446656713484655,0.015846193269241863,0.0002462911319280351
0.21955000000000002,5.3474517386619736e-05,-3.069640663344011e-07,0.002353391158332329,0.06974937050468898,3.274909526267694e-05,0.09729949371600753,0.014606000957289365,0.00024081467449546198
0.21960000000000002,5.292465720957766e-05,3.169820556833408e-06,-0.024301957624174822,0.0690321615798974,0.003492155635995819,0.09530878664786127,0.015477488285913566,0.0002352893818835074
0.21965,5.1054434790725616e-05,6.567524623203787e-06,-0.05035102212790279,0.06659274103393797,0.014990898191682431,0.08869186316826252,0.01837423033388849,0.0002302631941081131
0.2197,4.7910508381825e-05,9.80138234882829e-06,-0.07514393136318621,0.062491967459998035,0.03338865291700434,0.07810491994042906,0.02300895883249484,0.00022623455556314233
0.21975,4.3571312511779984e-05,1.2790715576689125e-05,-0.0980621527678795,0.05683214675843502,0.056860924766012545,0.06459785810344593,0.02892205032645876,0.0002236029838508553
0.21980000000000002,3.81451012888503e-05,1.5460946546606826e-05,-0.11853392354048066,0.04975447994919792,0.08307998173203564,0.04951016550030275,0.03552710688484644,0.00022262945072376065
0.21985000000000002,3.176724759274234e-05,1.7745458434606286e-05,-0.13604851467345647,0.041435540342092986,0.10944569457442341,0.03433808006882431,0.042169108700031044,0.0002234105006301889
0.2199,2.459686588254166e-05,1.958725734087935e-05,-0.150168972956849,0.032082868550327576,0.13334339041089682,0.020586209088351966,0.04818937224108248,0.00022586867761354286
0.21995,1.6812842538879692e-05,2.094039412634442e-05,-0.16054302164093337,0.021929794619777798,0.15240314804052024,0.009618317841312705,0.05299087127139931,0.0002297602052978322
0.22,8.609373074576588e-06,2.177111080358954e-05,-0.16691184949818907,0.011229617061787808,0.16473482209417542,0.002522085987087917,0.05609744390387542,0.0002346991634040971
0.22005000000000002,1.9111731474227496e-07,2.2058682670369085e-05,-0.16911656714259307,0.00024928345814497627,0.16911548725202136,1.242844850094363e-06,0.05720101299091789,0.00024019575788907332
0.22010000000000002,-8.231906435108433e-06,2.179593541100906e-05,-0.16710217148240972,-0.010737269255643523,0.16511071551803808,0.0023057790213637523,0.05619213828147789,0.0002457048948832698
0.22015,-1.6449560907031127e-05,2.0989424018552883e-05,-0.16091891747503534,-0.021455949004807295,0.1531176577584141,0.009207154953937823,0.05317086924576515,0.0002506802360502107
0.2202,-2.425683239845192e-05,1.9659269321171483e-05,-0.15072106478689473,-0.03163934659982471,0.13432565887664502,0.02002096506527679,0.048436823500782156,0.0002546283798926152
0.22025,-3.145894538899812e-05,1.7838655948438952e-05,-0.13676302893957235,-0.04103340702739978,0.11059831078013016,0.033674809845525226,0.042459473646281394,0.0002571577908262429
0.22030000000000002,-3.787622188652845e-05,1.5573004510827074e-05,-0.11939303457137998,-0.04940376767340818,0.08428864137698698,0.04881464520656181,0.035831590189309745,0.00025801762907146336
0.22035000000000002,-4.334856389607588e-05,1.2918838370857719e-05,-0.09904442750593133,-0.056541605079672555,0.05800576575660711,0.06393906209971306,0.029210456554912334,0.0002571226244788272
0.2204,-4.773944768101583e-05,9.942373572737574e-06,-0.07622486404323571,-0.0622688447986508,0.03435614200573566,0.07754818065116922,0.02325268689449492,0.00025456153452633405
0.22045,-5.0939329619937974e-05,6.71786683235914e-06,-0.05150364570455768,-0.06644260385067544,0.015685090035422226,0.0882923921291558,0.018549109861094575,0.0002505883407805959
0.2205,-5.286837920798426e-05,3.3257630204548547e-06,-0.025497516473723315,-0.06895875548812803,0.0038442076123759265,0.09510619916942856,0.015566176568069868,0.0002455970628508716
0.22055000000000002,-5.347847057608414e-05,-1.4931179550091422e-07,0.001144723779311116,-0.06975452683867342,7.748408049994573e-06,0.0973138802897442,0.014599702828523471,0.00024008268281594828
0.22060000000000002,-5.27543832022856e-05,-3.620661586430065e-06,0.02775840551290959,-0.06881006504809417,0.004556171931922302,0.09469650103845902,0.015745533309007114,0.00023459205877200033
0.22065,-5.071418157898721e-05,-7.001683256717241e-06,0.05367957164916989,-0.06614893249653447,0.017038413571356558,0.08751362540862148,0.01889003663616995,0.000229669692733225
0.2207,-4.7408764583725634e-05,-1.0208027213215335e-05,0.07826154198373948,-0.06183751902592142,0.0362166164228284,0.07647757518562387,0.023721374185188816,0.00022580373306463951
0.22075,-4.292059562136718e-05,-1.3159701714298319e-05,0.10089104649079175,-0.05598338559754558,0.06018888885515087,0.06268278925926947,0.029760424912904627,0.0002233775647587107
0.22080000000000002,-3.736164535469954e-05,-1.5783068503011038e-05,0.12100352520290229,-0.04873258090282809,0.08657791405107042,0.047497288829013704,0.03640829954741088,0.00022263178959689215
0.22085000000000002,-3.0870598253076514e-05,-1.8012679929948688e-05,0.1380972128088816,-0.040265997728509625,0.11276670717749486,0.032427011461446845,0.04300573209038009,0.0002236403656944245
0.2209,-2.360939269727227e-05,-1.9792911735933404e-05,0.15174565665123543,-0.03079486004647613,0.13615814028139478,0.018966468105641034,0.048898458840875424,0.00022630327306449866
0.22095,-1.575918095709261e-05,-2.1079350772920573e-05,0.16160835593270903,-0.020555453430708,0.15443249808223924,0.008450533314840103,0.053502101411772356,0.00023035643277152665
0.221,-7.515809799316572e-06,-2.183990300609981e-05,0.16743925638417423,-0.009803230180049475,0.16577752272213353,0.0019220664392606574,0.056360119122859556,0.00023539789512730028
0.22105000000000002,9.150654815920392e-07,-2.2055594214577918e-05,0.16909288897873642,0.001193563663164008,0.1690681345088514,2.849188436050971e-05,0.057189083989004644,0.0002409277012575949
0.22110000000000002,9.323111743746957e-06,-2.1721043336638153e-05,0.16652799891290038,0.012160580528521796,0.1639780052736534,0.002957594375813269,0.05590678800024189,0.00024639746326433193
0.22115,1.7498565388855506e-05,-2.084459673999313e-05,0.15980857500084222,0.022824215717190337,0.15101192031780486,0.010418896462096768,0.05264039575691414,0.0002512647480329129
0.2212,2.5237465521065803e-05,-1.9448119974430273e-05,0.14910225313043368,0.03291843328239455,0.13145571898892386,0.021672464995349222,0.047713833526446224,0.0002550468695583115
0.22125,3.234674237796791e-05,-1.7566452292230193e-05,0.13467613422514546,0.0421914030946216,0.10724877884029488,0.0356022899018569,0.04161566574493733,0.0002573687571003304
0.22130000000000002,3.864903398801789e-05,-1.5246537455080426e-05,0.1168901204779566,0.05041178345819311,0.08079168852204564,0.05082695822871505,0.03495064426500968,0.0002580001501654638
0.22135000000000002,4.398711105342718e-05,-1.2546252614894518e-05,0.09618793669425697,0.05737449267392983,0.054708182885148685,0.06583664819181655,0.028379735559769255,0.00025687843410354
0.2214,4.822779941672304e-05,-9.532964361938076e-06,0.07308606009504685,0.06290582532376623,0.03158494854219425,0.07914285719328379,0.022554572939426167,0.00025411484861837154
0.22145,5.126530258004227e-05,-6.281848098060777e-06,0.04816083539688905,0.0668677859724178,0.013715103693977219,0.08942601601706149,0.018052834534811706,0.0002499834571849951
0.2215,5.3023841008633953e-05,-2.874012536515858e-06,0.022034096100181325,0.06916153174999914,0.002870790832863931,0.09566634948012279,0.015320955203922472,0.0002448939673233832
0.22155,5.345954278478416e-05,6.055237732696204e-07,-0.00464234894980791,0.06972983841612058,0.00012743438752319065,0.09724500731076573,0.014629853904158425,0.0002393511011491079
0.22160000000000002,5.256153800942858e-05,4.069953500768918e-06,-0.031202976852494867,0.06855852783974811,0.005757091478054238,0.09400543479107035,0.01604806674757521,0.00023390454133719713
0.22165,5.035223009735825e-05,7.432846191285493e-06,-0.05698515415368418,0.06567682186996217,0.019201472171030253,0.08626889861877482,0.01943495038065452,0.000229094420422146
0.2217,4.688673674511456e-05,1.0610304530212921e-05,-0.08134566807488687,0.061156613148101294,0.03912730475357286,0.07480262663493031,0.024454629424338886,0.0002253977551215447
0.22175,4.225151497352328e-05,1.352305741856568e-05,-0.10367677355921016,0.05511067171050229,0.0635585556075883,0.060743722727655144,0.030609305160443752,0.00022318114197807462
0.2218,3.6562204078550825e-05,1.6098437605424754e-05,-0.12342135498093829,0.04768983140872732,0.09007239122409999,0.04548640039585669,0.03728862179004006,0.00022266440090990837
0.22185000000000002,2.9960740792024895e-05,1.8272194620819146e-05,-0.14008682543771453,0.03907922712674662,0.1160394494707426,0.030543719856476984,0.04383019530090495,0.00022389877724888807
0.22190000000000001,2.261181813112348e-05,1.9990097647683342e-05,-0.15325741530492115,0.029493675826142887,0.13888459163512656,0.017397538274752107,0.049585301433102975,0.00022676185818214304
0.22195,1.4698776740692585e-05,2.1209288524415822e-05,-0.16260454536008992,0.019172317495021192,0.15634227788117194,0.0073515551625979135,0.05398320961791277,0.00023096971393809357
0.222,6.4190308528776045e-06,2.189935091124814e-05,-0.16789502365723058,0.008372648942433131,0.16668123914138355,0.0014020250062645326,0.05658778168866371,0.0002361050534950908
0.22205,-2.0208567608444692e-06,2.2043069173239337e-05,-0.1689968636623144,-0.002635900115726431,0.1688761665245345,0.00013895938840173227,0.057140723763658016,0.00024165860840198624
0.22210000000000002,-1.0410328118048105e-05,2.1636857819697336e-05,-0.16588257661884434,-0.013578688845353345,0.16270939021906486,0.003687615815178467,0.0555872008236903,0.0002470796354602613
0.22215000000000001,-1.8540083030152857e-05,2.0690851007638582e-05,-0.15862985772045568,-0.02418271698937219,0.14879246605676114,0.011696076019761406,0.05208127492378823,0.0002518305347100837
0.2222,-2.6207300683804015e-05,1.9228649664891524e-05,-0.1474196474296534,-0.03418343567110619,0.12850552753244754,0.0233701454856131,0.046970626719408604,0.00025544016187432813
0.22225,-3.3220699656695505e-05,1.7286732744852008e-05,-0.13253161770133762,-0.0433313473732161,0.10386041903617743,0.03755211330356644,0.04076207637660198,0.000257550552532293
0.2223,-3.9405309934756685e-05,1.4913547102926972e-05,-0.11433719444702466,-0.051398230345887745,0.0773011821138093,0.05283556165377872,0.03407132231610026,0.00025795242018669055
0.22235000000000002,-4.4606838119317505e-05,1.2168298885431422e-05,-0.09329029144173978,-0.05818283232614603,0.051461681428145806,0.06770483954984848,0.027561882887046762,0.0002566059119932965
0.22240000000000001,-4.869551668714328e-05,9.119476432794396e-06,-0.06991598596881224,-0.06351589132851289,0.02890440577085675,0.08068536902510917,0.021879295541748677,0.0002536445603488786
0.22245,-5.156934144831957e-05,5.843141645975474e-06,-0.044797419269759026,-0.06726435840950795,0.011866347527418226,0.09048987824485487,0.017587099283189384,0.000249362040837409
0.2225,-5.315661634223088e-05,2.4210323952620416e-06,-0.01856124834423125,-0.06933471696794327,0.0020371613845255303,0.09614605954049601,0.015110948811266857,0.00024418304856207204
0.22255,-5.341774209093855e-05,-1.0614766754107196e-06,0.008137987861984192,-0.06967531577165721,0.00039160222262081117,0.0970929925576029,0.014696402576524038,0.0002386211812189125
0.22260000000000002,-5.234620414820111e-05,-4.517504068215066e-06,0.034634197875841065,-0.06827765758692952,0.007092859221802876,0.09323677051115989,0.016384570901679812,0.0002332280061511058
0.22265000000000001,-4.996873519165114e-05,-7.860828949907073e-06,0.06026635529931924,-0.06517661112259644,0.021476372480069526,0.08495981274852324,0.020008039074406056,0.00022853836143308948
0.2227,-4.634464823198813e-05,-1.1008042185958543e-05,0.08439499011303907,-0.06044954117773922,0.04211573705725027,0.07308294057198379,0.025207469798157495,0.00022501731660368906
0.22275,-4.156435683125375e-05,-1.3880627223416484e-05,0.10641814206052695,-0.054214378480342724,0.06696415871843034,0.05878397668019696,0.03146723842125854,0.00022301405154861626
0.2228,-3.574711952411386e-05,-1.6406918930254937e-05,0.1257863784813626,-0.04662667764798355,0.09355743344634074,0.04348094136977937,0.038166567228380105,0.0002227272291315448
0.22285000000000002,-2.903806450118946e-05,-1.852389147537636e-05,0.14201650132188254,-0.0378757363119407,0.11925832104753822,0.02869142802343327,0.04464108749893152,0.00022418529317100473
0.22290000000000001,-2.160456900915507e-05,-2.017873071999251e-05,0.15470360219597312,-0.028179872629378856,0.14151807895833182,0.015882104428160314,0.05024872472904385,0.00022724364847220502
0.22295,-1.3632083590585633e-05,-2.133015179213208e-05,0.16353116374555582,-0.017780978602681276,0.15812921940140784,0.006323264001380188,0.054433372632158604,0.00023159899945708005
0.223,-5.319505495801262e-06,-2.1949429094506444e-05,0.16827895639372079,-0.006938485438072505,0.1674444249595487,0.000962851603486884,0.0567800420704426,0.00023681942861381635
0.22305,3.125783408080518e-06,-2.2021112911586593e-05,0.16882853232342146,0.004077108787036446,0.16853991184644546,0.000332456321226596,0.05705601510114512,0.00024238722870022504
0.22310000000000002,1.149309039542111e-05,-2.1543414888617318e-05,0.16516618080872797,0.014990987464276677,0.1613070413119099,0.004494594103082009,0.05523392368134514,0.0002477502443103531
0.22315000000000002,1.9573668218545255e-05,-2.0528252607251865e-05,0.15738326998499574,0.02553087158352452,0.14646309301099691,0.013036508076288396,0.05149446355378338,0.000252376627996198
0.2232,2.7165922956178855e-05,-1.9000952304897724e-05,0.14567396765827764,0.0354338125439753,0.1254801330301704,0.02511110142803162,0.04620847492081459,0.00025580758408382974
0.22325,3.408044331706448e-05,-1.699961699466783e-05,0.1303303969574056,0.044452752150215796,0.10043902968359293,0.0395209434745703,0.039900166263335375,0.00025770286625816736
0.2233,4.014472616010346e-05,-1.457417592921086e-05,0.11173534877550685,0.05236268629100616,0.07382309523635085,0.05483701831220649,0.0331951290787993,0.00025787452091537394
0.22335000000000002,4.520747995675267e-05,-1.178513889631176e-05,0.09035273153597054,0.05896627820289867,0.04827181691972654,0.06954043930203285,0.026758298087327256,0.000256305524657596
0.22340000000000002,4.914239937271081e-05,-8.702086696465095e-06,0.06671599798953955,0.06409878178815089,0.026319100725402573,0.08217307653449968,0.02122801025565544,0.00025315147444384084
0.22345,5.1851316150939936e-05,-5.401935180079325e-06,0.041414836374760775,0.06763215150033489,0.010141985190018448,0.09148215833128501,0.017152701093589167,0.0002487251552223962
0.2235,5.326664838521552e-05,-1.9670164041278835e-06,0.015080459080653991,0.06947823702415598,0.0013447458025909293,0.09654450839969597,0.014936516752120956,0.00024346552297795947
0.22355,5.335308638578032e-05,1.5169754205165743e-06,-0.011630144899436798,0.06959098224260402,0.0007997998603085688,0.09685809618980855,0.014799234969235072,0.0002378941721499083
0.22360000000000002,5.210847373436947e-05,4.963121802323696e-06,-0.03805060050193867,0.06796757443831794,0.008561189348540187,0.09239182350056581,0.016754469922201143,0.00023256361077845562
0.22365000000000002,4.956386094827999e-05,8.28544841934041e-06,-0.06352177122529679,0.06464851428211942,0.023859221616467703,0.08358860797770797,0.020608322035854082,0.0002280024673797821
0.2237,4.578273095094321e-05,1.1401070001552113e-05,-0.0874082033611645,0.05971660559246839,0.04517679939209807,0.07132145966972854,0.02597860698011266,0.00022466306822924815
0.22375,4.085941519895341e-05,1.4232258142050269e-05,-0.10911397909710226,0.053294889392228185,0.07039987040866565,0.05680690470659673,0.03233275657479524,0.00022287657942164765
0.2238,3.4916740400429195e-05,1.6708380478855975e-05,-0.12809758368358815,0.04554357444094672,0.09702707689597682,0.04148434345716111,0.0390406334097219,0.00022282016632522503
0.22385000000000002,2.8102964150201686e-05,1.876766280374605e-05,-0.1438854148376232,0.03665604020058831,0.1224178136624405,0.026873305663742925,0.04543702105555128,0.0002244994231514175
0.22390000000000002,2.0588076276078193e-05,2.0358730229445746e-05,-0.15608359843385933,0.02685401254060473,0.14405409561699697,0.014422759790619123,0.05088759336871738,0.00022774781911030396
0.22395,1.25595578958963e-05,2.144188886469792e-05,-0.16438781463505736,0.016382032044357238,0.15979026477153283,0.0053674194780469475,0.054851820122687,0.00023224321248356664
0.224,4.217704167250402e-06,2.1990116114501634e-05,-0.16859089021421902,0.0055013532685910735,0.1680657740757732,0.0006052977557167537,0.05693657118980322,0.00023753979770500192
0.22405,-4.2293726763276214e-06,2.198973482491437e-05,-0.1685879669917101,-0.005516573049492065,0.1680599458933322,0.0006086515642076437,0.05693510296342702,0.00024311231533749638
0.22410000000000002,-1.257093529981466e-05,2.1440754510155117e-05,-0.16437911790881765,-0.016396872123571563,0.15977335821428493,0.005377148308735164,0.05484756105527223,0.00024840814196810284
0.22415000000000002,-2.059887873111884e-05,2.0356871107838877e-05,-0.15606934515544224,-0.02686810268667914,0.1440277872854777,0.014437898839638696,0.05088096582044293,0.0002529020934107191
0.2242,-2.8112922159400647e-05,1.8765125298819413e-05,-0.14386596061661439,-0.036669028897931284,0.12238471255633854,0.02689235360634639,0.04542868228923445,0.0002561485070419949
0.22425,-3.492560553066811e-05,1.670522789434463e-05,-0.12807341384394152,-0.045555137642967355,0.0969904656172862,0.041505411313394025,0.03903141036429213,0.0002578254378543878
0.2243,-4.086696628608832e-05,1.4228569129683358e-05,-0.10908569664875266,-0.05330473862990704,0.07036337969293649,0.05682790320805407,0.03232356390789548,0.0002577665854861914
0.22435000000000002,-4.578877960593742e-05,1.1396936593090651e-05,-0.08737651386101389,-0.05972449513434102,0.04514404798342689,0.07134030638103848,0.025970356306163678,0.00025597778641584293
0.22440000000000002,-4.9568256272312836e-05,8.280973735124247e-06,-0.06348746528743696,-0.0646542473095669,0.023833457468252373,0.08360343390333277,0.020601831582746942,0.00025263643468595237
0.22445,-5.211110607115095e-05,4.9584174772479016e-06,-0.0380145339700731,-0.06797100791783375,0.008544967470497862,0.09240115834732437,0.01675038333802234,0.0002480738904542241
0.2245,-5.3353890067554994e-05,1.5121588168494178e-06,-0.011593217579082807,-0.06959203052291885,0.0007947289719484395,0.09686101424605736,0.014797957524580515,0.00024274261849461647
0.22455,-5.326560335552052e-05,-1.971825120588352e-06,0.015117325946626674,-0.06947687394373385,0.0013513287804841614,0.09654072025986968,0.014938175126533554,0.00023717131823389065
0.22460000000000002,-5.1848448490296505e-05,-5.406616043704845e-06,0.0414507230185438,-0.06762841107648918,0.010159569203905011,0.09147203969461207,0.017157130831711886,0.00023191249223262074
0.22465000000000002,-4.91377806129914e-05,-8.706522926614117e-06,0.06675000912618748,-0.0640927573261239,0.026345941982799197,0.08215763083330818,0.021234772061688452,0.00022748765548857
0.2247,-4.5201225336741565e-05,-1.1789219821446438e-05,0.09038401864505066,-0.058958120008218096,0.048305253584912465,0.06952119829806894,0.026766721397568072,0.000224335616372735
0.22475,-4.013699170715805e-05,-1.4577799733947664e-05,0.11176313131108194,-0.052352597885870614,0.07385981141600594,0.05481589010799329,0.03320437855711528,0.0002227689610759401
0.2248,-3.40714220009562e-05,-1.7002693276203407e-05,0.13035398179259738,-0.04444098522219028,0.10047538424821294,0.0395000233503787,0.039909324640926426,0.00022294305364809993
0.22485000000000002,-2.715583983088115e-05,-1.9003404312000303e-05,0.14569276640309667,-0.03542066065670347,0.12551252071943683,0.02509246402714682,0.046216633968446615,0.00022484062975647583
0.22490000000000002,-1.9562774846266366e-05,-2.053001916913309e-05,0.157396813635932,-0.025516662846610468,0.14648830194275986,0.013022001656551822,0.051500814133971395,0.00022827350749151683
0.22495,-1.1481658540950366e-05,-2.1544451936072684e-05,0.16517413151493102,-0.01497607636569401,0.16132257156235083,0.004485657266221974,0.055237836033356746,0.00023290125064086438
0.225,-3.114098275933826e-06,-2.20213945688532e-05,0.16883069169815587,-0.0040618673204262865,0.16854422325766552,0.00032997532257494043,0.057057101216941755,0.0002382649281661148
0.22505,5.331152390374507e-06,-2.194894833770539e-05,0.1682752705881557,0.006953677023326672,0.16743708999326695,0.0009670724828948258,0.05677819425546826,0.00024383262750525049
0.22510000000000002,1.364340167547842e-05,-2.132892061279894e-05,0.16352172469843232,0.017795741311596586,0.15811096544733413,0.006333768176585308,0.05442877412318758,0.0002490522027183513
0.22515000000000002,2.161527592780591e-05,-2.0176779835800222e-05,0.15468864540038016,0.02819383815975483,0.14149071625806875,0.01589785020356895,0.05024183156214446,0.00025340603176353193
0.2252,2.9047893126233203e-05,-1.852126955194186e-05,0.14199639989963805,0.03788855624965956,0.11922456312730945,0.028710853893672332,0.04463258325296671,0.0002564623474872928
0.22525,3.5755824665029256e-05,-1.6403691385927695e-05,0.12576163394801732,0.04663803216683865,0.0935206280812079,0.043502120887901535,0.03815729527973543,0.0002579180572333099
0.2253,4.157172130257728e-05,-1.3876874574711683e-05,0.10638937173555604,0.0542239843053197,0.0669279558691301,0.05880480947887115,0.031458118258403334,0.00025762879863544145
0.22535000000000002,4.6350488312392924e-05,-1.1003858056412594e-05,0.08436291175200732,0.060457158665323626,0.04208372693584931,0.07310136067768232,0.025199405860206296,0.0002556232576628455
0.22540000000000002,4.997290518040462e-05,-7.85631772342551e-06,0.060231769202270774,0.06518205023356888,0.021451729515861755,0.08497399345302994,0.020001831060425718,0.0002521003224193729
0.22545,5.234860001428854e-05,-4.51277829142802e-06,0.034597966884788986,0.06828078262640801,0.007078027238534129,0.09324530552149563,0.016380834453346257,0.0002474093606071435
0.2255,5.341830406040803e-05,-1.0566542458968236e-06,0.008101015870568232,0.06967604877447268,0.0003880521000220655,0.09709503545645393,0.014695508234738487,0.00024201557215147598
0.22555,5.315533039478224e-05,2.4258311672563827e-06,-0.018598038965947465,0.0693330396466312,0.0020452451856207334,0.09614140773282669,0.015112985266681804,0.00023645385612012384
0.22560000000000002,5.1566239666744825e-05,5.847797041422427e-06,-0.04483311066632818,0.06726031261085752,0.011885263585517617,0.0904789930502056,0.0175918645815693,0.00023127576471004065
0.22565000000000002,4.8690676454082185e-05,9.123872308810444e-06,-0.06994968771700585,0.06350957798694132,0.02893227819198856,0.08066932992158762,0.02188631711165142,0.00022699480639774594
0.2257,4.460038019013728e-05,1.2172325574436266e-05,-0.09332116275367938,0.058174408948315146,0.05149574612144804,0.06768523712971619,0.02757046440485486,0.0002240355213947698
0.22575,3.939739542124197e-05,1.4917104147561987e-05,-0.11436446514509638,0.051387907076348785,0.07733806090280983,0.052814339873749144,0.0340806127569103,0.00022269138031895841
0.2258,3.321152600789722e-05,1.728973140370489e-05,-0.13255460744249,0.04331938175678172,0.10389645467679536,0.03753137671579586,0.040771154415834635,0.00022309568094780778
0.22585000000000002,2.6197096766921797e-05,1.9231015129151342e-05,-0.14743778266671803,0.034170126224113626,0.12853714639224006,0.02335195052343715,0.04697859209387233,0.00022520832891035627
0.22590000000000002,1.852910340479746e-05,2.069252426038745e-05,-0.15864268600446418,0.024168395754052874,0.1488165325019019,0.01168222706649042,0.052087337705395594,0.00022881981422614848
0.22595,1.0398846709973347e-05,2.1637797119536515e-05,-0.16588977792148574,0.013563713106923265,0.16272351760469783,0.0036794862649384393,0.05559075977742048,0.0002335719877759637
0.226,2.0091600026228866e-06,2.204325108423285e-05,-0.1689982583137266,0.0026206434904701755,0.16887895383495544,0.0001373554460828741,0.05714142594305856,0.00023899357932310973
0.22605,-6.430651146527896e-06,2.1898770897805304e-05,-0.16789057688287604,-0.008387805836438434,0.16667240998012944,0.0014071057349958132,0.05658555747237919,0.00024454693252263387
0.22610000000000002,-1.4710030670385832e-05,2.1207961053258624e-05,-0.16259436806982483,-0.019186996518749416,0.15632270780494137,0.007362816708210044,0.053978279562282856,0.0002496813245942019
0.22615000000000002,-2.262242493342664e-05,1.998805584069602e-05,-0.1532417614395251,-0.029507510776601326,0.13885622143378845,0.017413863844624868,0.049578154474870365,0.00025388758062295553
0.2262,-2.997043585009622e-05,1.8269489413832348e-05,-0.14006608549116864,-0.03909187284032972,0.11600509256826205,0.030563490443290174,0.043821540176132254,0.0002567485687178406
0.22625,-3.657074551885125e-05,1.6095136488985693e-05,-0.12339604640597623,-0.04770097241135711,0.09003545480317496,0.04550765537978104,0.037279316844218834,0.0002579805660488009
0.2263,-4.225868970169504e-05,1.3519242747187054e-05,-0.10364752770967245,-0.05512003004086752,0.06352270260339046,0.060764354234122755,0.03060027313577305,0.00025746139641549695
0.22635000000000002,-4.689236576649229e-05,1.0606071472439366e-05,-0.08131321461297511,-0.06116395534539017,0.03909609071370277,0.07482058866985765,0.024446766041870148,0.0002552425452806941
0.22640000000000002,-5.035617298145873e-05,7.428300355326861e-06,-0.056950302703990374,-0.06568196475643642,0.019177992564165875,0.08628240988531513,0.019429035438949534,0.00025154405520163095
0.22645,-5.256369638599636e-05,4.065208293968217e-06,-0.03116659691122685,-0.06856134311152226,0.0057436747719741615,0.09401315538511762,0.01604468683382143,0.00024673270301622943
0.2265,-5.345986281238153e-05,6.006975813517665e-07,-0.0046053481033911416,-0.06973025584287026,0.00012541110590626514,0.09724617159824285,0.014629344202043246,0.00024128562817127578
0.22655,-5.3022314698932307e-05,-2.8787993119666213e-06,0.02207079473525414,-0.06915954091239353,0.002880361623508817,0.09566084198426068,0.015323366258130544,0.00023574301368845029
0.22660000000000002,-5.126196801364245e-05,-6.286476034833164e-06,0.04819631628621286,-0.06686343654257186,0.013735319429374754,0.08941438292565068,0.018057927245968938,0.00023065451785557868
0.22665000000000002,-4.822273978341547e-05,-9.537318003832675e-06,0.07311943804028645,-0.06289922580670688,0.03161380443247474,0.07912625214166204,0.022561842259903882,0.00022652476365802823
0.2267,-4.3980452580866666e-05,-1.2550223346454792e-05,0.09621837900678973,-0.057365807719646514,0.05474281731716769,0.06581671790654911,0.028388460603370837,0.00022376329678249442
0.22675,-3.864094278852631e-05,-1.5250026213712504e-05,0.1169168676442404,-0.050401229725827876,0.08082866679373309,0.05080567915751351,0.034959959753108685,0.0002226439700244248
0.2268,-3.233742031572627e-05,-1.7569372042570614e-05,0.13469851900515514,-0.04217924389646429,0.1072844338671835,0.0355817723135484,0.04162464789139654,0.00022327778679547585
0.22685000000000002,-2.5227145161633284e-05,-1.9450397872994634e-05,0.1491197170326182,-0.03290497195284473,0.13148651485256793,0.021654743584349972,0.047721591553428734,0.00022560189143793196
0.22690000000000002,-1.7487504204572005e-05,-2.0846175961165824e-05,0.1598206823760797,-0.022809788099886014,0.15103480304321446,0.010405728663234033,0.052646160329796604,0.00022938580414810385
0.22695,-9.311585687911047e-06,-2.1721884477770536e-05,0.1665344476677055,-0.012145546553504413,0.16399070555720136,0.0029502860216668583,0.05590998742322551,0.00023425427611516197
0.227,-9.033621037336618e-07,-2.2055676294347626e-05,0.16909351825852056,-0.0011782984032360473,0.16906939289719772,2.7767742541372377e-05,0.057189400995470464,0.00023972450397481243
0.22705,7.527398520337669e-06,-2.1839223974094116e-05,0.16743405046962018,0.009818345891563246,0.16576721440128253,0.0019279983209275374,0.056357522261465766,0.0002452540080511812
0.22710000000000002,1.5770365910573698e-05,-2.1077927571934905e-05,0.16159744471454704,0.020570042485509192,0.15441164533519625,0.008462532957113064,0.05349684822010914,0.00025029443075166836
0.22715000000000002,2.361989483643663e-05,-1.9790779869448813e-05,0.1517293123307332,0.030808558478287475,0.13612881105201613,0.018983345510201182,0.04889107026724455,0.0002543459159598347
0.2272,3.0880155576713644e-05,-1.8009892586525067e-05,0.13807584315491575,0.0402784637903878,0.11273181003822808,0.03244709290627162,0.04299694086182253,0.0002570066803852398
0.22725,3.7370019423473446e-05,-1.57796952193578e-05,0.12097766334041518,0.04874350359184143,0.08654090972685188,0.04751858284815717,0.03639897748183725,0.0002580128573160935
0.2273,4.2927577523203763e-05,-1.3155826648211343e-05,0.10086133762363635,0.055992492417851994,0.06015344704503307,0.06270318414326426,0.02975149647594796,0.0002572646648859386
0.22735000000000002,4.741418013257638e-05,-1.0203747038710031e-05,0.07822872728111913,0.061844582778688054,0.0361862518666524,0.07649504838139998,0.02371372480125742,0.00025483630084976105
0.22740000000000002,5.071789566817591e-05,-6.99710475514957e-06,0.05364446977375811,0.06615377695677996,0.01701613750604476,0.08752644411294781,0.01888442489155747,0.000250968584705926
0.22745,5.2756303172263615e-05,-3.6158989822898575e-06,0.02772189217794703,0.06881256935452461,0.004544193460481706,0.09470339402342517,0.015742515715365217,0.0002460450757476693
0.2275,5.347854852752845e-05,-1.444839054254634e-07,0.0011077099244734337,0.06975462851466294,7.255430132686374e-06,0.09731416398437255,0.014599578640209436,0.00024055403552395354
0.22755,5.286661319551872e-05,3.330535749832345e-06,-0.025534107435481276,0.06895645199612556,0.0038552490167167138,0.09509984543787937,0.015568958100735306,0.0002350400075040088
0.22760000000000002,5.09357637047385e-05,6.722465332250527e-06,-0.051538900897504424,0.06643795266105364,0.015706570851932933,0.08828003107584809,0.018554521272822776,0.0002300498146682784
0.22765000000000002,4.7734170822767024e-05,9.946683118934133e-06,-0.07625790393312079,0.06226196194791331,0.034385931998541015,0.07753103811206809,0.023260191541356372,0.0002260783317552517
0.2277,4.334170774520546e-05,1.2922751450844876e-05,-0.09907442780460568,0.05653266228086001,0.05804091066579919,0.06391883809123546,0.029219310203305364,0.00022351940833764672
0.22775,3.786795748227953e-05,1.5576423498484868e-05,-0.11941924683884247,0.04939298802796282,0.08432565590615027,0.04879334532660957,0.03584091483010421,0.0002226268116109505
0.2278,3.144947892196454e-05,1.7841495551278276e-05,-0.1367847992376402,0.04102105946918132,0.11063352422444842,0.033654546399482205,0.042468344564885394,0.00022348905968427917
0.22785000000000002,2.4246400022891986e-05,1.966145868986697e-05,-0.15073784996610318,0.03162573916887583,0.13435557911907187,0.02000374755955534,0.04844436095874016,0.00022602064411003103
0.22790000000000002,1.6438422901742865e-05,2.0990908537670973e-05,-0.160930298795269,0.02144142118205289,0.15313931763843866,0.009194690846123725,0.05317632576758767,0.0002299705088677284
0.22795,8.22034066436852e-06,2.1796678043308484e-05,-0.16710786500236846,0.010722183483971099,0.16512196703729046,0.0022993043732788526,0.05619497274729143,0.0002349469483076604
0.228,-2.0282230272015397e-07,2.2058664890210852e-05,-0.16911643082716254,-0.0002645508238901563,0.1691152146105237,1.39974276841921e-06,0.05720094431285217,0.000240456451486735
0.22805,-8.620925269706523e-06,2.1770333052512957e-05,-0.166905886733085,-0.01124468512629815,0.16472305231536818,0.002528858871791817,0.05609447888308358,0.00024595264429745704
0.2281,-1.6823953733302303e-05,2.093887581031368e-05,-0.16053138120986254,-0.02194428747259401,0.15238104835102062,0.009631035053596927,0.05298530396433196,0.0002508904721532161
0.22815000000000002,-2.460725887845164e-05,1.9585036336554736e-05,-0.15015194523595665,-0.032096424616413405,0.13331315239825306,0.02060360946314217,0.04818175473575478,0.00025478025366406265
0.22820000000000001,-3.177666309635587e-05,1.7742590149133528e-05,-0.1360265244765082,-0.041447821427832196,0.10941031693316043,0.034358438022269316,0.04216019642565657,0.0002572362410329039
0.22825,-3.8153304413269025e-05,1.5457502542812758e-05,-0.11850751948117781,-0.0497651796644616,0.08304297284643683,0.049531462140722855,0.03551778366827191,0.00025801487585913434
0.2283,-4.357809859433032e-05,1.2786781771319353e-05,-0.09803199357854171,-0.056840998164897474,0.056825954790020415,0.06461798144763756,0.028913240747112122,0.00025703894084217886
0.22835,-4.791570813512179e-05,9.797056886839706e-06,-0.0751107694501612,-0.06249874973876785,0.03335918980132875,0.07812187437818269,0.02300153653151794,0.0002544052193961182
0.22840000000000002,-5.1057918483467406e-05,6.56291541301443e-06,-0.05031568482709945,-0.06659728497731127,0.014969863781648218,0.08870396732698418,0.01836893137828764,0.00025037489576575756
0.22845000000000001,-5.2926337939347703e-05,3.1650425912300196e-06,-0.024265326515762277,-0.06903435383346553,0.003481635896981354,0.09531484018408233,0.01547483816944546,0.00024534765525274804
0.2285,-5.347435321486145e-05,-3.117915888581923e-07,0.002390402190788239,-0.06974915636730136,3.378726438528336e-05,0.09729889627900513,0.014606262487118219,0.00023982204616998035
0.22855,-5.2688292476326545e-05,-3.7808472039799393e-06,0.028986495247733238,-0.06872385975346684,0.004968239101314452,0.09445937798828359,0.01584934051173626,0.0002343460403390836
0.2286,-5.058776631001226e-05,-7.155578394091741e-06,0.054859434365794144,-0.06598404301469067,0.017795644581807744,0.08707787865129099,0.019080796875563397,0.00022946268995772197
0.22865000000000002,-4.7225178580890455e-05,-1.0351792501172308e-05,0.07936374252492427,-0.061598059022348946,0.03724391710289336,0.07588641750641568,0.0239801698810873,0.00022565627435268886
0.22870000000000001,-4.268441897377873e-05,-1.3289750500719792e-05,0.10188808718229173,-0.0556753290990543,0.0613843823621644,0.06199484540576006,0.030061591430196568,0.00022330427342938023
0.22875,-3.7078770195748134e-05,-1.589615633818356e-05,0.12187053193904099,-0.04836361330414055,0.08782304397875143,0.04678078183664883,0.036721970385706945,0.0002226399339996135
0.2288,-3.054808173545088e-05,-1.8105985500706445e-05,0.13881255551606234,-0.039845324008265535,0.11393799467165926,0.03175299690647324,0.04330080067377076,0.00022372913807426192
0.22885,-2.3255280953538043e-05,-1.9864107261218128e-05,0.15229148901162454,-0.030332975163287687,0.1371394294362208,0.018401787645132554,0.0491456633975254,0.00022646386997914744
0.22890000000000002,-1.538230835091261e-05,-2.112666006712649e-05,0.16197106052134994,-0.02006388046486702,0.15512647498377719,0.008051185986169449,0.05367692679074702,0.00023057292785553032
0.22895000000000001,-7.125578533898024e-06,-2.1862145801196754e-05,0.16760978447979846,-0.009294232877303993,0.16611536608686278,0.0017276552955511693,0.05644522800106166,0.00023564881873265804
0.229,1.3089199318971246e-06,-2.2052215595971575e-05,0.16906698623675098,0.0017072868601722396,0.16901634058359735,5.829656845833569e-05,0.05717603615562425,0.00024118816938426815
0.22905,9.710763515003837e-06,-2.1692127595993526e-05,0.1663063115678372,0.012666213273667595,0.16354171044637594,0.0032086591738806633,0.05579687741067919,0.00024664164547398836
0.2291,1.787034335845048e-05,-2.079086526413238e-05,0.15939663368718562,0.023309143504371452,0.1502343916897266,0.010866323418147637,0.052444522174335824,0.00025146842887207384
0.22915000000000002,2.5584094589202828e-05,-1.9370913255775615e-05,0.14851033495405902,0.03337055815395197,0.13041406364775995,0.02227188303012581,0.04745142163085248,0.0002551898501481223
0.22920000000000001,3.265957485344568e-05,-1.746769647913354e-05,0.13391900632714251,0.04259944545465645,0.1060462971536598,0.036294255060885,0.04131273877043123,0.0002574368580930738
0.22925,3.892026534308497e-05,-1.5128696305602718e-05,0.11598667166485913,0.05076556348654698,0.0795476299324563,0.05154284872213265,0.034637243316103565,0.0002579866180738174
0.2293,4.4209974615944315e-05,-1.2412266024074777e-05,0.09516070616512451,0.057665184277287014,0.05354591998100679,0.06650546955466939,0.02808694042889074,0.00025678461086240344
0.22935,4.8396735197873164e-05,-9.386175022521639e-06,0.0719606751580766,0.06312617634253656,0.030619742285306135,0.07969828279258045,0.022311419957299513,0.00025395003864921633
0.22940000000000002,5.137609597431862e-05,-6.125918103943753e-06,0.0469653721080447,0.06701229909539287,0.013042673046671723,0.08981296460100785,0.017883437044645387,0.00024976400457710056
0.22945000000000002,5.307372795010085e-05,-2.712832023550907e-06,0.02079837883070993,0.06922660167366981,0.002557820365956105,0.0958464475856989,0.015242112261826278,0.0002446416350996089
0.2295,5.344727869137082e-05,7.679336808334801e-07,-0.005887491575371568,0.06971384177265214,0.00020496120688734282,0.09720039469404756,0.014649384318207276,0.00023909091291421283
0.22955,5.248742884982925e-05,4.229541006623266e-06,-0.032426481067528705,0.06846186371896364,0.006217427292951893,0.09374053567747899,0.016164033700467446,0.00023366229985503678
0.2296,5.0218124739349586e-05,7.585629912850331e-06,-0.058156496019918964,0.06550190183801831,0.019998965736271752,0.08580998288794772,0.01963585349182186,0.00022889414860569214
0.22965000000000002,4.669598084948219e-05,1.0752472825718162e-05,-0.08243562501163262,0.06090780111154561,0.040182869083231654,0.07419520472487193,0.02472054525084781,0.0002252593138703429
0.22970000000000002,4.200886750471821e-05,1.3651063478419414e-05,-0.10465815335292172,0.05479417501280902,0.06476751097427313,0.060048032306686885,0.030913862972490394,0.00022311826037870882
0.22975,3.627371859964789e-05,1.6209087940184228e-05,-0.12426967421646112,0.04731354600279765,0.09131484620700589,0.044771432707176984,0.03760161876580731,0.00022268331493597145
0.2298,2.9633614424729308e-05,1.8362728729536815e-05,-0.14078092027181888,0.0386525405615044,0.11719219049996275,0.029880377837174853,0.04412059170073667,0.00022399761117938637
0.22985,2.225421201223413e-05,2.0058256889126274e-05,-0.1537799694894157,0.029027233062816578,0.13983330202995925,0.016851605185661436,0.04982429881018046,0.0002269308107225129
0.22990000000000002,1.4319612413543583e-05,2.1253372465046725e-05,-0.16294252223810493,0.018677755329824536,0.1569928745674221,0.006977170883215778,0.05414710673911301,0.00023119203017153575
0.22995000000000002,6.027767694114254e-06,2.191825974577143e-05,-0.16803999138835815,0.007862305691786125,0.16696920280386038,0.0012363170158218501,0.05666032496397224,0.00023635868642792935
0.23,-2.414457533800588e-06,2.2036331166107802e-05,-0.1689452056070246,-0.003149292427794665,0.1687729399776832,0.00019836085591529628,0.057114719123586934,0.00024191840542570677
0.23005,-1.0796446968094672e-05,2.1604641069174984e-05,-0.16563558153144448,-0.014082322128177272,0.16222521037319798,0.003966235930435025,0.05546522712808483,0.0002473198326240958
0.2301,-1.8909087081063492e-05,2.0633959257390992e-05,-0.1581936876339932,-0.02466402662049399,0.147975348764851,0.012166284182728724,0.051875428241892126,0.0002520273118270289
0.23015000000000002,-2.6549984033638542e-05,1.914850224539625e-05,-0.14680518388216846,-0.034630413954501046,0.1274365058443158,0.023985311413202016,0.04670132074133489,0.00025557400460981904
0.23020000000000002,-3.3528513059901314e-05,1.7185329174034665e-05,-0.1317541903242419,-0.04373284311639061,0.10264550724981375,0.03825123134085667,0.04045601803712162,0.0002576081878513549
0.23025,-3.967057406725969e-05,1.4793417189398904e-05,-0.11341619844865662,-0.05174422704173403,0.07606086233594127,0.053549300642930384,0.03375886323752968,0.0002579281323330861
0.2303,-4.4822935191850154e-05,1.2032439629473545e-05,-0.09224870381270221,-0.05846469807297882,0.05031895548849646,0.06836241841529146,0.02727400947254104,0.00025650210968703466
0.23035,-4.885705550936089e-05,8.97127724269759e-06,-0.06877979218343352,-0.06372659414060229,0.02797259715297056,0.08122157601522093,0.021644556027875746,0.0002534715375091557
0.23040000000000002,-5.1672291965128014e-05,5.686299791394108e-06,-0.043594965051487064,-0.06739864169234898,0.01123786317210192,0.09085153803947284,0.017428772661601685,0.00024913695612595506
0.23045000000000002,-5.319841014009293e-05,2.2594607590489862e-06,-0.01732253247102751,-0.06938923061721995,0.0017743277318672615,0.09629730651299469,0.015044736239368807,0.00024392822342657647
0.2305,-5.3397336507155586e-05,-1.2237472097683487e-06,0.009382061958549577,-0.06964869979283585,0.0005204843383407804,0.09701882765665144,0.014728870321685843,0.00023836188658885905
0.23055,-5.226410825395304e-05,-4.67642518218935e-06,0.035852593079610647,-0.06817057598524247,0.007600675938005062,0.09294454860319434,0.01651249915154344,0.00023298995606941942
0.2306,-4.9826997117494286e-05,-8.012435886090113e-06,0.06142867514314092,-0.06499173537367761,0.02231276389911735,0.08447851333764275,0.020218741260329492,0.00022834516324215468
0.23065000000000002,-4.6146804048424366e-05,-1.1148552659866407e-05,0.08547223707654966,-0.06019148354600238,0.04319775870639806,0.07246029382937351,0.025480050696145846,0.00022488812960497022
0.23070000000000002,-4.131534235237509e-05,-1.4006535786672263e-05,0.10738344104550444,-0.05388957698626183,0.06818450712495817,0.05808173015516481,0.03177466634482138,0.00022296168720258128
0.23075,-3.54531471496948e-05,-1.6515084419847368e-05,0.12661564723417226,-0.04624323541998921,0.09479508733524847,0.04276873644217089,0.03847835471538234,0.00022275688033593293
0.2308,-2.8706468243652737e-05,-1.861161538403405e-05,0.14268905128823414,-0.03744321945443747,0.12039054298308247,0.028039893662263286,0.04492631476441212,0.0002242940194583871
0.23085,-2.1243621517952656e-05,-2.024382451441489e-05,0.15520265461984606,-0.02770907155386857,0.14243258712099258,0.015355852927548168,0.05047910594122667,0.00022742066750013534
0.23090000000000002,-1.3250789769512355e-05,-2.137099151574893e-05,0.1638442682933566,-0.017283638836665907,0.15873532253515138,0.00597448342872612,0.054586061019479756,0.00023182675636476596
0.23095000000000002,-4.9273778474796776e-06,-2.196499587847665e-05,0.16839830173736914,-0.006427014592594375,0.16768201614870767,0.0008261303314684208,0.05683989560578031,0.00023707533685460693
0.231,3.5189620988436965e-06,-2.2011018397541042e-05,0.16875114104849961,0.004589950556813175,0.16838542931432107,0.00042135292227979155,0.05701709814868319,0.0002426459100216211
0.23105,1.1877511121830161e-05,-2.1507910912693507e-05,0.1648939836597191,0.015492405802950332,0.16077580499511118,0.0048002927512657825,0.055100095607033286,0.00024798604540322063
0.2311,1.9939740468344175e-05,-2.046822492228858e-05,0.15692305773279952,0.02600835712635728,0.14560778532451937,0.013528692808242792,0.05127899601765948,0.00025256616462104956
0.23115000000000002,2.7504513973412543e-05,-1.891789847889477e-05,0.1450372216577307,0.03587545300083138,0.12438557435593307,0.025740962560297224,0.045932735716432,0.0002559320599953611
0.23120000000000002,3.438310594972043e-05,-1.689560905293374e-05,0.12953300273221405,0.04484752949548515,0.09921376679973011,0.04022601803696821,0.03959150029919277,0.0002577499372945026
0.23125,4.0403909586978775e-05,-1.4451808654240782e-05,0.11079719966517922,0.05270075163006041,0.0725886367616344,0.055547384447466305,0.03288414657441112,0.00025783951898967225
0.2313,4.541671808365804e-05,-1.1647465103990214e-05,0.08929723245822627,0.05923919749842547,0.047150583417822474,0.07018565040514917,0.026475839010169373,0.0002561919209418662
0.23135,4.929647213322342e-05,-8.552541066272802e-06,0.06556948148934018,0.06429974625833504,0.025422284292407466,0.08268914737772541,0.021002085912220664,0.0002529705349349357
0.23140000000000002,5.1946379744149924e-05,-5.244248570751336e-06,0.040205905702374305,0.06775614749153644,0.009558522610504322,0.09181791045789679,0.017005716275380948,0.00024849482359557746
0.23145000000000002,5.330033116996184e-05,-1.8051227751116995e-06,0.013839274589953366,0.06952217109137551,0.0011324987336810094,0.09666664546516977,0.014883047862127725,0.0002432086411065459
0.2315,5.332454804318155e-05,1.679037153535511e-06,-0.012872618185626745,0.06955375831753738,0.0009798167249655408,0.096754505921888,0.014844584486189057,0.00023763621484713097
0.23155,5.201842624058415e-05,5.121308529618258e-06,-0.03926336541227185,0.06785012118582572,0.009115617975605218,0.09207277889862472,0.016894140561788878,0.0002323301595504175
0.2316,4.941455080243596e-05,8.435813704661254e-06,-0.06467457174597774,0.06445376191803763,0.02473307962892431,0.08308574850774156,0.020828462737212478,0.00022781667343424713
0.23165000000000002,4.557788313871045e-05,1.1539862538130701e-05,-0.08847227947609179,0.05944941279442681,0.04628342678307684,0.07068465363204315,0.026257386516197856,0.0002245433566702952
0.23170000000000002,4.0604140251295433e-05,1.4356015338049239e-05,-0.11006278426421386,0.052961922068404915,0.0716295235520394,0.056099303783595914,0.03264252852752115,0.00022283482192965594
0.23175,3.461740691163958e-05,1.6814014846331472e-05,-0.128907447167762,0.04515313945584674,0.09825781179031387,0.040776120054382865,0.039350677878776136,0.0002228605040291728
0.2318,2.7767039876291952e-05,1.885253897852208e-05,-0.1445361321758657,0.036217878102777504,0.123527579001613,0.026234693885353006,0.04571659109152159,0.0002246178557192905
0.23185,2.0223941845638497e-05,2.0420730726800315e-05,-0.15655893558013742,0.026379054587942465,0.14493283661425152,0.013917090419072967,0.05110896418283219,0.0002279326017173909
0.23190000000000002,1.2176297718368689e-05,2.1479466895882327e-05,-0.16467591287386144,0.015882127463493288,0.16035083715329268,0.005044839455332954,0.05499303847997915,0.00023247602027682011
0.23195000000000002,3.82487980275233e-06,2.200233418724829e-05,-0.1686845621051454,0.0049889736627240265,0.16825258621465614,0.0004977971641470797,0.056983632559831375,0.00023779754332696435
0.232,-4.621961060673455e-06,2.197628812036541e-05,-0.1684848755911077,-0.006028644856447107,0.16785447171350867,0.0007268911761033232,0.05688334028231758,0.00024336943823890473
0.23205,-1.2953493426285699e-05,2.1401978498923347e-05,-0.16408183515593333,-0.01689586098421214,0.15919597449331527,0.005709402367956441,0.05470210761147123,0.00024863914347005484
0.2321,-2.096186255222247e-05,2.0293733169490797e-05,-0.1555852876302248,-0.02734155984582582,0.1431357528257849,0.014951217896057498,0.050656246138368194,0.00025308406516338336
0.23215000000000002,-2.8447275972776292e-05,1.8679200598860533e-05,-0.14320720458362157,-0.03710514256763512,0.12126648993011521,0.027535832099290555,0.04514698170420407,0.0002562634030669892
0.23220000000000002,-3.522298788484211e-05,1.6598660075477386e-05,-0.12725639390425195,-0.04594302767155474,0.09575694832055935,0.04221523583258489,0.038720664953916,0.00025786186389676756
0.23225,-4.1119958106128056e-05,1.4104016845383259e-05,-0.10813079580255557,-0.053634727960479425,0.06913689495867509,0.057533680867892664,0.03201459013197184,0.00025772092929088043
0.2323,-4.5991069254965106e-05,1.1257507166052879e-05,-0.08630755492397235,-0.059988351198746875,0.044046225606445485,0.07197204559088391,0.025693794912541597,0.0002558545756028058
0.23235,-4.9714797042335654e-05,8.130145646764086e-06,-0.06233111660983936,-0.06484538744444562,0.02297316788103028,0.08409848545640532,0.020385109014119582,0.00025244788806033284
0.23240000000000002,-5.219824206371662e-05,4.799953579577876e-06,-0.036799644090074475,-0.06808466356033313,0.00800752510778935,0.0927104282424751,0.01661499184668357,0.0002478387060296323
0.23245000000000002,-5.3379447421392225e-05,1.3500124613364118e-06,-0.010350095519906217,-0.06962536620192777,0.0006334316914408315,0.09695383237505092,0.014757323810800003,0.0002424841194136136
0.2325,-5.3228944463405994e-05,-2.1336087133563916e-06,0.016357666823222324,-0.06942905799736536,0.0015821723430785091,0.09640788188803046,0.014996328811003663,0.000236915139674575
0.23255,-5.175048791943777e-05,-5.564000703204063e-06,0.04265733874160663,-0.06750063641897716,0.010759660983206581,0.09112671833933891,0.017308304847933186,0.00023168403930296953
0.2326,-4.8980962277575895e-05,-8.85558222638982e-06,0.06789279709035197,-0.06388821167103019,0.02725577121233844,0.08163407181044717,0.021463974565070484,0.00022730958371540143
0.23265000000000002,-4.4989461537070625e-05,-1.1926235036628192e-05,0.09143446862937056,-0.05868190635691016,0.04943459301309634,0.06887132267362346,0.02705122250811422,0.00022422558506314993
0.23270000000000002,-3.987556551564369e-05,-1.4699352614022654e-05,0.11269503672564632,-0.052011607201638846,0.07509666508259574,0.0541041456739514,0.03351596445628226,0.00022273788194957406
0.23275,-3.3766855470899e-05,-1.7105751326066472e-05,0.13114409351152345,-0.04404372453274008,0.1016970940782131,0.038796993414317804,0.040217095538066086,0.00022299400884843556
0.2328,-2.6815731270780746e-05,-1.9085396441397357e-05,0.1463213727289182,-0.03497704079638812,0.12659793041814432,0.024467867657443982,0.04649006838316662,0.00022496856601824736
0.23285,-1.9195609274283686e-05,-2.0588899843790044e-05,0.15784823214271024,-0.02503775123288108,0.14732977205545122,0.01253777973599276,0.0517127957415568,0.00022846573750814154
0.23290000000000002,-1.1096595987136282e-05,-2.1578752201092228e-05,0.16543710021318397,-0.014473820861428406,0.16183665395330657,0.004189829806574403,0.055367342724880315,0.0002331387110206654
0.23295000000000002,-2.720745266551967e-06,-2.2030258704504397e-05,0.16889865007087873,-0.0035487981792215323,0.16867993667942363,0.0002518793703369213,0.05709128989708082,0.0002385240701413807
0.233,5.72298250018721e-06,-2.1932155200188644e-05,0.16814652319974893,0.007464759774682866,0.16718097580978636,0.001114452769874468,0.056713674443808586,0.0002440877520785006
0.23305,1.4023933524261156e-05,-2.1286889158269456e-05,0.16319948354539515,0.0182920872001635,0.15748842237051072,0.006692009082767706,0.05427194422138257,0.000249278009364223
0.2331,2.197501602181061e-05,-2.011055866222822e-05,0.15418094973441748,0.0286630643685721,0.14056348152882214,0.01643142517993815,0.05000824429900466,0.0002535801273442347
0.23315000000000002,2.937786668321877e-05,-1.843251074249038e-05,0.14131591569258412,0.038318956541039076,0.1180845900954262,0.02936684860788083,0.04434540334724921,0.00025656746704124576
0.23320000000000002,3.6047799518988506e-05,-1.629460929236422e-05,0.12492533789541792,0.04701886893251362,0.0922809672356891,0.04421548071385789,0.037845002203647365,0.00025794377612806335
0.23325,4.1818413271884364e-05,-1.3750190571055846e-05,0.10541812771041277,0.054545756439905946,0.06571154367681735,0.05950479091203082,0.03115168193674242,0.0002575725662941809
0.2333,4.6545742942997124e-05,-1.0862732652931855e-05,0.08328095032432088,0.06071183861826412,0.04101119431999663,0.07371854696820292,0.024929215419074443,0.00025549065069460316
0.23335,5.011185125949215e-05,-7.704271708753034e-06,0.05906608309435816,0.06536328425017172,0.020629438930589456,0.08544717855937495,0.019794681128125487,0.00025190449130157717
0.23340000000000002,5.2427771129624014e-05,-4.353604905483539e-06,0.033377637592159164,0.06838404929865464,0.006587524782055162,0.09352756396961659,0.01625726797790952,0.00024716972588513064
0.23345000000000002,5.343572504556386e-05,-8.943245386160131e-07,0.006856488119311839,0.06969877179844314,0.0002779806253193894,0.09715837580422906,0.014667779229294887,0.0002417558981865095
0.2335,5.3110566640043756e-05,2.5872674000736462e-06,-0.019835716751007586,0.06927465214052818,0.002326520419015852,0.09597954858382371,0.015183843605625962,0.0002361998947065256
0.23355,5.146040792907087e-05,6.0043122952768405e-06,-0.04603306094225201,0.06712227121332712,0.012529991618448698,0.09010798585670884,0.0177542832779325,0.00023105270099039944
0.2336,4.852641702585338e-05,9.271561847740597e-06,-0.07108197418211597,0.06329532655887353,0.029876521709395403,0.08012596728388882,0.022124189199837326,0.0002268247615347519
0.23365000000000002,4.4381791001777344e-05,1.230750484453745e-05,-0.09435753715326914,0.05788929261414522,0.05264586501479885,0.06702340398732258,0.02786020023335952,0.00022393535856556315
0.23370000000000002,3.912992983488632e-05,1.5036400703731783e-05,-0.1152790720755128,0.051039038920178255,0.07857999853853595,0.05209966987790941,0.034393479398868956,0.00022267103270062684
0.23375,3.290185673885049e-05,1.7390169038184364e-05,-0.13332462930490468,0.04291546531751232,0.10510704878129712,0.036834743268372064,0.04107612504883631,0.00022315716632862612
0.2338,2.5852949434978112e-05,1.9310088130078396e-05,-0.1480440090070207,0.033721238399840446,0.12959634304224804,0.022742438384377478,0.04724542296339827,0.00022534554987720565
0.23385,1.815906378188359e-05,2.074825991560511e-05,-0.1590699926941157,0.02368573537536709,0.14961929174406938,0.011220281205438321,0.052289567332227796,0.00022901916260145217
0.23390000000000002,1.0012146530332749e-05,2.1668804940048037e-05,-0.16612750454522587,0.013059321568304694,0.16319023026844456,0.0034109175964877636,0.05570833317232125,0.0002338136943322324
0.23395000000000002,1.6154466470264428e-06,2.2048757486402443e-05,-0.16904047406405143,0.0021071043303183355,0.16896333627433194,8.879777317692561e-05,0.05716268340957502,0.0002392536741197819
0.234,-6.821555333825746e-06,2.1878638509671703e-05,-0.16773622857361906,-0.008897680863322203,0.16636609404620267,0.001583374494910603,0.05650839092643935,0.00024479962213461376
0.23405,-1.5088373426087744e-05,2.1162692135373305e-05,-0.16224730636683132,-0.019680487070203298,0.1556560706677456,0.007746431426408784,0.05381034156054616,0.0002499015499038259
0.2341,-2.297876737923843e-05,1.9918779761557005e-05,-0.1527106448324952,-0.029972305271138044,0.137895373132188,0.017966781665325785,0.04933609934011185,0.0002540535020376641
0.23415000000000002,-3.0295887966874896e-05,1.8177934469059376e-05,-0.13936416424907963,-0.039516375601727244,0.1148453198834157,0.031230878813935686,0.04352937237577924,0.00025684373187517535
0.23420000000000002,-3.685718794311899e-05,1.5983586789062787e-05,-0.1225408320389973,-0.048074592964571256,0.0887917717478044,0.046223329774184085,0.036966010499747105,0.0002579955337060971
0.23425,-4.249897627738728e-05,1.3390481228630696e-05,-0.10266035606670118,-0.05543344731341503,0.062318444525013665,0.061457341620983194,0.030296898658631218,0.0002573946842154508
0.2343,-4.7080501837367644e-05,1.0463310473646996e-05,-0.08021871361756772,-0.06140935021981453,0.03805068321356009,0.0754221658883967,0.024183408912174194,0.00025510076907336117
0.23435,-5.0487464930203074e-05,7.275101469953056e-06,-0.055775777914623445,-0.06585321512434235,0.0183951081141227,0.08673291884425824,0.01923181263060153,0.0002513412747929298
0.23440000000000003,-5.263486875224037e-05,3.905393523195826e-06,-0.029941350330312068,-0.06865417663264985,0.005300951586422773,0.09426791938214168,0.01593315682652621,0.00024648902808522844
0.23445000000000002,-5.346913998468489e-05,4.38253976564063e-07,-0.003359947131822333,-0.06974235650255835,6.675379490414842e-05,0.09727992581059886,0.01461456736104711,0.0002410252237710202
0.23450000000000001,-5.2969465236133676e-05,-3.039819113503668e-06,0.023305279884378263,-0.06909060683092003,0.0032115872002286077,0.09547023904529547,0.015406807997772732,0.00023549170402767624
0.23455,-5.114831039717596e-05,-6.442054917777743e-06,0.04938908772313146,-0.0667151874778761,0.014423580438793979,0.08901832480416311,0.018231312692870816,0.0002304372251313748
0.2346,-4.805110954401184e-05,-9.683574592557831e-06,0.07424073855740644,-0.06267536027794876,0.032590846418371996,0.07856401571941354,0.022807976881010383,0.00022636303671645766
0.23465,-4.375513153885638e-05,-1.2683508837194571e-05,0.09724023443744727,-0.05707191070907416,0.05591174757164185,0.06514405983969067,0.02868293536285301,0.0002236731739592787
0.23470000000000002,-3.836755224647616e-05,-1.5367015405578943e-05,0.11781378478387516,-0.05004463336767573,0.08207356316088478,0.05008930657810166,0.03527357175691776,0.0002226343887724701
0.23475000000000001,-3.202278080834275e-05,-1.7667146293481966e-05,0.1354481215961513,-0.04176884453976486,0.1084818406694971,0.03489272748374089,0.041926296410412706,0.00022334969726692835
0.2348,-2.487910630327819e-05,-1.9526517914448127e-05,0.14970330401689494,-0.032451008224627945,0.1325176859257927,0.02106135869589741,0.04798136227153436,0.0002257481623091966
0.23485,-1.7114748855645004e-05,-2.08987427544437e-05,0.160223694457798,-0.022323585471434544,0.1517974777379622,0.009966849366008869,0.052838291936312946,0.00022959192984407762
0.2349,-8.923413333666008e-06,-2.1749586587142352e-05,0.16674683050599853,-0.011639234786632986,0.1644092498405385,0.0027094357283673487,0.056015426326847514,0.00023449981523528267
0.23495000000000002,-5.094568525653146e-07,-2.2057822610590142e-05,0.1691099733492248,-0.0006645089456071736,0.1691022999810231,8.831442775839152e-06,0.05719769088876743,0.0002399851065816913
0.23500000000000001,7.917209535202261e-06,-2.181576094909438e-05,0.16725416727822515,0.010326795041910829,0.1654112208952878,0.0021328539167526817,0.05626784103137794,0.0002455038302913995
0.23505,1.6146357701009916e-05,-2.1029440562316075e-05,0.16122571097327745,0.021060466559629835,0.1537020549288582,0.008870865034185731,0.05331808951280546,0.00025050869793514054
0.2351,2.3972687171484964e-05,-1.971847852474222e-05,0.15117500202274678,0.03126872239439579,0.13513599341404114,0.01955466000355578,0.048640961473688356,0.00025450337927734575
0.23515,3.120094701113138e-05,-1.7915580680499548e-05,0.13735278520777933,0.040696887400313686,0.11155422235126079,0.033124732881476215,0.04270028514089016,0.00025709172434777857
0.23520000000000002,3.7650806857915124e-05,-1.5665725637943454e-05,0.12010389655510872,0.04910974807303623,0.08529533268646612,0.04823534711594171,0.03608519400283177,0.00025801704806704235
0.23525000000000001,4.316135589407589e-05,-1.3025042704484105e-05,0.09985866072169351,0.05629742072774032,0.058963403843833244,0.06338799161192411,0.029451702984049206,0.00025718758694693005
0.2353,4.75951171367256e-05,-1.0059411521850411e-05,0.07712215499094252,0.06208058756736427,0.03516975841239546,0.07707998705418367,0.02345765163902147,0.00025468559789143454
0.23535,5.084147730605238e-05,-6.8428185444289225e-06,0.052461608825113866,0.0663149703975435,0.016273998888562003,0.08795350597654142,0.018697466697519743,0.00025075920194736056
0.2354,5.281944632540832e-05,-3.4555112021587763e-06,0.026492252535039715,0.06889492998903182,0.004150007148637516,0.09493022756387193,0.015643213023341426,0.00024579777747651694
0.23545000000000002,5.347967791087031e-05,1.8004095204618392e-08,-0.0001380314134837475,0.06975610162339864,1.1265927595532628e-07,0.09731827427387837,0.014597779246423971,0.00024029334623932566
0.23550000000000001,5.280570062628205e-05,3.491070227271302e-06,-0.026764871758880385,0.0688770008184029,0.004235858130953577,0.09488082483476545,0.015664840445753444,0.0002347917795519637
0.23555,5.081432883315545e-05,6.877041278837186e-06,-0.0527239831544187,0.06627955935028337,0.01643718705975561,0.08785959975335472,0.01873857676233806,0.00022983866472806074
0.2356,4.755524319544759e-05,1.0091444179549846e-05,-0.07736773872783795,0.062028578085228374,0.03539410049628346,0.07695088998550548,0.02351416748954381,0.00022592519939063102
0.23565,4.310975124712215e-05,1.305408613352971e-05,-0.10008132703855425,0.05623011032695352,0.05922665195548403,0.0632365061476273,0.029518019965740196,0.00022343947965924012
0.23570000000000002,3.758875895109e-05,1.569105526968077e-05,-0.12029809041719143,0.049028816030261844,0.08557138068178663,0.048076496026585216,0.036154735520033315,0.00022262801305452295
0.23575000000000002,3.113000379318609e-05,1.7936564583245876e-05,-0.13751366181622157,0.0406043527797188,0.11181569466531499,0.03297426929319716,0.04276615476619188,0.0002235712721324566
0.2358,2.3894618548176016e-05,1.9734593203381694e-05,-0.15129854790306985,0.03116689376711214,0.13535696003988337,0.019427505341809072,0.0486966269964264,0.0002261757145795904
0.23585,1.606311131181336e-05,2.104028397685192e-05,-0.16130884382932942,0.0209518843265306,0.15386060266227178,0.008779629136646374,0.05335803056560693,0.00023018305913024542
0.2359,7.830862216913568e-06,2.1821062590244802e-05,-0.16729481319542416,0.010214168117988108,0.1654916267220988,0.0020865846068504946,0.05628809673521131,0.00023519589984206385
0.23595000000000002,-5.967509147925331e-07,2.2057450201810218e-05,-0.1691071182154907,-0.0007783707515011677,0.16909659002471564,1.2117220535849852e-05,0.057196252445376274,0.00024071711594412723
0.23600000000000002,-9.009476330705642e-06,2.1743549430812263e-05,-0.1667005456330026,-0.011751490857800556,0.16431799043496673,0.002761950747619401,0.055992436440824474,0.00024619917169102566
0.23605,-1.719743368769373e-05,2.0887191453701805e-05,-0.16013513447459823,-0.022431435238419003,0.15162971894722965,0.010063385737107716,0.05279603044696148,0.0002510984145350333
0.2361,-2.4956350162787058e-05,1.9509740663433047e-05,-0.14957467840723032,-0.032551761073688325,0.13229006438139043,0.02119234297996981,0.047924020288248215,0.00025492898948892414
0.23615,-3.209265659828649e-05,1.7645561634982158e-05,-0.13528263919610292,-0.04185998686329713,0.10821692937868539,0.035045170003908166,0.04185956043631215,0.000257311020301534
0.23620000000000002,-3.842831673408576e-05,1.5341161847632584e-05,-0.11761557414894036,-0.05012389138681273,0.08179763331345599,0.05024808975513999,0.03520406002804077,0.000258008282676994
0.23625000000000002,-4.3805268739951447e-05,1.2654031359791955e-05,-0.0970142404211145,-0.05713730705016853,0.055652162910596256,0.06529343713890476,0.02861754125980733,0.00025695162909076207
0.2363,-4.808936867370181e-05,9.651208610770813e-06,-0.07399259933147757,-0.06272526348465299,0.03237334985780063,0.07868917358438282,0.022753185549314575,0.00025424584773195354
0.23635,-5.1173736936879093e-05,6.4076078891415235e-06,-0.049124993811212055,-0.06674835252536793,0.01426974096950261,0.08910685129701583,0.01819255772845562,0.00025015926897236875
0.2364,-5.298142487737569e-05,3.004150426206009e-06,-0.02303181991570184,-0.06910620636146059,0.003136661003586935,0.09551335515345552,0.015387932730276967,0.0002450971569550305
0.23645000000000002,-5.3467334326338046e-05,-4.74254464210651e-07,0.003635950900163748,-0.06974000129530444,7.81712565789985e-05,0.09727335561338131,0.014617443619903999,0.00023956151810424715
0.23650000000000002,-5.261934287324721e-05,-3.9408276720110445e-06,0.030213012170330115,-0.06863392548882156,0.005397580443733732,0.0942123145601022,0.015957499392824363,0.0002341013189725661
0.23655,-5.045860613995029e-05,-7.309085268447738e-06,0.05603632040116456,-0.06581557322748499,0.01856736573298614,0.08663379358524878,0.01927520744599126,0.00022925804413109307
0.2366,-4.7039030130733596e-05,-1.0494996098896729e-05,0.08046163677515934,-0.06135525669648914,0.03828148691171933,0.07528935048584151,0.024241552557951573,0.00022551199871802583
0.23665,-4.2445926261417845e-05,-1.3419078182783648e-05,0.10287959940781535,-0.05536425164689811,0.06258490560274294,0.0613040072084212,0.030364025029888303,0.000223234675651763
0.23670000000000002,-3.6793883135203284e-05,-1.600838164475561e-05,0.1227309259561479,-0.04799202148618266,0.08906746544803094,0.04606468252660436,0.03703546275109757,0.0002226519161355315
0.23675000000000002,-3.022390767222012e-05,-1.819830863679379e-05,0.13952036622373892,-0.03942248827185959,0.1151029057713426,0.031082651630898135,0.04359426292704718,0.00022382151178045157
0.2368,-2.2899907373408962e-05,-1.993422495592166e-05,0.15282905800422011,-0.029869444406571667,0.13810930660735504,0.01784367418314551,0.04938999306838637,0.00022662747468432808
0.23685,-1.5004601097278034e-05,-2.1172823023944044e-05,0.16232497652313344,-0.019571218828009808,0.15580513602776372,0.007660652128276911,0.05384789382571318,0.00023079153889917148
0.2369,-6.73496063313716e-06,-2.1883202351640568e-05,0.1677712180331079,-0.008784731267539984,0.1664355085910708,0.0015434300688578928,0.056525877710953944,0.00023590075664493972
0.23695000000000002,1.7027033597530951e-06,-2.2047640419053157e-05,0.1690319098812659,0.002220917419662804,0.16894621617331768,9.864948369923374e-05,0.05715837053877168,0.00024144844955978275
0.23700000000000002,1.0097888378133672e-05,-2.1662034835916693e-05,0.16607560040720054,0.0131711587473913,0.16308827333940853,0.0034695884549796473,0.055682648369471247,0.00024688445613049113
0.23705,1.8241151679099575e-05,-2.073600567121773e-05,0.15897604347656244,0.023792806532364923,0.14944260897257633,0.011321952853730938,0.05224505772698338,0.000251669690556547
0.2371,2.5929335458909595e-05,-1.9292655467273538e-05,0.14791035857565124,0.033820872331941164,0.12936245598175045,0.022877028105869265,0.047186502563835844,0.00025532960390045134
0.23715,3.297063521213119e-05,-1.7367992864429264e-05,0.1331546119518145,0.04300517635855751,0.10483915186791548,0.03698890387261267,0.041008636948968495,0.0002575012445449778
0.23720000000000002,3.918938487606137e-05,-1.5010034269794383e-05,0.11507692939028663,0.05111658896441079,0.07830465896149989,0.052258113347130465,0.0343241163578636,0.0002579692521376887
0.23725000000000002,4.4430439334212266e-05,-1.227760594055634e-05,0.09412831219403024,0.05795274695366555,0.052390388050967594,0.06717041758951184,0.027795840951420417,0.00025668721464313743
0.2373,4.8563044961020166e-05,-9.238876386969406e-06,0.07083138561852272,0.06334310212061307,0.02966624285244848,0.08024697172524833,0.022071216136066985,0.00025378227091922697
0.23735,5.14841016893306e-05,-5.969655715986307e-06,0.04576736046819534,0.06715317611501403,0.012385764114026384,0.09019098124668183,0.017717949755453734,0.00024954250273267895
0.2374,5.3120735097167266e-05,-2.551504311304322e-06,0.019561533036569833,0.06928791534383838,0.0022626472240470734,0.09601630425389827,0.015167752787566368,0.0002443883653759948
0.23745000000000002,5.343211453623646e-05,9.30301920178837e-07,-0.007132314743227883,0.06969406243984365,0.00030079601083492956,0.0971452467873765,0.014673526845299406,0.00023883099191140568
0.23750000000000002,5.241047170849014e-05,4.388899016764011e-06,-0.033648225812216805,0.06836148483906136,0.006694766159006476,0.09346585218802433,0.016284284028823516,0.00023342150380459718
0.23755,5.008129453420275e-05,7.738002036383843e-06,-0.05932468229989871,0.06532342765730391,0.02081047123619261,0.08534300401798034,0.01984028646266488,0.0002286963571044644
0.2376,4.6502691217098705e-05,1.0894057689350978e-05,-0.08352110896729933,0.0606556842001103,0.04124806467334988,0.0735822405156702,0.024988887363605508,0.00022512414181204002
0.23765,4.1763940625310314e-05,1.3778328828411578e-05,-0.10563385437027559,0.05447470517046044,0.06598076180390756,0.0593498700681718,0.03121950288846695,0.00022305911268374418
0.23770000000000002,3.5983264902402684e-05,1.6318858766840078e-05,-0.12511125055783845,0.046934693356116705,0.09255583488034567,0.04405730880865411,0.03791424635359058,0.00022270605729062686
0.23775000000000002,2.9304880131291763e-05,1.8452266472658252e-05,-0.14146737630297898,0.038223756701196834,0.11833784885141399,0.029221111527045797,0.04440920384515419,0.00022409998816947041
0.2378,2.189539837631159e-05,2.0125327766551647e-05,-0.15429417955095212,0.028559215278612996,0.14077001577790343,0.01631257554660324,0.05006027401859339,0.00022710266973810904
0.23785,1.3939671101282916e-05,2.129630319330718e-05,-0.16327165782130273,0.01818217970585672,0.15762775032036616,0.0066118331771213585,0.05430704347200133,0.00023141632800641418
0.2379,5.636177467430845e-06,2.19359792923387e-05,-0.16817584124500515,0.007351535832186774,0.16723928030177956,0.0010809015818385216,0.056728362394206124,0.00023661317963010316
0.23795000000000002,-2.8079272978339955e-06,2.2028397463158746e-05,-0.16888438055037616,-0.003662513858550199,0.16865143577725183,0.00026828015528144534,0.057084110011060764,0.00024217785602195384
0.23800000000000002,-1.1181980001615201e-05,2.1571252047605854e-05,-0.1653795990314706,-0.014585191301351781,0.16172417398688552,0.004254556105940554,0.05533900696751106,0.0002475585110707291
0.23805,-1.9277065121199352e-05,2.057594790439904e-05,-0.15774893392617226,-0.02514399797653082,0.14714446768503636,0.01264441268487572,0.051666114212419074,0.0002522215485026703
0.2381,-2.6891226778490217e-05,1.9067315825980035e-05,-0.14618275466537883,-0.03507551318651472,0.12635817808365385,0.024605832505947365,0.04642967039900878,0.00025570453717460194
0.23815,-3.38345071999492e-05,1.7082993124089083e-05,-0.13096961393933423,-0.04413196590733687,0.10142666996936989,0.03895260829692687,0.040148970795375535,0.0002576620714745271
0.23820000000000002,-3.9933685668129125e-05,1.4672484582723733e-05,-0.11248904846714136,-0.052087416087164454,0.07482238694013985,0.05426197829274797,0.033446868793997955,0.0002579000233543341
0.23825000000000002,-4.50366001633795e-05,1.1895927491036776e-05,-0.09120211075036358,-0.058743391514065615,0.049183660898063156,0.06901572093149592,0.026988008150367556,0.00025639479574246374
0.2383,-4.90159433379391e-05,8.822591269267274e-06,-0.06763986639203567,-0.06393383913492426,0.027053069890492575,0.08175071573060745,0.021412910410655996,0.0002532956607756312
0.23835,-5.177243873302824e-05,5.5291493970540564e-06,-0.04239014536121591,-0.0675292679114124,0.010625292243597212,0.09120404049302623,0.017274454921443964,0.0002489099582897019
0.2384,-5.3237317380670057e-05,2.0977665239357565e-06,-0.016082876673422612,-0.06943997919181567,0.0015294614517920439,0.09643821420319587,0.014983049974664422,0.00024367261565059827
0.23845000000000002,-5.3374033572944745e-05,-1.3859513433496977e-06,0.010625626982725686,-0.06961830466132113,0.0006676059582213539,0.09693416687833054,0.014765932929301638,0.00023810301743022603
0.23850000000000002,-5.2179176497687684e-05,-4.835092552377418e-06,0.03706904291368355,-0.06805979543304462,0.008125195488314134,0.09264271508775762,0.016644635148236667,0.00023275349736448124
0.23855,-4.968255542018822e-05,-8.16360806585249e-06,0.06258766185452536,-0.06480333315982445,0.02316266507198729,0.08398943977246406,0.020432846798702425,0.00022815456453056043
0.2386,-4.594645592815342e-05,-1.1288458210714574e-05,0.0865448462949262,-0.059930159909403716,0.0442887572719628,0.07183248133533401,0.025754893040724904,0.00022476229237592402
0.23865,-4.1064086094170366e-05,-1.4131684352236293e-05,0.10834291338125646,-0.05356185143203072,0.06940840937786065,0.05737743857653862,0.032082989546357674,0.00022291309074922995
0.23870000000000002,-3.515725107886266e-05,-1.6622353796837778e-05,0.12743804578901752,-0.04585728402192725,0.0960305195621545,0.042057809957354086,0.038789582522650565,0.00022279034386769262
0.23875000000000002,-2.8373314367037655e-05,-1.8698329422436313e-05,0.1433538589158573,-0.037008670919759915,0.12151498807693824,0.027392834464941663,0.045209582901876294,0.0002244062244727221
0.2388,-2.0881521342998298e-05,-2.030781987391522e-05,0.15569328570892607,-0.027236766976993315,0.1433345344781636,0.01483682950718067,0.05070632285575967,0.00022760048663935954
0.23885,-1.2868776957545938e-05,-2.141067164438788e-05,0.1641484826127262,-0.016785361255920322,0.15932532655380516,0.005634967049835021,0.0547346937455962,0.0002320563571012524
0.2389,-4.5349828388438045e-06,-2.1979370836447373e-05,0.16850850974868165,-0.005915195015584088,0.16790156645002252,0.0006997906414478167,0.056895204311660244,0.00023733194977985385
0.23895000000000002,3.911949849759258e-06,-2.1999729560245367e-05,0.16866459329563432,0.005102543275344786,0.1682127532265575,0.000520718957535326,0.056973597906793766,0.0002429040870005105
0.23900000000000002,1.2261287371363435e-05,-2.1471239912400688e-05,0.16461283932465964,0.0159929835201379,0.16022802670132913,0.005115510437508049,0.05496210030667863,0.0002482201831450377
0.23905,2.030473078330764e-05,-2.040708662676548e-05,0.15645433080001447,0.026484431450168273,0.14473922769752798,0.014028502184773247,0.05106019057987671,0.000252753043840232
0.2391,2.784161258856169e-05,-1.8833818163002145e-05,0.1443926059029974,0.036315146846835095,0.123282371764009,0.026375797810143937,0.045654818950438235,0.0002560531479643129
0.23915,3.468390294559652e-05,-1.6790684350729985e-05,0.12872858001269347,0.045239873402328705,0.0979853232328225,0.04093292290917456,0.03928203306054503,0.0002577932258288518
0.23920000000000002,4.066090068856206e-05,-1.432865722089477e-05,0.10985303867475665,0.0530359574145014,0.0713567762704774,0.05625625557745612,0.03257381854877358,0.00025780071514190325
0.23925000000000002,4.5623491892063316e-05,-1.150915931853763e-05,0.08823688809731453,0.059508902465018734,0.04603746892326599,0.07082618945182226,0.026195425259969353,0.00025607487292526654
0.2393,4.944787005678802e-05,-8.402531373421498e-06,0.06441940717545272,0.06449722181074581,0.024538302729379145,0.0831978324260909,0.020779394905587174,0.0002527868502647267
0.23935,5.2038624719114146e-05,-5.086277408024575e-06,0.03899479345025822,0.06787646702399282,0.008991337938609173,0.09214429551318369,0.016862832159434155,0.00024826271823664287
0.2394,5.333112186782074e-05,-1.6431311997896539e-06,0.012597339177276578,0.06956233287135836,0.000938358338614488,0.09677836309011328,0.014834140372211688,0.00024295113277724117
0.23945000000000002,5.3293116302410485e-05,1.8410077814743283e-06,-0.014114393002930478,0.06951276039510983,0.0011779734014105842,0.09664047715495899,0.014894503752926194,0.0002373788405387618
0.23950000000000002,5.192555621634509e-05,5.279217373648506e-06,-0.04047399988455457,0.06772898637192314,0.009686420637241148,0.091744311899363,0.017037936118214296,0.00023209844290733014
0.23955,4.926255941491755e-05,8.58572126116687e-06,-0.06582386301487939,0.06425551228272257,0.025619922096412173,0.08257541717430221,0.021051874460548545,0.0002276335936902684
0.2396,4.5370562261413495e-05,1.1678028919451803e-05,-0.08953155506786732,0.059178994259516414,0.04739836138626629,0.07004306723135753,0.026538258790444746,0.00022442706973004007
0.23965,4.034666211671197e-05,1.4478993574372727e-05,-0.11100561740959675,0.05262608102353819,0.07286198284863267,0.055390088077920126,0.032953007404659555,0.0002227968598961044
0.23970000000000002,3.431619507543216e-05,1.6918736882087246e-05,-0.12971031610912118,0.044760254452679435,0.09948557348684638,0.04006960757337218,0.03965997334626211,0.0002229046315962832
0.23975000000000002,2.742960895763937e-05,1.8936392211209727e-05,-0.14517900695880243,0.035777750816888096,0.12462888664882184,0.025600949070306737,0.04599403048363401,0.0002247396967473842
0.2398,1.9858710059935117e-05,2.0481623191296323e-05,-0.15702577780789898,0.025902665302613363,0.14579847416484018,0.013418961395584206,0.05132703400168895,0.00022812007334941872
0.23985,1.1792376852377205e-05,2.1515879447098106e-05,-0.16495507576620308,0.015381361115473086,0.16089495979898916,0.004731725395291749,0.05513011285136136,0.00023271053100372597
0.2399,3.4318478993520245e-06,2.2013358408965986e-05,-0.16876908113803202,0.004476323354165505,0.16842123363719141,0.0004007494154209503,0.05702611790866441,0.0002380558369067545
0.23995000000000002,-5.014298656669687e-06,2.1961648978100767e-05,-0.1683726421677409,-0.0065403895479121295,0.1676309192235212,0.0008555339087687647,0.05682702334740755,0.00024362589978684093
0.24000000000000002,-1.3335348693757401e-05,2.136204121206374e-05,-0.16377564928959498,-0.017393933072064088,0.15860239168355153,0.006050978154308897,0.05455257332360316,0.0002488683398915689
0.24005,-2.1323708979095947e-05,2.022949408951235e-05,-0.15509278801820223,-0.027813533446813508,0.14223100495597066,0.015471852855940273,0.05042832371890907,0.0002532632671277287
0.2401,-2.8780086231741683e-05,1.859226236192543e-05,-0.14254067809962226,-0.03753924290523344,0.12014030035092363,0.02818389515796238,0.04486327409989462,0.0002563748392628964
0.24015,-3.5518459031949246e-05,1.6491191609582735e-05,-0.12643246900445637,-0.04632842482156231,0.09452100060538185,0.04292645892894301,0.038409307276467096,0.00025789448316859676
0.24020000000000002,-4.137071874872134e-05,1.3978699274204224e-05,-0.10717002775686993,-0.05396180705957567,0.06791375736739907,0.05823753242269741,0.03170645956222115,0.0002576714969199132
0.24025000000000002,-4.619086341725655e-05,1.1117466903788078e-05,-0.08523391291882795,-0.06024895228073833,0.04295719599737994,0.07259872501853368,0.025419448575688744,0.0002557279936651938
0.2403,-4.985864027675292e-05,7.978876414954356e-06,-0.06117138583283124,-0.06503300905461377,0.022126244714808282,0.08458584533394956,0.020171753689510647,0.00025225670970509983
0.24035,-5.228254576672887e-05,4.641229235105126e-06,-0.035582757453579625,-0.06819462491213892,0.0074866972776434955,0.09301013733814634,0.016483785856722503,0.000247601890226871
0.2404,-5.34021083949023e-05,1.1877928538661523e-06,-0.009106411862780413,-0.06965492399350139,0.0004903494012535115,0.0970361687308091,0.01472127878365054,0.00024222515111813235
0.24045000000000002,-5.318939735582325e-05,-2.2952765361036754e-06,0.017597120127623753,-0.06937747481320812,0.001831024983089357,0.09626468022914654,0.01505901930794402,0.0002366597005669795
0.24050000000000002,-5.164971935592884e-05,-5.7210834588045e-06,0.04386163986773654,-0.06736919916224815,0.01137576997712321,0.09077217991525313,0.017463513891062002,0.00023145746118502297
0.24055,-4.882148622285961e-05,-9.004161020121851e-06,0.06903190117256647,-0.06368019942495716,0.028178037373783577,0.08110335597604629,0.02169631015540491,0.00022713433615918218
0.2406,-4.47752565986787e-05,-1.2062603131620399e-05,0.0924799573577108,-0.05840250861130413,0.0505715557289395,0.06821706024186906,0.02733764406204837,0.00022411904732449052
0.24065,-3.961197566614823e-05,-1.4820107903493988e-05,0.11362082727733652,-0.05166779435397139,0.07633557239172248,0.05339121946808556,0.03382806770258551,0.00022271061927275367
0.24070000000000003,-3.346045674139834e-05,-1.7207881213018086e-05,0.13192708931181366,-0.04364407401631415,0.10291508424434244,0.03809610393483016,0.040523929378799034,0.000223048724889639
0.24075000000000002,-2.6474167683105195e-05,-1.916635299264278e-05,0.14694203962187954,-0.03453152307342672,0.12767421603375997,0.023848521715412033,0.04676120427378784,0.00022509983459500013
0.24080000000000001,-1.8827402144050205e-05,-2.0646663359691778e-05,0.1582910857652633,-0.02455748106412918,0.14815761848806433,0.012061397524301264,0.05192134529413707,0.00022866054081650537
0.24085,-1.071093132979159e-05,-2.161188159811899e-05,0.16569109225696826,-0.013970780004372404,0.16233396412402523,0.0039036538786114358,0.05549262418840605,0.00023337773048912687
0.2409,-2.3272446290597018e-06,-2.203792747370128e-05,0.16895744396756582,-0.0030355364796301534,0.16879739263206167,0.0001842896343833085,0.05712087918926378,0.0002387836023860411
0.24095000000000003,6.114502079500518e-06,-2.191417201905814e-05,0.1680086521439738,0.007975437486490756,0.1669069294866005,0.0012721520620184398,0.056644637199772356,0.0002443420593854689
0.24100000000000002,1.4403704431373624e-05,-2.1243702672638513e-05,0.16286838715403565,0.01878744055613093,0.15685005080695927,0.007059358453003064,0.05411112683626415,0.00024950187226618773
0.24105000000000001,2.2333563746437618e-05,-2.0043246285314074e-05,0.15366488817664486,0.029130735313135404,0.13962409166545428,0.01697199479767908,0.0497715949363334,0.00025375134545413305
0.2411,2.9706246194184762e-05,-1.8342751783219534e-05,0.1406277636664726,0.03874727764035124,0.11693734071185041,0.03002703049076926,0.044056390401281925,0.00025666906081175164
0.24115,3.633781841244681e-05,-1.6184643050176543e-05,0.12408226336925805,0.047397154445157366,0.09103963039339875,0.04492980498996202,0.03753228691417014,0.0002579656704877274
0.2412,4.206283616952269e-05,-1.3622760480777542e-05,0.10444116368295435,0.05486456891480192,0.0644992220630626,0.060202418444140975,0.030846276109520475,0.00025751259002319816
0.24125000000000002,4.6738471992926655e-05,-1.0721017835564949e-05,0.08219447005558106,0.060963224335423956,0.039948113190220805,0.07433029442742456,0.024661405979549307,0.0002553547516151825
0.24130000000000001,5.0248078261924594e-05,-7.55180765929277e-06,0.05789719204976697,0.0655409716448501,0.019821023444811802,0.08591237928302088,0.019591026586948328,0.00025170614642202504
0.24135,5.250409750412542e-05,-4.194195292131437e-06,0.03215549722157926,0.06848360543941133,0.006113945051988711,0.09380008427961939,0.016137964645076892,0.0002469286050065894
0.2414,5.345024659886436e-05,-7.319463052181223e-07,0.005611588332498148,0.06971771295490597,0.00018620128719851471,0.09721118999325329,0.014644658346214852,0.00024149591307779408
0.24145,5.3062921095610315e-05,2.7485632472479994e-06,-0.021072318247011133,0.06921250577843545,0.0026256431784259667,0.09580741912259921,0.015259198060996518,0.00023594682800357974
0.24150000000000002,5.135178394010637e-05,6.160501753995655e-06,-0.047230513456805595,0.06698058774916568,0.013190352637895046,0.08972798270447369,0.01792064020845804,0.00023083164912211102
0.24155000000000001,4.8359524544901644e-05,9.418748309973045e-06,-0.07221040372679138,0.06307764071450743,0.030832633359455835,0.07957577516216971,0.022365051087097867,0.00022665764614348774
0.2416,4.416079364808268e-05,1.2442016306919689e-05,-0.0953887916935625,0.057601035194808366,0.053802910229535476,0.06635758511027104,0.02815168092805637,0.000223838752309225
0.24165,3.886034105053094e-05,1.5154881381755746e-05,-0.11618742394032476,0.050687401375432435,0.07982323380652588,0.0513842531638838,0.03470667293836008,0.00022265451606440163
0.2417,3.2590402207352796e-05,1.7489663078023906e-05,-0.13408741694082843,0.042509220274496815,0.10631318313886161,0.03614067616691382,0.0413799721887642,0.00022322237716631353
0.24175000000000002,2.5507399316571533e-05,1.9388113361522275e-05,-0.14864220244793536,0.0332705208540211,0.13064576484348475,0.022138551157957063,0.04750979137083956,0.0002254860213504265
0.24180000000000001,1.778803884400493e-05,2.0802869765185267e-05,-0.15948866820685875,0.02320178980248206,0.1504079303937658,0.01076646100077121,0.05248823972291064,0.00022922096415516188
0.24185,9.624903089593451e-06,2.1698637006536774e-05,-0.16635621705487408,0.012554221428122637,0.1636398769364039,0.0031521695133266718,0.05582160733261576,0.00023405681348530615
0.2419,1.221645637225441e-06,2.2053067517599175e-05,-0.1690735176372847,0.001593450837853892,0.16902939973047268,5.078171145314541e-05,0.05717932598920842,0.00023951400081797028
0.24195,-7.2120893819572636e-06,2.1857318981912923e-05,-0.16757277886074565,-0.0094070731000955,0.1660420228338721,0.0017698604862108071,0.05642675150315635,0.0002450513399808454
0.24200000000000002,-1.546589748281871e-05,2.1116274924735422e-05,-0.16189144108689812,-0.02017290975398673,0.15497400272985803,0.00813892575884986,0.05363851625821269,0.0002501196961246343
0.24205000000000002,-2.3333862991996835e-05,1.9848422885089885e-05,-0.1521712421130285,-0.03043547346181939,0.1369229487774184,0.018526360896902246,0.049091127986979205,0.0002542164432424974
0.2421,-3.061969622051034e-05,1.8085393184722018e-05,-0.13865468107259932,-0.039938734194575456,0.11367897387658711,0.03190204978129901,0.04323554863388332,0.0002569353092156114
0.24215,-3.714163048812668e-05,1.5871169816102306e-05,-0.12167896857929013,-0.04844560497982294,0.08754716998118688,0.04693953283722091,0.03665247271462288,0.0002580066655803924
0.2422,-4.2736956847912276e-05,1.326099313918156e-05,-0.10166761404899513,-0.055743856753461225,0.061119013450260974,0.06214755131500809,0.02999474019008208,0.0002573242666276252
0.24225000000000002,-4.726608330675786e-05,1.031998173227822e-05,-0.07911985993318206,-0.061651413005986595,0.037015369739945875,0.07601793451269466,0.023922594648596897,0.00025495578532605556
0.24230000000000002,-5.061601741727437e-05,7.121507835840039e-06,-0.054598226719691265,-0.06602089228140393,0.01762658369746801,0.08717516435265482,0.01903820737476784,0.0002511361028228554
0.24235,-5.27031851369765e-05,3.745366844541243e-06,-0.02871447912512432,-0.06874328496056742,0.004875430362410022,0.09451278454339548,0.015825960304363725,0.00024624401470266835
0.2424,-5.3475515909448136e-05,2.7578659200672294e-07,-0.002114363849597338,-0.06975067292623309,2.6434464796155958e-05,0.09730312747324692,0.014604410189964005,0.00024076466678759847
0.24245,-5.291374163794765e-05,-3.2006739738328274e-06,0.02453850048299861,-0.06901792387706478,0.0035604682096801385,0.09526947632600617,0.01549469746080917,0.00023524144276432593
0.24250000000000002,-5.1031877462195256e-05,-6.59728425340837e-06,0.05057917929678139,-0.06656331843237977,0.015127063453393689,0.08861350721460776,0.01840853283886308,0.00023022207782342688
0.24255000000000002,-4.787687203941687e-05,-9.829305748251085e-06,0.07535801075250181,-0.06244809396799939,0.0335791674228824,0.07799528880472165,0.023056952889856604,0.00022620433942990652
0.2426,-4.352743633365957e-05,-1.281610611785749e-05,0.09825681359020985,-0.05677491696360188,0.057086895325839826,0.06446782392447778,0.028978976422474163,0.00022358666460478338
0.24265,-3.809207987469643e-05,-1.5483170780477915e-05,0.11870430932862276,-0.049685321580183815,0.08331899892783869,0.04937262361052559,0.035587319647949554,0.00022262864647311533
0.2427,-3.170640373817975e-05,-1.7763961921285903e-05,0.13619037474334153,-0.04135617879679049,0.10967405527030573,0.03420667049344206,0.04222663691947991,0.0002234252914208405
0.24275000000000002,-2.452971750071838e-05,-1.960157844410517e-05,0.15027876807877866,-0.031995283700949846,0.13353844811765256,0.02047396358208534,0.04823851080786349,0.0002258975963350669
0.24280000000000002,-1.6741064856909442e-05,-2.0950175577667647e-05,0.16061801276915552,-0.02183617156074162,0.15254555909765882,0.009536367768602824,0.05302674721711564,0.00022980038442463064
0.24285,-8.534756793289772e-06,-2.1776108560687478e-05,0.16695016563632242,-0.011132291473936181,0.16481046356537238,0.0024785582692134437,0.056116499352373,0.00023474661806813409
0.2429,-1.1552395809714438e-07,-2.205877206491799e-05,0.169117252498485,-0.00015068343165461524,0.16911685792791775,4.541099315042221e-07,0.05720135830176239,0.00024024578236088372
0.24295,8.306590961384386e-06,-2.1791114197548318e-05,0.16706520884897808,0.010834683858106816,0.16503767936346914,0.002347807486102408,0.056173739138420685,0.0002457525279536735
0.24300000000000002,1.6521473386869058e-05,-2.0979812490998984e-05,0.1608452290921029,0.021549747888519974,0.1529774578220922,0.009287832681175421,0.05313555034555843,0.0002507207542727954
0.24305000000000002,2.432417874572362e-05,-1.964510725288227e-05,0.15061248893725465,0.03172718966467834,0.1341321986223643,0.020132291280369443,0.04838808733980472,0.0002546577647850325
0.2431,3.1520045476560475e-05,-1.7820296671753677e-05,0.13662227447202246,0.04111310278950511,0.11037077564161904,0.033805744419608263,0.04240215342675852,0.00025717312870634926
0.24315,3.792955135415284e-05,-1.5550906032007664e-05,0.11922361291225653,0.049473327851555324,0.08404959579935169,0.04895220337414959,0.035771370257825605,0.0002580173984008048
0.2432,4.339279232162068e-05,-1.2893552019463635e-05,0.0988505654688146,0.05659929432881335,0.057778915819153925,0.06406960237039286,0.029153308942567735,0.00025710684859562015
0.24325000000000002,4.777347162061881e-05,-9.914530179362178e-06,0.0760113980367283,0.062313223851325525,0.03416398425698477,0.07765875733490808,0.0232042788632321,0.0002545317775455426
0.24330000000000002,5.0962300275224584e-05,-6.688161041011878e-06,0.051275901298564824,0.06647256557477736,0.015546680665590546,0.08837203948186154,0.018514242030239554,0.0002505475539753959
0.24335,5.2879723484106405e-05,-3.2949359251892002e-06,0.025261175416614948,0.06897355236996475,0.003773272596891046,0.09514701853064539,0.015548306746454792,0.00024554929080236284
0.2434,5.347790547591206e-05,1.8049111892211477e-07,-0.0013837652620381832,0.0697537897517735,1.1322332939393482e-05,0.09731182369469243,0.01460060316680471,0.0002400326632260637
0.24345,5.2741922808157995e-05,3.6514152785431125e-06,-0.02799418381442728,0.0687938123594965,0.004633900372327028,0.09465177237907227,0.015765114511732726,0.00023454475191315148
0.24350000000000002,5.0690136765558017e-05,7.031244075738313e-06,-0.053906204597197166,0.06611756969691655,0.01718258824415826,0.08743066045253237,0.018926356856029614,0.00022962979012032233
0.24355000000000002,4.737373520937049e-05,1.0235657676119927e-05,-0.07847337553007425,0.06179182853686085,0.03641293960059043,0.07636460147857621,0.023770831555954545,0.0002257751917145274
0.2436,4.287545560465573e-05,1.318471249863641e-05,-0.1010827958374635,0.05592450731499385,0.06041789128558684,0.06255101036849602,0.02981811478391106,0.00022336321517407097
0.24365,3.7307520844502456e-05,1.5804835640258768e-05,-0.12117040658918653,0.048661983715958285,0.08681688568924605,0.04735977318344378,0.03646850084349412,0.00022263305479275857
0.2437,3.080883954361312e-05,1.8030660373280075e-05,-0.13823506287303114,0.04018544288902108,0.11299194933092606,0.032297396403735495,0.04306247467558207,0.000223657120168776
0.24375000000000002,2.3541540545881975e-05,1.9806656912915937e-05,-0.1518510363422751,0.030706357241532384,0.13634731583398202,0.018857607500892166,0.04894611560157973,0.00022633385536060082
0.24380000000000002,1.5686928133563893e-05,2.1088517765047164e-05,-0.1616786362053028,0.020461210615868537,0.1545668465678074,0.008373222797338627,0.053535946230014085,0.00023039780995964452
0.24385,7.4409588653843604e-06,2.1844263120967132e-05,-0.1674726839310773,0.0097055985285455,0.16584372091603422,0.0018839728559460916,0.05637679565454896,0.0002354459639685656
0.2439,-9.906471468159208e-07,2.2055038670362463e-05,-0.16908862980745504,-0.001292148445376654,0.1690596175314133,3.3392952097786083e-05,0.05718693840313981,0.0002409776946720318
0.24395,-9.397538535001442e-06,2.1715585998882375e-05,-0.16648615932192176,-0.012257658950710338,0.1638956177885604,0.003005004059038585,0.05588603310038442,0.0002464444235516185
0.24400000000000002,-1.7569980505052324e-05,2.0834373752886514e-05,-0.15973019876788305,-0.022917365869680836,0.15086383261232197,0.01050411316809624,0.052603089772069296,0.0002513040180594239
0.24405000000000002,-2.530408730892053e-05,1.94333863868612e-05,-0.14898929562037722,-0.033005331264374355,0.13125661687233825,0.021787037837421745,0.04766367609452557,0.0002550745550741737
0.2441,-3.240690874430051e-05,1.754757566805804e-05,-0.13453141344634048,-0.04226988096560806,0.10701840711461236,0.035734856736933496,0.04155763091828042,0.0002573821123371355
0.24415,-3.870124392569956e-05,1.5223988737577885e-05,-0.11671724697009261,-0.050479883375544314,0.08055289306271719,0.050964372512171105,0.03489048735738085,0.0002579978509446582
0.2442,-4.403006200558396e-05,1.2520594339046283e-05,-0.0959912232560747,-0.0574305156564662,0.05448464487496149,0.06596528257135219,0.02832342227009798,0.0002568607081639841
0.24425000000000002,-4.826041987315693e-05,9.504836658145399e-06,-0.0728704143590455,-0.06294837374469536,0.03139883613963693,0.07924995514203705,0.022507687849023524,0.00025408345411661893
0.24430000000000002,-5.128677869654934e-05,6.25195268796494e-06,-0.04793163726477683,-0.06689579829870337,0.013584873552350265,0.0895009566004161,0.0180200271918267,0.000249941507206552
0.24435,-5.303363703261805e-05,2.8430952554017356e-06,-0.021797063604136246,-0.06917430917279274,0.0028093578048602103,0.09570170099066236,0.015305479112124874,0.0002448456223215422
0.2444,-5.345741429257643e-05,-6.366916061459205e-07,0.004881302324024721,-0.06972706212106024,0.00014089075166805553,0.09723726384068387,0.014633243800859638,0.00023930115517411472
0.24445,-5.254753813402894e-05,-4.100594309916929e-06,0.031437889729146656,-0.06854026713364174,0.005844102775758845,0.0939553643750194,0.01606998647749688,0.00023385794778393415
0.24450000000000002,-5.032670807805153e-05,-7.462195550495379e-06,0.057210165898559456,-0.0656435322775926,0.0193534095326846,0.08618146659758685,0.01947322615391942,0.0002290557996784222
0.24455000000000002,-4.685032933357118e-05,-1.0637630236078523e-05,0.08155516516196783,-0.06110912522260481,0.03932910065716664,0.07468650370943991,0.02450546548560769,0.00022537093747223083
0.2446,-4.220513042655539e-05,-1.3547677743547267e-05,0.10386552937264139,-0.05505017012293503,0.06379019802093706,0.060610424611281785,0.030667660075410327,0.00022316878654968784
0.24465,-3.6506999631272106e-05,-1.6119738333462023e-05,0.12358466057008957,-0.04761782561198185,0.09031090837306789,0.045349146320262296,0.03734870860448785,0.00022266773340709814
0.2447,-2.9898093653969993e-05,-1.8289644329330264e-05,0.14022060653142324,-0.03899751346425619,0.1162611876512043,0.03041612112789685,0.04388605516126495,0.00022391746678033044
0.24475000000000002,-2.2543291239593278e-05,-2.000326101565407e-05,0.15335833446212468,-0.029404292927928673,0.13906756129625136,0.017292248851828725,0.04963139482576811,0.0002267940516761558
0.24480000000000002,-1.4626079690792328e-05,-2.1217837139143142e-05,0.16267008473910505,-0.019077495252842754,0.15646833392346265,0.007279016502444755,0.05401496541342195,0.00023101221846812424
0.24485,-6.343977291912698e-06,-2.1903071515125653e-05,0.16792354828630138,-0.008274752996484086,0.16673788075330773,0.0013694307430564471,0.05660205074958205,0.00023615365418863535
0.2449,2.096394398665858e-06,-2.2041868932587025e-05,0.1689876618191265,0.0027344274718054187,0.1688577765012618,0.00014954187197128348,0.05713609097498663,0.00024170848530407865
0.24495,1.0484465327888299e-05,-2.1630766689436982e-05,0.16583587795061192,0.013675389551365226,0.16261779236694954,0.0037403255876317836,0.055564125669445276,0.00024712584253874076
0.24500000000000002,1.861097023121915e-05,-2.068002093838851e-05,0.1585468271930406,0.024275178557853612,0.14863674401582497,0.011785685880313515,0.05204204570800679,0.00025186848941469327
0.24505000000000002,2.627316939786447e-05,-1.9213350855458592e-05,0.14730235655136567,0.03426935138269745,0.12830112423072784,0.02348776888381575,0.04691913382374368,0.0002554661004896528
0.2451,3.3279906576716385e-05,-1.726734685846271e-05,0.13238299257744512,0.04340857379214418,0.10362760498101835,0.037686085573360534,0.040703426283523865,0.00025756190249236964
0.24515,3.9456377984658286e-05,-1.4890557786342008e-05,0.11416094301729897,0.05146484084527255,0.07706304538119355,0.05297259686458468,0.03401133135088567,0.0002579480561280636
0.2452,4.464849324608149e-05,-1.2142279671094016e-05,0.09309081079905318,0.058237165100225204,0.051241837889377403,0.06783134797821777,0.027506500307182897,0.00025658626658728003
0.24525000000000002,4.872671968284201e-05,-9.091076447996992e-06,0.06969825275312858,0.06355659088826719,0.028724657189695506,0.08078880490677136,0.021834013609693698,0.0002536115818477175
0.24530000000000002,5.158931386459813e-05,-5.813069412980796e-06,0.044566865481482074,0.06729040938719001,0.011744519470115662,0.0905599839099126,0.017556408584175925,0.00024931899972522085
0.24535,5.3164859901841655e-05,-2.3900381538936763e-06,0.018323625829679616,0.06934546943695517,0.0019853354709348965,0.09617588262863368,0.015097892921387256,0.00024413421314573898
0.2454,5.341405114197018e-05,1.092619681193542e-06,-0.00837675090896077,0.06967050149062641,0.0004149179995509455,0.09707957555910753,0.01470227624544768,0.00023857139455138994
0.24545,5.233067076375992e-05,4.54801888431388e-06,-0.034868144796831126,0.06825739665035561,0.007189004476031902,0.09318144394967956,0.016408791635597497,0.00023318220547163246
0.24550000000000002,4.9941746906172756e-05,7.889954294141672e-06,-0.06048964960742324,0.06514140901160602,0.0216358125432408,0.08486806336034691,0.020048204923309713,0.00022850108884509313
0.24555000000000002,4.6306878337955773e-05,1.1035051439012463e-05,-0.08460206104814837,0.06040027609701333,0.042322660338414565,0.0729638670519088,0.025259597524975565,0.00022499226830547037
0.2456,4.1516747624363846e-05,1.3904846562869614e-05,-0.10660382366704192,0.054152279516697516,0.06719804477350329,0.058649387537090744,0.03152615857143115,0.00022300371172160585
0.24565,3.569085874276857e-05,1.642774412765727e-05,-0.12594603832467957,0.046553294017854394,0.09379508789049157,0.04334418367825595,0.038226436691101706,0.00022273262298369448
0.2457,2.897455574852992e-05,1.854080299148181e-05,-0.1421461562808013,0.03779289881083869,0.11947617587113268,0.028566064010525853,0.044695969092390854,0.00022420588599056737
0.24575000000000002,2.1535396691236174e-05,2.019130663908579e-05,-0.1548000175747724,0.028089647864674504,0.14169452956422215,0.015780566343228258,0.05029317583378393,0.00022727739789077844
0.24580000000000002,1.3558973419574788e-05,2.1338078379394034e-05,-0.16359193424791307,0.017685617512759537,0.15824676734519819,0.0062556213361525375,0.05446298510236991,0.00023164255875384625
0.24585,5.244281420664122e-06,2.1952508588458585e-05,-0.16830256584829834,0.006840367077230545,0.16749141301052065,0.0009358124350251908,0.05679187920749537,0.0002368684778455285
0.2459,-3.201244702961494e-06,2.2019268494542785e-05,-0.16881439179050697,-0.0041755365604670865,0.16851168029201677,0.00034870211135594616,0.057048903067900975,0.00024243690387327753
0.24595,-1.156690629880733e-05,2.1536692565828137e-05,-0.1651146430029005,-0.015087269078900505,0.16120638979843338,0.004552513765182946,0.05520856773272799,0.0002477956189798822
0.24600000000000002,-1.9643997183387894e-05,2.0516820095948126e-05,-0.15729562072691272,-0.025622605013661787,0.14630000314765274,0.013130357753722522,0.05145337826278793,0.00025241320257078745
0.24605000000000002,-2.7231010402175412e-05,1.8985094811739218e-05,-0.1455523935520159,-0.035518709215634665,0.1252707782879528,0.02523157408689622,0.046155734650476274,0.0002558317312354566
0.2461,-3.413866547307222e-05,1.6979730147608215e-05,-0.13017793111702197,-0.04452869408906322,0.1002041717280212,0.039656091945547485,0.03984100129164835,0.0002577121917018948
0.24615,-4.0194630463001936e-05,1.4550755845678809e-05,-0.11155579481460495,-0.05242777886278563,0.07358602472557774,0.054973439929703036,0.03313540670289193,0.00025786809937647674
0.2462,-4.524782144056968e-05,1.1758769877357643e-05,-0.09015056904329694,-0.05901889752761805,0.04805604405890288,0.06966460530750959,0.026703940993786937,0.0002562839934525438
0.24625000000000002,-4.917217155408445e-05,8.67342658087249e-06,-0.0664962704492066,-0.06413761506928303,0.02614602355646176,0.08227267333551044,0.02118440896763462,0.0002531169683445957
0.24630000000000002,-5.186977631852956e-05,5.371698990028655e-06,-0.041183025572561566,-0.06765622997953392,0.010028767692953489,0.09154730910087171,0.017124179555751275,0.00024868109660020326
0.24635,-5.3273335955023705e-05,1.9359584637249615e-06,-0.014842348214722877,-0.0694869599409988,0.0013026156895056976,0.09656875203683941,0.014925903406580088,0.00024341628073045002
0.2464,-5.334783455323866e-05,-1.5480802749303165e-06,0.01186861545909047,-0.06958413202710331,0.0008329351513487708,0.0968390285993069,0.014807582355727558,0.00023784462993214477
0.24645,-5.209141348952502e-05,-4.9934975695025824e-06,0.038283481375574135,-0.06794532194382726,0.008666304032630206,0.09233133548100667,0.016780950214618864,0.00023251868137275374
0.24650000000000002,-4.9535417937780784e-05,-8.314337286679272e-06,0.06374325254827208,-0.06461141470479097,0.024025891538532528,0.08349269820308958,0.020650309221329023,0.00022796660667203137
0.24655000000000002,-4.5743614743534464e-05,-1.1427751247538686e-05,0.08761275957243023,-0.05966558444982258,0.04538849596807759,0.07119963935477822,0.02603193718300966,0.0002246398322441776
0.2466,-4.081060169018804e-05,-1.4256066129720786e-05,0.10929650700856355,-0.05323121960079017,0.07063559984521027,0.05667125480375095,0.0323921411091086,0.0002228682727413528
0.24665,-3.485944736727097e-05,-1.6728721241001445e-05,0.12825352952447266,-0.045468844396231674,0.09726346199291469,0.04134831621457457,0.039100183103155745,0.00022282761246975453
0.2467,-2.8038620948394948e-05,-1.8784028885465195e-05,0.1440108881322415,-0.03657211428667807,0.12263141228197702,0.02675039086795685,0.04549083043146748,0.00022452188386163345
0.24675000000000002,-2.0518288131839476e-05,-2.0370713326127638e-05,0.15617546884165068,-0.026762984526020626,0.144223725273184,0.01432514681480039,0.050930326158038865,0.00022778306686260214
0.24680000000000002,-1.2486065883085891e-05,-2.1449190025345388e-05,0.16444379019994237,-0.01628617289786608,0.1598991034070447,0.0053047885531837535,0.054879238553622894,0.00023228775184278033
0.24685,-4.142341761261493e-06,-2.199255318834963e-05,0.16860957444707436,-0.005403054478309121,0.1681030282120827,0.0005838599539115249,0.05694595618353375,0.00023758921169295493
0.2469,4.304725337324777e-06,-2.1987247012885357e-05,0.16856889376576345,0.005614859128744566,0.1680219210652449,0.0006305328607129238,0.05692552381993343,0.0002431617036163459
0.24695,1.2644398320214453e-05,-2.1433403877429435e-05,0.1643227630578722,0.016492693454429747,0.15966382531862047,0.0054401787476357965,0.05481996773009258,0.0002484526067172125
0.24700000000000003,2.0668619358969733e-05,-2.0344841038246788e-05,0.15597711462135333,0.026959068722865295,0.14385760864133088,0.014535827728083477,0.050838094730418115,0.0002529372250975164
0.24705000000000002,2.8177200510149023e-05,-1.874871591912663e-05,0.14374015536923154,0.0367528702237758,0.12217076468965554,0.027015469393714124,0.04537478494019877,0.00025617082170294
0.24710000000000001,3.498281798375846e-05,-1.6684848581378503e-05,0.12791717244717332,0.045629762582533595,0.09675396560186822,0.04164150466676766,0.038971831713774906,0.000257832722469092
0.24715,4.091568551951186e-05,-1.4204728311048157e-05,0.10890291703306068,0.053368285454963145,0.0701277811223011,0.056963477848048616,0.03226421235382669,0.00025775811778361096
0.2472,4.5827790157031595e-05,-1.1370229042615982e-05,0.08717175597980409,0.059775378462519346,0.044932715019961704,0.07146191740674843,0.025917117692217283,0.00025595440595472217
0.24725000000000003,4.959658492758612e-05,-8.25206575728151e-06,0.06326583745079449,0.06469119772915065,0.02366734789367213,0.08369902127264131,0.0205599855675969,0.00025260046029094475
0.24730000000000002,5.21280460674782e-05,-4.9280302628720085e-06,0.03778156533275844,0.06799310356518878,0.008440554274683387,0.09246124264852976,0.016724079755266453,0.00024802888949208575
0.24735000000000001,5.335901880732504e-05,-1.4810504678071196e-06,0.011354720230765666,0.06959872018386662,0.0007623667532459672,0.09687963702464325,0.014789804896734407,0.00024269305387222118
0.2474,5.325879286732979e-05,2.002878515830721e-06,-0.015355401970971697,0.06946799069757446,0.0013942268820532182,0.09651603463116584,0.01494898193405512,0.0002371221050698777
0.24745,5.1829868700247175e-05,5.436839766194613e-06,-0.041682438228461904,0.06760417656855629,0.010273473447373551,0.0914064937902507,0.017185825381876692,0.00023186851113508186
0.24750000000000003,4.910789503140202e-05,8.735162954679873e-06,-0.0669695826684062,0.06405377613104425,0.02651955653947922,0.0820577247329187,0.021278508715498787,0.0002274532678690488
0.24755000000000002,4.516077956781799e-05,1.1815561648421777e-05,-0.09058597265820742,0.05890536465980348,0.04852136121771096,0.06939683971408848,0.026821162841980276,0.00022431423264095536
0.24760000000000001,4.0086994766528504e-05,1.4601186178284598e-05,-0.11194242737618157,0.05228738448124738,0.07409698080903973,0.05467941151779579,0.033264125821412735,0.00022276270156537664
0.24765,3.4013121235534105e-05,1.7022540903785105e-05,-0.1305061469429741,0.0443649407492348,0.10071009551414396,0.039364959353662285,0.03996845268285164,0.00022295253944692455
0.2477,2.7090689703990446e-05,1.901921795237515e-05,-0.14581400430812314,0.03533568222574001,0.12572149758225895,0.02497220876716957,0.04626927901981414,0.0002248649198040173
0.24775,1.9492400736549927e-05,2.0541404318891344e-05,-0.15748409978615974,0.025424870533630708,0.14665082039259786,0.01292848083303766,0.05154175549586988,0.00022831019331796397
0.24780000000000002,1.1407816129703995e-05,2.1551124543190516e-05,-0.165225288169341,0.014879760172790666,0.16142251461800883,0.004428145255995346,0.05526301348968286,0.00023294669377956265
0.24785000000000001,3.0386297830226583e-06,2.2023188181527146e-05,-0.16884444272720148,0.003963430159441816,0.16857167974084264,0.00031417557257545957,0.05706401801560476,0.00023831462238589916
0.2479,-5.406364176291661e-06,2.194581819303315e-05,-0.16825127281553273,-0.00705177935636727,0.16738933694682087,0.0009945518418177518,0.05676616438436631,0.00024388164433168858
0.24795,-1.3716480382677809e-05,2.1320944816595975e-05,-0.16346057692359578,-0.0178910613616199,0.15799273861503071,0.0064018015329049705,0.054398990646325286,0.0002490956814886018
0.248,-2.1684398378262444e-05,2.0164157353892298e-05,-0.1545918730447817,-0.028283997880465785,0.14131374004268416,0.01599969072204386,0.050197248031294384,0.0002534396604179862
0.24805000000000002,-2.9111334877972872e-05,1.850431530533073e-05,-0.1418664173306541,-0.03797130635637021,0.11900638824467297,0.02883640212818641,0.044577621051698595,0.0002564827914444852
0.24810000000000001,-3.581200294219547e-05,1.638282832915152e-05,-0.12560168385734652,-0.046711308183701394,0.09328289072405824,0.04363892624465458,0.038097404912299834,0.0002579232886218964
0.24815,-4.1619234608168676e-05,1.3852623216095957e-05,-0.10620344464390191,-0.054285958180535485,0.06669423238679986,0.058939305111576946,0.03139923907519722,0.00025761829910834507
0.2482,-4.6388151254274287e-05,1.0976823405580645e-05,-0.08415564610403925,-0.06050628424276844,0.04187719551816628,0.07322020865733375,0.025147376840976655,0.00025559806809962175
0.24825,-4.999977817124e-05,7.827174247696753e-06,-0.06000833588368942,-0.06521710196051529,0.021292871784046943,0.08506540776256495,0.019961811915444116,0.0002520629411190574
0.24830000000000002,-5.2364012607575264e-05,4.482253056476981e-06,-0.03436394008887322,-0.06830088600899614,0.006982597019389153,0.0933002205922777,0.016356793845704994,0.00024736349445970084
0.24835000000000002,-5.342187175890062e-05,1.0255087965104035e-06,-0.007862234089783931,-0.06968070229441393,0.0003655131556308504,0.09710800544485487,0.014689830266493351,0.00024196576981777056
0.2484,-5.314696417981927e-05,-2.4568198167069903e-06,0.01883561860823825,-0.06932212719194462,0.002097832690175334,0.09611114636832296,0.015126233011958465,0.0002364050563623027
0.24845,-5.154614826781065e-05,-5.877855787207637e-06,0.04506356105196607,-0.06723410643862263,0.012007762466816363,0.09040850137200074,0.017622724275168658,0.00023123280705800636
0.2485,-4.865936110319755e-05,-9.152251246108574e-06,0.07016725956772485,-0.06346873187657828,0.0291125403015488,0.08056559852041968,0.021931728408551898,0.0002269619508675354
0.24855000000000002,-4.455862214521289e-05,-1.2198316707117013e-05,0.09352042810293139,-0.0581199419328264,0.051715894969118756,0.06755855300550226,0.027625923895936454,0.00022401602628707257
0.24860000000000002,-3.9346236461016504e-05,-1.4940059050212378e-05,0.11454045273287335,-0.05132117799814417,0.07757626445369337,0.052677266222343935,0.03414062055785477,0.00022268717896260423
0.24865,-3.315224244010887e-05,-1.730907739651464e-05,0.13270292671851783,-0.04324205536251543,0.10412909040469577,0.037397507039496986,0.04082975957524517,0.0002231071899301032
0.2487,-2.6131167600863646e-05,-1.9246269572769067e-05,0.14755473340220354,-0.034084131661018015,0.12874114396946443,0.023234560621712214,0.04702998279204756,0.00022523440698998823
0.24875,-1.845817343424469e-05,-2.0703306582383488e-05,0.1587253504723987,-0.024075878399274175,0.14897166156475752,0.011592958413932736,0.0521264175272615,0.0002288578751315603
0.24880000000000002,-1.0324685495121666e-05,-2.1643838329147766e-05,0.16593609386155722,-0.013466981089171411,0.16281439413633492,0.003627191593122008,0.05561365323103135,0.00023361825716146196
0.24885000000000002,-1.9336177148871485e-06,-2.2044400458871932e-05,0.16900707018696043,-0.002522110069912031,0.16889656561210686,0.0001272207840950334,0.05714586266397459,0.00023904346854077013
0.2489,6.5056898840949e-06,-2.189499976968131e-05,0.16786166489898585,0.008485682449267498,0.1666150104994141,0.0014401361325961288,0.05657109750520826,0.0002445954942233773
0.24895,1.478269378952864e-05,-2.119936349802546e-05,0.16252845348160194,0.019281774501478464,0.15619598929972467,0.007435736558517302,0.05394635686602009,0.0002497237428124736
0.249,2.2690899645890927e-05,-1.997484635681234e-05,0.15314048872492253,0.0295968256168301,0.1386727505477795,0.01751944173186101,0.0495319348335954,0.00025391964891805115
0.24905000000000002,3.0033013836350186e-05,-1.8251997541412986e-05,0.1399319811428423,0.03917349630282753,0.11578306395832356,0.03069125625175284,0.043765607130884475,0.00025676710667746534
0.24910000000000002,3.662586560748458e-05,-1.607379862558748e-05,0.1232324561122389,0.047772868177422566,0.08979688696948224,0.045644938677947874,0.03721921728060196,0.000257983735544376
0.24915,4.2304976732274196e-05,-1.349459121806729e-05,0.10345853266284352,0.05518040443024069,0.06329125414705708,0.060897540661698536,0.0305419670607521,0.00025744888283218753
0.2492,4.692866500367949e-05,-1.0578721293577262e-05,0.08110352989792775,0.06121130217536539,0.03889471427518626,0.07493647028007784,0.0243960356658198,0.00025521558991062625
0.24925,5.038157879745989e-05,-7.398933848196723e-06,0.05672515949427924,0.0657151027779603,0.019026658515807152,0.08636949466235772,0.019390911638656496,0.0002515053308436343
0.24930000000000002,5.2577574995799734e-05,-4.034558100931918e-06,0.030931612086910323,0.06857944564605224,0.005657390833123875,0.09406280730239666,0.016022950347949694,0.0002466860502993556
0.24935000000000002,5.346186793445646e-05,-5.69528356631586e-07,0.004366384058176881,0.06973287121888584,0.0001127340052652139,0.09725346656859435,0.014626150604776154,0.00024123567327083965
0.2494,5.3012396346489395e-05,2.909709956812226e-06,-0.022307776355276282,0.06914660393205305,0.002942548542854368,0.09562505670672428,0.01533903227784269,0.00023569471093399863
0.24945,5.124037359560842e-05,6.316356942738357e-06,-0.048425403238295764,0.0668352699087948,0.0138662033212052,0.08933906607562905,0.01809089926892745,0.00023061265709845762
0.2495,4.8190008066760324e-05,9.565423709094692e-06,-0.07333491512180906,0.06285653226537186,0.03180040562955582,0.07901887296855467,0.02260885049712908,0.00022649349649319587
0.24955000000000002,4.3937400122988876e-05,1.2575852663543203e-05,-0.09641487042583582,0.057309652335518,0.05496663064724323,0.06568792501635887,0.028444843230915253,0.00022374572362168692
0.24960000000000002,3.858864369640603e-05,1.527253975302057e-05,-0.11708947145385662,0.05033301352264445,0.08106749687879942,0.050668245005414184,0.03502012540149914,0.0002226418339999205
0.24965,3.227717931427232e-05,1.7588208125489622e-05,-0.13484292896904485,0.04210066867336831,0.10751459597879125,0.035449326054894724,0.04168262989413596,0.0002232912993306245
0.2497,2.5160465161440314e-05,1.9465086590084733e-05,-0.14923233053353452,0.03281799804314024,0.13168518403356622,0.021540419911191135,0.047771639939618867,0.0002256297128481751
0.24975,1.7416048723313697e-05,2.0856350846747666e-05,-0.15989868983134517,0.022716585295536267,0.15118227729219424,0.010320864949787489,0.05268331176202958,0.0002294251751052646
0.24980000000000002,9.237137399553218e-06,2.1727291700553774e-05,-0.1665759030422012,0.012048440093317531,0.16407236001993944,0.002903298173645227,0.05593055767469642,0.00023430129247398846
0.24985000000000002,8.27778340625005e-07,2.2056180944601073e-05,-0.1690973872449861,0.0010797108842129331,0.16907712986961335,2.3315511869757477e-05,0.057191350072942036,0.00023977450293002965
0.2499,-7.602232100691019e-06,2.183481347152279e-05,-0.16740023661428657,-0.009915954907148469,0.16570026668007598,0.0019665232344120358,0.05634065692220007,0.0002453020314330249
0.24995,-1.584258235668632e-05,2.106871194050443e-05,-0.16152679154278196,-0.020664237851512585,0.1542766520291714,0.008540214519677708,0.05346284095016233,0.00025033571592250983
0.25,-2.3687692504643116e-05,1.977698902916456e-05,-0.1516235825509907,-0.030896990217469358,0.13593915942400814,0.019092480089967945,0.04884329358468938,0.00025437636888006566
