receiver_error_phase_rad,witness_error_phase_rad,transfer_error_phase_rad,measured_y_real_V,measured_y_imag_V,measured_w_real_V,measured_w_imag_V,estimated_s_real_V,estimated_s_imag_V,absolute_error_V,disk_radius_V,inclusion_margin_V
0.0,0.0,0.0,0.01323871500692704,0.013994228634059948,0.017820508075688773,0.009999999999999998,0.004546410161513777,0.004430127018922193,0.0020488520076244747,0.0027349186066657027,0.000686066599041228
0.0,0.0,0.7853981633974483,0.01299583246345427,0.014180598964575575,0.017820508075688773,0.009999999999999998,0.004303527618041007,0.00461649734943782,0.0018261215280578386,0.0027349186066657027,0.0009087970786078642
0.0,0.0,1.5707963267948966,0.012692304845413265,0.014140638795573722,0.017820508075688773,0.009999999999999998,0.004000000000000002,0.004576537180435967,0.0015201045910388034,0.0027349186066657027,0.0012148140156268993
0.0,0.0,2.356194490192345,0.012505934514897636,0.013897756252100955,0.017820508075688773,0.009999999999999998,0.003813629669484373,0.0043336546369632,0.0013136344060044505,0.0027349186066657027,0.0014212842006612522
0.0,0.0,3.141592653589793,0.012545894683899488,0.013594228634059947,0.017820508075688773,0.009999999999999998,0.003853589838486224,0.004030127018922192,0.001386436241178498,0.0027349186066657027,0.0013484823654872048
0.0,0.0,3.9269908169872414,0.012788777227372256,0.01340785830354432,0.017820508075688773,0.009999999999999998,0.0040964723819589925,0.0038437566884065646,0.001668915865094373,0.0027349186066657027,0.0010660027415713297
0.0,0.0,4.71238898038469,0.013092304845413264,0.013447818472546173,0.017820508075688773,0.009999999999999998,0.004400000000000001,0.0038837168574084174,0.0019517382079322929,0.0027349186066657027,0.0007831803987334099
0.0,0.0,5.497787143782138,0.01327867517592889,0.01369070101601894,0.017820508075688773,0.009999999999999998,0.004586370330515626,0.004126599400881184,0.0020962739914813923,0.0027349186066657027,0.0006386446151843105
0.0,0.7853981633974483,0.0,0.01323871500692704,0.013994228634059948,0.017674061466282046,0.010353553390593273,0.004704988805276469,0.004247284306447574,0.002206544480948594,0.002735895200175709,0.000529350719227115
0.0,0.7853981633974483,0.7853981633974483,0.01299583246345427,0.014180598964575575,0.017674061466282046,0.010353553390593273,0.004462106261803699,0.004433654636963201,0.0019648356038881546,0.002735895200175709,0.0007710595962875542
0.0,0.7853981633974483,1.5707963267948966,0.012692304845413265,0.014140638795573722,0.017674061466282046,0.010353553390593273,0.004158578643762694,0.0043936944679613486,0.0016597963544131072,0.002735895200175709,0.0010760988457626016
0.0,0.7853981633974483,2.356194490192345,0.012505934514897636,0.013897756252100955,0.017674061466282046,0.010353553390593273,0.003972208313247065,0.004150811924488582,0.0014830884062271884,0.002735895200175709,0.0012528067939485204
0.0,0.7853981633974483,3.141592653589793,0.012545894683899488,0.013594228634059947,0.017674061466282046,0.010353553390593273,0.004012168482248916,0.0038472843064475733,0.0015873848316324676,0.002735895200175709,0.0011485103685432412
0.0,0.7853981633974483,3.9269908169872414,0.012788777227372256,0.01340785830354432,0.017674061466282046,0.010353553390593273,0.0042550510257216845,0.0036609139759319464,0.0018783104641658687,0.002735895200175709,0.0008575847360098401
0.0,0.7853981633974483,4.71238898038469,0.013092304845413264,0.013447818472546173,0.017674061466282046,0.010353553390593273,0.004558578643762693,0.003700874144933799,0.002152604285970485,0.002735895200175709,0.0005832909142052239
0.0,0.7853981633974483,5.497787143782138,0.01327867517592889,0.01369070101601894,0.017674061466282046,0.010353553390593273,0.004744948974278318,0.003943756688406566,0.002277954768957458,0.002735895200175709,0.0004579404312182508
0.0,1.5707963267948966,0.0,0.01323871500692704,0.013994228634059948,0.017320508075688773,0.010499999999999999,0.004946410161513776,0.004230127018922194,0.002448453119493583,0.00273132034802742,0.00028286722853383683
0.0,1.5707963267948966,0.7853981633974483,0.01299583246345427,0.014180598964575575,0.017320508075688773,0.010499999999999999,0.004703527618041006,0.004416497349437821,0.0022052196710221064,0.00273132034802742,0.0005261006770053136
0.0,1.5707963267948966,1.5707963267948966,0.012692304845413265,0.014140638795573722,0.017320508075688773,0.010499999999999999,0.004400000000000001,0.004376537180435968,0.0019005667320806541,0.00273132034802742,0.0008307536159467659
0.0,1.5707963267948966,2.356194490192345,0.012505934514897636,0.013897756252100955,0.017320508075688773,0.010499999999999999,0.0042136296694843724,0.004133654636963201,0.0017248559479010872,0.00273132034802742,0.0010064644001263328
0.0,1.5707963267948966,3.141592653589793,0.012545894683899488,0.013594228634059947,0.017320508075688773,0.010499999999999999,0.0042535898384862235,0.003830127018922193,0.001823479454680567,0.00273132034802742,0.0009078408933468529
0.0,1.5707963267948966,3.9269908169872414,0.012788777227372256,0.01340785830354432,0.017320508075688773,0.010499999999999999,0.004496472381958992,0.003643756688406566,0.002111162287115119,0.00273132034802742,0.0006201580609123008
0.0,1.5707963267948966,4.71238898038469,0.013092304845413264,0.013447818472546173,0.017320508075688773,0.010499999999999999,0.0048000000000000004,0.0036837168574084186,0.0023891098963648083,0.00273132034802742,0.00034221045166261174
0.0,1.5707963267948966,5.497787143782138,0.01327867517592889,0.01369070101601894,0.017320508075688773,0.010499999999999999,0.004986370330515626,0.003926599400881185,0.002518902927663198,0.00273132034802742,0.00021241742036422206
0.0,2.356194490192345,0.0,0.01323871500692704,0.013994228634059948,0.0169669546850955,0.010353553390593273,0.005129252873988395,0.004388705662684884,0.002629905346753245,0.002723756944366277,9.385159761303181e-05
0.0,2.356194490192345,0.7853981633974483,0.01299583246345427,0.014180598964575575,0.0169669546850955,0.010353553390593273,0.0048863703305156245,0.004575075993200511,0.0023989087840860577,0.002723756944366277,0.0003248481602802192
0.0,2.356194490192345,1.5707963267948966,0.012692304845413265,0.014140638795573722,0.0169669546850955,0.010353553390593273,0.004582842712474619,0.004535115824198658,0.0020929056775682224,0.002723756944366277,0.0006308512667980546
0.0,2.356194490192345,2.356194490192345,0.012505934514897636,0.013897756252100955,0.0169669546850955,0.010353553390593273,0.004396472381958991,0.004292233280725892,0.001896850924803448,0.002723756944366277,0.0008269060195628289
0.0,2.356194490192345,3.141592653589793,0.012545894683899488,0.013594228634059947,0.0169669546850955,0.010353553390593273,0.004436432550960842,0.003988705662684883,0.0019663009858400713,0.002723756944366277,0.0007574559585262057
0.0,2.356194490192345,3.9269908169872414,0.012788777227372256,0.01340785830354432,0.0169669546850955,0.010353553390593273,0.00467931509443361,0.003802335332169256,0.002242315398295183,0.002723756944366277,0.00048144154607109415
0.0,2.356194490192345,4.71238898038469,0.013092304845413264,0.013447818472546173,0.0169669546850955,0.010353553390593273,0.004982842712474619,0.003842295501171109,0.002530313720588743,0.002723756944366277,0.000193443223777534
0.0,2.356194490192345,5.497787143782138,0.01327867517592889,0.01369070101601894,0.0169669546850955,0.010353553390593273,0.005169213042990244,0.0040851780446438755,0.0026804287472099,0.002723756944366277,4.332819715637676e-05
0.0,3.141592653589793,0.0,0.01323871500692704,0.013994228634059948,0.016820508075688773,0.009999999999999998,0.005146410161513777,0.004630127018922195,0.002663360047564612,0.0027175994522304994,5.423940466588737e-05
0.0,3.141592653589793,0.7853981633974483,0.01299583246345427,0.014180598964575575,0.016820508075688773,0.009999999999999998,0.004903527618041007,0.004816497349437822,0.0024522440965555926,0.0027175994522304994,0.00026535535567490673
0.0,3.141592653589793,1.5707963267948966,0.012692304845413265,0.014140638795573722,0.016820508075688773,0.009999999999999998,0.004600000000000002,0.004776537180435969,0.002146923853401131,0.0027175994522304994,0.0005706755988293686
0.0,3.141592653589793,2.356194490192345,0.012505934514897636,0.013897756252100955,0.016820508075688773,0.009999999999999998,0.004413629669484373,0.0045336546369632025,0.0019244225116216854,0.0027175994522304994,0.000793176940608814
0.0,3.141592653589793,3.141592653589793,0.012545894683899488,0.013594228634059947,0.016820508075688773,0.009999999999999998,0.004453589838486224,0.004230127018922194,0.0019561475550266215,0.0027175994522304994,0.0007614518972038778
0.0,3.141592653589793,3.9269908169872414,0.012788777227372256,0.01340785830354432,0.016820508075688773,0.009999999999999998,0.004696472381958992,0.004043756688406567,0.002215061825527278,0.0027175994522304994,0.0005025376267032214
0.0,3.141592653589793,4.71238898038469,0.013092304845413264,0.013447818472546173,0.016820508075688773,0.009999999999999998,0.005000000000000001,0.00408371685740842,0.002512114242564865,0.0027175994522304994,0.0002054852096656343
0.0,3.141592653589793,5.497787143782138,0.01327867517592889,0.01369070101601894,0.016820508075688773,0.009999999999999998,0.005186370330515626,0.004326599400881186,0.002686372646667561,0.0027175994522304994,3.122680556293849e-05
0.0,3.9269908169872414,0.0,0.01323871500692704,0.013994228634059948,0.0169669546850955,0.009646446609406724,0.004987831517751085,0.004812969731396813,0.0025342538834350263,0.002716577088277922,0.00018232320484289554
0.0,3.9269908169872414,0.7853981633974483,0.01299583246345427,0.014180598964575575,0.0169669546850955,0.009646446609406724,0.004744948974278315,0.00499934006191244,0.0023425716625156898,0.002716577088277922,0.00037400542576223206
0.0,3.9269908169872414,1.5707963267948966,0.012692304845413265,0.014140638795573722,0.0169669546850955,0.009646446609406724,0.00444142135623731,0.004959379892910587,0.0020408517981168957,0.002716577088277922,0.0006757252901610261
0.0,3.9269908169872414,2.356194490192345,0.012505934514897636,0.013897756252100955,0.0169669546850955,0.009646446609406724,0.004255051025721681,0.004716497349437821,0.0017970771088602398,0.002716577088277922,0.000919499979417682
0.0,3.9269908169872414,3.141592653589793,0.012545894683899488,0.013594228634059947,0.0169669546850955,0.009646446609406724,0.004295011194723532,0.004412969731396812,0.0017969218414257623,0.002716577088277922,0.0009196552468521595
0.0,3.9269908169872414,3.9269908169872414,0.012788777227372256,0.01340785830354432,0.0169669546850955,0.009646446609406724,0.0045378937381963,0.004226599400881185,0.0020405217116896686,0.002716577088277922,0.0006760553765882533
0.0,3.9269908169872414,4.71238898038469,0.013092304845413264,0.013447818472546173,0.0169669546850955,0.009646446609406724,0.004841421356237309,0.004266559569883038,0.0023422840963515726,0.002716577088277922,0.00037429299192634925
0.0,3.9269908169872414,5.497787143782138,0.01327867517592889,0.01369070101601894,0.0169669546850955,0.009646446609406724,0.005027791686752934,0.004509442113355805,0.0025341437833534576,0.002716577088277922,0.00018243330492446422
0.0,4.71238898038469,0.0,0.01323871500692704,0.013994228634059948,0.017320508075688773,0.009499999999999998,0.0047464101615137776,0.004830127018922194,0.002301381892201369,0.0027213226913196066,0.00041994079911823745
0.0,4.71238898038469,0.7853981633974483,0.01299583246345427,0.014180598964575575,0.017320508075688773,0.009499999999999998,0.0045035276180410075,0.005016497349437821,0.0021178354862607255,0.0027213226913196066,0.0006034872050588811
0.0,4.71238898038469,1.5707963267948966,0.012692304845413265,0.014140638795573722,0.017320508075688773,0.009499999999999998,0.004200000000000002,0.004976537180435968,0.0018187484974312063,0.0027213226913196066,0.0009025741938884003
0.0,4.71238898038469,2.356194490192345,0.012505934514897636,0.013897756252100955,0.017320508075688773,0.009499999999999998,0.004013629669484374,0.004733654636963201,0.0015664958713208351,0.0027213226913196066,0.0011548268199987714
0.0,4.71238898038469,3.141592653589793,0.012545894683899488,0.013594228634059947,0.017320508075688773,0.009499999999999998,0.004053589838486225,0.004430127018922193,0.001556804864537509,0.0027213226913196066,0.0011645178267820975
0.0,4.71238898038469,3.9269908169872414,0.012788777227372256,0.01340785830354432,0.017320508075688773,0.009499999999999998,0.004296472381958993,0.004243756688406566,0.0017985474286586927,0.0027213226913196066,0.0009227752626609139
0.0,4.71238898038469,4.71238898038469,0.013092304845413264,0.013447818472546173,0.017320508075688773,0.009499999999999998,0.004600000000000002,0.0042837168574084185,0.002100512771465991,0.0027213226913196066,0.0006208099198536155
0.0,4.71238898038469,5.497787143782138,0.01327867517592889,0.01369070101601894,0.017320508075688773,0.009499999999999998,0.004786370330515627,0.004526599400881185,0.002294796436535227,0.0027213226913196066,0.0004265262547843798
0.0,5.497787143782138,0.0,0.01323871500692704,0.013994228634059948,0.017674061466282046,0.009646446609406724,0.004563567449039159,0.0046715483751595035,0.0020916211796663626,0.0027289318166058784,0.0006373106369395158
0.0,5.497787143782138,0.7853981633974483,0.01299583246345427,0.014180598964575575,0.017674061466282046,0.009646446609406724,0.004320684905566389,0.0048579187056751304,0.0018956417356565034,0.0027289318166058784,0.000833290080949375
0.0,5.497787143782138,1.5707963267948966,0.012692304845413265,0.014140638795573722,0.017674061466282046,0.009646446609406724,0.004017157287525384,0.004817958536673278,0.0015936580012043695,0.0027289318166058784,0.001135273815401509
0.0,5.497787143782138,2.356194490192345,0.012505934514897636,0.013897756252100955,0.017674061466282046,0.009646446609406724,0.0038307869570097554,0.004575075993200511,0.0013531422412101704,0.0027289318166058784,0.001375789575395708
0.0,5.497787143782138,3.141592653589793,0.012545894683899488,0.013594228634059947,0.017674061466282046,0.009646446609406724,0.0038707471260116064,0.004271548375159502,0.0013719982292168433,0.0027289318166058784,0.001356933587389035
0.0,5.497787143782138,3.9269908169872414,0.012788777227372256,0.01340785830354432,0.017674061466282046,0.009646446609406724,0.004113629669484375,0.0040851780446438755,0.0016321154095958568,0.0027289318166058784,0.0010968164070100216
0.0,5.497787143782138,4.71238898038469,0.013092304845413264,0.013447818472546173,0.017674061466282046,0.009646446609406724,0.004417157287525383,0.004125138213645728,0.0019280851836473295,0.0027289318166058784,0.0008008466329585489
0.0,5.497787143782138,5.497787143782138,0.01327867517592889,0.01369070101601894,0.017674061466282046,0.009646446609406724,0.004603527618041009,0.004368020757118495,0.0021038689063855114,0.0027289318166058784,0.000625062910220367
0.7853981633974483,0.0,0.0,0.012652928569300136,0.015408442196433043,0.017820508075688773,0.009999999999999998,0.003960623723886872,0.005844340581295288,0.002103868906385512,0.0027349186066657027,0.0006310497002801909
0.7853981633974483,0.0,0.7853981633974483,0.012410046025827366,0.01559481252694867,0.017820508075688773,0.009999999999999998,0.003717741180414102,0.006030710911810915,0.0020916211796663583,0.0027349186066657027,0.0006432974269993444
0.7853981633974483,0.0,1.5707963267948966,0.01210651840778636,0.015554852357946817,0.017820508075688773,0.009999999999999998,0.003414213562373097,0.005990750742809062,0.001895641735656503,0.0027349186066657027,0.0008392768710091998
0.7853981633974483,0.0,2.356194490192345,0.011920148077270732,0.01531196981447405,0.017820508075688773,0.009999999999999998,0.0032278432318574683,0.0057478681993362955,0.0015936580012043662,0.0027349186066657027,0.0011412606054613365
0.7853981633974483,0.0,3.141592653589793,0.011960108246272583,0.015008442196433042,0.017820508075688773,0.009999999999999998,0.0032678034008593194,0.005444340581295287,0.0013531422412101676,0.0027349186066657027,0.0013817763654555351
0.7853981633974483,0.0,3.9269908169872414,0.012202990789745351,0.014822071865917415,0.017820508075688773,0.009999999999999998,0.0035106859443320877,0.00525797025077966,0.0013719982292168425,0.0027349186066657027,0.0013629203774488602
0.7853981633974483,0.0,4.71238898038469,0.01250651840778636,0.014862032034919268,0.017820508075688773,0.009999999999999998,0.0038142135623730963,0.005297930419781513,0.0016321154095958557,0.0027349186066657027,0.001102803197069847
0.7853981633974483,0.0,5.497787143782138,0.012692888738301985,0.015104914578392034,0.017820508075688773,0.009999999999999998,0.0040005838928887216,0.005540812963254279,0.0019280851836473263,0.0027349186066657027,0.0008068334230183765
0.7853981633974483,0.7853981633974483,0.0,0.012652928569300136,0.015408442196433043,0.017674061466282046,0.010353553390593273,0.004119202367649564,0.00566149786882067,0.002096273991481396,0.002735895200175709,0.0006396212086943126
0.7853981633974483,0.7853981633974483,0.7853981633974483,0.012410046025827366,0.01559481252694867,0.017674061466282046,0.010353553390593273,0.003876319824176794,0.005847868199336297,0.0020488520076244734,0.002735895200175709,0.0006870431925512354
0.7853981633974483,0.7853981633974483,1.5707963267948966,0.01210651840778636,0.015554852357946817,0.017674061466282046,0.010353553390593273,0.003572792206135789,0.005807908030334444,0.0018261215280578416,0.002735895200175709,0.0009097736721178672
0.7853981633974483,0.7853981633974483,2.356194490192345,0.011920148077270732,0.01531196981447405,0.017674061466282046,0.010353553390593273,0.0033864218756201603,0.005565025486861677,0.001520104591038803,0.002735895200175709,0.0012157906091369059
0.7853981633974483,0.7853981633974483,3.141592653589793,0.011960108246272583,0.015008442196433042,0.017674061466282046,0.010353553390593273,0.0034263820446220113,0.005261497868820669,0.0013136344060044505,0.002735895200175709,0.0014222607941712583
0.7853981633974483,0.7853981633974483,3.9269908169872414,0.012202990789745351,0.014822071865917415,0.017674061466282046,0.010353553390593273,0.0036692645880947797,0.005075127538305042,0.0013864362411785,0.002735895200175709,0.001349458958997209
0.7853981633974483,0.7853981633974483,4.71238898038469,0.01250651840778636,0.014862032034919268,0.017674061466282046,0.010353553390593273,0.003972792206135788,0.005115087707306894,0.0016689158650943746,0.002735895200175709,0.0010669793350813342
0.7853981633974483,0.7853981633974483,5.497787143782138,0.012692888738301985,0.015104914578392034,0.017674061466282046,0.010353553390593273,0.0041591625366514135,0.005357970250779661,0.0019517382079322922,0.002735895200175709,0.0007841569922434166
0.7853981633974483,1.5707963267948966,0.0,0.012652928569300136,0.015408442196433043,0.017320508075688773,0.010499999999999999,0.0043606237238868716,0.005644340581295289,0.002277954768957459,0.00273132034802742,0.0004533655790699611
0.7853981633974483,1.5707963267948966,0.7853981633974483,0.012410046025827366,0.01559481252694867,0.017320508075688773,0.010499999999999999,0.0041177411804141015,0.005830710911810916,0.00220654448094859,0.00273132034802742,0.0005247758670788301
0.7853981633974483,1.5707963267948966,1.5707963267948966,0.01210651840778636,0.015554852357946817,0.017320508075688773,0.010499999999999999,0.0038142135623730963,0.005790750742809063,0.001964835603888155,0.00273132034802742,0.000766484744139265
0.7853981633974483,1.5707963267948966,2.356194490192345,0.011920148077270732,0.01531196981447405,0.017320508075688773,0.010499999999999999,0.0036278432318574676,0.005547868199336297,0.001659796354413104,0.00273132034802742,0.001071523993614316
0.7853981633974483,1.5707963267948966,3.141592653589793,0.011960108246272583,0.015008442196433042,0.017320508075688773,0.010499999999999999,0.0036678034008593187,0.005244340581295288,0.0014830884062271858,0.00273132034802742,0.0012482319418002342
0.7853981633974483,1.5707963267948966,3.9269908169872414,0.012202990789745351,0.014822071865917415,0.017320508075688773,0.010499999999999999,0.003910685944332087,0.005057970250779661,0.0015873848316324667,0.00273132034802742,0.0011439355163949533
0.7853981633974483,1.5707963267948966,4.71238898038469,0.01250651840778636,0.014862032034919268,0.017320508075688773,0.010499999999999999,0.004214213562373096,0.005097930419781514,0.0018783104641658674,0.00273132034802742,0.0008530098838615526
0.7853981633974483,1.5707963267948966,5.497787143782138,0.012692888738301985,0.015104914578392034,0.017320508075688773,0.010499999999999999,0.004400583892888721,0.0053408129632542805,0.0021526042859704815,0.00273132034802742,0.0005787160620569385
0.7853981633974483,2.356194490192345,0.0,0.012652928569300136,0.015408442196433043,0.0169669546850955,0.010353553390593273,0.00454346643636149,0.005802919225057979,0.0025189029276632,0.002723756944366277,0.00020485401670307683
0.7853981633974483,2.356194490192345,0.7853981633974483,0.012410046025827366,0.01559481252694867,0.0169669546850955,0.010353553390593273,0.00430058389288872,0.005989289555573606,0.0024484531194935806,0.002723756944366277,0.00027530382487269637
0.7853981633974483,2.356194490192345,1.5707963267948966,0.01210651840778636,0.015554852357946817,0.0169669546850955,0.010353553390593273,0.003997056274847715,0.0059493293865717535,0.0022052196710221086,0.002723756944366277,0.0005185372733441684
0.7853981633974483,2.356194490192345,2.356194490192345,0.011920148077270732,0.01531196981447405,0.0169669546850955,0.010353553390593273,0.003810685944332086,0.005706446843098987,0.0019005667320806524,0.002723756944366277,0.0008231902122856245
0.7853981633974483,2.356194490192345,3.141592653589793,0.011960108246272583,0.015008442196433042,0.0169669546850955,0.010353553390593273,0.003850646113333937,0.005402919225057978,0.001724855947901086,0.002723756944366277,0.000998900996465191
0.7853981633974483,2.356194490192345,3.9269908169872414,0.012202990789745351,0.014822071865917415,0.0169669546850955,0.010353553390593273,0.004093528656806705,0.005216548894542351,0.0018234794546805675,0.002723756944366277,0.0009002774896857094
0.7853981633974483,2.356194490192345,4.71238898038469,0.01250651840778636,0.014862032034919268,0.0169669546850955,0.010353553390593273,0.004397056274847714,0.005256509063544204,0.002111162287115119,0.002723756944366277,0.0006125946572511577
0.7853981633974483,2.356194490192345,5.497787143782138,0.012692888738301985,0.015104914578392034,0.0169669546850955,0.010353553390593273,0.004583426605363339,0.005499391607016971,0.002389109896364806,0.002723756944366277,0.00033464704800147084
0.7853981633974483,3.141592653589793,0.0,0.012652928569300136,0.015408442196433043,0.016820508075688773,0.009999999999999998,0.004560623723886872,0.00604434058129529,0.002680428747209905,0.0027175994522304994,3.717070502059442e-05
0.7853981633974483,3.141592653589793,0.7853981633974483,0.012410046025827366,0.01559481252694867,0.016820508075688773,0.009999999999999998,0.004317741180414102,0.006230710911810917,0.002629905346753245,0.0027175994522304994,8.769410547725424e-05
0.7853981633974483,3.141592653589793,1.5707963267948966,0.01210651840778636,0.015554852357946817,0.016820508075688773,0.009999999999999998,0.004014213562373097,0.006190750742809064,0.0023989087840860625,0.0027175994522304994,0.00031869066814443686
0.7853981633974483,3.141592653589793,2.356194490192345,0.011920148077270732,0.01531196981447405,0.016820508075688773,0.009999999999999998,0.003827843231857468,0.005947868199336298,0.0020929056775682237,0.0027175994522304994,0.0006246937746622757
0.7853981633974483,3.141592653589793,3.141592653589793,0.011960108246272583,0.015008442196433042,0.016820508075688773,0.009999999999999998,0.003867803400859319,0.005644340581295289,0.0018968509248034494,0.0027175994522304994,0.00082074852742705
0.7853981633974483,3.141592653589793,3.9269908169872414,0.012202990789745351,0.014822071865917415,0.016820508075688773,0.009999999999999998,0.0041106859443320876,0.005457970250779662,0.0019663009858400743,0.0027175994522304994,0.000751298466390425
0.7853981633974483,3.141592653589793,4.71238898038469,0.01250651840778636,0.014862032034919268,0.016820508075688773,0.009999999999999998,0.004414213562373096,0.005497930419781515,0.0022423153982951854,0.0027175994522304994,0.000475284053935314
0.7853981633974483,3.141592653589793,5.497787143782138,0.012692888738301985,0.015104914578392034,0.016820508075688773,0.009999999999999998,0.004600583892888721,0.0057408129632542815,0.0025303137205887434,0.0027175994522304994,0.000187285731641756
0.7853981633974483,3.9269908169872414,0.0,0.012652928569300136,0.015408442196433043,0.0169669546850955,0.009646446609406724,0.00440204508012418,0.006227183293769908,0.002686372646667563,0.002716577088277922,3.020444161035878e-05
0.7853981633974483,3.9269908169872414,0.7853981633974483,0.012410046025827366,0.01559481252694867,0.0169669546850955,0.009646446609406724,0.00415916253665141,0.006413553624285535,0.0026633600475646094,0.002716577088277922,5.321704071331243e-05
0.7853981633974483,3.9269908169872414,1.5707963267948966,0.01210651840778636,0.015554852357946817,0.0169669546850955,0.009646446609406724,0.003855634918610405,0.006373593455283683,0.0024522440965555944,0.002716577088277922,0.00026433299172232746
0.7853981633974483,3.9269908169872414,2.356194490192345,0.011920148077270732,0.01531196981447405,0.0169669546850955,0.009646446609406724,0.003669264588094776,0.006130710911810916,0.002146923853401129,0.002716577088277922,0.0005696532348767928
0.7853981633974483,3.9269908169872414,3.141592653589793,0.011960108246272583,0.015008442196433042,0.0169669546850955,0.009646446609406724,0.0037092247570966273,0.005827183293769907,0.001924422511621684,0.002716577088277922,0.0007921545766562377
0.7853981633974483,3.9269908169872414,3.9269908169872414,0.012202990789745351,0.014822071865917415,0.0169669546850955,0.009646446609406724,0.003952107300569396,0.00564081296325428,0.001956147555026622,0.002716577088277922,0.0007604295332512999
0.7853981633974483,3.9269908169872414,4.71238898038469,0.01250651840778636,0.014862032034919268,0.0169669546850955,0.009646446609406724,0.004255634918610404,0.005680773132256133,0.002215061825527278,0.002716577088277922,0.0005015152627506438
0.7853981633974483,3.9269908169872414,5.497787143782138,0.012692888738301985,0.015104914578392034,0.0169669546850955,0.009646446609406724,0.0044420052491260294,0.0059236556757289,0.0025121142425648633,0.002716577088277922,0.00020446284571305848
0.7853981633974483,4.71238898038469,0.0,0.012652928569300136,0.015408442196433043,0.017320508075688773,0.009499999999999998,0.004160623723886873,0.006244340581295289,0.0025341437833534624,0.0027213226913196066,0.0001871789079661442
0.7853981633974483,4.71238898038469,0.7853981633974483,0.012410046025827366,0.01559481252694867,0.017320508075688773,0.009499999999999998,0.003917741180414103,0.006430710911810916,0.0025342538834350263,0.0027213226913196066,0.00018706880788458028
0.7853981633974483,4.71238898038469,1.5707963267948966,0.01210651840778636,0.015554852357946817,0.017320508075688773,0.009499999999999998,0.0036142135623730975,0.006390750742809063,0.0023425716625156932,0.0027213226913196066,0.00037875102880391334
0.7853981633974483,4.71238898038469,2.356194490192345,0.011920148077270732,0.01531196981447405,0.017320508075688773,0.009499999999999998,0.003427843231857469,0.0061478681993362965,0.0020408517981168966,0.0027213226913196066,0.00068047089320271
0.7853981633974483,4.71238898038469,3.141592653589793,0.011960108246272583,0.015008442196433042,0.017320508075688773,0.009499999999999998,0.00346780340085932,0.005844340581295288,0.001797077108860241,0.0027213226913196066,0.0009242455824593656
0.7853981633974483,4.71238898038469,3.9269908169872414,0.012202990789745351,0.014822071865917415,0.017320508075688773,0.009499999999999998,0.0037106859443320882,0.005657970250779661,0.0017969218414257654,0.0027213226913196066,0.0009244008498938412
0.7853981633974483,4.71238898038469,4.71238898038469,0.01250651840778636,0.014862032034919268,0.017320508075688773,0.009499999999999998,0.004014213562373097,0.005697930419781514,0.002040521711689671,0.0027213226913196066,0.0006808009796299354
0.7853981633974483,4.71238898038469,5.497787143782138,0.012692888738301985,0.015104914578392034,0.017320508075688773,0.009499999999999998,0.004200583892888722,0.00594081296325428,0.0023422840963515735,0.0027213226913196066,0.0003790385949680331
0.7853981633974483,5.497787143782138,0.0,0.012652928569300136,0.015408442196433043,0.017674061466282046,0.009646446609406724,0.0039777810114122545,0.006085761937532599,0.00229479643653523,0.0027289318166058784,0.00043413538007064855
0.7853981633974483,5.497787143782138,0.7853981633974483,0.012410046025827366,0.01559481252694867,0.017674061466282046,0.009646446609406724,0.0037348984679394844,0.006272132268048226,0.002301381892201368,0.0027289318166058784,0.00042754992440451056
0.7853981633974483,5.497787143782138,1.5707963267948966,0.01210651840778636,0.015554852357946817,0.017674061466282046,0.009646446609406724,0.0034313708498984793,0.006232172099046373,0.002117835486260727,0.0027289318166058784,0.0006110963303451512
0.7853981633974483,5.497787143782138,2.356194490192345,0.011920148077270732,0.01531196981447405,0.017674061466282046,0.009646446609406724,0.0032450005193828506,0.005989289555573606,0.0018187484974312056,0.0027289318166058784,0.0009101833191746728
0.7853981633974483,5.497787143782138,3.141592653589793,0.011960108246272583,0.015008442196433042,0.017674061466282046,0.009646446609406724,0.0032849606883847016,0.005685761937532598,0.001566495871320835,0.0027289318166058784,0.0011624359452850435
0.7853981633974483,5.497787143782138,3.9269908169872414,0.012202990789745351,0.014822071865917415,0.017674061466282046,0.009646446609406724,0.00352784323185747,0.005499391607016971,0.0015568048645375108,0.0027289318166058784,0.0011721269520683676
0.7853981633974483,5.497787143782138,4.71238898038469,0.01250651840778636,0.014862032034919268,0.017674061466282046,0.009646446609406724,0.0038313708498984786,0.0055393517760188235,0.001798547428658694,0.0027289318166058784,0.0009303843879471844
0.7853981633974483,5.497787143782138,5.497787143782138,0.012692888738301985,0.015104914578392034,0.017674061466282046,0.009646446609406724,0.004017741180414104,0.00578223431949159,0.0021005127714659906,0.0027289318166058784,0.0006284190451398878
1.5707963267948966,0.0,0.0,0.01123871500692704,0.01599422863405995,0.017820508075688773,0.009999999999999998,0.002546410161513777,0.006430127018922194,0.0021005127714659915,0.0027349186066657027,0.0006344058351997113
1.5707963267948966,0.0,0.7853981633974483,0.01099583246345427,0.016180598964575577,0.017820508075688773,0.009999999999999998,0.002303527618041007,0.006616497349437821,0.0022947964365352285,0.0027349186066657027,0.0004401221701304742
1.5707963267948966,0.0,1.5707963267948966,0.010692304845413265,0.016140638795573724,0.017820508075688773,0.009999999999999998,0.0020000000000000018,0.006576537180435969,0.002301381892201367,0.0027349186066657027,0.0004335367144643358
1.5707963267948966,0.0,2.356194490192345,0.010505934514897636,0.015897756252100957,0.017820508075688773,0.009999999999999998,0.001813629669484373,0.006333654636963202,0.0021178354862607268,0.0027349186066657027,0.000617083120404976
1.5707963267948966,0.0,3.141592653589793,0.010545894683899487,0.015594228634059947,0.017820508075688773,0.009999999999999998,0.0018535898384862241,0.006030127018922192,0.0018187484974312037,0.0027349186066657027,0.0009161701092344991
1.5707963267948966,0.0,3.9269908169872414,0.010788777227372256,0.01540785830354432,0.017820508075688773,0.009999999999999998,0.0020964723819589925,0.005843756688406565,0.0015664958713208334,0.0027349186066657027,0.0011684227353448693
1.5707963267948966,0.0,4.71238898038469,0.011092304845413264,0.015447818472546173,0.017820508075688773,0.009999999999999998,0.002400000000000001,0.0058837168574084175,0.001556804864537509,0.0027349186066657027,0.0011781137421281937
1.5707963267948966,0.0,5.497787143782138,0.01127867517592889,0.015690701016018938,0.017820508075688773,0.009999999999999998,0.0025863703305156263,0.006126599400881182,0.0017985474286586892,0.0027349186066657027,0.0009363711780070135
1.5707963267948966,0.7853981633974483,0.0,0.01123871500692704,0.01599422863405995,0.017674061466282046,0.010353553390593273,0.002704988805276469,0.006247284306447576,0.00192808518364733,0.002735895200175709,0.0008078100165283789
1.5707963267948966,0.7853981633974483,0.7853981633974483,0.01099583246345427,0.016180598964575577,0.017674061466282046,0.010353553390593273,0.002462106261803699,0.006433654636963203,0.002103868906385513,0.002735895200175709,0.0006320262937901957
1.5707963267948966,0.7853981633974483,1.5707963267948966,0.010692304845413265,0.016140638795573724,0.017674061466282046,0.010353553390593273,0.0021585786437626937,0.00639369446796135,0.00209162117966636,0.002735895200175709,0.0006442740205093488
1.5707963267948966,0.7853981633974483,2.356194490192345,0.010505934514897636,0.015897756252100957,0.017674061466282046,0.010353553390593273,0.001972208313247065,0.006150811924488584,0.0018956417356565045,0.002735895200175709,0.0008402534645192044
1.5707963267948966,0.7853981633974483,3.141592653589793,0.010545894683899487,0.015594228634059947,0.017674061466282046,0.010353553390593273,0.002012168482248916,0.005847284306447573,0.0015936580012043662,0.002735895200175709,0.0011422371989713426
1.5707963267948966,0.7853981633974483,3.9269908169872414,0.010788777227372256,0.01540785830354432,0.017674061466282046,0.010353553390593273,0.0022550510257216844,0.005660913975931946,0.0013531422412101685,0.002735895200175709,0.0013827529589655403
1.5707963267948966,0.7853981633974483,4.71238898038469,0.011092304845413264,0.015447818472546173,0.017674061466282046,0.010353553390593273,0.002558578643762693,0.005700874144933799,0.0013719982292168433,0.002735895200175709,0.0013638969709588655
1.5707963267948966,0.7853981633974483,5.497787143782138,0.01127867517592889,0.015690701016018938,0.017674061466282046,0.010353553390593273,0.0027449489742783183,0.005943756688406564,0.0016321154095958533,0.002735895200175709,0.0011037797905798555
1.5707963267948966,1.5707963267948966,0.0,0.01123871500692704,0.01599422863405995,0.017320508075688773,0.010499999999999999,0.0029464101615137763,0.006230127018922196,0.0019517382079322946,0.00273132034802742,0.0007795821400951254
1.5707963267948966,1.5707963267948966,0.7853981633974483,0.01099583246345427,0.016180598964575577,0.017320508075688773,0.010499999999999999,0.0027035276180410062,0.006416497349437823,0.0020962739914813957,0.00273132034802742,0.0006350463565460243
1.5707963267948966,1.5707963267948966,1.5707963267948966,0.010692304845413265,0.016140638795573724,0.017320508075688773,0.010499999999999999,0.002400000000000001,0.00637653718043597,0.0020488520076244747,0.00273132034802742,0.0006824683404029453
1.5707963267948966,1.5707963267948966,2.356194490192345,0.010505934514897636,0.015897756252100957,0.017320508075688773,0.010499999999999999,0.0022136296694843724,0.006133654636963203,0.0018261215280578425,0.00273132034802742,0.0009051988199695776
1.5707963267948966,1.5707963267948966,3.141592653589793,0.010545894683899487,0.015594228634059947,0.017320508075688773,0.010499999999999999,0.0022535898384862234,0.005830127018922193,0.0015201045910388023,0.00273132034802742,0.0012112157569886177
1.5707963267948966,1.5707963267948966,3.9269908169872414,0.010788777227372256,0.01540785830354432,0.017320508075688773,0.010499999999999999,0.002496472381958992,0.005643756688406566,0.0013136344060044505,0.00273132034802742,0.0014176859420229695
1.5707963267948966,1.5707963267948966,4.71238898038469,0.011092304845413264,0.015447818472546173,0.017320508075688773,0.010499999999999999,0.0028000000000000004,0.005683716857408419,0.0013864362411784993,0.00273132034802742,0.0013448841068489207
1.5707963267948966,1.5707963267948966,5.497787143782138,0.01127867517592889,0.015690701016018938,0.017320508075688773,0.010499999999999999,0.0029863703305156256,0.0059265994008811836,0.0016689158650943705,0.00273132034802742,0.0010624044829330495
1.5707963267948966,2.356194490192345,0.0,0.01123871500692704,0.01599422863405995,0.0169669546850955,0.010353553390593273,0.0031292528739883946,0.006388705662684886,0.002152604285970485,0.002723756944366277,0.000571152658395792
1.5707963267948966,2.356194490192345,0.7853981633974483,0.01099583246345427,0.016180598964575577,0.0169669546850955,0.010353553390593273,0.0028863703305156245,0.006575075993200513,0.0022779547689574593,0.002723756944366277,0.0004458021754088176
1.5707963267948966,2.356194490192345,1.5707963267948966,0.010692304845413265,0.016140638795573724,0.0169669546850955,0.010353553390593273,0.0025828427124746194,0.00653511582419866,0.002206544480948592,0.002723756944366277,0.0005172124634176848
1.5707963267948966,2.356194490192345,2.356194490192345,0.010505934514897636,0.015897756252100957,0.0169669546850955,0.010353553390593273,0.0023964723819589907,0.006292233280725893,0.0019648356038881563,0.002723756944366277,0.0007589213404781206
1.5707963267948966,2.356194490192345,3.141592653589793,0.010545894683899487,0.015594228634059947,0.0169669546850955,0.010353553390593273,0.0024364325509608417,0.005988705662684883,0.0016597963544131037,0.002723756944366277,0.0010639605899531732
1.5707963267948966,2.356194490192345,3.9269908169872414,0.010788777227372256,0.01540785830354432,0.0169669546850955,0.010353553390593273,0.00267931509443361,0.005802335332169256,0.0014830884062271865,0.002723756944366277,0.0012406685381390905
1.5707963267948966,2.356194490192345,4.71238898038469,0.011092304845413264,0.015447818472546173,0.0169669546850955,0.010353553390593273,0.0029828427124746187,0.005842295501171109,0.0015873848316324672,0.002723756944366277,0.0011363721127338098
1.5707963267948966,2.356194490192345,5.497787143782138,0.01127867517592889,0.015690701016018938,0.0169669546850955,0.010353553390593273,0.003169213042990244,0.006085178044643874,0.0018783104641658642,0.002723756944366277,0.0008454464802004128
1.5707963267948966,3.141592653589793,0.0,0.01123871500692704,0.01599422863405995,0.016820508075688773,0.009999999999999998,0.003146410161513777,0.006630127018922197,0.0023891098963648117,0.0027175994522304994,0.00032848955586568763
1.5707963267948966,3.141592653589793,0.7853981633974483,0.01099583246345427,0.016180598964575577,0.016820508075688773,0.009999999999999998,0.0029035276180410068,0.006816497349437824,0.0025189029276632027,0.0027175994522304994,0.00019869652456729666
1.5707963267948966,3.141592653589793,1.5707963267948966,0.010692304845413265,0.016140638795573724,0.016820508075688773,0.009999999999999998,0.0026000000000000016,0.006776537180435971,0.002448453119493585,0.0027175994522304994,0.00026914633273691447
1.5707963267948966,3.141592653589793,2.356194490192345,0.010505934514897636,0.015897756252100957,0.016820508075688773,0.009999999999999998,0.002413629669484373,0.006533654636963204,0.0022052196710221116,0.0027175994522304994,0.0005123797812083878
1.5707963267948966,3.141592653589793,3.141592653589793,0.010545894683899487,0.015594228634059947,0.016820508075688773,0.009999999999999998,0.002453589838486224,0.006230127018922194,0.0019005667320806541,0.0027175994522304994,0.0008170327201498452
1.5707963267948966,3.141592653589793,3.9269908169872414,0.010788777227372256,0.01540785830354432,0.016820508075688773,0.009999999999999998,0.0026964723819589923,0.006043756688406567,0.001724855947901089,0.0027175994522304994,0.0009927435043294104
1.5707963267948966,3.141592653589793,4.71238898038469,0.011092304845413264,0.015447818472546173,0.016820508075688773,0.009999999999999998,0.003000000000000001,0.00608371685740842,0.0018234794546805703,0.0027175994522304994,0.000894119997549929
1.5707963267948966,3.141592653589793,5.497787143782138,0.01127867517592889,0.015690701016018938,0.016820508075688773,0.009999999999999998,0.003186370330515626,0.006326599400881185,0.0021111622871151183,0.0027175994522304994,0.000606437165115381
1.5707963267948966,3.9269908169872414,0.0,0.01123871500692704,0.01599422863405995,0.0169669546850955,0.009646446609406724,0.002987831517751085,0.006812969731396815,0.0025303137205887464,0.002716577088277922,0.00018626336768917543
1.5707963267948966,3.9269908169872414,0.7853981633974483,0.01099583246345427,0.016180598964575577,0.0169669546850955,0.009646446609406724,0.002744948974278315,0.006999340061912442,0.002680428747209905,0.002716577088277922,3.614834106801688e-05
1.5707963267948966,3.9269908169872414,1.5707963267948966,0.010692304845413265,0.016140638795573724,0.0169669546850955,0.009646446609406724,0.0024414213562373097,0.006959379892910589,0.002629905346753247,0.002716577088277922,8.667174152467497e-05
1.5707963267948966,3.9269908169872414,2.356194490192345,0.010505934514897636,0.015897756252100957,0.0169669546850955,0.009646446609406724,0.002255051025721681,0.0067164973494378225,0.0023989087840860634,0.002716577088277922,0.00031766830419185845
1.5707963267948966,3.9269908169872414,3.141592653589793,0.010545894683899487,0.015594228634059947,0.0169669546850955,0.009646446609406724,0.002295011194723532,0.006412969731396812,0.002092905677568223,0.002716577088277922,0.000623671410709699
1.5707963267948966,3.9269908169872414,3.9269908169872414,0.010788777227372256,0.01540785830354432,0.0169669546850955,0.009646446609406724,0.0025378937381963004,0.006226599400881185,0.0018968509248034498,0.002716577088277922,0.000819726163474472
1.5707963267948966,3.9269908169872414,4.71238898038469,0.011092304845413264,0.015447818472546173,0.0169669546850955,0.009646446609406724,0.002841421356237309,0.006266559569883038,0.0019663009858400743,0.002716577088277922,0.0007502761024378475
1.5707963267948966,3.9269908169872414,5.497787143782138,0.01127867517592889,0.015690701016018938,0.0169669546850955,0.009646446609406724,0.003027791686752934,0.006509442113355803,0.002242315398295182,0.002716577088277922,0.0004742616899827399
1.5707963267948966,4.71238898038469,0.0,0.01123871500692704,0.01599422863405995,0.017320508075688773,0.009499999999999998,0.0027464101615137775,0.0068301270189221955,0.0025121142425648673,0.0027213226913196066,0.00020920844875473932
1.5707963267948966,4.71238898038469,0.7853981633974483,0.01099583246345427,0.016180598964575577,0.017320508075688773,0.009499999999999998,0.0025035276180410074,0.0070164973494378224,0.0026863726466675644,0.0027213226913196066,3.495004465204222e-05
1.5707963267948966,4.71238898038469,1.5707963267948966,0.010692304845413265,0.016140638795573724,0.017320508075688773,0.009499999999999998,0.0022000000000000023,0.00697653718043597,0.0026633600475646116,0.0027213226913196066,5.7962643754995e-05
1.5707963267948966,4.71238898038469,2.356194490192345,0.010505934514897636,0.015897756252100957,0.017320508075688773,0.009499999999999998,0.0020136296694843736,0.006733654636963203,0.0024522440965555957,0.0027213226913196066,0.0002690785947640109
1.5707963267948966,4.71238898038469,3.141592653589793,0.010545894683899487,0.015594228634059947,0.017320508075688773,0.009499999999999998,0.0020535898384862247,0.006430127018922193,0.002146923853401129,0.0027213226913196066,0.0005743988379184775
1.5707963267948966,4.71238898038469,3.9269908169872414,0.010788777227372256,0.01540785830354432,0.017320508075688773,0.009499999999999998,0.002296472381958993,0.006243756688406566,0.0019244225116216852,0.0027213226913196066,0.0007969001796979214
1.5707963267948966,4.71238898038469,4.71238898038469,0.011092304845413264,0.015447818472546173,0.017320508075688773,0.009499999999999998,0.0026000000000000016,0.0062837168574084185,0.0019561475550266233,0.0027213226913196066,0.0007651751362929833
1.5707963267948966,4.71238898038469,5.497787143782138,0.01127867517592889,0.015690701016018938,0.017320508075688773,0.009499999999999998,0.002786370330515627,0.006526599400881183,0.0022150618255272763,0.0027213226913196066,0.0005062608657923303
1.5707963267948966,5.497787143782138,0.0,0.01123871500692704,0.01599422863405995,0.017674061466282046,0.009646446609406724,0.0025635674490391593,0.006671548375159505,0.002342284096351576,0.0027289318166058784,0.0003866477202543023
1.5707963267948966,5.497787143782138,0.7853981633974483,0.01099583246345427,0.016180598964575577,0.017674061466282046,0.009646446609406724,0.002320684905566389,0.006857918705675132,0.002534143783353463,0.0027289318166058784,0.00019478803325241557
1.5707963267948966,5.497787143782138,1.5707963267948966,0.010692304845413265,0.016140638795573724,0.017674061466282046,0.009646446609406724,0.002017157287525384,0.006817958536673279,0.0025342538834350276,0.0027289318166058784,0.0001946779331708508
1.5707963267948966,5.497787143782138,2.356194490192345,0.010505934514897636,0.015897756252100957,0.017674061466282046,0.009646446609406724,0.0018307869570097553,0.006575075993200513,0.002342571662515694,0.0027289318166058784,0.0003863601540901843
1.5707963267948966,5.497787143782138,3.141592653589793,0.010545894683899487,0.015594228634059947,0.017674061466282046,0.009646446609406724,0.0018707471260116064,0.0062715483751595025,0.0020408517981168957,0.0027289318166058784,0.0006880800184889827
1.5707963267948966,5.497787143782138,3.9269908169872414,0.010788777227372256,0.01540785830354432,0.017674061466282046,0.009646446609406724,0.0021136296694843747,0.0060851780446438755,0.0017970771088602411,0.0027289318166058784,0.0009318547077456372
1.5707963267948966,5.497787143782138,4.71238898038469,0.011092304845413264,0.015447818472546173,0.017674061466282046,0.009646446609406724,0.0024171572875253833,0.006125138213645728,0.0017969218414257658,0.0027289318166058784,0.0009320099751801126
1.5707963267948966,5.497787143782138,5.497787143782138,0.01127867517592889,0.015690701016018938,0.017674061466282046,0.009646446609406724,0.0026035276180410086,0.006368020757118493,0.0020405217116896686,0.0027289318166058784,0.0006884101049162098
2.356194490192345,0.0,0.0,0.009824501444553945,0.015408442196433043,0.017820508075688773,0.009999999999999998,0.0011321965991406818,0.005844340581295288,0.002040521711689669,0.0027349186066657027,0.0006943968949760337
2.356194490192345,0.0,0.7853981633974483,0.009581618901081175,0.01559481252694867,0.017820508075688773,0.009999999999999998,0.0008893140556679117,0.006030710911810915,0.0023422840963515743,0.0027349186066657027,0.0003926345103141284
2.356194490192345,0.0,1.5707963267948966,0.00927809128304017,0.015554852357946817,0.017820508075688773,0.009999999999999998,0.0005857864376269065,0.005990750742809062,0.002534143783353459,0.0027349186066657027,0.00020077482331224382
2.356194490192345,0.0,2.356194490192345,0.009091720952524541,0.01531196981447405,0.017820508075688773,0.009999999999999998,0.00039941610711127784,0.0057478681993362955,0.0025342538834350263,0.0027349186066657027,0.00020066472323067644
2.356194490192345,0.0,3.141592653589793,0.009131681121526392,0.015008442196433042,0.017820508075688773,0.009999999999999998,0.0004393762761131289,0.005444340581295287,0.002342571662515693,0.0027349186066657027,0.0003923469441500099
2.356194490192345,0.0,3.9269908169872414,0.00937456366499916,0.014822071865917415,0.017820508075688773,0.009999999999999998,0.0006822588195858972,0.00525797025077966,0.0020408517981168957,0.0027349186066657027,0.000694066808548807
2.356194490192345,0.0,4.71238898038469,0.00967809128304017,0.014862032034919268,0.017820508075688773,0.009999999999999998,0.0009857864376269058,0.005297930419781513,0.001797077108860241,0.0027349186066657027,0.0009378414978054618
2.356194490192345,0.0,5.497787143782138,0.009864461613555794,0.015104914578392034,0.017820508075688773,0.009999999999999998,0.001172156768142531,0.005540812963254279,0.0017969218414257656,0.0027349186066657027,0.0009379967652399371
2.356194490192345,0.7853981633974483,0.0,0.009824501444553945,0.015408442196433043,0.017674061466282046,0.010353553390593273,0.0012907752429033737,0.00566149786882067,0.0017985474286586905,0.002735895200175709,0.0009373477715170183
2.356194490192345,0.7853981633974483,0.7853981633974483,0.009581618901081175,0.01559481252694867,0.017674061466282046,0.010353553390593273,0.0010478926994306036,0.005847868199336297,0.0021005127714659906,0.002735895200175709,0.0006353824287097182
2.356194490192345,0.7853981633974483,1.5707963267948966,0.00927809128304017,0.015554852357946817,0.017674061466282046,0.010353553390593273,0.0007443650813895985,0.005807908030334444,0.002294796436535225,0.002735895200175709,0.00044109876364048376
2.356194490192345,0.7853981633974483,2.356194490192345,0.009091720952524541,0.01531196981447405,0.017674061466282046,0.010353553390593273,0.0005579947508739698,0.005565025486861677,0.002301381892201366,0.002735895200175709,0.00043451330797434273
2.356194490192345,0.7853981633974483,3.141592653589793,0.009131681121526392,0.015008442196433042,0.017674061466282046,0.010353553390593273,0.0005979549198758208,0.005261497868820669,0.002117835486260726,0.002735895200175709,0.0006180597139149829
2.356194490192345,0.7853981633974483,3.9269908169872414,0.00937456366499916,0.014822071865917415,0.017674061466282046,0.010353553390593273,0.0008408374633485892,0.005075127538305042,0.0018187484974312032,0.002735895200175709,0.0009171467027445056
2.356194490192345,0.7853981633974483,4.71238898038469,0.00967809128304017,0.014862032034919268,0.017674061466282046,0.010353553390593273,0.0011443650813895978,0.005115087707306894,0.0015664958713208334,0.002735895200175709,0.0011693993288548754
2.356194490192345,0.7853981633974483,5.497787143782138,0.009864461613555794,0.015104914578392034,0.017674061466282046,0.010353553390593273,0.001330735411905223,0.005357970250779661,0.0015568048645375097,0.002735895200175709,0.0011790903356381991
2.356194490192345,1.5707963267948966,0.0,0.009824501444553945,0.015408442196433043,0.017320508075688773,0.010499999999999999,0.001532196599140681,0.005644340581295289,0.0016321154095958557,0.00273132034802742,0.0010992049384315643
2.356194490192345,1.5707963267948966,0.7853981633974483,0.009581618901081175,0.01559481252694867,0.017320508075688773,0.010499999999999999,0.001289314055667911,0.005830710911810916,0.0019280851836473297,0.00273132034802742,0.0008032351643800903
2.356194490192345,1.5707963267948966,1.5707963267948966,0.00927809128304017,0.015554852357946817,0.017320508075688773,0.010499999999999999,0.0009857864376269058,0.005790750742809063,0.002103868906385511,0.00273132034802742,0.000627451441641909
2.356194490192345,1.5707963267948966,2.356194490192345,0.009091720952524541,0.01531196981447405,0.017320508075688773,0.010499999999999999,0.0007994161071112772,0.005547868199336297,0.002091621179666361,0.00273132034802742,0.0006396991683610591
2.356194490192345,1.5707963267948966,3.141592653589793,0.009131681121526392,0.015008442196433042,0.017320508075688773,0.010499999999999999,0.0008393762761131282,0.005244340581295288,0.001895641735656505,0.00273132034802742,0.0008356786123709149
2.356194490192345,1.5707963267948966,3.9269908169872414,0.00937456366499916,0.014822071865917415,0.017320508075688773,0.010499999999999999,0.0010822588195858966,0.005057970250779661,0.0015936580012043677,0.00273132034802742,0.0011376623468230523
2.356194490192345,1.5707963267948966,4.71238898038469,0.00967809128304017,0.014862032034919268,0.017320508075688773,0.010499999999999999,0.0013857864376269052,0.005097930419781514,0.0013531422412101702,0.00273132034802742,0.0013781781068172498
2.356194490192345,1.5707963267948966,5.497787143782138,0.009864461613555794,0.015104914578392034,0.017320508075688773,0.010499999999999999,0.0015721567681425304,0.0053408129632542805,0.0013719982292168449,0.00273132034802742,0.0013593221188105751
2.356194490192345,2.356194490192345,0.0,0.009824501444553945,0.015408442196433043,0.0169669546850955,0.010353553390593273,0.0017150393116152993,0.005802919225057979,0.001668915865094373,0.002723756944366277,0.0010548410792719039
2.356194490192345,2.356194490192345,0.7853981633974483,0.009581618901081175,0.01559481252694867,0.0169669546850955,0.010353553390593273,0.0014721567681425293,0.005989289555573606,0.0019517382079322942,0.002723756944366277,0.0007720187364339828
2.356194490192345,2.356194490192345,1.5707963267948966,0.00927809128304017,0.015554852357946817,0.0169669546850955,0.010353553390593273,0.0011686291501015241,0.0059493293865717535,0.0020962739914813936,0.002723756944366277,0.0006274829528848834
2.356194490192345,2.356194490192345,2.356194490192345,0.009091720952524541,0.01531196981447405,0.0169669546850955,0.010353553390593273,0.0009822588195858954,0.005706446843098987,0.0020488520076244747,0.002723756944366277,0.0006749049367418022
2.356194490192345,2.356194490192345,3.141592653589793,0.009131681121526392,0.015008442196433042,0.0169669546850955,0.010353553390593273,0.0010222189885877465,0.005402919225057978,0.0018261215280578422,0.002723756944366277,0.0008976354163084347
2.356194490192345,2.356194490192345,3.9269908169872414,0.00937456366499916,0.014822071865917415,0.0169669546850955,0.010353553390593273,0.0012651015320605148,0.005216548894542351,0.0015201045910388034,0.002723756944366277,0.0012036523533274735
2.356194490192345,2.356194490192345,4.71238898038469,0.00967809128304017,0.014862032034919268,0.0169669546850955,0.010353553390593273,0.0015686291501015234,0.005256509063544204,0.0013136344060044518,0.002723756944366277,0.0014101225383618252
2.356194490192345,2.356194490192345,5.497787143782138,0.009864461613555794,0.015104914578392034,0.0169669546850955,0.010353553390593273,0.0017549994806171487,0.005499391607016971,0.0013864362411785004,0.002723756944366277,0.0013373207031877766
2.356194490192345,3.141592653589793,0.0,0.009824501444553945,0.015408442196433043,0.016820508075688773,0.009999999999999998,0.0017321965991406816,0.00604434058129529,0.0018783104641658683,0.0027175994522304994,0.0008392889880646311
2.356194490192345,3.141592653589793,0.7853981633974483,0.009581618901081175,0.01559481252694867,0.016820508075688773,0.009999999999999998,0.0014893140556679115,0.006230710911810917,0.0021526042859704854,0.0027175994522304994,0.000564995166260014
2.356194490192345,3.141592653589793,1.5707963267948966,0.00927809128304017,0.015554852357946817,0.016820508075688773,0.009999999999999998,0.0011857864376269064,0.006190750742809064,0.002277954768957458,0.0027175994522304994,0.00043964468327304133
2.356194490192345,3.141592653589793,2.356194490192345,0.009091720952524541,0.01531196981447405,0.016820508075688773,0.009999999999999998,0.0009994161071112777,0.005947868199336298,0.0022065444809485925,0.0027175994522304994,0.0005110549712819068
2.356194490192345,3.141592653589793,3.141592653589793,0.009131681121526392,0.015008442196433042,0.016820508075688773,0.009999999999999998,0.0010393762761131287,0.005644340581295289,0.0019648356038881563,0.0027175994522304994,0.000752763848342343
2.356194490192345,3.141592653589793,3.9269908169872414,0.00937456366499916,0.014822071865917415,0.016820508075688773,0.009999999999999998,0.001282258819585897,0.005457970250779662,0.0016597963544131053,0.0027175994522304994,0.0010578030978173941
2.356194490192345,3.141592653589793,4.71238898038469,0.00967809128304017,0.014862032034919268,0.016820508075688773,0.009999999999999998,0.0015857864376269057,0.005497930419781515,0.0014830884062271884,0.0027175994522304994,0.001234511046003311
2.356194490192345,3.141592653589793,5.497787143782138,0.009864461613555794,0.015104914578392034,0.016820508075688773,0.009999999999999998,0.001772156768142531,0.0057408129632542815,0.001587384831632469,0.0027175994522304994,0.0011302146205980305
2.356194490192345,3.9269908169872414,0.0,0.009824501444553945,0.015408442196433043,0.0169669546850955,0.009646446609406724,0.0015736179553779896,0.006227183293769908,0.0021111622871151205,0.002716577088277922,0.0006054148011628013
2.356194490192345,3.9269908169872414,0.7853981633974483,0.009581618901081175,0.01559481252694867,0.0169669546850955,0.009646446609406724,0.0013307354119052196,0.006413553624285535,0.002389109896364811,0.002716577088277922,0.00032746719191311096
2.356194490192345,3.9269908169872414,1.5707963267948966,0.00927809128304017,0.015554852357946817,0.0169669546850955,0.009646446609406724,0.0010272077938642144,0.006373593455283683,0.0025189029276632,0.002716577088277922,0.00019767416061472172
2.356194490192345,3.9269908169872414,2.356194490192345,0.009091720952524541,0.01531196981447405,0.0169669546850955,0.009646446609406724,0.0008408374633485857,0.006130710911810916,0.0024484531194935845,0.002716577088277922,0.00026812396878433736
2.356194490192345,3.9269908169872414,3.141592653589793,0.009131681121526392,0.015008442196433042,0.0169669546850955,0.009646446609406724,0.0008807976323504368,0.005827183293769907,0.002205219671022111,0.002716577088277922,0.0005113574172558107
2.356194490192345,3.9269908169872414,3.9269908169872414,0.00937456366499916,0.014822071865917415,0.0169669546850955,0.009646446609406724,0.0011236801758232051,0.00564081296325428,0.001900566732080655,0.002716577088277922,0.0008160103561972668
2.356194490192345,3.9269908169872414,4.71238898038469,0.00967809128304017,0.014862032034919268,0.0169669546850955,0.009646446609406724,0.0014272077938642137,0.005680773132256133,0.0017248559479010896,0.002716577088277922,0.0009917211403768322
2.356194490192345,3.9269908169872414,5.497787143782138,0.009864461613555794,0.015104914578392034,0.0169669546850955,0.009646446609406724,0.001613578124379839,0.0059236556757289,0.0018234794546805708,0.002716577088277922,0.000893097633597351
2.356194490192345,4.71238898038469,0.0,0.009824501444553945,0.015408442196433043,0.017320508075688773,0.009499999999999998,0.0013321965991406823,0.006244340581295289,0.0022423153982951832,0.0027213226913196066,0.00047900729302442335
2.356194490192345,4.71238898038469,0.7853981633974483,0.009581618901081175,0.01559481252694867,0.017320508075688773,0.009499999999999998,0.0010893140556679122,0.006430710911810916,0.0025303137205887447,0.0027213226913196066,0.0001910089707308619
2.356194490192345,4.71238898038469,1.5707963267948966,0.00927809128304017,0.015554852357946817,0.017320508075688773,0.009499999999999998,0.0007857864376269071,0.006390750742809063,0.0026804287472099015,0.0027213226913196066,4.089394410970509e-05
2.356194490192345,4.71238898038469,2.356194490192345,0.009091720952524541,0.01531196981447405,0.017320508075688773,0.009499999999999998,0.0005994161071112784,0.0061478681993362965,0.002629905346753245,0.0027213226913196066,9.141734456636144e-05
2.356194490192345,4.71238898038469,3.141592653589793,0.009131681121526392,0.015008442196433042,0.017320508075688773,0.009499999999999998,0.0006393762761131294,0.005844340581295288,0.002398908784086061,0.0027213226913196066,0.00032241390723354536
2.356194490192345,4.71238898038469,3.9269908169872414,0.00937456366499916,0.014822071865917415,0.017320508075688773,0.009499999999999998,0.0008822588195858978,0.005657970250779661,0.002092905677568222,0.0027213226913196066,0.0006284170137513846
2.356194490192345,4.71238898038469,4.71238898038469,0.00967809128304017,0.014862032034919268,0.017320508075688773,0.009499999999999998,0.0011857864376269064,0.005697930419781514,0.0018968509248034494,0.0027213226913196066,0.0008244717665161572
2.356194490192345,4.71238898038469,5.497787143782138,0.009864461613555794,0.015104914578392034,0.017320508075688773,0.009499999999999998,0.0013721567681425316,0.00594081296325428,0.0019663009858400743,0.0027213226913196066,0.0007550217054795322
2.356194490192345,5.497787143782138,0.0,0.009824501444553945,0.015408442196433043,0.017674061466282046,0.009646446609406724,0.001149353886666064,0.006085761937532599,0.002215061825527277,0.0027289318166058784,0.0005138699910786013
2.356194490192345,5.497787143782138,0.7853981633974483,0.009581618901081175,0.01559481252694867,0.017674061466282046,0.009646446609406724,0.0009064713431932939,0.006272132268048226,0.002512114242564866,0.0027289318166058784,0.00021681757404101243
2.356194490192345,5.497787143782138,1.5707963267948966,0.00927809128304017,0.015554852357946817,0.017674061466282046,0.009646446609406724,0.0006029437251522888,0.006232172099046373,0.0026863726466675605,0.0027289318166058784,4.255916993831793e-05
2.356194490192345,5.497787143782138,2.356194490192345,0.009091720952524541,0.01531196981447405,0.017674061466282046,0.009646446609406724,0.0004165733946366601,0.005989289555573606,0.0026633600475646103,0.0027289318166058784,6.557176904126811e-05
2.356194490192345,5.497787143782138,3.141592653589793,0.009131681121526392,0.015008442196433042,0.017674061466282046,0.009646446609406724,0.00045653356363851115,0.005685761937532598,0.0024522440965555944,0.0027289318166058784,0.000276687720050284
2.356194490192345,5.497787143782138,3.9269908169872414,0.00937456366499916,0.014822071865917415,0.017674061466282046,0.009646446609406724,0.0006994161071112795,0.005499391607016971,0.0021469238534011286,0.0027289318166058784,0.0005820079632047497
2.356194490192345,5.497787143782138,4.71238898038469,0.00967809128304017,0.014862032034919268,0.017674061466282046,0.009646446609406724,0.001002943725152288,0.0055393517760188235,0.0019244225116216848,0.0027289318166058784,0.0008045093049841936
2.356194490192345,5.497787143782138,5.497787143782138,0.009864461613555794,0.015104914578392034,0.017674061466282046,0.009646446609406724,0.0011893140556679133,0.00578223431949159,0.0019561475550266233,0.0027289318166058784,0.0007727842615792551
3.141592653589793,0.0,0.0,0.00923871500692704,0.013994228634059948,0.017820508075688773,0.009999999999999998,0.000546410161513777,0.004430127018922193,0.0019561475550266215,0.0027349186066657027,0.0007787710516390812
3.141592653589793,0.0,0.7853981633974483,0.00899583246345427,0.014180598964575575,0.017820508075688773,0.009999999999999998,0.0003035276180410069,0.00461649734943782,0.0022150618255272797,0.0027349186066657027,0.000519856781138423
3.141592653589793,0.0,1.5707963267948966,0.008692304845413265,0.014140638795573722,0.017820508075688773,0.009999999999999998,1.734723475976807e-18,0.004576537180435967,0.0025121142425648633,0.0027349186066657027,0.00022280436410083938
3.141592653589793,0.0,2.356194490192345,0.008505934514897636,0.013897756252100955,0.017820508075688773,0.009999999999999998,-0.00018637033051562696,0.0043336546369632,0.0026863726466675626,0.0027349186066657027,4.854595999814011e-05
3.141592653589793,0.0,3.141592653589793,0.008545894683899487,0.013594228634059947,0.017820508075688773,0.009999999999999998,-0.0001464101615137759,0.004030127018922192,0.002663360047564612,0.0027349186066657027,7.155855910109072e-05
3.141592653589793,0.0,3.9269908169872414,0.008788777227372256,0.01340785830354432,0.017820508075688773,0.009999999999999998,9.647238195899244e-05,0.0038437566884065646,0.0024522440965555944,0.0027349186066657027,0.00028267451011010835
3.141592653589793,0.0,4.71238898038469,0.009092304845413264,0.013447818472546173,0.017820508075688773,0.009999999999999998,0.00040000000000000105,0.0038837168574084174,0.002146923853401129,0.0027349186066657027,0.0005879947532645736
3.141592653589793,0.0,5.497787143782138,0.00927867517592889,0.01369070101601894,0.017820508075688773,0.009999999999999998,0.0005863703305156263,0.004126599400881184,0.0019244225116216871,0.0027349186066657027,0.0008104960950440156
3.141592653589793,0.7853981633974483,0.0,0.00923871500692704,0.013994228634059948,0.017674061466282046,0.010353553390593273,0.0007049888052764689,0.004247284306447574,0.0017969218414257623,0.002735895200175709,0.0009389733587499465
3.141592653589793,0.7853981633974483,0.7853981633974483,0.00899583246345427,0.014180598964575575,0.017674061466282046,0.010353553390593273,0.00046210626180369883,0.004433654636963201,0.0020405217116896703,0.002735895200175709,0.0006953734884860385
3.141592653589793,0.7853981633974483,1.5707963267948966,0.008692304845413265,0.014140638795573722,0.017674061466282046,0.010353553390593273,0.0001585786437626937,0.0043936944679613486,0.002342284096351571,0.002735895200175709,0.00039361110382413796
3.141592653589793,0.7853981633974483,2.356194490192345,0.008505934514897636,0.013897756252100955,0.017674061466282046,0.010353553390593273,-2.7791686752935002e-05,0.004150811924488582,0.0025341437833534593,0.002735895200175709,0.00020175141682224947
3.141592653589793,0.7853981633974483,3.141592653589793,0.008545894683899487,0.013594228634059947,0.017674061466282046,0.010353553390593273,1.2168482248916049e-05,0.0038472843064475733,0.0025342538834350263,0.002735895200175709,0.00020164131674068253
3.141592653589793,0.7853981633974483,3.9269908169872414,0.008788777227372256,0.01340785830354432,0.017674061466282046,0.010353553390593273,0.0002550510257216844,0.0036609139759319464,0.002342571662515691,0.002735895200175709,0.00039332353766001775
3.141592653589793,0.7853981633974483,4.71238898038469,0.009092304845413264,0.013447818472546173,0.017674061466282046,0.010353553390593273,0.000558578643762693,0.003700874144933799,0.002040851798116894,0.002735895200175709,0.0006950434020588148
3.141592653589793,0.7853981633974483,5.497787143782138,0.00927867517592889,0.01369070101601894,0.017674061466282046,0.010353553390593273,0.0007449489742783182,0.003943756688406566,0.0017970771088602416,0.002735895200175709,0.0009388180913154672
3.141592653589793,1.5707963267948966,0.0,0.00923871500692704,0.013994228634059948,0.017320508075688773,0.010499999999999999,0.0009464101615137763,0.004230127018922194,0.001556804864537509,0.00273132034802742,0.001174515483489911
3.141592653589793,1.5707963267948966,0.7853981633974483,0.00899583246345427,0.014180598964575575,0.017320508075688773,0.010499999999999999,0.0007035276180410062,0.004416497349437821,0.0017985474286586944,0.00273132034802742,0.0009327729193687256
3.141592653589793,1.5707963267948966,1.5707963267948966,0.008692304845413265,0.014140638795573722,0.017320508075688773,0.010499999999999999,0.00040000000000000105,0.004376537180435968,0.0021005127714659893,0.00273132034802742,0.0006308075765614307
3.141592653589793,1.5707963267948966,2.356194490192345,0.008505934514897636,0.013897756252100955,0.017320508075688773,0.010499999999999999,0.00021362966948437236,0.004133654636963201,0.0022947964365352285,0.00273132034802742,0.0004365239114921915
3.141592653589793,1.5707963267948966,3.141592653589793,0.008545894683899487,0.013594228634059947,0.017320508075688773,0.010499999999999999,0.0002535898384862234,0.003830127018922193,0.002301381892201369,0.00273132034802742,0.0004299384558260509
3.141592653589793,1.5707963267948966,3.9269908169872414,0.008788777227372256,0.01340785830354432,0.017320508075688773,0.010499999999999999,0.0004964723819589918,0.003643756688406566,0.0021178354862607268,0.00273132034802742,0.0006134848617666932
3.141592653589793,1.5707963267948966,4.71238898038469,0.009092304845413264,0.013447818472546173,0.017320508075688773,0.010499999999999999,0.0008000000000000004,0.0036837168574084186,0.0018187484974312045,0.00273132034802742,0.0009125718505962155
3.141592653589793,1.5707963267948966,5.497787143782138,0.00927867517592889,0.01369070101601894,0.017320508075688773,0.010499999999999999,0.0009863703305156256,0.003926599400881185,0.0015664958713208369,0.00273132034802742,0.0011648244767065831
3.141592653589793,2.356194490192345,0.0,0.00923871500692704,0.013994228634059948,0.0169669546850955,0.010353553390593273,0.0011292528739883945,0.004388705662684884,0.0013719982292168433,0.002723756944366277,0.0013517587151494336
3.141592653589793,2.356194490192345,0.7853981633974483,0.00899583246345427,0.014180598964575575,0.0169669546850955,0.010353553390593273,0.0008863703305156245,0.004575075993200511,0.0016321154095958585,0.002723756944366277,0.0010916415347704185
3.141592653589793,2.356194490192345,1.5707963267948966,0.008692304845413265,0.014140638795573722,0.0169669546850955,0.010353553390593273,0.0005828427124746193,0.004535115824198658,0.0019280851836473278,0.002723756944366277,0.0007956717607189492
3.141592653589793,2.356194490192345,2.356194490192345,0.008505934514897636,0.013897756252100955,0.0169669546850955,0.010353553390593273,0.0003964723819589906,0.004292233280725892,0.002103868906385513,0.002723756944366277,0.0006198880379807638
3.141592653589793,2.356194490192345,3.141592653589793,0.008545894683899487,0.013594228634059947,0.0169669546850955,0.010353553390593273,0.00043643255096084167,0.003988705662684883,0.0020916211796663626,0.002723756944366277,0.0006321357646999143
3.141592653589793,2.356194490192345,3.9269908169872414,0.008788777227372256,0.01340785830354432,0.0169669546850955,0.010353553390593273,0.00067931509443361,0.003802335332169256,0.0018956417356565049,0.002723756944366277,0.000828115208709772
3.141592653589793,2.356194490192345,4.71238898038469,0.009092304845413264,0.013447818472546173,0.0169669546850955,0.010353553390593273,0.0009828427124746186,0.003842295501171109,0.0015936580012043677,0.002723756944366277,0.0011300989431619092
3.141592653589793,2.356194490192345,5.497787143782138,0.00927867517592889,0.01369070101601894,0.0169669546850955,0.010353553390593273,0.0011692130429902439,0.0040851780446438755,0.0013531422412101722,0.002723756944366277,0.0013706147031561048
3.141592653589793,3.141592653589793,0.0,0.00923871500692704,0.013994228634059948,0.016820508075688773,0.009999999999999998,0.0011464101615137768,0.004630127018922195,0.001386436241178498,0.0027175994522304994,0.0013311632110520014
3.141592653589793,3.141592653589793,0.7853981633974483,0.00899583246345427,0.014180598964575575,0.016820508075688773,0.009999999999999998,0.0009035276180410067,0.004816497349437822,0.0016689158650943748,0.0027175994522304994,0.0010486835871361246
3.141592653589793,3.141592653589793,1.5707963267948966,0.008692304845413265,0.014140638795573722,0.016820508075688773,0.009999999999999998,0.0006000000000000016,0.004776537180435969,0.0019517382079322911,0.0027175994522304994,0.0007658612442982082
3.141592653589793,3.141592653589793,2.356194490192345,0.008505934514897636,0.013897756252100955,0.016820508075688773,0.009999999999999998,0.0004136296694843729,0.0045336546369632025,0.002096273991481394,0.0027175994522304994,0.0006213254607491054
3.141592653589793,3.141592653589793,3.141592653589793,0.008545894683899487,0.013594228634059947,0.016820508075688773,0.009999999999999998,0.00045358983848622393,0.004230127018922194,0.0020488520076244747,0.0027175994522304994,0.0006687474446060247
3.141592653589793,3.141592653589793,3.9269908169872414,0.008788777227372256,0.01340785830354432,0.016820508075688773,0.009999999999999998,0.0006964723819589923,0.004043756688406567,0.0018261215280578403,0.0027175994522304994,0.0008914779241726591
3.141592653589793,3.141592653589793,4.71238898038469,0.009092304845413264,0.013447818472546173,0.016820508075688773,0.009999999999999998,0.0010000000000000009,0.00408371685740842,0.0015201045910388019,0.0027175994522304994,0.0011974948611916975
3.141592653589793,3.141592653589793,5.497787143782138,0.00927867517592889,0.01369070101601894,0.016820508075688773,0.009999999999999998,0.0011863703305156261,0.004326599400881186,0.0013136344060044522,0.0027175994522304994,0.0014039650462260472
3.141592653589793,3.9269908169872414,0.0,0.00923871500692704,0.013994228634059948,0.0169669546850955,0.009646446609406724,0.0009878315177510848,0.004812969731396813,0.0015873848316324676,0.002716577088277922,0.0011291922566454542
3.141592653589793,3.9269908169872414,0.7853981633974483,0.00899583246345427,0.014180598964575575,0.0169669546850955,0.009646446609406724,0.0007449489742783148,0.00499934006191244,0.0018783104641658702,0.002716577088277922,0.0008382666241120516
3.141592653589793,3.9269908169872414,1.5707963267948966,0.008692304845413265,0.014140638795573722,0.0169669546850955,0.009646446609406724,0.0004414213562373096,0.004959379892910587,0.002152604285970483,0.002716577088277922,0.0005639728023074386
3.141592653589793,3.9269908169872414,2.356194490192345,0.008505934514897636,0.013897756252100955,0.0169669546850955,0.009646446609406724,0.0002550510257216809,0.004716497349437821,0.0022779547689574598,0.002716577088277922,0.00043862231932046206
3.141592653589793,3.9269908169872414,3.141592653589793,0.008545894683899487,0.013594228634059947,0.0169669546850955,0.009646446609406724,0.000295011194723532,0.004412969731396812,0.002206544480948594,0.002716577088277922,0.000510032607329328
3.141592653589793,3.9269908169872414,3.9269908169872414,0.008788777227372256,0.01340785830354432,0.0169669546850955,0.009646446609406724,0.0005378937381963003,0.004226599400881185,0.0019648356038881563,0.002716577088277922,0.0007517414843897655
3.141592653589793,3.9269908169872414,4.71238898038469,0.009092304845413264,0.013447818472546173,0.0169669546850955,0.009646446609406724,0.0008414213562373089,0.004266559569883038,0.0016597963544131055,0.002716577088277922,0.0010567807338648164
3.141592653589793,3.9269908169872414,5.497787143782138,0.00927867517592889,0.01369070101601894,0.0169669546850955,0.009646446609406724,0.0010277916867529342,0.004509442113355805,0.0014830884062271902,0.002716577088277922,0.0012334886820507317
3.141592653589793,4.71238898038469,0.0,0.00923871500692704,0.013994228634059948,0.017320508075688773,0.009499999999999998,0.0007464101615137775,0.004830127018922194,0.001823479454680567,0.0027213226913196066,0.0008978432366390395
3.141592653589793,4.71238898038469,0.7853981633974483,0.00899583246345427,0.014180598964575575,0.017320508075688773,0.009499999999999998,0.0005035276180410074,0.005016497349437821,0.0021111622871151205,0.0027213226913196066,0.0006101604042044861
3.141592653589793,4.71238898038469,1.5707963267948966,0.008692304845413265,0.014140638795573722,0.017320508075688773,0.009499999999999998,0.00020000000000000226,0.004976537180435968,0.0023891098963648065,0.0027213226913196066,0.00033221279495480004
3.141592653589793,4.71238898038469,2.356194490192345,0.008505934514897636,0.013897756252100955,0.017320508075688773,0.009499999999999998,1.3629669484373566e-05,0.004733654636963201,0.0025189029276631997,0.0027213226913196066,0.0002024197636564069
3.141592653589793,4.71238898038469,3.141592653589793,0.008545894683899487,0.013594228634059947,0.017320508075688773,0.009499999999999998,5.358983848622462e-05,0.004430127018922193,0.002448453119493583,0.0027213226913196066,0.0002728695718260234
3.141592653589793,4.71238898038469,3.9269908169872414,0.008788777227372256,0.01340785830354432,0.017320508075688773,0.009499999999999998,0.00029647238195899296,0.004243756688406566,0.002205219671022108,0.0027213226913196066,0.0005161030202974985
3.141592653589793,4.71238898038469,4.71238898038469,0.009092304845413264,0.013447818472546173,0.017320508075688773,0.009499999999999998,0.0006000000000000016,0.0042837168574084185,0.0019005667320806524,0.0027213226913196066,0.0008207559592389542
3.141592653589793,4.71238898038469,5.497787143782138,0.00927867517592889,0.01369070101601894,0.017320508075688773,0.009499999999999998,0.0007863703305156268,0.004526599400881185,0.001724855947901089,0.0027213226913196066,0.0009964667434185176
3.141592653589793,5.497787143782138,0.0,0.00923871500692704,0.013994228634059948,0.017674061466282046,0.009646446609406724,0.0005635674490391592,0.0046715483751595035,0.0019663009858400713,0.0027289318166058784,0.0007626308307658071
3.141592653589793,5.497787143782138,0.7853981633974483,0.00899583246345427,0.014180598964575575,0.017674061466282046,0.009646446609406724,0.00032068490556638914,0.0048579187056751304,0.002242315398295184,0.0027289318166058784,0.0004866164183106943
3.141592653589793,5.497787143782138,1.5707963267948966,0.008692304845413265,0.014140638795573722,0.017674061466282046,0.009646446609406724,1.7157287525383993e-05,0.004817958536673278,0.002530313720588741,0.0027289318166058784,0.00019861809601713718
3.141592653589793,5.497787143782138,2.356194490192345,0.008505934514897636,0.013897756252100955,0.017674061466282046,0.009646446609406724,-0.0001692130429902447,0.004575075993200511,0.002680428747209902,0.0027289318166058784,4.8503069395976466e-05
3.141592653589793,5.497787143782138,3.141592653589793,0.008545894683899487,0.013594228634059947,0.017674061466282046,0.009646446609406724,-0.00012925287398839365,0.004271548375159502,0.002629905346753245,0.0027289318166058784,9.902646985263325e-05
3.141592653589793,5.497787143782138,3.9269908169872414,0.008788777227372256,0.01340785830354432,0.017674061466282046,0.009646446609406724,0.0001136296694843747,0.0040851780446438755,0.0023989087840860595,0.0027289318166058784,0.0003300230325198189
3.141592653589793,5.497787143782138,4.71238898038469,0.009092304845413264,0.013447818472546173,0.017674061466282046,0.009646446609406724,0.0004171572875253833,0.004125138213645728,0.0020929056775682207,0.0027289318166058784,0.0006360261390376577
3.141592653589793,5.497787143782138,5.497787143782138,0.00927867517592889,0.01369070101601894,0.017674061466282046,0.009646446609406724,0.0006035276180410085,0.004368020757118495,0.0018968509248034498,0.0027289318166058784,0.0008320808918024286
3.9269908169872414,0.0,0.0,0.009824501444553945,0.012580015071686853,0.017820508075688773,0.009999999999999998,0.0011321965991406818,0.0030159134565490974,0.0018968509248034494,0.0027349186066657027,0.0008380676818622534
3.9269908169872414,0.0,0.7853981633974483,0.009581618901081175,0.01276638540220248,0.017820508075688773,0.009999999999999998,0.0008893140556679117,0.0032022837870647244,0.0019663009858400756,0.0027349186066657027,0.0007686176208256271
3.9269908169872414,0.0,1.5707963267948966,0.00927809128304017,0.012726425233200627,0.017820508075688773,0.009999999999999998,0.0005857864376269065,0.0031623236180628716,0.0022423153982951837,0.0027349186066657027,0.0004926032083705191
3.9269908169872414,0.0,2.356194490192345,0.009091720952524541,0.01248354268972786,0.017820508075688773,0.009999999999999998,0.00039941610711127784,0.002919441074590105,0.0025303137205887447,0.0027349186066657027,0.00020460488607695806
3.9269908169872414,0.0,3.141592653589793,0.009131681121526392,0.012180015071686852,0.017820508075688773,0.009999999999999998,0.0004393762761131289,0.0026159134565490964,0.002680428747209905,0.0027349186066657027,5.4489859455797776e-05
3.9269908169872414,0.0,3.9269908169872414,0.00937456366499916,0.011993644741171225,0.017820508075688773,0.009999999999999998,0.0006822588195858972,0.0024295431260334694,0.0026299053467532464,0.0027349186066657027,0.0001050132599124563
3.9269908169872414,0.0,4.71238898038469,0.00967809128304017,0.012033604910173077,0.017820508075688773,0.009999999999999998,0.0009857864376269058,0.002469503295035322,0.002398908784086061,0.0027349186066657027,0.0003360098225796415
3.9269908169872414,0.0,5.497787143782138,0.009864461613555794,0.012276487453645844,0.017820508075688773,0.009999999999999998,0.001172156768142531,0.002712385838508089,0.0020929056775682246,0.0027349186066657027,0.0006420129290974782
3.9269908169872414,0.7853981633974483,0.0,0.009824501444553945,0.012580015071686853,0.017674061466282046,0.010353553390593273,0.0012907752429033737,0.002833070744074479,0.001924422511621684,0.002735895200175709,0.0008114726885540247
3.9269908169872414,0.7853981633974483,0.7853981633974483,0.009581618901081175,0.01276638540220248,0.017674061466282046,0.010353553390593273,0.0010478926994306036,0.003019441074590106,0.0019561475550266233,0.002735895200175709,0.0007797476451490855
3.9269908169872414,0.7853981633974483,1.5707963267948966,0.00927809128304017,0.012726425233200627,0.017674061466282046,0.010353553390593273,0.0007443650813895985,0.0029794809055882533,0.0022150618255272767,0.002735895200175709,0.0005208333746484321
3.9269908169872414,0.7853981633974483,2.356194490192345,0.009091720952524541,0.01248354268972786,0.017674061466282046,0.010353553390593273,0.0005579947508739698,0.0027365983621154867,0.0025121142425648646,0.002735895200175709,0.00022378095761084417
3.9269908169872414,0.7853981633974483,3.141592653589793,0.009131681121526392,0.012180015071686852,0.017674061466282046,0.010353553390593273,0.0005979549198758208,0.002433070744074478,0.002686372646667563,0.002735895200175709,4.952255350814576e-05
3.9269908169872414,0.7853981633974483,3.9269908169872414,0.00937456366499916,0.011993644741171225,0.017674061466282046,0.010353553390593273,0.0008408374633485892,0.002246700413558851,0.0026633600475646107,0.002735895200175709,7.253515261109811e-05
3.9269908169872414,0.7853981633974483,4.71238898038469,0.00967809128304017,0.012033604910173077,0.017674061466282046,0.010353553390593273,0.0011443650813895978,0.002286660582560704,0.002452244096555593,0.002735895200175709,0.00028365110362011574
3.9269908169872414,0.7853981633974483,5.497787143782138,0.009864461613555794,0.012276487453645844,0.017674061466282046,0.010353553390593273,0.001330735411905223,0.0025295431260334705,0.00214692385340113,0.002735895200175709,0.0005889713467745789
3.9269908169872414,1.5707963267948966,0.0,0.009824501444553945,0.012580015071686853,0.017320508075688773,0.010499999999999999,0.001532196599140681,0.0028159134565490986,0.001797077108860241,0.00273132034802742,0.0009342432391671791
3.9269908169872414,1.5707963267948966,0.7853981633974483,0.009581618901081175,0.01276638540220248,0.017320508075688773,0.010499999999999999,0.001289314055667911,0.0030022837870647256,0.0017969218414257667,0.00273132034802742,0.0009343985066016533
3.9269908169872414,1.5707963267948966,1.5707963267948966,0.00927809128304017,0.012726425233200627,0.017320508075688773,0.010499999999999999,0.0009857864376269058,0.002962323618062873,0.00204052171168967,0.00273132034802742,0.0006907986363377501
3.9269908169872414,1.5707963267948966,2.356194490192345,0.009091720952524541,0.01248354268972786,0.017320508075688773,0.010499999999999999,0.0007994161071112772,0.002719441074590106,0.0023422840963515743,0.00273132034802742,0.0003890362516758457
3.9269908169872414,1.5707963267948966,3.141592653589793,0.009131681121526392,0.012180015071686852,0.017320508075688773,0.010499999999999999,0.0008393762761131282,0.0024159134565490976,0.0025341437833534624,0.00273132034802742,0.00019717656467395763
3.9269908169872414,1.5707963267948966,3.9269908169872414,0.00937456366499916,0.011993644741171225,0.017320508075688773,0.010499999999999999,0.0010822588195858966,0.0022295431260334706,0.0025342538834350276,0.00273132034802742,0.00019706646459239242
3.9269908169872414,1.5707963267948966,4.71238898038469,0.00967809128304017,0.012033604910173077,0.017320508075688773,0.010499999999999999,0.0013857864376269052,0.0022695032950353234,0.0023425716625156924,0.00273132034802742,0.00038874868551172764
3.9269908169872414,1.5707963267948966,5.497787143782138,0.009864461613555794,0.012276487453645844,0.017320508075688773,0.010499999999999999,0.0015721567681425304,0.00251238583850809,0.002040851798116897,0.00273132034802742,0.000690468549910523
3.9269908169872414,2.356194490192345,0.0,0.009824501444553945,0.012580015071686853,0.0169669546850955,0.010353553390593273,0.0017150393116152993,0.002974492100311789,0.001566495871320835,0.002723756944366277,0.001157261073045442
3.9269908169872414,2.356194490192345,0.7853981633974483,0.009581618901081175,0.01276638540220248,0.0169669546850955,0.010353553390593273,0.0014721567681425293,0.003160862430827416,0.0015568048645375118,0.002723756944366277,0.001166952079828765
3.9269908169872414,2.356194490192345,1.5707963267948966,0.00927809128304017,0.012726425233200627,0.0169669546850955,0.010353553390593273,0.0011686291501015241,0.003120902261825563,0.001798547428658693,0.002723756944366277,0.000925209515707584
3.9269908169872414,2.356194490192345,2.356194490192345,0.009091720952524541,0.01248354268972786,0.0169669546850955,0.010353553390593273,0.0009822588195858954,0.0028780197183527964,0.002100512771465992,0.002723756944366277,0.000623244172900285
3.9269908169872414,2.356194490192345,3.141592653589793,0.009131681121526392,0.012180015071686852,0.0169669546850955,0.010353553390593273,0.0010222189885877465,0.002574492100311788,0.00229479643653523,0.002723756944366277,0.0004289605078310471
3.9269908169872414,2.356194490192345,3.9269908169872414,0.00937456366499916,0.011993644741171225,0.0169669546850955,0.010353553390593273,0.0012651015320605148,0.002388121769796161,0.0023013818922013687,0.002723756944366277,0.00042237505216490825
3.9269908169872414,2.356194490192345,4.71238898038469,0.00967809128304017,0.012033604910173077,0.0169669546850955,0.010353553390593273,0.0015686291501015234,0.0024280819387980136,0.0021178354862607268,0.002723756944366277,0.0006059214581055502
3.9269908169872414,2.356194490192345,5.497787143782138,0.009864461613555794,0.012276487453645844,0.0169669546850955,0.010353553390593273,0.0017549994806171487,0.0026709644822707802,0.0018187484974312063,0.002723756944366277,0.0009050084469350707
3.9269908169872414,3.141592653589793,0.0,0.009824501444553945,0.012580015071686853,0.016820508075688773,0.009999999999999998,0.0017321965991406816,0.0032159134565490997,0.0013531422412101676,0.0027175994522304994,0.0013644572110203318
3.9269908169872414,3.141592653589793,0.7853981633974483,0.009581618901081175,0.01276638540220248,0.016820508075688773,0.009999999999999998,0.0014893140556679115,0.0034022837870647266,0.0013719982292168438,0.0027175994522304994,0.0013456012230136556
3.9269908169872414,3.141592653589793,1.5707963267948966,0.00927809128304017,0.012726425233200627,0.016820508075688773,0.009999999999999998,0.0011857864376269064,0.003362323618062874,0.0016321154095958542,0.0027175994522304994,0.0010854840426346452
3.9269908169872414,3.141592653589793,2.356194490192345,0.009091720952524541,0.01248354268972786,0.016820508075688773,0.009999999999999998,0.0009994161071112777,0.0031194410745901072,0.0019280851836473276,0.0027175994522304994,0.0007895142685831718
3.9269908169872414,3.141592653589793,3.141592653589793,0.009131681121526392,0.012180015071686852,0.016820508075688773,0.009999999999999998,0.0010393762761131287,0.0028159134565490986,0.002103868906385512,0.0027175994522304994,0.0006137305458449875
3.9269908169872414,3.141592653589793,3.9269908169872414,0.00937456366499916,0.011993644741171225,0.016820508075688773,0.009999999999999998,0.001282258819585897,0.0026295431260334717,0.0020916211796663596,0.0027175994522304994,0.0006259782725641398
3.9269908169872414,3.141592653589793,4.71238898038469,0.00967809128304017,0.012033604910173077,0.016820508075688773,0.009999999999999998,0.0015857864376269057,0.0026695032950353244,0.001895641735656502,0.0027175994522304994,0.0008219577165739973
3.9269908169872414,3.141592653589793,5.497787143782138,0.009864461613555794,0.012276487453645844,0.016820508075688773,0.009999999999999998,0.001772156768142531,0.002912385838508091,0.0015936580012043669,0.0027175994522304994,0.0011239414510261325
3.9269908169872414,3.9269908169872414,0.0,0.009824501444553945,0.012580015071686853,0.0169669546850955,0.009646446609406724,0.0015736179553779896,0.003398756169023718,0.0013136344060044505,0.002716577088277922,0.0014029426822734713
3.9269908169872414,3.9269908169872414,0.7853981633974483,0.009581618901081175,0.01276638540220248,0.0169669546850955,0.009646446609406724,0.0013307354119052196,0.003585126499539345,0.0013864362411785014,0.002716577088277922,0.0013301408470994204
3.9269908169872414,3.9269908169872414,1.5707963267948966,0.00927809128304017,0.012726425233200627,0.0169669546850955,0.009646446609406724,0.0010272077938642144,0.003545166330537492,0.001668915865094373,0.002716577088277922,0.0010476612231835488
3.9269908169872414,3.9269908169872414,2.356194490192345,0.009091720952524541,0.01248354268972786,0.0169669546850955,0.009646446609406724,0.0008408374633485857,0.0033022837870647255,0.0019517382079322937,0.002716577088277922,0.0007648388803456281
3.9269908169872414,3.9269908169872414,3.141592653589793,0.009131681121526392,0.012180015071686852,0.0169669546850955,0.009646446609406724,0.0008807976323504368,0.002998756169023717,0.002096273991481396,0.002716577088277922,0.0006203030967965257
3.9269908169872414,3.9269908169872414,3.9269908169872414,0.00937456366499916,0.011993644741171225,0.0169669546850955,0.009646446609406724,0.0011236801758232051,0.00281238583850809,0.0020488520076244747,0.002716577088277922,0.0006677250806534471
3.9269908169872414,3.9269908169872414,4.71238898038469,0.00967809128304017,0.012033604910173077,0.0169669546850955,0.009646446609406724,0.0014272077938642137,0.0028523460075099427,0.0018261215280578405,0.002716577088277922,0.0008904555602200813
3.9269908169872414,3.9269908169872414,5.497787143782138,0.009864461613555794,0.012276487453645844,0.0169669546850955,0.009646446609406724,0.001613578124379839,0.0030952285509827093,0.001520104591038804,0.002716577088277922,0.0011964724972391178
3.9269908169872414,4.71238898038469,0.0,0.009824501444553945,0.012580015071686853,0.017320508075688773,0.009499999999999998,0.0013321965991406823,0.0034159134565490985,0.0014830884062271858,0.0027213226913196066,0.0012382342850924208
3.9269908169872414,4.71238898038469,0.7853981633974483,0.009581618901081175,0.01276638540220248,0.017320508075688773,0.009499999999999998,0.0010893140556679122,0.0036022837870647254,0.0015873848316324682,0.0027213226913196066,0.0011339378596871383
3.9269908169872414,4.71238898038469,1.5707963267948966,0.00927809128304017,0.012726425233200627,0.017320508075688773,0.009499999999999998,0.0007857864376269071,0.0035623236180628726,0.0018783104641658657,0.0027213226913196066,0.0008430122271537409
3.9269908169872414,4.71238898038469,2.356194490192345,0.009091720952524541,0.01248354268972786,0.017320508075688773,0.009499999999999998,0.0005994161071112784,0.003319441074590106,0.0021526042859704828,0.0027213226913196066,0.0005687184053491238
3.9269908169872414,4.71238898038469,3.141592653589793,0.009131681121526392,0.012180015071686852,0.017320508075688773,0.009499999999999998,0.0006393762761131294,0.0030159134565490974,0.002277954768957459,0.0027213226913196066,0.00044336792236214766
3.9269908169872414,4.71238898038469,3.9269908169872414,0.00937456366499916,0.011993644741171225,0.017320508075688773,0.009499999999999998,0.0008822588195858978,0.0028295431260334705,0.0022065444809485912,0.0027213226913196066,0.0005147782103710153
3.9269908169872414,4.71238898038469,4.71238898038469,0.00967809128304017,0.012033604910173077,0.017320508075688773,0.009499999999999998,0.0011857864376269064,0.0028695032950353232,0.0019648356038881537,0.0027213226913196066,0.0007564870874314528
3.9269908169872414,4.71238898038469,5.497787143782138,0.009864461613555794,0.012276487453645844,0.017320508075688773,0.009499999999999998,0.0013721567681425316,0.00311238583850809,0.0016597963544131053,0.0027213226913196066,0.0010615263369065013
3.9269908169872414,5.497787143782138,0.0,0.009824501444553945,0.012580015071686853,0.017674061466282046,0.009646446609406724,0.001149353886666064,0.0032573348127864082,0.001724855947901086,0.0027289318166058784,0.0010040758687047925
3.9269908169872414,5.497787143782138,0.7853981633974483,0.009581618901081175,0.01276638540220248,0.017674061466282046,0.009646446609406724,0.0009064713431932939,0.003443705143302035,0.001823479454680569,0.0027289318166058784,0.0009054523619253093
3.9269908169872414,5.497787143782138,1.5707963267948966,0.00927809128304017,0.012726425233200627,0.017674061466282046,0.009646446609406724,0.0006029437251522888,0.0034037449743001824,0.0021111622871151175,0.0027289318166058784,0.0006177695294907609
3.9269908169872414,5.497787143782138,2.356194490192345,0.009091720952524541,0.01248354268972786,0.017674061466282046,0.009646446609406724,0.0004165733946366601,0.003160862430827416,0.0023891098963648074,0.0027289318166058784,0.000339821920241071
3.9269908169872414,5.497787143782138,3.141592653589793,0.009131681121526392,0.012180015071686852,0.017674061466282046,0.009646446609406724,0.00045653356363851115,0.002857334812786407,0.0025189029276632,0.0027289318166058784,0.00021002888894267827
3.9269908169872414,5.497787143782138,3.9269908169872414,0.00937456366499916,0.011993644741171225,0.017674061466282046,0.009646446609406724,0.0006994161071112795,0.0026709644822707802,0.002448453119493582,0.0027289318166058784,0.0002804786971122965
3.9269908169872414,5.497787143782138,4.71238898038469,0.00967809128304017,0.012033604910173077,0.017674061466282046,0.009646446609406724,0.001002943725152288,0.002710924651272633,0.0022052196710221073,0.0027289318166058784,0.0005237121455837711
3.9269908169872414,5.497787143782138,5.497787143782138,0.009864461613555794,0.012276487453645844,0.017674061466282046,0.009646446609406724,0.0011893140556679133,0.0029538071947453996,0.0019005667320806537,0.0027289318166058784,0.0008283650845252247
4.71238898038469,0.0,0.0,0.01123871500692704,0.011994228634059948,0.017820508075688773,0.009999999999999998,0.002546410161513777,0.0024301270189221926,0.0019005667320806541,0.0027349186066657027,0.0008343518745850486
4.71238898038469,0.0,0.7853981633974483,0.01099583246345427,0.012180598964575575,0.017820508075688773,0.009999999999999998,0.002303527618041007,0.0026164973494378196,0.001724855947901089,0.0027349186066657027,0.0010100626587646138
4.71238898038469,0.0,1.5707963267948966,0.010692304845413265,0.012140638795573722,0.017820508075688773,0.009999999999999998,0.0020000000000000018,0.002576537180435967,0.00182347945468057,0.0027349186066657027,0.0009114391519851328
4.71238898038469,0.0,2.356194490192345,0.010505934514897636,0.011897756252100955,0.017820508075688773,0.009999999999999998,0.001813629669484373,0.0023336546369632,0.0021111622871151205,0.0027349186066657027,0.0006237563195505822
4.71238898038469,0.0,3.141592653589793,0.010545894683899487,0.011594228634059947,0.017820508075688773,0.009999999999999998,0.0018535898384862241,0.0020301270189221916,0.00238910989636481,0.0027349186066657027,0.0003458087103008927
4.71238898038469,0.0,3.9269908169872414,0.010788777227372256,0.01140785830354432,0.017820508075688773,0.009999999999999998,0.0020964723819589925,0.0018437566884065646,0.002518902927663201,0.0027349186066657027,0.00021601567900250175
4.71238898038469,0.0,4.71238898038469,0.011092304845413264,0.011447818472546173,0.017820508075688773,0.009999999999999998,0.002400000000000001,0.0018837168574084174,0.002448453119493583,0.0027349186066657027,0.00028646548717211956
4.71238898038469,0.0,5.497787143782138,0.01127867517592889,0.01169070101601894,0.017820508075688773,0.009999999999999998,0.0025863703305156263,0.002126599400881184,0.00220521967102211,0.0027349186066657027,0.0005296989356435929
4.71238898038469,0.7853981633974483,0.0,0.01123871500692704,0.011994228634059948,0.017674061466282046,0.010353553390593273,0.002704988805276469,0.0022472843064475743,0.002092905677568223,0.002735895200175709,0.000642989522607486
4.71238898038469,0.7853981633974483,0.7853981633974483,0.01099583246345427,0.012180598964575575,0.017674061466282046,0.010353553390593273,0.002462106261803699,0.0024336546369632013,0.0018968509248034498,0.002735895200175709,0.000839044275372259
4.71238898038469,0.7853981633974483,1.5707963267948966,0.010692304845413265,0.012140638795573722,0.017674061466282046,0.010353553390593273,0.0021585786437626937,0.0023936944679613485,0.001966300985840074,0.002735895200175709,0.0007695942143356349
4.71238898038469,0.7853981633974483,2.356194490192345,0.010505934514897636,0.011897756252100955,0.017674061466282046,0.010353553390593273,0.001972208313247065,0.002150811924488582,0.0022423153982951837,0.002735895200175709,0.0004935798018805252
4.71238898038469,0.7853981633974483,3.141592653589793,0.010545894683899487,0.011594228634059947,0.017674061466282046,0.010353553390593273,0.002012168482248916,0.0018472843064475733,0.0025303137205887447,0.002735895200175709,0.00020558147958696414
4.71238898038469,0.7853981633974483,3.9269908169872414,0.010788777227372256,0.01140785830354432,0.017674061466282046,0.010353553390593273,0.0022550510257216844,0.0016609139759319463,0.0026804287472099037,0.002735895200175709,5.5466452965805164e-05
4.71238898038469,0.7853981633974483,4.71238898038469,0.011092304845413264,0.011447818472546173,0.017674061466282046,0.010353553390593273,0.002558578643762693,0.0017008741449337991,0.002629905346753245,0.002735895200175709,0.00010598985342246368
4.71238898038469,0.7853981633974483,5.497787143782138,0.01127867517592889,0.01169070101601894,0.017674061466282046,0.010353553390593273,0.0027449489742783183,0.0019437566884065657,0.002398908784086061,0.002735895200175709,0.0003369864160896476
4.71238898038469,1.5707963267948966,0.0,0.01123871500692704,0.011994228634059948,0.017320508075688773,0.010499999999999999,0.0029464101615137763,0.002230127018922194,0.002146923853401129,0.00273132034802742,0.0005843964946262909
4.71238898038469,1.5707963267948966,0.7853981633974483,0.01099583246345427,0.012180598964575575,0.017320508075688773,0.010499999999999999,0.0027035276180410062,0.0024164973494378208,0.001924422511621685,0.00273132034802742,0.000806897836405735
4.71238898038469,1.5707963267948966,1.5707963267948966,0.010692304845413265,0.012140638795573722,0.017320508075688773,0.010499999999999999,0.002400000000000001,0.002376537180435968,0.0019561475550266233,0.00273132034802742,0.0007751727930007967
4.71238898038469,1.5707963267948966,2.356194490192345,0.010505934514897636,0.011897756252100955,0.017320508075688773,0.010499999999999999,0.0022136296694843724,0.0021336546369632014,0.002215061825527278,0.00273132034802742,0.000516258522500142
4.71238898038469,1.5707963267948966,3.141592653589793,0.010545894683899487,0.011594228634059947,0.017320508075688773,0.010499999999999999,0.0022535898384862234,0.0018301270189221928,0.0025121142425648655,0.00273132034802742,0.0002192061054625545
4.71238898038469,1.5707963267948966,3.9269908169872414,0.010788777227372256,0.01140785830354432,0.017320508075688773,0.010499999999999999,0.002496472381958992,0.0016437566884065658,0.0026863726466675626,0.00273132034802742,4.4947701359857387e-05
4.71238898038469,1.5707963267948966,4.71238898038469,0.011092304845413264,0.011447818472546173,0.017320508075688773,0.010499999999999999,0.0028000000000000004,0.0016837168574084186,0.0026633600475646103,0.00273132034802742,6.796030046280974e-05
4.71238898038469,1.5707963267948966,5.497787143782138,0.01127867517592889,0.01169070101601894,0.017320508075688773,0.010499999999999999,0.0029863703305156256,0.0019265994008811852,0.002452244096555594,0.00273132034802742,0.00027907625147182607
4.71238898038469,2.356194490192345,0.0,0.01123871500692704,0.011994228634059948,0.0169669546850955,0.010353553390593273,0.0031292528739883946,0.002388705662684884,0.0020408517981168957,0.002723756944366277,0.0006829051462493812
4.71238898038469,2.356194490192345,0.7853981633974483,0.01099583246345427,0.012180598964575575,0.0169669546850955,0.010353553390593273,0.0028863703305156245,0.002575075993200511,0.0017970771088602407,0.002723756944366277,0.0009266798355060362
4.71238898038469,2.356194490192345,1.5707963267948966,0.010692304845413265,0.012140638795573722,0.0169669546850955,0.010353553390593273,0.0025828427124746194,0.0025351158241986582,0.0017969218414257658,0.002723756944366277,0.0009268351029405111
4.71238898038469,2.356194490192345,2.356194490192345,0.010505934514897636,0.011897756252100955,0.0169669546850955,0.010353553390593273,0.0023964723819589907,0.0022922332807258916,0.0020405217116896703,0.002723756944366277,0.0006832352326766066
4.71238898038469,2.356194490192345,3.141592653589793,0.010545894683899487,0.011594228634059947,0.0169669546850955,0.010353553390593273,0.0024364325509608417,0.001988705662684883,0.0023422840963515743,0.002723756944366277,0.0003814728480147026
4.71238898038469,2.356194490192345,3.9269908169872414,0.010788777227372256,0.01140785830354432,0.0169669546850955,0.010353553390593273,0.00267931509443361,0.001802335332169256,0.002534143783353461,0.002723756944366277,0.00018961316101281586
4.71238898038469,2.356194490192345,4.71238898038469,0.011092304845413264,0.011447818472546173,0.0169669546850955,0.010353553390593273,0.0029828427124746187,0.0018422955011711088,0.0025342538834350263,0.002723756944366277,0.00018950306093125065
4.71238898038469,2.356194490192345,5.497787143782138,0.01127867517592889,0.01169070101601894,0.0169669546850955,0.010353553390593273,0.003169213042990244,0.0020851780446438754,0.002342571662515692,0.002723756944366277,0.000381185281850585
4.71238898038469,3.141592653589793,0.0,0.01123871500692704,0.011994228634059948,0.016820508075688773,0.009999999999999998,0.003146410161513777,0.002630127018922195,0.0018187484974312037,0.0027175994522304994,0.0008988509547992957
4.71238898038469,3.141592653589793,0.7853981633974483,0.01099583246345427,0.012180598964575575,0.016820508075688773,0.009999999999999998,0.0029035276180410068,0.002816497349437822,0.001566495871320833,0.0027175994522304994,0.0011511035809096664
4.71238898038469,3.141592653589793,1.5707963267948966,0.010692304845413265,0.012140638795573722,0.016820508075688773,0.009999999999999998,0.0026000000000000016,0.002776537180435969,0.0015568048645375092,0.0027175994522304994,0.0011607945876929901
4.71238898038469,3.141592653589793,2.356194490192345,0.010505934514897636,0.011897756252100955,0.016820508075688773,0.009999999999999998,0.002413629669484373,0.0025336546369632024,0.001798547428658691,0.0027175994522304994,0.0009190520235718084
4.71238898038469,3.141592653589793,3.141592653589793,0.010545894683899487,0.011594228634059947,0.016820508075688773,0.009999999999999998,0.002453589838486224,0.002230127018922194,0.0021005127714659897,0.0027175994522304994,0.0006170866807645096
4.71238898038469,3.141592653589793,3.9269908169872414,0.010788777227372256,0.01140785830354432,0.016820508075688773,0.009999999999999998,0.0026964723819589923,0.002043756688406567,0.002294796436535227,0.0027175994522304994,0.0004228030156952726
4.71238898038469,3.141592653589793,4.71238898038469,0.011092304845413264,0.011447818472546173,0.016820508075688773,0.009999999999999998,0.003000000000000001,0.0020837168574084197,0.0023013818922013657,0.0027175994522304994,0.0004162175600291337
4.71238898038469,3.141592653589793,5.497787143782138,0.01127867517592889,0.01169070101601894,0.016820508075688773,0.009999999999999998,0.003186370330515626,0.0023265994008811863,0.0021178354862607246,0.0027175994522304994,0.0005997639659697748
4.71238898038469,3.9269908169872414,0.0,0.01123871500692704,0.011994228634059948,0.0169669546850955,0.009646446609406724,0.002987831517751085,0.002812969731396813,0.0015936580012043662,0.002716577088277922,0.0011229190870735556
4.71238898038469,3.9269908169872414,0.7853981633974483,0.01099583246345427,0.012180598964575575,0.0169669546850955,0.009646446609406724,0.002744948974278315,0.00299934006191244,0.0013531422412101683,0.002716577088277922,0.0013634348470677536
4.71238898038469,3.9269908169872414,1.5707963267948966,0.010692304845413265,0.012140638795573722,0.0169669546850955,0.009646446609406724,0.0024414213562373097,0.0029593798929105873,0.0013719982292168433,0.002716577088277922,0.0013445788590610785
4.71238898038469,3.9269908169872414,2.356194490192345,0.010505934514897636,0.011897756252100955,0.0169669546850955,0.009646446609406724,0.002255051025721681,0.0027164973494378207,0.0016321154095958552,0.002716577088277922,0.0010844616786820666
4.71238898038469,3.9269908169872414,3.141592653589793,0.010545894683899487,0.011594228634059947,0.0169669546850955,0.009646446609406724,0.002295011194723532,0.002412969731396812,0.0019280851836473282,0.002716577088277922,0.0007884919046305936
4.71238898038469,3.9269908169872414,3.9269908169872414,0.010788777227372256,0.01140785830354432,0.0169669546850955,0.009646446609406724,0.0025378937381963004,0.002226599400881185,0.0021038689063855114,0.002716577088277922,0.0006127081818924104
4.71238898038469,3.9269908169872414,4.71238898038469,0.011092304845413264,0.011447818472546173,0.0169669546850955,0.009646446609406724,0.002841421356237309,0.002266559569883038,0.0020916211796663587,0.002716577088277922,0.0006249559086115631
4.71238898038469,3.9269908169872414,5.497787143782138,0.01127867517592889,0.01169070101601894,0.0169669546850955,0.009646446609406724,0.003027791686752934,0.0025094421133558045,0.0018956417356565023,0.002716577088277922,0.0008209353526214195
4.71238898038469,4.71238898038469,0.0,0.01123871500692704,0.011994228634059948,0.017320508075688773,0.009499999999999998,0.0027464101615137775,0.0028301270189221937,0.0015201045910388023,0.0027213226913196066,0.0012012181002808043
4.71238898038469,4.71238898038469,0.7853981633974483,0.01099583246345427,0.012180598964575575,0.017320508075688773,0.009499999999999998,0.0025035276180410074,0.0030164973494378206,0.0013136344060044505,0.0027213226913196066,0.001407688285315156
4.71238898038469,4.71238898038469,1.5707963267948966,0.010692304845413265,0.012140638795573722,0.017320508075688773,0.009499999999999998,0.0022000000000000023,0.002976537180435968,0.0013864362411784988,0.0027213226913196066,0.0013348864501411077
4.71238898038469,4.71238898038469,2.356194490192345,0.010505934514897636,0.011897756252100955,0.017320508075688773,0.009499999999999998,0.0020136296694843736,0.0027336546369632012,0.0016689158650943726,0.0027213226913196066,0.001052406826225234
4.71238898038469,4.71238898038469,3.141592653589793,0.010545894683899487,0.011594228634059947,0.017320508075688773,0.009499999999999998,0.0020535898384862247,0.0024301270189221926,0.0019517382079322929,0.0027213226913196066,0.0007695844833873137
4.71238898038469,4.71238898038469,3.9269908169872414,0.010788777227372256,0.01140785830354432,0.017320508075688773,0.009499999999999998,0.002296472381958993,0.0022437566884065657,0.002096273991481394,0.0027213226913196066,0.0006250486998382126
4.71238898038469,4.71238898038469,4.71238898038469,0.011092304845413264,0.011447818472546173,0.017320508075688773,0.009499999999999998,0.0026000000000000016,0.0022837168574084184,0.002048852007624473,0.0027213226913196066,0.0006724706836951336
4.71238898038469,4.71238898038469,5.497787143782138,0.01127867517592889,0.01169070101601894,0.017320508075688773,0.009499999999999998,0.002786370330515627,0.002526599400881185,0.0018261215280578403,0.0027213226913196066,0.0008952011632617663
4.71238898038469,5.497787143782138,0.0,0.01123871500692704,0.011994228634059948,0.017674061466282046,0.009646446609406724,0.0025635674490391593,0.0026715483751595034,0.0016597963544131037,0.0027289318166058784,0.0010691354621927746
4.71238898038469,5.497787143782138,0.7853981633974483,0.01099583246345427,0.012180598964575575,0.017674061466282046,0.009646446609406724,0.002320684905566389,0.0028579187056751304,0.0014830884062271867,0.0027289318166058784,0.0012458434103786917
4.71238898038469,5.497787143782138,1.5707963267948966,0.010692304845413265,0.012140638795573722,0.017674061466282046,0.009646446609406724,0.002017157287525384,0.0028179585366732776,0.0015873848316324665,0.0027289318166058784,0.0011415469849734119
4.71238898038469,5.497787143782138,2.356194490192345,0.010505934514897636,0.011897756252100955,0.017674061466282046,0.009646446609406724,0.0018307869570097553,0.002575075993200511,0.0018783104641658666,0.0027289318166058784,0.0008506213524400118
4.71238898038469,5.497787143782138,3.141592653589793,0.010545894683899487,0.011594228634059947,0.017674061466282046,0.009646446609406724,0.0018707471260116064,0.0022715483751595024,0.002152604285970483,0.0027289318166058784,0.0005763275306353952
4.71238898038469,5.497787143782138,3.9269908169872414,0.010788777227372256,0.01140785830354432,0.017674061466282046,0.009646446609406724,0.0021136296694843747,0.0020851780446438754,0.002277954768957458,0.0027289318166058784,0.00045097704764842034
4.71238898038469,5.497787143782138,4.71238898038469,0.011092304845413264,0.011447818472546173,0.017674061466282046,0.009646446609406724,0.0024171572875253833,0.0021251382136457282,0.0022065444809485904,0.0027289318166058784,0.000522387335657288
4.71238898038469,5.497787143782138,5.497787143782138,0.01127867517592889,0.01169070101601894,0.017674061466282046,0.009646446609406724,0.0026035276180410086,0.002368020757118495,0.0019648356038881546,0.0027289318166058784,0.0007640962127177238
5.497787143782138,0.0,0.0,0.012652928569300136,0.012580015071686853,0.017820508075688773,0.009999999999999998,0.003960623723886872,0.0030159134565490974,0.0019648356038881563,0.0027349186066657027,0.0007700830027775464
5.497787143782138,0.0,0.7853981633974483,0.012410046025827366,0.01276638540220248,0.017820508075688773,0.009999999999999998,0.003717741180414102,0.0032022837870647244,0.001659796354413104,0.0027349186066657027,0.0010751222522525988
5.497787143782138,0.0,1.5707963267948966,0.01210651840778636,0.012726425233200627,0.017820508075688773,0.009999999999999998,0.003414213562373097,0.0031623236180628716,0.0014830884062271895,0.0027349186066657027,0.0012518302004385132
5.497787143782138,0.0,2.356194490192345,0.011920148077270732,0.01248354268972786,0.017820508075688773,0.009999999999999998,0.0032278432318574683,0.002919441074590105,0.0015873848316324682,0.0027349186066657027,0.0011475337750332345
5.497787143782138,0.0,3.141592653589793,0.011960108246272583,0.012180015071686852,0.017820508075688773,0.009999999999999998,0.0032678034008593194,0.0026159134565490964,0.0018783104641658683,0.0027349186066657027,0.0008566081424998344
5.497787143782138,0.0,3.9269908169872414,0.012202990789745351,0.011993644741171225,0.017820508075688773,0.009999999999999998,0.0035106859443320877,0.0024295431260334694,0.0021526042859704845,0.0027349186066657027,0.0005823143206952182
5.497787143782138,0.0,4.71238898038469,0.01250651840778636,0.012033604910173077,0.017820508075688773,0.009999999999999998,0.0038142135623730963,0.002469503295035322,0.002277954768957459,0.0027349186066657027,0.0004569638377082438
5.497787143782138,0.0,5.497787143782138,0.012692888738301985,0.012276487453645844,0.017820508075688773,0.009999999999999998,0.0040005838928887216,0.002712385838508089,0.0022065444809485912,0.0027349186066657027,0.0005283741257171115
5.497787143782138,0.7853981633974483,0.0,0.012652928569300136,0.012580015071686853,0.017674061466282046,0.010353553390593273,0.004119202367649564,0.002833070744074479,0.002205219671022111,0.002735895200175709,0.0005306755291535977
5.497787143782138,0.7853981633974483,0.7853981633974483,0.012410046025827366,0.01276638540220248,0.017674061466282046,0.010353553390593273,0.003876319824176794,0.003019441074590106,0.0019005667320806537,0.002735895200175709,0.0008353284680950551
5.497787143782138,0.7853981633974483,1.5707963267948966,0.01210651840778636,0.012726425233200627,0.017674061466282046,0.010353553390593273,0.003572792206135789,0.0029794809055882533,0.0017248559479010907,0.002735895200175709,0.0010110392522746181
5.497787143782138,0.7853981633974483,2.356194490192345,0.011920148077270732,0.01248354268972786,0.017674061466282046,0.010353553390593273,0.0033864218756201603,0.0027365983621154867,0.00182347945468057,0.002735895200175709,0.0009124157454951389
5.497787143782138,0.7853981633974483,3.141592653589793,0.011960108246272583,0.012180015071686852,0.017674061466282046,0.010353553390593273,0.0034263820446220113,0.002433070744074478,0.0021111622871151205,0.002735895200175709,0.0006247329130605883
5.497787143782138,0.7853981633974483,3.9269908169872414,0.012202990789745351,0.011993644741171225,0.017674061466282046,0.010353553390593273,0.0036692645880947797,0.002246700413558851,0.00238910989636481,0.002735895200175709,0.0003467853038108988
5.497787143782138,0.7853981633974483,4.71238898038469,0.01250651840778636,0.012033604910173077,0.017674061466282046,0.010353553390593273,0.003972792206135788,0.002286660582560704,0.002518902927663201,0.002735895200175709,0.00021699227251250784
5.497787143782138,0.7853981633974483,5.497787143782138,0.012692888738301985,0.012276487453645844,0.017674061466282046,0.010353553390593273,0.0041591625366514135,0.0025295431260334705,0.002448453119493583,0.002735895200175709,0.00028744208068212564
5.497787143782138,1.5707963267948966,0.0,0.012652928569300136,0.012580015071686853,0.017320508075688773,0.010499999999999999,0.0043606237238868716,0.0028159134565490986,0.002398908784086061,0.00273132034802742,0.0003324115639413588
5.497787143782138,1.5707963267948966,0.7853981633974483,0.012410046025827366,0.01276638540220248,0.017320508075688773,0.010499999999999999,0.0041177411804141015,0.0030022837870647256,0.0020929056775682207,0.00273132034802742,0.0006384146704591994
5.497787143782138,1.5707963267948966,1.5707963267948966,0.01210651840778636,0.012726425233200627,0.017320508075688773,0.010499999999999999,0.0038142135623730963,0.002962323618062873,0.0018968509248034507,0.00273132034802742,0.0008344694232239693
5.497787143782138,1.5707963267948966,2.356194490192345,0.011920148077270732,0.01248354268972786,0.017320508075688773,0.010499999999999999,0.0036278432318574676,0.002719441074590106,0.001966300985840073,0.00273132034802742,0.000765019362187347
5.497787143782138,1.5707963267948966,3.141592653589793,0.011960108246272583,0.012180015071686852,0.017320508075688773,0.010499999999999999,0.0036678034008593187,0.0024159134565490976,0.0022423153982951832,0.00273132034802742,0.0004890049497322368
5.497787143782138,1.5707963267948966,3.9269908169872414,0.012202990789745351,0.011993644741171225,0.017320508075688773,0.010499999999999999,0.003910685944332087,0.0022295431260334706,0.002530313720588744,0.00273132034802742,0.0002010066274386762
5.497787143782138,1.5707963267948966,4.71238898038469,0.01250651840778636,0.012033604910173077,0.017320508075688773,0.010499999999999999,0.004214213562373096,0.0022695032950353234,0.0026804287472099028,0.00273132034802742,5.089160081751722e-05
5.497787143782138,1.5707963267948966,5.497787143782138,0.012692888738301985,0.012276487453645844,0.017320508075688773,0.010499999999999999,0.004400583892888721,0.00251238583850809,0.002629905346753244,0.00273132034802742,0.00010141500127417618
5.497787143782138,2.356194490192345,0.0,0.012652928569300136,0.012580015071686853,0.0169669546850955,0.010353553390593273,0.00454346643636149,0.002974492100311789,0.0024522440965555944,0.002723756944366277,0.00027151284781068256
5.497787143782138,2.356194490192345,0.7853981633974483,0.012410046025827366,0.01276638540220248,0.0169669546850955,0.010353553390593273,0.00430058389288872,0.003160862430827416,0.0021469238534011273,0.002723756944366277,0.0005768330909651496
5.497787143782138,2.356194490192345,1.5707963267948966,0.01210651840778636,0.012726425233200627,0.0169669546850955,0.010353553390593273,0.003997056274847715,0.003120902261825563,0.0019244225116216863,0.002723756944366277,0.0007993344327445907
5.497787143782138,2.356194490192345,2.356194490192345,0.011920148077270732,0.01248354268972786,0.0169669546850955,0.010353553390593273,0.003810685944332086,0.0028780197183527964,0.001956147555026622,0.002723756944366277,0.000767609389339655
5.497787143782138,2.356194490192345,3.141592653589793,0.011960108246272583,0.012180015071686852,0.0169669546850955,0.010353553390593273,0.003850646113333937,0.002574492100311788,0.002215061825527277,0.002723756944366277,0.0005086951188389998
5.497787143782138,2.356194490192345,3.9269908169872414,0.012202990789745351,0.011993644741171225,0.0169669546850955,0.010353553390593273,0.004093528656806705,0.002388121769796161,0.0025121142425648646,0.002723756944366277,0.0002116427018014123
5.497787143782138,2.356194490192345,4.71238898038469,0.01250651840778636,0.012033604910173077,0.0169669546850955,0.010353553390593273,0.004397056274847714,0.0024280819387980136,0.0026863726466675618,0.002723756944366277,3.738429769871519e-05
5.497787143782138,2.356194490192345,5.497787143782138,0.012692888738301985,0.012276487453645844,0.0169669546850955,0.010353553390593273,0.004583426605363339,0.0026709644822707802,0.002663360047564609,0.002723756944366277,6.039689680166797e-05
5.497787143782138,3.141592653589793,0.0,0.012652928569300136,0.012580015071686853,0.016820508075688773,0.009999999999999998,0.004560623723886872,0.0032159134565490997,0.002342571662515693,0.0027175994522304994,0.00037502778971480657
5.497787143782138,3.141592653589793,0.7853981633974483,0.012410046025827366,0.01276638540220248,0.016820508075688773,0.009999999999999998,0.004317741180414102,0.0034022837870647266,0.002040851798116894,0.0027175994522304994,0.0006767476541136054
5.497787143782138,3.141592653589793,1.5707963267948966,0.01210651840778636,0.012726425233200627,0.016820508075688773,0.009999999999999998,0.004014213562373097,0.003362323618062874,0.0017970771088602424,0.0027175994522304994,0.0009205223433702569
5.497787143782138,3.141592653589793,2.356194490192345,0.011920148077270732,0.01248354268972786,0.016820508075688773,0.009999999999999998,0.003827843231857468,0.0031194410745901072,0.0017969218414257643,0.0027175994522304994,0.0009206776108047351
5.497787143782138,3.141592653589793,3.141592653589793,0.011960108246272583,0.012180015071686852,0.016820508075688773,0.009999999999999998,0.003867803400859319,0.0028159134565490986,0.002040521711689669,0.0027175994522304994,0.0006770777405408304
5.497787143782138,3.141592653589793,3.9269908169872414,0.012202990789745351,0.011993644741171225,0.016820508075688773,0.009999999999999998,0.0041106859443320876,0.0026295431260334717,0.0023422840963515735,0.0027175994522304994,0.0003753153558789259
5.497787143782138,3.141592653589793,4.71238898038469,0.01250651840778636,0.012033604910173077,0.016820508075688773,0.009999999999999998,0.004414213562373096,0.0026695032950353244,0.00253414378335346,0.0027175994522304994,0.00018345566887703916
5.497787143782138,3.141592653589793,5.497787143782138,0.012692888738301985,0.012276487453645844,0.016820508075688773,0.009999999999999998,0.004600583892888721,0.002912385838508091,0.002534253883435025,0.0027175994522304994,0.00018334556879547438
5.497787143782138,3.9269908169872414,0.0,0.012652928569300136,0.012580015071686853,0.0169669546850955,0.009646446609406724,0.00440204508012418,0.003398756169023718,0.002117835486260726,0.002716577088277922,0.0005987416020171959
5.497787143782138,3.9269908169872414,0.7853981633974483,0.012410046025827366,0.01276638540220248,0.0169669546850955,0.009646446609406724,0.00415916253665141,0.003585126499539345,0.0018187484974312017,0.002716577088277922,0.0008978285908467201
5.497787143782138,3.9269908169872414,1.5707963267948966,0.01210651840778636,0.012726425233200627,0.0169669546850955,0.009646446609406724,0.003855634918610405,0.003545166330537492,0.001566495871320835,0.002716577088277922,0.001150081216957087
5.497787143782138,3.9269908169872414,2.356194490192345,0.011920148077270732,0.01248354268972786,0.0169669546850955,0.009646446609406724,0.003669264588094776,0.0033022837870647255,0.0015568048645375084,0.002716577088277922,0.0011597722237404135
5.497787143782138,3.9269908169872414,3.141592653589793,0.011960108246272583,0.012180015071686852,0.0169669546850955,0.009646446609406724,0.0037092247570966273,0.002998756169023717,0.0017985474286586905,0.002716577088277922,0.0009180296596192313
5.497787143782138,3.9269908169872414,3.9269908169872414,0.012202990789745351,0.011993644741171225,0.0169669546850955,0.009646446609406724,0.003952107300569396,0.00281238583850809,0.0021005127714659893,0.002716577088277922,0.0006160643168119325
5.497787143782138,3.9269908169872414,4.71238898038469,0.01250651840778636,0.012033604910173077,0.0169669546850955,0.009646446609406724,0.004255634918610404,0.0028523460075099427,0.0022947964365352264,0.002716577088277922,0.0004217806517426955
5.497787143782138,3.9269908169872414,5.497787143782138,0.012692888738301985,0.012276487453645844,0.0169669546850955,0.009646446609406724,0.0044420052491260294,0.0030952285509827093,0.002301381892201365,0.002716577088277922,0.00041519519607655705
5.497787143782138,4.71238898038469,0.0,0.012652928569300136,0.012580015071686853,0.017320508075688773,0.009499999999999998,0.004160623723886873,0.0034159134565490985,0.001895641735656505,0.0027213226913196066,0.0008256809556631015
5.497787143782138,4.71238898038469,0.7853981633974483,0.012410046025827366,0.01276638540220248,0.017320508075688773,0.009499999999999998,0.003917741180414103,0.0036022837870647254,0.0015936580012043662,0.0027213226913196066,0.0011276646901152404
5.497787143782138,4.71238898038469,1.5707963267948966,0.01210651840778636,0.012726425233200627,0.017320508075688773,0.009499999999999998,0.0036142135623730975,0.0035623236180628726,0.0013531422412101715,0.0027213226913196066,0.001368180450109435
5.497787143782138,4.71238898038469,2.356194490192345,0.011920148077270732,0.01248354268972786,0.017320508075688773,0.009499999999999998,0.003427843231857469,0.003319441074590106,0.0013719982292168438,0.0027213226913196066,0.0013493244621027628
5.497787143782138,4.71238898038469,3.141592653589793,0.011960108246272583,0.012180015071686852,0.017320508075688773,0.009499999999999998,0.00346780340085932,0.0030159134565490974,0.0016321154095958557,0.0027213226913196066,0.001089207281723751
5.497787143782138,4.71238898038469,3.9269908169872414,0.012202990789745351,0.011993644741171225,0.017320508075688773,0.009499999999999998,0.0037106859443320882,0.0028295431260334705,0.0019280851836473286,0.0027213226913196066,0.0007932375076722779
5.497787143782138,4.71238898038469,4.71238898038469,0.01250651840778636,0.012033604910173077,0.017320508075688773,0.009499999999999998,0.004014213562373097,0.0028695032950353232,0.0021038689063855123,0.0027213226913196066,0.0006174537849340943
5.497787143782138,4.71238898038469,5.497787143782138,0.012692888738301985,0.012276487453645844,0.017320508075688773,0.009499999999999998,0.004200583892888722,0.00311238583850809,0.0020916211796663596,0.0027213226913196066,0.000629701511653247
5.497787143782138,5.497787143782138,0.0,0.012652928569300136,0.012580015071686853,0.017674061466282046,0.009646446609406724,0.0039777810114122545,0.0032573348127864082,0.0018261215280578422,0.0027289318166058784,0.0009028102885480361
5.497787143782138,5.497787143782138,0.7853981633974483,0.012410046025827366,0.01276638540220248,0.017674061466282046,0.009646446609406724,0.0037348984679394844,0.003443705143302035,0.001520104591038802,0.0027289318166058784,0.0012088272255670763
5.497787143782138,5.497787143782138,1.5707963267948966,0.01210651840778636,0.012726425233200627,0.017674061466282046,0.009646446609406724,0.0034313708498984793,0.0034037449743001824,0.0013136344060044529,0.0027289318166058784,0.0014152974106014255
5.497787143782138,5.497787143782138,2.356194490192345,0.011920148077270732,0.01248354268972786,0.017674061466282046,0.009646446609406724,0.0032450005193828506,0.003160862430827416,0.0013864362411784993,0.0027289318166058784,0.0013424955754273791
5.497787143782138,5.497787143782138,3.141592653589793,0.011960108246272583,0.012180015071686852,0.017674061466282046,0.009646446609406724,0.0032849606883847016,0.002857334812786407,0.001668915865094373,0.0027289318166058784,0.0010600159515115053
5.497787143782138,5.497787143782138,3.9269908169872414,0.012202990789745351,0.011993644741171225,0.017674061466282046,0.009646446609406724,0.00352784323185747,0.0026709644822707802,0.001951738207932293,0.0027289318166058784,0.0007771936086735853
5.497787143782138,5.497787143782138,4.71238898038469,0.01250651840778636,0.012033604910173077,0.017674061466282046,0.009646446609406724,0.0038313708498984786,0.002710924651272633,0.0020962739914813944,0.0027289318166058784,0.0006326578251244839
5.497787143782138,5.497787143782138,5.497787143782138,0.012692888738301985,0.012276487453645844,0.017674061466282046,0.009646446609406724,0.004017741180414104,0.0029538071947453996,0.0020488520076244734,0.0027289318166058784,0.000680079808981405
